Window,Date,Strategy,Termination_Status,Primal_Status,Dual_Status,Has_Primal,Is_Optimal,Objective,Objective_Bound
1,1994-12-27,MinVar,OPTIMAL,FEASIBLE_POINT,FEASIBLE_POINT,true,true,0.008453416563761798,0.016906844759348144
1,1994-12-27,NominalCVaR,OPTIMAL,FEASIBLE_POINT,FEASIBLE_POINT,true,true,0.013538946173027273,0.013538946173027287
1,1994-12-27,FiniteRegime,OPTIMAL,FEASIBLE_POINT,FEASIBLE_POINT,true,true,0.016973076738416634,0.016973076738416634
1,1994-12-27,RobustSIP,OPTIMAL,FEASIBLE_POINT,FEASIBLE_POINT,true,true,0.024766836596594823,0.024766836596594823
2,1995-01-26,MinVar,OPTIMAL,FEASIBLE_POINT,FEASIBLE_POINT,true,true,0.00870863098303768,0.017417274318069977
2,1995-01-26,NominalCVaR,OPTIMAL,FEASIBLE_POINT,FEASIBLE_POINT,true,true,0.013567678787802908,0.013567678787802923
2,1995-01-26,FiniteRegime,OPTIMAL,FEASIBLE_POINT,FEASIBLE_POINT,true,true,0.01670867037169817,0.016708670371698174
2,1995-01-26,RobustSIP,OPTIMAL,FEASIBLE_POINT,FEASIBLE_POINT,true,true,0.02591693940730972,0.02591693940730972
3,1995-02-27,MinVar,OPTIMAL,FEASIBLE_POINT,FEASIBLE_POINT,true,true,0.008223048188183698,0.016446108641352066
3,1995-02-27,NominalCVaR,OPTIMAL,FEASIBLE_POINT,FEASIBLE_POINT,true,true,0.013304423034641544,0.013304423034641553
3,1995-02-27,FiniteRegime,OPTIMAL,FEASIBLE_POINT,FEASIBLE_POINT,true,true,0.01636836918013798,0.01636836918013798
3,1995-02-27,RobustSIP,OPTIMAL,FEASIBLE_POINT,FEASIBLE_POINT,true,true,0.025654442199979446,0.02565444219997945
4,1995-03-28,MinVar,OPTIMAL,FEASIBLE_POINT,FEASIBLE_POINT,true,true,0.00788525888537539,0.015770529897689775
4,1995-03-28,NominalCVaR,OPTIMAL,FEASIBLE_POINT,FEASIBLE_POINT,true,true,0.013109142029743948,0.013109142029743979
4,1995-03-28,FiniteRegime,OPTIMAL,FEASIBLE_POINT,FEASIBLE_POINT,true,true,0.016238831159316236,0.016238831159316236
4,1995-03-28,RobustSIP,OPTIMAL,FEASIBLE_POINT,FEASIBLE_POINT,true,true,0.02486913174285281,0.024869131742852806
5,1995-04-27,MinVar,OPTIMAL,FEASIBLE_POINT,FEASIBLE_POINT,true,true,0.007553874954998804,0.015107762208444626
5,1995-04-27,NominalCVaR,OPTIMAL,FEASIBLE_POINT,FEASIBLE_POINT,true,true,0.012926648746860522,0.012926648746860534
5,1995-04-27,FiniteRegime,OPTIMAL,FEASIBLE_POINT,FEASIBLE_POINT,true,true,0.01612019375032394,0.01612019375032394
5,1995-04-27,RobustSIP,OPTIMAL,FEASIBLE_POINT,FEASIBLE_POINT,true,true,0.02422022118525192,0.024220221185251918
6,1995-05-26,MinVar,OPTIMAL,FEASIBLE_POINT,FEASIBLE_POINT,true,true,0.007529753240404815,0.015059518813527063
6,1995-05-26,NominalCVaR,OPTIMAL,FEASIBLE_POINT,FEASIBLE_POINT,true,true,0.012960968469973355,0.012960968469973366
6,1995-05-26,FiniteRegime,OPTIMAL,FEASIBLE_POINT,FEASIBLE_POINT,true,true,0.016064365142057564,0.016064365142057564
6,1995-05-26,RobustSIP,OPTIMAL,FEASIBLE_POINT,FEASIBLE_POINT,true,true,0.024236301548391903,0.024236301548391903
7,1995-06-27,MinVar,OPTIMAL,FEASIBLE_POINT,FEASIBLE_POINT,true,true,0.007635964696956543,0.015271941484343046
7,1995-06-27,NominalCVaR,OPTIMAL,FEASIBLE_POINT,FEASIBLE_POINT,true,true,0.013005880593844514,0.013005880593844608
7,1995-06-27,FiniteRegime,OPTIMAL,FEASIBLE_POINT,FEASIBLE_POINT,true,true,0.016138272918512688,0.016138272918512685
7,1995-06-27,RobustSIP,OPTIMAL,FEASIBLE_POINT,FEASIBLE_POINT,true,true,0.024320739131712996,0.02432073913171299
8,1995-07-27,MinVar,OPTIMAL,FEASIBLE_POINT,FEASIBLE_POINT,true,true,0.007543321485201177,0.015086654912492671
8,1995-07-27,NominalCVaR,OPTIMAL,FEASIBLE_POINT,FEASIBLE_POINT,true,true,0.012966748980770958,0.012966748980770978
8,1995-07-27,FiniteRegime,OPTIMAL,FEASIBLE_POINT,FEASIBLE_POINT,true,true,0.01614509686985831,0.01614509686985831
8,1995-07-27,RobustSIP,OPTIMAL,FEASIBLE_POINT,FEASIBLE_POINT,true,true,0.023936002039997642,0.023936002039997628
9,1995-08-25,MinVar,OPTIMAL,FEASIBLE_POINT,FEASIBLE_POINT,true,true,0.007196263542455313,0.014392537910831761
9,1995-08-25,NominalCVaR,OPTIMAL,FEASIBLE_POINT,FEASIBLE_POINT,true,true,0.012063946551191182,0.012063946551191196
9,1995-08-25,FiniteRegime,OPTIMAL,FEASIBLE_POINT,FEASIBLE_POINT,true,true,0.01418964411903512,0.01418964411903512
9,1995-08-25,RobustSIP,OPTIMAL,FEASIBLE_POINT,FEASIBLE_POINT,true,true,0.01736680634239442,0.01736680634239442
10,1995-09-26,MinVar,OPTIMAL,FEASIBLE_POINT,FEASIBLE_POINT,true,true,0.006927953397085619,0.013855917584581053
10,1995-09-26,NominalCVaR,OPTIMAL,FEASIBLE_POINT,FEASIBLE_POINT,true,true,0.01175954584975402,0.011759545849754128
10,1995-09-26,FiniteRegime,OPTIMAL,FEASIBLE_POINT,FEASIBLE_POINT,true,true,0.013948230015781536,0.013948230015781536
10,1995-09-26,RobustSIP,OPTIMAL,FEASIBLE_POINT,FEASIBLE_POINT,true,true,0.016306994879404485,0.016306994879404485
11,1995-10-25,MinVar,OPTIMAL,FEASIBLE_POINT,FEASIBLE_POINT,true,true,0.007074608644371207,0.0
11,1995-10-25,NominalCVaR,OPTIMAL,FEASIBLE_POINT,FEASIBLE_POINT,true,true,0.010968567046472031,0.010968567046472059
11,1995-10-25,FiniteRegime,OPTIMAL,FEASIBLE_POINT,FEASIBLE_POINT,true,true,0.012237748777016083,0.012237748777016087
11,1995-10-25,RobustSIP,OPTIMAL,FEASIBLE_POINT,FEASIBLE_POINT,true,true,0.013952241568740203,0.013952241568740205
12,1995-11-24,MinVar,OPTIMAL,FEASIBLE_POINT,FEASIBLE_POINT,true,true,0.0060750485930751615,0.01215010856691135
12,1995-11-24,NominalCVaR,OPTIMAL,FEASIBLE_POINT,FEASIBLE_POINT,true,true,0.010563331020447873,0.01056333102044788
12,1995-11-24,FiniteRegime,OPTIMAL,FEASIBLE_POINT,FEASIBLE_POINT,true,true,0.012103368941831366,0.012103368941831363
12,1995-11-24,RobustSIP,OPTIMAL,FEASIBLE_POINT,FEASIBLE_POINT,true,true,0.014115210737470723,0.014115210737470713
13,1995-12-26,MinVar,OPTIMAL,FEASIBLE_POINT,FEASIBLE_POINT,true,true,0.005986963255593368,0.011973937990880658
13,1995-12-26,NominalCVaR,OPTIMAL,FEASIBLE_POINT,FEASIBLE_POINT,true,true,0.010600124556850481,0.010600124556850488
13,1995-12-26,FiniteRegime,OPTIMAL,FEASIBLE_POINT,FEASIBLE_POINT,true,true,0.012051075577984929,0.012051075577984932
13,1995-12-26,RobustSIP,OPTIMAL,FEASIBLE_POINT,FEASIBLE_POINT,true,true,0.014155132308562777,0.014155132308562787
14,1996-01-25,MinVar,OPTIMAL,FEASIBLE_POINT,FEASIBLE_POINT,true,true,0.005646240627257334,0.011292491684651896
14,1996-01-25,NominalCVaR,OPTIMAL,FEASIBLE_POINT,FEASIBLE_POINT,true,true,0.01042492247097804,0.010424922470978055
14,1996-01-25,FiniteRegime,OPTIMAL,FEASIBLE_POINT,FEASIBLE_POINT,true,true,0.0120289744573703,0.012028974457370303
14,1996-01-25,RobustSIP,OPTIMAL,FEASIBLE_POINT,FEASIBLE_POINT,true,true,0.014313394738140367,0.014313394738140367
15,1996-02-26,MinVar,OPTIMAL,FEASIBLE_POINT,FEASIBLE_POINT,true,true,0.0055301961960821655,0.011060403116421674
15,1996-02-26,NominalCVaR,OPTIMAL,FEASIBLE_POINT,FEASIBLE_POINT,true,true,0.010524345804287055,0.010524345804287055
15,1996-02-26,FiniteRegime,OPTIMAL,FEASIBLE_POINT,FEASIBLE_POINT,true,true,0.012010227577560728,0.012010227577560728
15,1996-02-26,RobustSIP,OPTIMAL,FEASIBLE_POINT,FEASIBLE_POINT,true,true,0.014258385929001489,0.014258385929001485
16,1996-03-26,MinVar,OPTIMAL,FEASIBLE_POINT,FEASIBLE_POINT,true,true,0.005589543293969389,0.011179096794024922
16,1996-03-26,NominalCVaR,OPTIMAL,FEASIBLE_POINT,FEASIBLE_POINT,true,true,0.01077337139448069,0.010773371394480697
16,1996-03-26,FiniteRegime,OPTIMAL,FEASIBLE_POINT,FEASIBLE_POINT,true,true,0.01241888610405619,0.012418886104056188
16,1996-03-26,RobustSIP,OPTIMAL,FEASIBLE_POINT,FEASIBLE_POINT,true,true,0.014779985892006367,0.014779985892006367
17,1996-04-25,MinVar,OPTIMAL,FEASIBLE_POINT,FEASIBLE_POINT,true,true,0.005586914638070442,0.011173839378963765
17,1996-04-25,NominalCVaR,OPTIMAL,FEASIBLE_POINT,FEASIBLE_POINT,true,true,0.010819667496443692,0.010819667496443672
17,1996-04-25,FiniteRegime,OPTIMAL,FEASIBLE_POINT,FEASIBLE_POINT,true,true,0.012549426307091133,0.012549426307091133
17,1996-04-25,RobustSIP,OPTIMAL,FEASIBLE_POINT,FEASIBLE_POINT,true,true,0.01556812125457531,0.015568121254575304
18,1996-05-24,MinVar,OPTIMAL,FEASIBLE_POINT,FEASIBLE_POINT,true,true,0.005539588884727754,0.011079187902996874
18,1996-05-24,NominalCVaR,OPTIMAL,FEASIBLE_POINT,FEASIBLE_POINT,true,true,0.010706870957205007,0.010706870957205019
18,1996-05-24,FiniteRegime,OPTIMAL,FEASIBLE_POINT,FEASIBLE_POINT,true,true,0.012337141497724174,0.012337141497724175
18,1996-05-24,RobustSIP,OPTIMAL,FEASIBLE_POINT,FEASIBLE_POINT,true,true,0.015493657195236403,0.015493657195236403
19,1996-06-25,MinVar,OPTIMAL,FEASIBLE_POINT,FEASIBLE_POINT,true,true,0.005431599712755618,0.010863209453897271
19,1996-06-25,NominalCVaR,OPTIMAL,FEASIBLE_POINT,FEASIBLE_POINT,true,true,0.010523941117207562,0.01052394111720758
19,1996-06-25,FiniteRegime,OPTIMAL,FEASIBLE_POINT,FEASIBLE_POINT,true,true,0.01216511059789647,0.012165110597896468
19,1996-06-25,RobustSIP,OPTIMAL,FEASIBLE_POINT,FEASIBLE_POINT,true,true,0.015396595093366555,0.015396595093366555
20,1996-07-25,MinVar,OPTIMAL,FEASIBLE_POINT,FEASIBLE_POINT,true,true,0.005538482124922418,0.011076974295993202
20,1996-07-25,NominalCVaR,OPTIMAL,FEASIBLE_POINT,FEASIBLE_POINT,true,true,0.010937036453795242,0.010937036453795334
20,1996-07-25,FiniteRegime,OPTIMAL,FEASIBLE_POINT,FEASIBLE_POINT,true,true,0.012624652988664952,0.012624652988664956
20,1996-07-25,RobustSIP,OPTIMAL,FEASIBLE_POINT,FEASIBLE_POINT,true,true,0.016153342037770833,0.016153342037770833
21,1996-08-23,MinVar,OPTIMAL,FEASIBLE_POINT,FEASIBLE_POINT,true,true,0.00549610716374125,0.010992224134515059
21,1996-08-23,NominalCVaR,OPTIMAL,FEASIBLE_POINT,FEASIBLE_POINT,true,true,0.010803712987623266,0.01080371298762328
21,1996-08-23,FiniteRegime,OPTIMAL,FEASIBLE_POINT,FEASIBLE_POINT,true,true,0.012501848171348652,0.012501848171348655
21,1996-08-23,RobustSIP,OPTIMAL,FEASIBLE_POINT,FEASIBLE_POINT,true,true,0.01609264674133123,0.01609264674133124
22,1996-09-24,MinVar,OPTIMAL,FEASIBLE_POINT,FEASIBLE_POINT,true,true,0.0055513274144769545,0.011102664762931471
22,1996-09-24,NominalCVaR,OPTIMAL,FEASIBLE_POINT,FEASIBLE_POINT,true,true,0.01087619354214949,0.010876193542149502
22,1996-09-24,FiniteRegime,OPTIMAL,FEASIBLE_POINT,FEASIBLE_POINT,true,true,0.012537028839758066,0.012537028839758066
22,1996-09-24,RobustSIP,OPTIMAL,FEASIBLE_POINT,FEASIBLE_POINT,true,true,0.016132157321743137,0.016132157321743147
23,1996-10-23,MinVar,OPTIMAL,FEASIBLE_POINT,FEASIBLE_POINT,true,true,0.005460747868545412,0.010921505809476508
23,1996-10-23,NominalCVaR,OPTIMAL,FEASIBLE_POINT,FEASIBLE_POINT,true,true,0.01087128366673228,0.010871283666732295
23,1996-10-23,FiniteRegime,OPTIMAL,FEASIBLE_POINT,FEASIBLE_POINT,true,true,0.012433603848972628,0.012433603848972626
23,1996-10-23,RobustSIP,OPTIMAL,FEASIBLE_POINT,FEASIBLE_POINT,true,true,0.015798347490779914,0.015798347490779914
24,1996-11-21,MinVar,OPTIMAL,FEASIBLE_POINT,FEASIBLE_POINT,true,true,0.0053734254353235075,0.01074686099266332
24,1996-11-21,NominalCVaR,OPTIMAL,FEASIBLE_POINT,FEASIBLE_POINT,true,true,0.010563532870174324,0.010563532870174341
24,1996-11-21,FiniteRegime,OPTIMAL,FEASIBLE_POINT,FEASIBLE_POINT,true,true,0.01209456291565728,0.01209456291565728
24,1996-11-21,RobustSIP,OPTIMAL,FEASIBLE_POINT,FEASIBLE_POINT,true,true,0.015747214295497646,0.015747214295497646
25,1996-12-23,MinVar,OPTIMAL,FEASIBLE_POINT,FEASIBLE_POINT,true,true,0.005220500833567614,0.0104410115816427
25,1996-12-23,NominalCVaR,OPTIMAL,FEASIBLE_POINT,FEASIBLE_POINT,true,true,0.010613355114059675,0.010613355114059687
25,1996-12-23,FiniteRegime,OPTIMAL,FEASIBLE_POINT,FEASIBLE_POINT,true,true,0.0123194826103511,0.012319482610351097
25,1996-12-23,RobustSIP,OPTIMAL,FEASIBLE_POINT,FEASIBLE_POINT,true,true,0.015578400149137219,0.01557840014913722
26,1997-01-23,MinVar,OPTIMAL,FEASIBLE_POINT,FEASIBLE_POINT,true,true,0.005211832792285472,0.01042367567063428
26,1997-01-23,NominalCVaR,OPTIMAL,FEASIBLE_POINT,FEASIBLE_POINT,true,true,0.010568050400470827,0.010568050400470841
26,1997-01-23,FiniteRegime,OPTIMAL,FEASIBLE_POINT,FEASIBLE_POINT,true,true,0.012337890587120322,0.012337890587120322
26,1997-01-23,RobustSIP,OPTIMAL,FEASIBLE_POINT,FEASIBLE_POINT,true,true,0.01552090789249406,0.015520907892494062
27,1997-02-25,MinVar,OPTIMAL,FEASIBLE_POINT,FEASIBLE_POINT,true,true,0.005153429142293972,0.010306868295182077
27,1997-02-25,NominalCVaR,OPTIMAL,FEASIBLE_POINT,FEASIBLE_POINT,true,true,0.010498410461378279,0.010498410461378282
27,1997-02-25,FiniteRegime,OPTIMAL,FEASIBLE_POINT,FEASIBLE_POINT,true,true,0.012318936597998462,0.012318936597998464
27,1997-02-25,RobustSIP,OPTIMAL,FEASIBLE_POINT,FEASIBLE_POINT,true,true,0.015640586936023746,0.015640586936023743
28,1997-03-26,MinVar,OPTIMAL,FEASIBLE_POINT,FEASIBLE_POINT,true,true,0.005297930655505689,0.01059587134989869
28,1997-03-26,NominalCVaR,OPTIMAL,FEASIBLE_POINT,FEASIBLE_POINT,true,true,0.01065464113056391,0.010654641130563927
28,1997-03-26,FiniteRegime,OPTIMAL,FEASIBLE_POINT,FEASIBLE_POINT,true,true,0.012328785430597889,0.012328785430597889
28,1997-03-26,RobustSIP,OPTIMAL,FEASIBLE_POINT,FEASIBLE_POINT,true,true,0.015820651255806135,0.015820651255806138
29,1997-04-25,MinVar,OPTIMAL,FEASIBLE_POINT,FEASIBLE_POINT,true,true,0.005476796522458004,0.010953603693463704
29,1997-04-25,NominalCVaR,OPTIMAL,FEASIBLE_POINT,FEASIBLE_POINT,true,true,0.011036103690398235,0.011036103690398246
29,1997-04-25,FiniteRegime,OPTIMAL,FEASIBLE_POINT,FEASIBLE_POINT,true,true,0.01328911297577941,0.01328911297577941
29,1997-04-25,RobustSIP,OPTIMAL,FEASIBLE_POINT,FEASIBLE_POINT,true,true,0.016469588120226513,0.01646958812022651
30,1997-05-27,MinVar,OPTIMAL,FEASIBLE_POINT,FEASIBLE_POINT,true,true,0.005700598785060543,0.011401208020398096
30,1997-05-27,NominalCVaR,OPTIMAL,FEASIBLE_POINT,FEASIBLE_POINT,true,true,0.011070244545147323,0.011070244545147337
30,1997-05-27,FiniteRegime,OPTIMAL,FEASIBLE_POINT,FEASIBLE_POINT,true,true,0.013320337606747132,0.01332033760674713
30,1997-05-27,RobustSIP,OPTIMAL,FEASIBLE_POINT,FEASIBLE_POINT,true,true,0.0165129033015798,0.016512903301579798
31,1997-06-25,MinVar,OPTIMAL,FEASIBLE_POINT,FEASIBLE_POINT,true,true,0.005716472862600938,0.011432955698014693
31,1997-06-25,NominalCVaR,OPTIMAL,FEASIBLE_POINT,FEASIBLE_POINT,true,true,0.011063183887951899,0.011063183887951925
31,1997-06-25,FiniteRegime,OPTIMAL,FEASIBLE_POINT,FEASIBLE_POINT,true,true,0.013335841392959527,0.013335841392959525
31,1997-06-25,RobustSIP,OPTIMAL,FEASIBLE_POINT,FEASIBLE_POINT,true,true,0.016418716151130344,0.016418716151130344
32,1997-07-25,MinVar,OPTIMAL,FEASIBLE_POINT,FEASIBLE_POINT,true,true,0.005988334225995305,0.01197667862987099
32,1997-07-25,NominalCVaR,OPTIMAL,FEASIBLE_POINT,FEASIBLE_POINT,true,true,0.011216217192623543,0.011216217192623546
32,1997-07-25,FiniteRegime,OPTIMAL,FEASIBLE_POINT,FEASIBLE_POINT,true,true,0.013438214243521429,0.013438214243521429
32,1997-07-25,RobustSIP,OPTIMAL,FEASIBLE_POINT,FEASIBLE_POINT,true,true,0.016642450270369695,0.016642450270369695
33,1997-08-25,MinVar,OPTIMAL,FEASIBLE_POINT,FEASIBLE_POINT,true,true,0.0061076912767641265,0.012215392822202003
33,1997-08-25,NominalCVaR,OPTIMAL,FEASIBLE_POINT,FEASIBLE_POINT,true,true,0.011366570820954495,0.011366570820954502
33,1997-08-25,FiniteRegime,OPTIMAL,FEASIBLE_POINT,FEASIBLE_POINT,true,true,0.013836397243901078,0.01383639724390108
33,1997-08-25,RobustSIP,OPTIMAL,FEASIBLE_POINT,FEASIBLE_POINT,true,true,0.016338535422232094,0.016338535422232094
34,1997-09-24,MinVar,OPTIMAL,FEASIBLE_POINT,FEASIBLE_POINT,true,true,0.006037813232479104,0.012075636627818496
34,1997-09-24,NominalCVaR,OPTIMAL,FEASIBLE_POINT,FEASIBLE_POINT,true,true,0.011343769888747362,0.011343769888747385
34,1997-09-24,FiniteRegime,OPTIMAL,FEASIBLE_POINT,FEASIBLE_POINT,true,true,0.013785216702736532,0.01378521670273653
34,1997-09-24,RobustSIP,OPTIMAL,FEASIBLE_POINT,FEASIBLE_POINT,true,true,0.016101017432788058,0.01610101743278805
35,1997-10-23,MinVar,OPTIMAL,FEASIBLE_POINT,FEASIBLE_POINT,true,true,0.006203638450604012,0.012407287437322799
35,1997-10-23,NominalCVaR,OPTIMAL,FEASIBLE_POINT,FEASIBLE_POINT,true,true,0.011502815197679083,0.011502815197679102
35,1997-10-23,FiniteRegime,OPTIMAL,FEASIBLE_POINT,FEASIBLE_POINT,true,true,0.014049841412162095,0.014049841412162095
35,1997-10-23,RobustSIP,OPTIMAL,FEASIBLE_POINT,FEASIBLE_POINT,true,true,0.016381361674726848,0.016381361674726848
36,1997-11-21,MinVar,OPTIMAL,FEASIBLE_POINT,FEASIBLE_POINT,true,true,0.007427645157433342,0.014855301031035932
36,1997-11-21,NominalCVaR,OPTIMAL,FEASIBLE_POINT,FEASIBLE_POINT,true,true,0.012716603784933911,0.012716603784933925
36,1997-11-21,FiniteRegime,OPTIMAL,FEASIBLE_POINT,FEASIBLE_POINT,true,true,0.017052335585195297,0.017052335585195297
36,1997-11-21,RobustSIP,OPTIMAL,FEASIBLE_POINT,FEASIBLE_POINT,true,true,0.04423791528076698,0.044237915280766975
37,1997-12-24,MinVar,OPTIMAL,FEASIBLE_POINT,FEASIBLE_POINT,true,true,0.007884070175572008,0.015768150948565134
37,1997-12-24,NominalCVaR,OPTIMAL,FEASIBLE_POINT,FEASIBLE_POINT,true,true,0.013116114836458224,0.013116114836458241
37,1997-12-24,FiniteRegime,OPTIMAL,FEASIBLE_POINT,FEASIBLE_POINT,true,true,0.016662613880703198,0.0166626138807032
37,1997-12-24,RobustSIP,OPTIMAL,FEASIBLE_POINT,FEASIBLE_POINT,true,true,0.04437353174603175,0.044373531746031744
38,1998-01-27,MinVar,OPTIMAL,FEASIBLE_POINT,FEASIBLE_POINT,true,true,0.00813362894968781,0.01626726745475482
38,1998-01-27,NominalCVaR,OPTIMAL,FEASIBLE_POINT,FEASIBLE_POINT,true,true,0.013249696288984298,0.013249696288984272
38,1998-01-27,FiniteRegime,OPTIMAL,FEASIBLE_POINT,FEASIBLE_POINT,true,true,0.01720166410826234,0.017201664108262342
38,1998-01-27,RobustSIP,OPTIMAL,FEASIBLE_POINT,FEASIBLE_POINT,true,true,0.04153280765105785,0.04153280765105786
39,1998-02-26,MinVar,OPTIMAL,FEASIBLE_POINT,FEASIBLE_POINT,true,true,0.0079144145424968,0.01582883905949988
39,1998-02-26,NominalCVaR,OPTIMAL,FEASIBLE_POINT,FEASIBLE_POINT,true,true,0.013119693187540098,0.013119693187540115
39,1998-02-26,FiniteRegime,OPTIMAL,FEASIBLE_POINT,FEASIBLE_POINT,true,true,0.017144980438795303,0.017144980438795303
39,1998-02-26,RobustSIP,OPTIMAL,FEASIBLE_POINT,FEASIBLE_POINT,true,true,0.040747093720900296,0.040747093720900296
40,1998-03-27,MinVar,OPTIMAL,FEASIBLE_POINT,FEASIBLE_POINT,true,true,0.007767801904093936,0.015535613493631306
40,1998-03-27,NominalCVaR,OPTIMAL,FEASIBLE_POINT,FEASIBLE_POINT,true,true,0.012981312187237377,0.012981312187237293
40,1998-03-27,FiniteRegime,OPTIMAL,FEASIBLE_POINT,FEASIBLE_POINT,true,true,0.01715632201589521,0.017156322015895207
40,1998-03-27,RobustSIP,OPTIMAL,FEASIBLE_POINT,FEASIBLE_POINT,true,true,0.04011376955916578,0.040113769559165784
41,1998-04-28,MinVar,OPTIMAL,FEASIBLE_POINT,FEASIBLE_POINT,true,true,0.007679655106944933,0.01535932089176768
41,1998-04-28,NominalCVaR,OPTIMAL,FEASIBLE_POINT,FEASIBLE_POINT,true,true,0.012905078138488048,0.012905078138488051
41,1998-04-28,FiniteRegime,OPTIMAL,FEASIBLE_POINT,FEASIBLE_POINT,true,true,0.01735436638545293,0.017354366385452933
41,1998-04-28,RobustSIP,OPTIMAL,FEASIBLE_POINT,FEASIBLE_POINT,true,true,0.03945269173860683,0.03945269173860683
42,1998-05-28,MinVar,OPTIMAL,FEASIBLE_POINT,FEASIBLE_POINT,true,true,0.008018050994871894,0.016036112894198977
42,1998-05-28,NominalCVaR,OPTIMAL,FEASIBLE_POINT,FEASIBLE_POINT,true,true,0.013095966519253812,0.013095966519253825
42,1998-05-28,FiniteRegime,OPTIMAL,FEASIBLE_POINT,FEASIBLE_POINT,true,true,0.017106974966507132,0.017106974966507132
42,1998-05-28,RobustSIP,OPTIMAL,FEASIBLE_POINT,FEASIBLE_POINT,true,true,0.03704140883694783,0.03704140883694783
43,1998-06-26,MinVar,OPTIMAL,FEASIBLE_POINT,FEASIBLE_POINT,true,true,0.00800031133026633,0.016000633212432145
43,1998-06-26,NominalCVaR,OPTIMAL,FEASIBLE_POINT,FEASIBLE_POINT,true,true,0.013145741774953262,0.01314574177495326
43,1998-06-26,FiniteRegime,OPTIMAL,FEASIBLE_POINT,FEASIBLE_POINT,true,true,0.016447900469110013,0.01644790046911001
43,1998-06-26,RobustSIP,OPTIMAL,FEASIBLE_POINT,FEASIBLE_POINT,true,true,0.03229851952576098,0.032298519525760974
44,1998-07-28,MinVar,OPTIMAL,FEASIBLE_POINT,FEASIBLE_POINT,true,true,0.008217902671157882,0.016435816133606826
44,1998-07-28,NominalCVaR,OPTIMAL,FEASIBLE_POINT,FEASIBLE_POINT,true,true,0.013297553489868514,0.013297553489868531
44,1998-07-28,FiniteRegime,OPTIMAL,FEASIBLE_POINT,FEASIBLE_POINT,true,true,0.016306927463545274,0.016306927463545274
44,1998-07-28,RobustSIP,OPTIMAL,FEASIBLE_POINT,FEASIBLE_POINT,true,true,0.030952853096089437,0.030952853096089427
45,1998-08-26,MinVar,OPTIMAL,FEASIBLE_POINT,FEASIBLE_POINT,true,true,0.008562261599988732,0.017124534110482256
45,1998-08-26,NominalCVaR,OPTIMAL,FEASIBLE_POINT,FEASIBLE_POINT,true,true,0.013850087402687457,0.013850087402687476
45,1998-08-26,FiniteRegime,OPTIMAL,FEASIBLE_POINT,FEASIBLE_POINT,true,true,0.017716240963442303,0.017716240963442292
45,1998-08-26,RobustSIP,OPTIMAL,FEASIBLE_POINT,FEASIBLE_POINT,true,true,0.03128115285451846,0.03128115285451846
46,1998-09-25,MinVar,OPTIMAL,FEASIBLE_POINT,FEASIBLE_POINT,true,true,0.009816689102253301,0.019633389746250222
46,1998-09-25,NominalCVaR,OPTIMAL,FEASIBLE_POINT,FEASIBLE_POINT,true,true,0.015086711472253449,0.015086711472253465
46,1998-09-25,FiniteRegime,OPTIMAL,FEASIBLE_POINT,FEASIBLE_POINT,true,true,0.020687627403560043,0.020687627403560043
46,1998-09-25,RobustSIP,OPTIMAL,FEASIBLE_POINT,FEASIBLE_POINT,true,true,0.03232099904787812,0.03232099904787812
47,1998-10-26,MinVar,OPTIMAL,FEASIBLE_POINT,FEASIBLE_POINT,true,true,0.010091260133091959,0.020182531104263192
47,1998-10-26,NominalCVaR,OPTIMAL,FEASIBLE_POINT,FEASIBLE_POINT,true,true,0.015137251037774918,0.015137251037774932
47,1998-10-26,FiniteRegime,OPTIMAL,FEASIBLE_POINT,FEASIBLE_POINT,true,true,0.020656685756835887,0.020656685756835887
47,1998-10-26,RobustSIP,OPTIMAL,FEASIBLE_POINT,FEASIBLE_POINT,true,true,0.031360208747514905,0.03136020874751491
48,1998-11-24,MinVar,OPTIMAL,FEASIBLE_POINT,FEASIBLE_POINT,true,true,0.010183834175524821,0.020367678874573712
48,1998-11-24,NominalCVaR,OPTIMAL,FEASIBLE_POINT,FEASIBLE_POINT,true,true,0.015127391765410628,0.015127391765410676
48,1998-11-24,FiniteRegime,OPTIMAL,FEASIBLE_POINT,FEASIBLE_POINT,true,true,0.020799399780333155,0.02079939978033316
48,1998-11-24,RobustSIP,OPTIMAL,FEASIBLE_POINT,FEASIBLE_POINT,true,true,0.031802358415841586,0.031802358415841586
49,1998-12-24,MinVar,OPTIMAL,FEASIBLE_POINT,FEASIBLE_POINT,true,true,0.010151546816275949,0.020303104489128716
49,1998-12-24,NominalCVaR,OPTIMAL,FEASIBLE_POINT,FEASIBLE_POINT,true,true,0.01513044014655304,0.015130440146553063
49,1998-12-24,FiniteRegime,OPTIMAL,FEASIBLE_POINT,FEASIBLE_POINT,true,true,0.020631892385634065,0.02063189238563407
49,1998-12-24,RobustSIP,OPTIMAL,FEASIBLE_POINT,FEASIBLE_POINT,true,true,0.03172059284116331,0.03172059284116331
50,1999-01-27,MinVar,OPTIMAL,FEASIBLE_POINT,FEASIBLE_POINT,true,true,0.010404549986782956,0.020809111284925304
50,1999-01-27,NominalCVaR,OPTIMAL,FEASIBLE_POINT,FEASIBLE_POINT,true,true,0.015342458048732915,0.015342458048732953
50,1999-01-27,FiniteRegime,OPTIMAL,FEASIBLE_POINT,FEASIBLE_POINT,true,true,0.020975659357258727,0.020975659357258723
50,1999-01-27,RobustSIP,OPTIMAL,FEASIBLE_POINT,FEASIBLE_POINT,true,true,0.0332607021724673,0.03326070217246731
51,1999-02-26,MinVar,OPTIMAL,FEASIBLE_POINT,FEASIBLE_POINT,true,true,0.010034184702708714,0.020068379820213107
51,1999-02-26,NominalCVaR,OPTIMAL,FEASIBLE_POINT,FEASIBLE_POINT,true,true,0.015097202795527714,0.015097202795527726
51,1999-02-26,FiniteRegime,OPTIMAL,FEASIBLE_POINT,FEASIBLE_POINT,true,true,0.02072115110729936,0.02072115110729936
51,1999-02-26,RobustSIP,OPTIMAL,FEASIBLE_POINT,FEASIBLE_POINT,true,true,0.032027375,0.032027375
52,1999-03-29,MinVar,OPTIMAL,FEASIBLE_POINT,FEASIBLE_POINT,true,true,0.011245362435213634,0.022490735578043396
52,1999-03-29,NominalCVaR,OPTIMAL,FEASIBLE_POINT,FEASIBLE_POINT,true,true,0.01570169897247223,0.015701698972472252
52,1999-03-29,FiniteRegime,OPTIMAL,FEASIBLE_POINT,FEASIBLE_POINT,true,true,0.020775825300263458,0.020775825300263454
52,1999-03-29,RobustSIP,OPTIMAL,FEASIBLE_POINT,FEASIBLE_POINT,true,true,0.03486698649278062,0.03486698649278062
53,1999-04-28,MinVar,OPTIMAL,FEASIBLE_POINT,FEASIBLE_POINT,true,true,0.011177032124631432,0.022354075068801063
53,1999-04-28,NominalCVaR,OPTIMAL,FEASIBLE_POINT,FEASIBLE_POINT,true,true,0.01549780315179753,0.015497803151797572
53,1999-04-28,FiniteRegime,OPTIMAL,FEASIBLE_POINT,FEASIBLE_POINT,true,true,0.021290469522582806,0.021290469522582813
53,1999-04-28,RobustSIP,OPTIMAL,FEASIBLE_POINT,FEASIBLE_POINT,true,true,0.03602629254669226,0.03602629254669226
54,1999-05-27,MinVar,OPTIMAL,FEASIBLE_POINT,FEASIBLE_POINT,true,true,0.011051253533021568,0.02210251764581692
54,1999-05-27,NominalCVaR,OPTIMAL,FEASIBLE_POINT,FEASIBLE_POINT,true,true,0.015388973672284043,0.015388973672284059
54,1999-05-27,FiniteRegime,OPTIMAL,FEASIBLE_POINT,FEASIBLE_POINT,true,true,0.020952495512672333,0.020952495512672326
54,1999-05-27,RobustSIP,OPTIMAL,FEASIBLE_POINT,FEASIBLE_POINT,true,true,0.03438750713218313,0.03438750713218313
55,1999-06-28,MinVar,OPTIMAL,FEASIBLE_POINT,FEASIBLE_POINT,true,true,0.010657953465843483,0.021315917713222974
55,1999-06-28,NominalCVaR,OPTIMAL,FEASIBLE_POINT,FEASIBLE_POINT,true,true,0.015162438304891132,0.01516243830489115
55,1999-06-28,FiniteRegime,OPTIMAL,FEASIBLE_POINT,FEASIBLE_POINT,true,true,0.020356195001237185,0.020356195001237185
55,1999-06-28,RobustSIP,OPTIMAL,FEASIBLE_POINT,FEASIBLE_POINT,true,true,0.03305460307298335,0.03305460307298336
56,1999-07-28,MinVar,OPTIMAL,FEASIBLE_POINT,FEASIBLE_POINT,true,true,0.010787612406073207,0.021575236099509277
56,1999-07-28,NominalCVaR,OPTIMAL,FEASIBLE_POINT,FEASIBLE_POINT,true,true,0.01522079046868351,0.015220790468683534
56,1999-07-28,FiniteRegime,OPTIMAL,FEASIBLE_POINT,FEASIBLE_POINT,true,true,0.02029512210784921,0.02029512210784921
56,1999-07-28,RobustSIP,OPTIMAL,FEASIBLE_POINT,FEASIBLE_POINT,true,true,0.03350758659079664,0.03350758659079665
57,1999-08-26,MinVar,OPTIMAL,FEASIBLE_POINT,FEASIBLE_POINT,true,true,0.01109023064956767,0.022180472631036244
57,1999-08-26,NominalCVaR,OPTIMAL,FEASIBLE_POINT,FEASIBLE_POINT,true,true,0.015306502225783366,0.015306502225783374
57,1999-08-26,FiniteRegime,OPTIMAL,FEASIBLE_POINT,FEASIBLE_POINT,true,true,0.019827772843450144,0.019827772843450147
57,1999-08-26,RobustSIP,OPTIMAL,FEASIBLE_POINT,FEASIBLE_POINT,true,true,0.03382951505573117,0.03382951505573117
58,1999-09-27,MinVar,OPTIMAL,FEASIBLE_POINT,FEASIBLE_POINT,true,true,0.011270222283378662,0.022540455934764878
58,1999-09-27,NominalCVaR,OPTIMAL,FEASIBLE_POINT,FEASIBLE_POINT,true,true,0.01543543900248942,0.015435439002489443
58,1999-09-27,FiniteRegime,OPTIMAL,FEASIBLE_POINT,FEASIBLE_POINT,true,true,0.01935377784782849,0.01935377784782849
58,1999-09-27,RobustSIP,OPTIMAL,FEASIBLE_POINT,FEASIBLE_POINT,true,true,0.03405612359550562,0.034056123595505625
59,1999-10-26,MinVar,OPTIMAL,FEASIBLE_POINT,FEASIBLE_POINT,true,true,0.01154661018718442,0.02309323130816946
59,1999-10-26,NominalCVaR,OPTIMAL,FEASIBLE_POINT,FEASIBLE_POINT,true,true,0.015622076121682206,0.015622076121682217
59,1999-10-26,FiniteRegime,OPTIMAL,FEASIBLE_POINT,FEASIBLE_POINT,true,true,0.0196421289642296,0.0196421289642296
59,1999-10-26,RobustSIP,OPTIMAL,FEASIBLE_POINT,FEASIBLE_POINT,true,true,0.03489346947890819,0.03489346947890819
60,1999-11-24,MinVar,OPTIMAL,FEASIBLE_POINT,FEASIBLE_POINT,true,true,0.011822841579239022,0.02364569397035337
60,1999-11-24,NominalCVaR,OPTIMAL,FEASIBLE_POINT,FEASIBLE_POINT,true,true,0.015619570167029586,0.01561957016702953
60,1999-11-24,FiniteRegime,OPTIMAL,FEASIBLE_POINT,FEASIBLE_POINT,true,true,0.019439898731751004,0.019439898731751004
60,1999-11-24,RobustSIP,OPTIMAL,FEASIBLE_POINT,FEASIBLE_POINT,true,true,0.03497169333934407,0.03497169333934407
61,1999-12-27,MinVar,OPTIMAL,FEASIBLE_POINT,FEASIBLE_POINT,true,true,0.011739341847849335,0.02347869492219947
61,1999-12-27,NominalCVaR,OPTIMAL,FEASIBLE_POINT,FEASIBLE_POINT,true,true,0.015588969722455829,0.015588969722455853
61,1999-12-27,FiniteRegime,OPTIMAL,FEASIBLE_POINT,FEASIBLE_POINT,true,true,0.019248005969438094,0.019248005969438098
61,1999-12-27,RobustSIP,OPTIMAL,FEASIBLE_POINT,FEASIBLE_POINT,true,true,0.03513291051127728,0.03513291051127729
62,2000-01-27,MinVar,OPTIMAL,FEASIBLE_POINT,FEASIBLE_POINT,true,true,0.012235805312811219,0.02447162213348803
62,2000-01-27,NominalCVaR,OPTIMAL,FEASIBLE_POINT,FEASIBLE_POINT,true,true,0.016108417743109213,0.016108417743109237
62,2000-01-27,FiniteRegime,OPTIMAL,FEASIBLE_POINT,FEASIBLE_POINT,true,true,0.019934485040579705,0.019934485040579708
62,2000-01-27,RobustSIP,OPTIMAL,FEASIBLE_POINT,FEASIBLE_POINT,true,true,0.03539648565638655,0.03539648565638655
63,2000-02-28,MinVar,OPTIMAL,FEASIBLE_POINT,FEASIBLE_POINT,true,true,0.012818845240733586,0.02563770160472263
63,2000-02-28,NominalCVaR,OPTIMAL,FEASIBLE_POINT,FEASIBLE_POINT,true,true,0.016612443571267836,0.016612443571267847
63,2000-02-28,FiniteRegime,OPTIMAL,FEASIBLE_POINT,FEASIBLE_POINT,true,true,0.020680968366841013,0.020680968366841013
63,2000-02-28,RobustSIP,OPTIMAL,FEASIBLE_POINT,FEASIBLE_POINT,true,true,0.03564430808351177,0.03564430808351178
64,2000-03-28,MinVar,OPTIMAL,FEASIBLE_POINT,FEASIBLE_POINT,true,true,0.013164526261455223,0.026329064278134612
64,2000-03-28,NominalCVaR,OPTIMAL,FEASIBLE_POINT,FEASIBLE_POINT,true,true,0.016548731177216423,0.016548731177216454
64,2000-03-28,FiniteRegime,OPTIMAL,FEASIBLE_POINT,FEASIBLE_POINT,true,true,0.020270738335509127,0.02027073833550913
64,2000-03-28,RobustSIP,OPTIMAL,FEASIBLE_POINT,FEASIBLE_POINT,true,true,0.03439011477133345,0.034390114771333455
65,2000-04-27,MinVar,OPTIMAL,FEASIBLE_POINT,FEASIBLE_POINT,true,true,0.014024468860741322,0.028048948834684194
65,2000-04-27,NominalCVaR,OPTIMAL,FEASIBLE_POINT,FEASIBLE_POINT,true,true,0.016960017665500197,0.016960017665500208
65,2000-04-27,FiniteRegime,OPTIMAL,FEASIBLE_POINT,FEASIBLE_POINT,true,true,0.021400511431128262,0.021400511431128262
65,2000-04-27,RobustSIP,OPTIMAL,FEASIBLE_POINT,FEASIBLE_POINT,true,true,0.03499057599405905,0.03499057599405905
66,2000-05-26,MinVar,OPTIMAL,FEASIBLE_POINT,FEASIBLE_POINT,true,true,0.01408388836605083,0.028167787686457606
66,2000-05-26,NominalCVaR,OPTIMAL,FEASIBLE_POINT,FEASIBLE_POINT,true,true,0.016901823677210413,0.01690182367721051
66,2000-05-26,FiniteRegime,OPTIMAL,FEASIBLE_POINT,FEASIBLE_POINT,true,true,0.021010797080387347,0.021010797080387347
66,2000-05-26,RobustSIP,OPTIMAL,FEASIBLE_POINT,FEASIBLE_POINT,true,true,0.033404884494075526,0.033404884494075526
67,2000-06-27,MinVar,OPTIMAL,FEASIBLE_POINT,FEASIBLE_POINT,true,true,0.014127577324124115,0.02825516541866719
67,2000-06-27,NominalCVaR,OPTIMAL,FEASIBLE_POINT,FEASIBLE_POINT,true,true,0.016905858933994024,0.016905858933994034
67,2000-06-27,FiniteRegime,OPTIMAL,FEASIBLE_POINT,FEASIBLE_POINT,true,true,0.0210333528699039,0.0210333528699039
67,2000-06-27,RobustSIP,OPTIMAL,FEASIBLE_POINT,FEASIBLE_POINT,true,true,0.03276034193548387,0.03276034193548387
68,2000-07-27,MinVar,OPTIMAL,FEASIBLE_POINT,FEASIBLE_POINT,true,true,0.014215410594865585,0.028430832215994843
68,2000-07-27,NominalCVaR,OPTIMAL,FEASIBLE_POINT,FEASIBLE_POINT,true,true,0.016915826059768654,0.01691582605976874
68,2000-07-27,FiniteRegime,OPTIMAL,FEASIBLE_POINT,FEASIBLE_POINT,true,true,0.021133112777115222,0.021133112777115222
68,2000-07-27,RobustSIP,OPTIMAL,FEASIBLE_POINT,FEASIBLE_POINT,true,true,0.032860909224766255,0.032860909224766255
69,2000-08-25,MinVar,OPTIMAL,FEASIBLE_POINT,FEASIBLE_POINT,true,true,0.014962585369924697,0.029925181625307794
69,2000-08-25,NominalCVaR,OPTIMAL,FEASIBLE_POINT,FEASIBLE_POINT,true,true,0.01717407103822402,0.01717407103822408
69,2000-08-25,FiniteRegime,OPTIMAL,FEASIBLE_POINT,FEASIBLE_POINT,true,true,0.021594030781967487,0.021594030781967484
69,2000-08-25,RobustSIP,OPTIMAL,FEASIBLE_POINT,FEASIBLE_POINT,true,true,0.03325021731461229,0.03325021731461229
70,2000-09-26,MinVar,OPTIMAL,FEASIBLE_POINT,FEASIBLE_POINT,true,true,0.014408353123149729,0.02881671774974908
70,2000-09-26,NominalCVaR,OPTIMAL,FEASIBLE_POINT,FEASIBLE_POINT,true,true,0.017012154856422688,0.017012154856422705
70,2000-09-26,FiniteRegime,OPTIMAL,FEASIBLE_POINT,FEASIBLE_POINT,true,true,0.021255018244561073,0.021255018244561073
70,2000-09-26,RobustSIP,OPTIMAL,FEASIBLE_POINT,FEASIBLE_POINT,true,true,0.032484388365044616,0.03248438836504462
71,2000-10-25,MinVar,OPTIMAL,FEASIBLE_POINT,FEASIBLE_POINT,true,true,0.014884934471888054,0.029769880189749964
71,2000-10-25,NominalCVaR,OPTIMAL,FEASIBLE_POINT,FEASIBLE_POINT,true,true,0.017140799933842175,0.01714079993384219
71,2000-10-25,FiniteRegime,OPTIMAL,FEASIBLE_POINT,FEASIBLE_POINT,true,true,0.021284185787297103,0.0212841857872971
71,2000-10-25,RobustSIP,OPTIMAL,FEASIBLE_POINT,FEASIBLE_POINT,true,true,0.03259832125802733,0.032598321258027335
72,2000-11-24,MinVar,OPTIMAL,FEASIBLE_POINT,FEASIBLE_POINT,true,true,0.014454968338139782,0.02890994810190478
72,2000-11-24,NominalCVaR,OPTIMAL,FEASIBLE_POINT,FEASIBLE_POINT,true,true,0.01687450159811559,0.0168745015981156
72,2000-11-24,FiniteRegime,OPTIMAL,FEASIBLE_POINT,FEASIBLE_POINT,true,true,0.02086477800162518,0.02086477800162518
72,2000-11-24,RobustSIP,OPTIMAL,FEASIBLE_POINT,FEASIBLE_POINT,true,true,0.032269602970982074,0.032269602970982074
73,2000-12-26,MinVar,OPTIMAL,FEASIBLE_POINT,FEASIBLE_POINT,true,true,0.014287559617827447,0.02857513029415296
73,2000-12-26,NominalCVaR,OPTIMAL,FEASIBLE_POINT,FEASIBLE_POINT,true,true,0.01673015620954954,0.016730156209549422
73,2000-12-26,FiniteRegime,OPTIMAL,FEASIBLE_POINT,FEASIBLE_POINT,true,true,0.020703726158109094,0.020703726158109094
73,2000-12-26,RobustSIP,OPTIMAL,FEASIBLE_POINT,FEASIBLE_POINT,true,true,0.031409740071073375,0.03140974007107338
74,2001-01-26,MinVar,OPTIMAL,FEASIBLE_POINT,FEASIBLE_POINT,true,true,0.01513922016999359,0.03027845148504589
74,2001-01-26,NominalCVaR,OPTIMAL,FEASIBLE_POINT,FEASIBLE_POINT,true,true,0.01715688395764985,0.017156883957649898
74,2001-01-26,FiniteRegime,OPTIMAL,FEASIBLE_POINT,FEASIBLE_POINT,true,true,0.02118059103701151,0.021180591037011514
74,2001-01-26,RobustSIP,OPTIMAL,FEASIBLE_POINT,FEASIBLE_POINT,true,true,0.03235925287356321,0.03235925287356321
75,2001-02-27,MinVar,OPTIMAL,FEASIBLE_POINT,FEASIBLE_POINT,true,true,0.014810126318546314,0.029620263486689734
75,2001-02-27,NominalCVaR,OPTIMAL,FEASIBLE_POINT,FEASIBLE_POINT,true,true,0.016976856620420595,0.016976856620420994
75,2001-02-27,FiniteRegime,OPTIMAL,FEASIBLE_POINT,FEASIBLE_POINT,true,true,0.02100422648788362,0.02100422648788362
75,2001-02-27,RobustSIP,OPTIMAL,FEASIBLE_POINT,FEASIBLE_POINT,true,true,0.03225919884963024,0.03225919884963024
76,2001-03-28,MinVar,OPTIMAL,FEASIBLE_POINT,FEASIBLE_POINT,true,true,0.01479996092718303,0.0295999324845689
76,2001-03-28,NominalCVaR,OPTIMAL,FEASIBLE_POINT,FEASIBLE_POINT,true,true,0.01682702209446041,0.016827022094460426
76,2001-03-28,FiniteRegime,OPTIMAL,FEASIBLE_POINT,FEASIBLE_POINT,true,true,0.020552445599336156,0.02055244559933616
76,2001-03-28,RobustSIP,OPTIMAL,FEASIBLE_POINT,FEASIBLE_POINT,true,true,0.03148171657391133,0.03148171657391132
77,2001-04-27,MinVar,OPTIMAL,FEASIBLE_POINT,FEASIBLE_POINT,true,true,0.01496524627898246,0.02993050321102979
77,2001-04-27,NominalCVaR,OPTIMAL,FEASIBLE_POINT,FEASIBLE_POINT,true,true,0.016887980613550565,0.016887980613550468
77,2001-04-27,FiniteRegime,OPTIMAL,FEASIBLE_POINT,FEASIBLE_POINT,true,true,0.020720163111471304,0.020720163111471308
77,2001-04-27,RobustSIP,OPTIMAL,FEASIBLE_POINT,FEASIBLE_POINT,true,true,0.0310481799514871,0.0310481799514871
78,2001-05-29,MinVar,OPTIMAL,FEASIBLE_POINT,FEASIBLE_POINT,true,true,0.015145792186676783,0.030291595062643544
78,2001-05-29,NominalCVaR,OPTIMAL,FEASIBLE_POINT,FEASIBLE_POINT,true,true,0.016896592757043277,0.016896592757043288
78,2001-05-29,FiniteRegime,OPTIMAL,FEASIBLE_POINT,FEASIBLE_POINT,true,true,0.020880842404389942,0.020880842404389945
78,2001-05-29,RobustSIP,OPTIMAL,FEASIBLE_POINT,FEASIBLE_POINT,true,true,0.03113105448627167,0.031131054486271677
79,2001-06-27,MinVar,OPTIMAL,FEASIBLE_POINT,FEASIBLE_POINT,true,true,0.01532588100910127,0.030651772677762385
79,2001-06-27,NominalCVaR,OPTIMAL,FEASIBLE_POINT,FEASIBLE_POINT,true,true,0.016985918918707762,0.016985918918707727
79,2001-06-27,FiniteRegime,OPTIMAL,FEASIBLE_POINT,FEASIBLE_POINT,true,true,0.021061034759657635,0.021061034759657635
79,2001-06-27,RobustSIP,OPTIMAL,FEASIBLE_POINT,FEASIBLE_POINT,true,true,0.03145028751785252,0.031450287517852525
80,2001-07-27,MinVar,OPTIMAL,FEASIBLE_POINT,FEASIBLE_POINT,true,true,0.015730134149680573,0.031460278800041576
80,2001-07-27,NominalCVaR,OPTIMAL,FEASIBLE_POINT,FEASIBLE_POINT,true,true,0.017111827704746195,0.01711182770474621
80,2001-07-27,FiniteRegime,OPTIMAL,FEASIBLE_POINT,FEASIBLE_POINT,true,true,0.021306847773215034,0.021306847773215034
80,2001-07-27,RobustSIP,OPTIMAL,FEASIBLE_POINT,FEASIBLE_POINT,true,true,0.03271286384976526,0.03271286384976525
81,2001-08-27,MinVar,OPTIMAL,FEASIBLE_POINT,FEASIBLE_POINT,true,true,0.015168973853716718,0.030337958620408053
81,2001-08-27,NominalCVaR,OPTIMAL,FEASIBLE_POINT,FEASIBLE_POINT,true,true,0.016874702674543957,0.016874702674543978
81,2001-08-27,FiniteRegime,OPTIMAL,FEASIBLE_POINT,FEASIBLE_POINT,true,true,0.021003259304803384,0.021003259304803384
81,2001-08-27,RobustSIP,OPTIMAL,FEASIBLE_POINT,FEASIBLE_POINT,true,true,0.031390431714261514,0.031390431714261514
82,2001-10-02,MinVar,OPTIMAL,FEASIBLE_POINT,FEASIBLE_POINT,true,true,0.015664340667299666,0.03132869251994
82,2001-10-02,NominalCVaR,OPTIMAL,FEASIBLE_POINT,FEASIBLE_POINT,true,true,0.017493753792923693,0.017493753792923273
82,2001-10-02,FiniteRegime,OPTIMAL,FEASIBLE_POINT,FEASIBLE_POINT,true,true,0.02182360349703409,0.0218236034970341
82,2001-10-02,RobustSIP,OPTIMAL,FEASIBLE_POINT,FEASIBLE_POINT,true,true,0.031234264308170577,0.031234264308170577
83,2001-10-31,MinVar,OPTIMAL,FEASIBLE_POINT,FEASIBLE_POINT,true,true,0.015980982394634004,0.031961975791090114
83,2001-10-31,NominalCVaR,OPTIMAL,FEASIBLE_POINT,FEASIBLE_POINT,true,true,0.017538660823488338,0.01753866082348836
83,2001-10-31,FiniteRegime,OPTIMAL,FEASIBLE_POINT,FEASIBLE_POINT,true,true,0.02191039825415799,0.021910398254157987
83,2001-10-31,RobustSIP,OPTIMAL,FEASIBLE_POINT,FEASIBLE_POINT,true,true,0.0311736984799518,0.0311736984799518
84,2001-11-30,MinVar,OPTIMAL,FEASIBLE_POINT,FEASIBLE_POINT,true,true,0.016286849893319924,0.0325737106221505
84,2001-11-30,NominalCVaR,OPTIMAL,FEASIBLE_POINT,FEASIBLE_POINT,true,true,0.017538660823488338,0.017538660823488362
84,2001-11-30,FiniteRegime,OPTIMAL,FEASIBLE_POINT,FEASIBLE_POINT,true,true,0.021889724284954892,0.021889724284954892
84,2001-11-30,RobustSIP,OPTIMAL,FEASIBLE_POINT,FEASIBLE_POINT,true,true,0.03149958312700017,0.03149958312700018
85,2002-01-02,MinVar,OPTIMAL,FEASIBLE_POINT,FEASIBLE_POINT,true,true,0.016292081393607733,0.032584173668872354
85,2002-01-02,NominalCVaR,OPTIMAL,FEASIBLE_POINT,FEASIBLE_POINT,true,true,0.017538660823488348,0.01753866082348837
85,2002-01-02,FiniteRegime,OPTIMAL,FEASIBLE_POINT,FEASIBLE_POINT,true,true,0.02196324822500173,0.021963248225001737
85,2002-01-02,RobustSIP,OPTIMAL,FEASIBLE_POINT,FEASIBLE_POINT,true,true,0.0317911399995203,0.03179113999952031
86,2002-02-01,MinVar,OPTIMAL,FEASIBLE_POINT,FEASIBLE_POINT,true,true,0.01615440165626515,0.03230881453487525
86,2002-02-01,NominalCVaR,OPTIMAL,FEASIBLE_POINT,FEASIBLE_POINT,true,true,0.017538660823488338,0.017538660823488362
86,2002-02-01,FiniteRegime,OPTIMAL,FEASIBLE_POINT,FEASIBLE_POINT,true,true,0.01982196886593518,0.01982196886593518
86,2002-02-01,RobustSIP,OPTIMAL,FEASIBLE_POINT,FEASIBLE_POINT,true,true,0.031598198086271276,0.031598198086271276
87,2002-03-05,MinVar,OPTIMAL,FEASIBLE_POINT,FEASIBLE_POINT,true,true,0.01671933734766464,0.03343868540085594
87,2002-03-05,NominalCVaR,OPTIMAL,FEASIBLE_POINT,FEASIBLE_POINT,true,true,0.01755327165241015,0.017553271652410166
87,2002-03-05,FiniteRegime,OPTIMAL,FEASIBLE_POINT,FEASIBLE_POINT,true,true,0.01982498823895565,0.019824988238955652
87,2002-03-05,RobustSIP,OPTIMAL,FEASIBLE_POINT,FEASIBLE_POINT,true,true,0.032405940835869895,0.032405940835869895
88,2002-04-04,MinVar,OPTIMAL,FEASIBLE_POINT,FEASIBLE_POINT,true,true,0.016569452575241027,0.03313891602293825
88,2002-04-04,NominalCVaR,OPTIMAL,FEASIBLE_POINT,FEASIBLE_POINT,true,true,0.017535049302011677,0.017535049302011663
88,2002-04-04,FiniteRegime,OPTIMAL,FEASIBLE_POINT,FEASIBLE_POINT,true,true,0.019818538943219853,0.019818538943219846
88,2002-04-04,RobustSIP,OPTIMAL,FEASIBLE_POINT,FEASIBLE_POINT,true,true,0.03237879329754086,0.03237879329754086
89,2002-05-03,MinVar,OPTIMAL,FEASIBLE_POINT,FEASIBLE_POINT,true,true,0.01611722318734407,0.032234457708921194
89,2002-05-03,NominalCVaR,OPTIMAL,FEASIBLE_POINT,FEASIBLE_POINT,true,true,0.017296635421403743,0.01729663542140377
89,2002-05-03,FiniteRegime,OPTIMAL,FEASIBLE_POINT,FEASIBLE_POINT,true,true,0.01964617809224276,0.01964617809224276
89,2002-05-03,RobustSIP,OPTIMAL,FEASIBLE_POINT,FEASIBLE_POINT,true,true,0.031783045459168116,0.03178304545916812
90,2002-06-04,MinVar,OPTIMAL,FEASIBLE_POINT,FEASIBLE_POINT,true,true,0.01607219126917459,0.03214439386686321
90,2002-06-04,NominalCVaR,OPTIMAL,FEASIBLE_POINT,FEASIBLE_POINT,true,true,0.017358559507206685,0.017358559507205534
90,2002-06-04,FiniteRegime,OPTIMAL,FEASIBLE_POINT,FEASIBLE_POINT,true,true,0.019640629000563948,0.01964062900056395
90,2002-06-04,RobustSIP,OPTIMAL,FEASIBLE_POINT,FEASIBLE_POINT,true,true,0.0318835898952537,0.0318835898952537
91,2002-07-03,MinVar,OPTIMAL,FEASIBLE_POINT,FEASIBLE_POINT,true,true,0.016287495442557746,0.03257500208300505
91,2002-07-03,NominalCVaR,OPTIMAL,FEASIBLE_POINT,FEASIBLE_POINT,true,true,0.0174670773123758,0.017467077312375814
91,2002-07-03,FiniteRegime,OPTIMAL,FEASIBLE_POINT,FEASIBLE_POINT,true,true,0.019935618243351803,0.019935618243351806
91,2002-07-03,RobustSIP,OPTIMAL,FEASIBLE_POINT,FEASIBLE_POINT,true,true,0.03195965880972614,0.03195965880972614
92,2002-08-02,MinVar,OPTIMAL,FEASIBLE_POINT,FEASIBLE_POINT,true,true,0.01824801522868266,0.03649604188216008
92,2002-08-02,NominalCVaR,OPTIMAL,FEASIBLE_POINT,FEASIBLE_POINT,true,true,0.01884781329033925,0.018847813290339275
92,2002-08-02,FiniteRegime,OPTIMAL,FEASIBLE_POINT,FEASIBLE_POINT,true,true,0.02191405301527896,0.021914053015278958
92,2002-08-02,RobustSIP,OPTIMAL,FEASIBLE_POINT,FEASIBLE_POINT,true,true,0.03340989829929913,0.033409898299299134
93,2002-09-03,MinVar,OPTIMAL,FEASIBLE_POINT,FEASIBLE_POINT,true,true,0.018849671079608638,0.03769935352114977
93,2002-09-03,NominalCVaR,OPTIMAL,FEASIBLE_POINT,FEASIBLE_POINT,true,true,0.019092790875784478,0.019092790875784714
93,2002-09-03,FiniteRegime,OPTIMAL,FEASIBLE_POINT,FEASIBLE_POINT,true,true,0.022350445974137573,0.022350445974137566
93,2002-09-03,RobustSIP,OPTIMAL,FEASIBLE_POINT,FEASIBLE_POINT,true,true,0.033395455602497945,0.033395455602497945
94,2002-10-02,MinVar,OPTIMAL,FEASIBLE_POINT,FEASIBLE_POINT,true,true,0.01948757862954669,0.0389751687144258
94,2002-10-02,NominalCVaR,OPTIMAL,FEASIBLE_POINT,FEASIBLE_POINT,true,true,0.01972894147510472,0.01972894147510481
94,2002-10-02,FiniteRegime,OPTIMAL,FEASIBLE_POINT,FEASIBLE_POINT,true,true,0.023392210296128122,0.02339221029612812
94,2002-10-02,RobustSIP,OPTIMAL,FEASIBLE_POINT,FEASIBLE_POINT,true,true,0.0335418993616313,0.0335418993616313
95,2002-10-31,MinVar,OPTIMAL,FEASIBLE_POINT,FEASIBLE_POINT,true,true,0.02022273519557872,0.04044548182590484
95,2002-10-31,NominalCVaR,OPTIMAL,FEASIBLE_POINT,FEASIBLE_POINT,true,true,0.020194193166424217,0.02019419316642424
95,2002-10-31,FiniteRegime,OPTIMAL,FEASIBLE_POINT,FEASIBLE_POINT,true,true,0.023794181948049102,0.023794181948049102
95,2002-10-31,RobustSIP,OPTIMAL,FEASIBLE_POINT,FEASIBLE_POINT,true,true,0.033495966795859915,0.03349596679585992
96,2002-12-02,MinVar,OPTIMAL,FEASIBLE_POINT,FEASIBLE_POINT,true,true,0.019497247160837432,0.038994505620026126
96,2002-12-02,NominalCVaR,OPTIMAL,FEASIBLE_POINT,FEASIBLE_POINT,true,true,0.01952755130966751,0.01952755130966701
96,2002-12-02,FiniteRegime,OPTIMAL,FEASIBLE_POINT,FEASIBLE_POINT,true,true,0.024046371971606757,0.02404637197160677
96,2002-12-02,RobustSIP,OPTIMAL,FEASIBLE_POINT,FEASIBLE_POINT,true,true,0.03353150741095457,0.03353150741095457
97,2003-01-02,MinVar,OPTIMAL,FEASIBLE_POINT,FEASIBLE_POINT,true,true,0.019660448337035084,0.03932090803663318
97,2003-01-02,NominalCVaR,OPTIMAL,FEASIBLE_POINT,FEASIBLE_POINT,true,true,0.019527551309667438,0.019527551309667508
97,2003-01-02,FiniteRegime,OPTIMAL,FEASIBLE_POINT,FEASIBLE_POINT,true,true,0.024165535778970758,0.024165535778970758
97,2003-01-02,RobustSIP,OPTIMAL,FEASIBLE_POINT,FEASIBLE_POINT,true,true,0.03350675989382938,0.033506759893829396
98,2003-02-03,MinVar,OPTIMAL,FEASIBLE_POINT,FEASIBLE_POINT,true,true,0.01964329386908465,0.03928659900509125
98,2003-02-03,NominalCVaR,OPTIMAL,FEASIBLE_POINT,FEASIBLE_POINT,true,true,0.019419258075401975,0.019419258075401995
98,2003-02-03,FiniteRegime,OPTIMAL,FEASIBLE_POINT,FEASIBLE_POINT,true,true,0.023840305073859716,0.02384030507385971
98,2003-02-03,RobustSIP,OPTIMAL,FEASIBLE_POINT,FEASIBLE_POINT,true,true,0.03349930953687022,0.03349930953687022
99,2003-03-05,MinVar,OPTIMAL,FEASIBLE_POINT,FEASIBLE_POINT,true,true,0.019807219228004852,0.039614449692573
99,2003-03-05,NominalCVaR,OPTIMAL,FEASIBLE_POINT,FEASIBLE_POINT,true,true,0.019430959560446392,0.019430959560446406
99,2003-03-05,FiniteRegime,OPTIMAL,FEASIBLE_POINT,FEASIBLE_POINT,true,true,0.02378913178751614,0.023789131787516144
99,2003-03-05,RobustSIP,OPTIMAL,FEASIBLE_POINT,FEASIBLE_POINT,true,true,0.03349757470030237,0.03349757470030237
100,2003-04-03,MinVar,OPTIMAL,FEASIBLE_POINT,FEASIBLE_POINT,true,true,0.02030895237211674,0.04061791588938507
100,2003-04-03,NominalCVaR,OPTIMAL,FEASIBLE_POINT,FEASIBLE_POINT,true,true,0.019730934424399868,0.019730934424399903
100,2003-04-03,FiniteRegime,OPTIMAL,FEASIBLE_POINT,FEASIBLE_POINT,true,true,0.02403119979209058,0.024031199792090577
100,2003-04-03,RobustSIP,OPTIMAL,FEASIBLE_POINT,FEASIBLE_POINT,true,true,0.033475095749725535,0.033475095749725535
101,2003-05-05,MinVar,OPTIMAL,FEASIBLE_POINT,FEASIBLE_POINT,true,true,0.020364395246259225,0.040728801664425635
101,2003-05-05,NominalCVaR,OPTIMAL,FEASIBLE_POINT,FEASIBLE_POINT,true,true,0.019662306499226255,0.019662306499226123
101,2003-05-05,FiniteRegime,OPTIMAL,FEASIBLE_POINT,FEASIBLE_POINT,true,true,0.02403119979209058,0.024031199792090577
101,2003-05-05,RobustSIP,OPTIMAL,FEASIBLE_POINT,FEASIBLE_POINT,true,true,0.03347419245169352,0.03347419245169351
102,2003-06-04,MinVar,OPTIMAL,FEASIBLE_POINT,FEASIBLE_POINT,true,true,0.02042758195671749,0.040855175113176476
102,2003-06-04,NominalCVaR,OPTIMAL,FEASIBLE_POINT,FEASIBLE_POINT,true,true,0.01966230649922638,0.01966230649922642
102,2003-06-04,FiniteRegime,OPTIMAL,FEASIBLE_POINT,FEASIBLE_POINT,true,true,0.024019629365680726,0.024019629365680722
102,2003-06-04,RobustSIP,OPTIMAL,FEASIBLE_POINT,FEASIBLE_POINT,true,true,0.03347501378713086,0.03347501378713087
103,2003-07-03,MinVar,OPTIMAL,FEASIBLE_POINT,FEASIBLE_POINT,true,true,0.020340921279300813,0.04068185384370928
103,2003-07-03,NominalCVaR,OPTIMAL,FEASIBLE_POINT,FEASIBLE_POINT,true,true,0.019622449468430996,0.019622449468430878
103,2003-07-03,FiniteRegime,OPTIMAL,FEASIBLE_POINT,FEASIBLE_POINT,true,true,0.02395130625950489,0.023951306259504885
103,2003-07-03,RobustSIP,OPTIMAL,FEASIBLE_POINT,FEASIBLE_POINT,true,true,0.033475859583998936,0.03347585958399894
104,2003-08-04,MinVar,OPTIMAL,FEASIBLE_POINT,FEASIBLE_POINT,true,true,0.020361714588742457,0.040723440467376325
104,2003-08-04,NominalCVaR,OPTIMAL,FEASIBLE_POINT,FEASIBLE_POINT,true,true,0.019622449468431027,0.0196224494684309
104,2003-08-04,FiniteRegime,OPTIMAL,FEASIBLE_POINT,FEASIBLE_POINT,true,true,0.02394009900807801,0.023940099008078013
104,2003-08-04,RobustSIP,OPTIMAL,FEASIBLE_POINT,FEASIBLE_POINT,true,true,0.033468188821933094,0.03346818882193309
105,2003-09-03,MinVar,OPTIMAL,FEASIBLE_POINT,FEASIBLE_POINT,true,true,0.020115428408973495,0.04023086801327839
105,2003-09-03,NominalCVaR,OPTIMAL,FEASIBLE_POINT,FEASIBLE_POINT,true,true,0.019365943074326996,0.019365943074327024
105,2003-09-03,FiniteRegime,OPTIMAL,FEASIBLE_POINT,FEASIBLE_POINT,true,true,0.023879691351649617,0.02387969135164962
105,2003-09-03,RobustSIP,OPTIMAL,FEASIBLE_POINT,FEASIBLE_POINT,true,true,0.033467808284842214,0.033467808284842214
106,2003-10-02,MinVar,OPTIMAL,FEASIBLE_POINT,FEASIBLE_POINT,true,true,0.019154047850208366,0.03830810665691521
106,2003-10-02,NominalCVaR,OPTIMAL,FEASIBLE_POINT,FEASIBLE_POINT,true,true,0.018484513641715026,0.018484513641714634
106,2003-10-02,FiniteRegime,OPTIMAL,FEASIBLE_POINT,FEASIBLE_POINT,true,true,0.022209793140299843,0.02220979314029984
106,2003-10-02,RobustSIP,OPTIMAL,FEASIBLE_POINT,FEASIBLE_POINT,true,true,0.02769795603623972,0.027697956036239726
107,2003-10-31,MinVar,OPTIMAL,FEASIBLE_POINT,FEASIBLE_POINT,true,true,0.018878112095271914,0.03775623501509783
107,2003-10-31,NominalCVaR,OPTIMAL,FEASIBLE_POINT,FEASIBLE_POINT,true,true,0.0184703185532338,0.018470318553233812
107,2003-10-31,FiniteRegime,OPTIMAL,FEASIBLE_POINT,FEASIBLE_POINT,true,true,0.022273409062165614,0.022273409062165614
107,2003-10-31,RobustSIP,OPTIMAL,FEASIBLE_POINT,FEASIBLE_POINT,true,true,0.02797519185241694,0.02797519185241694
108,2003-12-02,MinVar,OPTIMAL,FEASIBLE_POINT,FEASIBLE_POINT,true,true,0.01864571236415322,0.03729143578296454
108,2003-12-02,NominalCVaR,OPTIMAL,FEASIBLE_POINT,FEASIBLE_POINT,true,true,0.018447533279167132,0.018447533279167164
108,2003-12-02,FiniteRegime,OPTIMAL,FEASIBLE_POINT,FEASIBLE_POINT,true,true,0.02221596433980159,0.02221596433980159
108,2003-12-02,RobustSIP,OPTIMAL,FEASIBLE_POINT,FEASIBLE_POINT,true,true,0.028290713335633814,0.02829071333563382
109,2004-01-02,MinVar,OPTIMAL,FEASIBLE_POINT,FEASIBLE_POINT,true,true,0.018494379940479352,0.03698877098839142
109,2004-01-02,NominalCVaR,OPTIMAL,FEASIBLE_POINT,FEASIBLE_POINT,true,true,0.01837924379558983,0.018379243795589858
109,2004-01-02,FiniteRegime,OPTIMAL,FEASIBLE_POINT,FEASIBLE_POINT,true,true,0.022173754777771934,0.02217375477777193
109,2004-01-02,RobustSIP,OPTIMAL,FEASIBLE_POINT,FEASIBLE_POINT,true,true,0.028241536007663725,0.028241536007663708
110,2004-02-03,MinVar,OPTIMAL,FEASIBLE_POINT,FEASIBLE_POINT,true,true,0.018304382872662547,0.0366087769661043
110,2004-02-03,NominalCVaR,OPTIMAL,FEASIBLE_POINT,FEASIBLE_POINT,true,true,0.0182832045652236,0.01828320456522264
110,2004-02-03,FiniteRegime,OPTIMAL,FEASIBLE_POINT,FEASIBLE_POINT,true,true,0.02234455904739332,0.022344559047393315
110,2004-02-03,RobustSIP,OPTIMAL,FEASIBLE_POINT,FEASIBLE_POINT,true,true,0.028681652449501487,0.02868165244950149
111,2004-03-04,MinVar,OPTIMAL,FEASIBLE_POINT,FEASIBLE_POINT,true,true,0.01828932785062637,0.03657866705659568
111,2004-03-04,NominalCVaR,OPTIMAL,FEASIBLE_POINT,FEASIBLE_POINT,true,true,0.018259268213394814,0.01825926821339482
111,2004-03-04,FiniteRegime,OPTIMAL,FEASIBLE_POINT,FEASIBLE_POINT,true,true,0.022279790501918483,0.02227979050191848
111,2004-03-04,RobustSIP,OPTIMAL,FEASIBLE_POINT,FEASIBLE_POINT,true,true,0.02973771402131927,0.029737714021319264
112,2004-04-02,MinVar,OPTIMAL,FEASIBLE_POINT,FEASIBLE_POINT,true,true,0.01825335264420627,0.03650671674397605
112,2004-04-02,NominalCVaR,OPTIMAL,FEASIBLE_POINT,FEASIBLE_POINT,true,true,0.01815498347712949,0.018154983477129304
112,2004-04-02,FiniteRegime,OPTIMAL,FEASIBLE_POINT,FEASIBLE_POINT,true,true,0.022250978230713057,0.022250978230713057
112,2004-04-02,RobustSIP,OPTIMAL,FEASIBLE_POINT,FEASIBLE_POINT,true,true,0.02972641685904951,0.02972641685904951
113,2004-05-04,MinVar,OPTIMAL,FEASIBLE_POINT,FEASIBLE_POINT,true,true,0.01822779434660052,0.03645560028668251
113,2004-05-04,NominalCVaR,OPTIMAL,FEASIBLE_POINT,FEASIBLE_POINT,true,true,0.01827595181876571,0.01827595181876577
113,2004-05-04,FiniteRegime,OPTIMAL,FEASIBLE_POINT,FEASIBLE_POINT,true,true,0.02218343830414316,0.022183438304143162
113,2004-05-04,RobustSIP,OPTIMAL,FEASIBLE_POINT,FEASIBLE_POINT,true,true,0.029638424768045627,0.02963842476804563
114,2004-06-03,MinVar,OPTIMAL,FEASIBLE_POINT,FEASIBLE_POINT,true,true,0.01819635673788422,0.03639272521565478
114,2004-06-03,NominalCVaR,OPTIMAL,FEASIBLE_POINT,FEASIBLE_POINT,true,true,0.018366637426495334,0.01836663742649576
114,2004-06-03,FiniteRegime,OPTIMAL,FEASIBLE_POINT,FEASIBLE_POINT,true,true,0.02214318278503649,0.022143182785036495
114,2004-06-03,RobustSIP,OPTIMAL,FEASIBLE_POINT,FEASIBLE_POINT,true,true,0.029682114302959858,0.029682114302959854
115,2004-07-06,MinVar,OPTIMAL,FEASIBLE_POINT,FEASIBLE_POINT,true,true,0.018190676390591805,0.03638136456246893
115,2004-07-06,NominalCVaR,OPTIMAL,FEASIBLE_POINT,FEASIBLE_POINT,true,true,0.01836663742649532,0.018366637426495306
115,2004-07-06,FiniteRegime,OPTIMAL,FEASIBLE_POINT,FEASIBLE_POINT,true,true,0.02213274426297446,0.02213274426297446
115,2004-07-06,RobustSIP,OPTIMAL,FEASIBLE_POINT,FEASIBLE_POINT,true,true,0.02959499462648085,0.029594994626480856
116,2004-08-04,MinVar,OPTIMAL,FEASIBLE_POINT,FEASIBLE_POINT,true,true,0.018217634315423004,0.03643528044199764
116,2004-08-04,NominalCVaR,OPTIMAL,FEASIBLE_POINT,FEASIBLE_POINT,true,true,0.01843797490586636,0.018437974905866385
116,2004-08-04,FiniteRegime,OPTIMAL,FEASIBLE_POINT,FEASIBLE_POINT,true,true,0.02215366572634135,0.022153665726341348
116,2004-08-04,RobustSIP,OPTIMAL,FEASIBLE_POINT,FEASIBLE_POINT,true,true,0.029579517782732576,0.02957951778273258
117,2004-09-02,MinVar,OPTIMAL,FEASIBLE_POINT,FEASIBLE_POINT,true,true,0.018191424484222445,0.036382860813742764
117,2004-09-02,NominalCVaR,OPTIMAL,FEASIBLE_POINT,FEASIBLE_POINT,true,true,0.01843797490586637,0.018437974905866388
117,2004-09-02,FiniteRegime,OPTIMAL,FEASIBLE_POINT,FEASIBLE_POINT,true,true,0.0222217824772035,0.0222217824772035
117,2004-09-02,RobustSIP,OPTIMAL,FEASIBLE_POINT,FEASIBLE_POINT,true,true,0.029559618632471814,0.02955961863247182
118,2004-10-04,MinVar,OPTIMAL,FEASIBLE_POINT,FEASIBLE_POINT,true,true,0.018074482856876545,0.03614897753592372
118,2004-10-04,NominalCVaR,OPTIMAL,FEASIBLE_POINT,FEASIBLE_POINT,true,true,0.01843797490586636,0.018437974905866385
118,2004-10-04,FiniteRegime,OPTIMAL,FEASIBLE_POINT,FEASIBLE_POINT,true,true,0.02222888347639018,0.02222888347639017
118,2004-10-04,RobustSIP,OPTIMAL,FEASIBLE_POINT,FEASIBLE_POINT,true,true,0.029456499111443643,0.029456499111443653
119,2004-11-02,MinVar,OPTIMAL,FEASIBLE_POINT,FEASIBLE_POINT,true,true,0.017899966039230154,0.035799943931369156
119,2004-11-02,NominalCVaR,OPTIMAL,FEASIBLE_POINT,FEASIBLE_POINT,true,true,0.01833919528672723,0.01833919528672729
119,2004-11-02,FiniteRegime,OPTIMAL,FEASIBLE_POINT,FEASIBLE_POINT,true,true,0.022129884136247502,0.022129884136247505
119,2004-11-02,RobustSIP,OPTIMAL,FEASIBLE_POINT,FEASIBLE_POINT,true,true,0.02945767097609376,0.02945767097609377
120,2004-12-02,MinVar,OPTIMAL,FEASIBLE_POINT,FEASIBLE_POINT,true,true,0.0178338389582221,0.035667689676717754
120,2004-12-02,NominalCVaR,OPTIMAL,FEASIBLE_POINT,FEASIBLE_POINT,true,true,0.018339195286727242,0.01833919528672726
120,2004-12-02,FiniteRegime,OPTIMAL,FEASIBLE_POINT,FEASIBLE_POINT,true,true,0.022121157627608867,0.02212115762760886
120,2004-12-02,RobustSIP,OPTIMAL,FEASIBLE_POINT,FEASIBLE_POINT,true,true,0.02939591780317747,0.029395917803177476
121,2005-01-03,MinVar,OPTIMAL,FEASIBLE_POINT,FEASIBLE_POINT,true,true,0.01782346967040499,0.03564695109797834
121,2005-01-03,NominalCVaR,OPTIMAL,FEASIBLE_POINT,FEASIBLE_POINT,true,true,0.01837436924660123,0.018374369246601352
121,2005-01-03,FiniteRegime,OPTIMAL,FEASIBLE_POINT,FEASIBLE_POINT,true,true,0.022112469142972987,0.022112469142972987
121,2005-01-03,RobustSIP,OPTIMAL,FEASIBLE_POINT,FEASIBLE_POINT,true,true,0.029382547813873585,0.029382547813873585
122,2005-02-02,MinVar,OPTIMAL,FEASIBLE_POINT,FEASIBLE_POINT,true,true,0.01741369673119525,0.03482740516962164
122,2005-02-02,NominalCVaR,OPTIMAL,FEASIBLE_POINT,FEASIBLE_POINT,true,true,0.018083932721263494,0.018083932721263525
122,2005-02-02,FiniteRegime,OPTIMAL,FEASIBLE_POINT,FEASIBLE_POINT,true,true,0.022078090516940804,0.0220780905169408
122,2005-02-02,RobustSIP,OPTIMAL,FEASIBLE_POINT,FEASIBLE_POINT,true,true,0.029355315454834285,0.029355315454834288
123,2005-03-04,MinVar,OPTIMAL,FEASIBLE_POINT,FEASIBLE_POINT,true,true,0.017061704407751798,0.034123420839595416
123,2005-03-04,NominalCVaR,OPTIMAL,FEASIBLE_POINT,FEASIBLE_POINT,true,true,0.017753116172525243,0.01775311617252532
123,2005-03-04,FiniteRegime,OPTIMAL,FEASIBLE_POINT,FEASIBLE_POINT,true,true,0.021952991586605,0.021952991586604995
123,2005-03-04,RobustSIP,OPTIMAL,FEASIBLE_POINT,FEASIBLE_POINT,true,true,0.029309943299834666,0.02930994329983467
124,2005-04-05,MinVar,OPTIMAL,FEASIBLE_POINT,FEASIBLE_POINT,true,true,0.016012611288738342,0.03202523497819777
124,2005-04-05,NominalCVaR,OPTIMAL,FEASIBLE_POINT,FEASIBLE_POINT,true,true,0.017543020018653238,0.017543020018653252
124,2005-04-05,FiniteRegime,OPTIMAL,FEASIBLE_POINT,FEASIBLE_POINT,true,true,0.021865752088722216,0.021865752088722216
124,2005-04-05,RobustSIP,OPTIMAL,FEASIBLE_POINT,FEASIBLE_POINT,true,true,0.02928512418561284,0.02928512418561285
125,2005-05-04,MinVar,OPTIMAL,FEASIBLE_POINT,FEASIBLE_POINT,true,true,0.015755581456231526,0.03151117554735979
125,2005-05-04,NominalCVaR,OPTIMAL,FEASIBLE_POINT,FEASIBLE_POINT,true,true,0.017273964118546103,0.01727396411854612
125,2005-05-04,FiniteRegime,OPTIMAL,FEASIBLE_POINT,FEASIBLE_POINT,true,true,0.021909444394000326,0.021909444394000333
125,2005-05-04,RobustSIP,OPTIMAL,FEASIBLE_POINT,FEASIBLE_POINT,true,true,0.02744922269219167,0.027449222692191674
126,2005-06-03,MinVar,OPTIMAL,FEASIBLE_POINT,FEASIBLE_POINT,true,true,0.015623404314625505,0.031246821373095934
126,2005-06-03,NominalCVaR,OPTIMAL,FEASIBLE_POINT,FEASIBLE_POINT,true,true,0.01727396411854609,0.017273964118546113
126,2005-06-03,FiniteRegime,OPTIMAL,FEASIBLE_POINT,FEASIBLE_POINT,true,true,0.021920487370983843,0.02192048737098385
126,2005-06-03,RobustSIP,OPTIMAL,FEASIBLE_POINT,FEASIBLE_POINT,true,true,0.027435269211814627,0.02743526921181463
127,2005-07-05,MinVar,OPTIMAL,FEASIBLE_POINT,FEASIBLE_POINT,true,true,0.01552776733482172,0.031055547465087773
127,2005-07-05,NominalCVaR,OPTIMAL,FEASIBLE_POINT,FEASIBLE_POINT,true,true,0.017273964118546137,0.017273964118546162
127,2005-07-05,FiniteRegime,OPTIMAL,FEASIBLE_POINT,FEASIBLE_POINT,true,true,0.02188750567972639,0.021887505679726395
127,2005-07-05,RobustSIP,OPTIMAL,FEASIBLE_POINT,FEASIBLE_POINT,true,true,0.027401491662828573,0.027401491662828573
128,2005-08-03,MinVar,OPTIMAL,FEASIBLE_POINT,FEASIBLE_POINT,true,true,0.015543858984796936,0.031087730876022988
128,2005-08-03,NominalCVaR,OPTIMAL,FEASIBLE_POINT,FEASIBLE_POINT,true,true,0.01727396411854609,0.01727396411854611
128,2005-08-03,FiniteRegime,OPTIMAL,FEASIBLE_POINT,FEASIBLE_POINT,true,true,0.021887505679726384,0.021887505679726395
128,2005-08-03,RobustSIP,OPTIMAL,FEASIBLE_POINT,FEASIBLE_POINT,true,true,0.027363248850191375,0.02736324885019138
129,2005-09-01,MinVar,OPTIMAL,FEASIBLE_POINT,FEASIBLE_POINT,true,true,0.015480150625097994,0.03096031420642131
129,2005-09-01,NominalCVaR,OPTIMAL,FEASIBLE_POINT,FEASIBLE_POINT,true,true,0.01727396411854609,0.017273964118546106
129,2005-09-01,FiniteRegime,OPTIMAL,FEASIBLE_POINT,FEASIBLE_POINT,true,true,0.021920487370983847,0.02192048737098385
129,2005-09-01,RobustSIP,OPTIMAL,FEASIBLE_POINT,FEASIBLE_POINT,true,true,0.027347741529705025,0.027347741529705028
130,2005-10-03,MinVar,OPTIMAL,FEASIBLE_POINT,FEASIBLE_POINT,true,true,0.01541314609145334,0.030826305366543773
130,2005-10-03,NominalCVaR,OPTIMAL,FEASIBLE_POINT,FEASIBLE_POINT,true,true,0.01723519543513963,0.017235195435139652
130,2005-10-03,FiniteRegime,OPTIMAL,FEASIBLE_POINT,FEASIBLE_POINT,true,true,0.02190944439400032,0.021909444394000336
130,2005-10-03,RobustSIP,OPTIMAL,FEASIBLE_POINT,FEASIBLE_POINT,true,true,0.027333437038896374,0.02733343703889637
131,2005-11-01,MinVar,OPTIMAL,FEASIBLE_POINT,FEASIBLE_POINT,true,true,0.015584557317785406,0.031169127810598957
131,2005-11-01,NominalCVaR,OPTIMAL,FEASIBLE_POINT,FEASIBLE_POINT,true,true,0.01733470112019336,0.017334701120191448
131,2005-11-01,FiniteRegime,OPTIMAL,FEASIBLE_POINT,FEASIBLE_POINT,true,true,0.02204227198779304,0.02204227198779304
131,2005-11-01,RobustSIP,OPTIMAL,FEASIBLE_POINT,FEASIBLE_POINT,true,true,0.027361361686575627,0.02736136168657563
132,2005-12-01,MinVar,OPTIMAL,FEASIBLE_POINT,FEASIBLE_POINT,true,true,0.01547827957421558,0.030956572341840145
132,2005-12-01,NominalCVaR,OPTIMAL,FEASIBLE_POINT,FEASIBLE_POINT,true,true,0.017334701120191254,0.017334701120191275
132,2005-12-01,FiniteRegime,OPTIMAL,FEASIBLE_POINT,FEASIBLE_POINT,true,true,0.022042271987793047,0.022042271987793044
132,2005-12-01,RobustSIP,OPTIMAL,FEASIBLE_POINT,FEASIBLE_POINT,true,true,0.027347144979257065,0.02734714497925706
133,2006-01-03,MinVar,OPTIMAL,FEASIBLE_POINT,FEASIBLE_POINT,true,true,0.01526471931750066,0.030529451818105686
133,2006-01-03,NominalCVaR,OPTIMAL,FEASIBLE_POINT,FEASIBLE_POINT,true,true,0.017259441554302972,0.01725944155430299
133,2006-01-03,FiniteRegime,OPTIMAL,FEASIBLE_POINT,FEASIBLE_POINT,true,true,0.022110620873607108,0.022110620873607115
133,2006-01-03,RobustSIP,OPTIMAL,FEASIBLE_POINT,FEASIBLE_POINT,true,true,0.027328317275005762,0.02732831727500576
134,2006-02-02,MinVar,OPTIMAL,FEASIBLE_POINT,FEASIBLE_POINT,true,true,0.014988290364180172,0.029976593868634722
134,2006-02-02,NominalCVaR,OPTIMAL,FEASIBLE_POINT,FEASIBLE_POINT,true,true,0.017272414337592273,0.01727241433759229
134,2006-02-02,FiniteRegime,OPTIMAL,FEASIBLE_POINT,FEASIBLE_POINT,true,true,0.022076209656268848,0.022076209656268837
134,2006-02-02,RobustSIP,OPTIMAL,FEASIBLE_POINT,FEASIBLE_POINT,true,true,0.027305267769499535,0.027305267769499535
135,2006-03-06,MinVar,OPTIMAL,FEASIBLE_POINT,FEASIBLE_POINT,true,true,0.01501703857370785,0.03003409026777205
135,2006-03-06,NominalCVaR,OPTIMAL,FEASIBLE_POINT,FEASIBLE_POINT,true,true,0.017248782647824,0.01724878264782403
135,2006-03-06,FiniteRegime,OPTIMAL,FEASIBLE_POINT,FEASIBLE_POINT,true,true,0.02204227198779304,0.022042271987793044
135,2006-03-06,RobustSIP,OPTIMAL,FEASIBLE_POINT,FEASIBLE_POINT,true,true,0.027294296734322956,0.027294296734322956
136,2006-04-04,MinVar,OPTIMAL,FEASIBLE_POINT,FEASIBLE_POINT,true,true,0.014649364662718573,0.029298742277000883
136,2006-04-04,NominalCVaR,OPTIMAL,FEASIBLE_POINT,FEASIBLE_POINT,true,true,0.016962405795473475,0.0169624057954735
136,2006-04-04,FiniteRegime,OPTIMAL,FEASIBLE_POINT,FEASIBLE_POINT,true,true,0.021860897741675937,0.02186089774167594
136,2006-04-04,RobustSIP,OPTIMAL,FEASIBLE_POINT,FEASIBLE_POINT,true,true,0.02748004168514572,0.02748004168514572
137,2006-05-04,MinVar,OPTIMAL,FEASIBLE_POINT,FEASIBLE_POINT,true,true,0.014450888646724459,0.02890179010180548
137,2006-05-04,NominalCVaR,OPTIMAL,FEASIBLE_POINT,FEASIBLE_POINT,true,true,0.01683121143012176,0.01683121143012182
137,2006-05-04,FiniteRegime,OPTIMAL,FEASIBLE_POINT,FEASIBLE_POINT,true,true,0.021886522200206274,0.021886522200206263
137,2006-05-04,RobustSIP,OPTIMAL,FEASIBLE_POINT,FEASIBLE_POINT,true,true,0.02774036095159003,0.027740360951590028
138,2006-06-05,MinVar,OPTIMAL,FEASIBLE_POINT,FEASIBLE_POINT,true,true,0.014504877008669401,0.029009766851979965
138,2006-06-05,NominalCVaR,OPTIMAL,FEASIBLE_POINT,FEASIBLE_POINT,true,true,0.017000014223236784,0.0170000142232368
138,2006-06-05,FiniteRegime,OPTIMAL,FEASIBLE_POINT,FEASIBLE_POINT,true,true,0.021886522200206274,0.021886522200206263
138,2006-06-05,RobustSIP,OPTIMAL,FEASIBLE_POINT,FEASIBLE_POINT,true,true,0.02777623484523465,0.027776234845234643
139,2006-07-05,MinVar,OPTIMAL,FEASIBLE_POINT,FEASIBLE_POINT,true,true,0.014502293512264444,0.029004599908573875
139,2006-07-05,NominalCVaR,OPTIMAL,FEASIBLE_POINT,FEASIBLE_POINT,true,true,0.01693657052341788,0.016936570523417904
139,2006-07-05,FiniteRegime,OPTIMAL,FEASIBLE_POINT,FEASIBLE_POINT,true,true,0.0220074567967603,0.022007456796760295
139,2006-07-05,RobustSIP,OPTIMAL,FEASIBLE_POINT,FEASIBLE_POINT,true,true,0.027726745184195278,0.027726745184195285
140,2006-08-03,MinVar,OPTIMAL,FEASIBLE_POINT,FEASIBLE_POINT,true,true,0.014484921684962284,0.028969856263452363
140,2006-08-03,NominalCVaR,OPTIMAL,FEASIBLE_POINT,FEASIBLE_POINT,true,true,0.016920828207134624,0.016920828207134645
140,2006-08-03,FiniteRegime,OPTIMAL,FEASIBLE_POINT,FEASIBLE_POINT,true,true,0.022129273761092857,0.02212927376109285
140,2006-08-03,RobustSIP,OPTIMAL,FEASIBLE_POINT,FEASIBLE_POINT,true,true,0.027733422724203614,0.02773342272420362
141,2006-09-01,MinVar,OPTIMAL,FEASIBLE_POINT,FEASIBLE_POINT,true,true,0.014463021080248948,0.02892605508203112
141,2006-09-01,NominalCVaR,OPTIMAL,FEASIBLE_POINT,FEASIBLE_POINT,true,true,0.01692989827338476,0.016929898273384786
141,2006-09-01,FiniteRegime,OPTIMAL,FEASIBLE_POINT,FEASIBLE_POINT,true,true,0.022206440300582976,0.022206440300582976
141,2006-09-01,RobustSIP,OPTIMAL,FEASIBLE_POINT,FEASIBLE_POINT,true,true,0.02773884403194694,0.027738844031946933
142,2006-10-03,MinVar,OPTIMAL,FEASIBLE_POINT,FEASIBLE_POINT,true,true,0.014542888322456949,0.029085788550018386
142,2006-10-03,NominalCVaR,OPTIMAL,FEASIBLE_POINT,FEASIBLE_POINT,true,true,0.016377454548470862,0.016377454548470873
142,2006-10-03,FiniteRegime,OPTIMAL,FEASIBLE_POINT,FEASIBLE_POINT,true,true,0.020822846216624533,0.020822846216624523
142,2006-10-03,RobustSIP,OPTIMAL,FEASIBLE_POINT,FEASIBLE_POINT,true,true,0.026090007418868997,0.026090007418868993
143,2006-11-01,MinVar,OPTIMAL,FEASIBLE_POINT,FEASIBLE_POINT,true,true,0.014013732300314908,0.02802747700227341
143,2006-11-01,NominalCVaR,OPTIMAL,FEASIBLE_POINT,FEASIBLE_POINT,true,true,0.01616555368656167,0.01616555368656169
143,2006-11-01,FiniteRegime,OPTIMAL,FEASIBLE_POINT,FEASIBLE_POINT,true,true,0.020834479251988,0.020834479251987992
143,2006-11-01,RobustSIP,OPTIMAL,FEASIBLE_POINT,FEASIBLE_POINT,true,true,0.026144869993871986,0.026144869993871986
144,2006-12-01,MinVar,OPTIMAL,FEASIBLE_POINT,FEASIBLE_POINT,true,true,0.013762453417557836,0.02752491995782934
144,2006-12-01,NominalCVaR,OPTIMAL,FEASIBLE_POINT,FEASIBLE_POINT,true,true,0.01614685733137281,0.016146857331372826
144,2006-12-01,FiniteRegime,OPTIMAL,FEASIBLE_POINT,FEASIBLE_POINT,true,true,0.0208812204415877,0.020881220441587692
144,2006-12-01,RobustSIP,OPTIMAL,FEASIBLE_POINT,FEASIBLE_POINT,true,true,0.0264220016404527,0.026422001640452702
145,2007-01-04,MinVar,OPTIMAL,FEASIBLE_POINT,FEASIBLE_POINT,true,true,0.013895785820828836,0.027791584065404225
145,2007-01-04,NominalCVaR,OPTIMAL,FEASIBLE_POINT,FEASIBLE_POINT,true,true,0.016223324267359136,0.01622332426735915
145,2007-01-04,FiniteRegime,OPTIMAL,FEASIBLE_POINT,FEASIBLE_POINT,true,true,0.02080040035178007,0.020800400351780067
145,2007-01-04,RobustSIP,OPTIMAL,FEASIBLE_POINT,FEASIBLE_POINT,true,true,0.02653992416856058,0.026539924168560578
146,2007-02-05,MinVar,OPTIMAL,FEASIBLE_POINT,FEASIBLE_POINT,true,true,0.013779726670810911,0.027559465861312853
146,2007-02-05,NominalCVaR,OPTIMAL,FEASIBLE_POINT,FEASIBLE_POINT,true,true,0.016212375779193693,0.01621237577919376
146,2007-02-05,FiniteRegime,OPTIMAL,FEASIBLE_POINT,FEASIBLE_POINT,true,true,0.020738426584931774,0.020738426584931774
146,2007-02-05,RobustSIP,OPTIMAL,FEASIBLE_POINT,FEASIBLE_POINT,true,true,0.02657325034067825,0.026573250340678242
147,2007-03-07,MinVar,OPTIMAL,FEASIBLE_POINT,FEASIBLE_POINT,true,true,0.013787856312920092,0.027575725685536418
147,2007-03-07,NominalCVaR,OPTIMAL,FEASIBLE_POINT,FEASIBLE_POINT,true,true,0.016548345109382395,0.01654834510938242
147,2007-03-07,FiniteRegime,OPTIMAL,FEASIBLE_POINT,FEASIBLE_POINT,true,true,0.02069410385695739,0.020694103856957382
147,2007-03-07,RobustSIP,OPTIMAL,FEASIBLE_POINT,FEASIBLE_POINT,true,true,0.02675901315971954,0.02675901315971954
148,2007-04-05,MinVar,OPTIMAL,FEASIBLE_POINT,FEASIBLE_POINT,true,true,0.0139688141966225,0.027937640925315622
148,2007-04-05,NominalCVaR,OPTIMAL,FEASIBLE_POINT,FEASIBLE_POINT,true,true,0.0167258480487692,0.01672584804876922
148,2007-04-05,FiniteRegime,OPTIMAL,FEASIBLE_POINT,FEASIBLE_POINT,true,true,0.020619071882104427,0.02061907188210443
148,2007-04-05,RobustSIP,OPTIMAL,FEASIBLE_POINT,FEASIBLE_POINT,true,true,0.026766081415519,0.026766081415519
149,2007-05-07,MinVar,OPTIMAL,FEASIBLE_POINT,FEASIBLE_POINT,true,true,0.014185220498641581,0.028370453108144
149,2007-05-07,NominalCVaR,OPTIMAL,FEASIBLE_POINT,FEASIBLE_POINT,true,true,0.016857544862270004,0.01685754486227003
149,2007-05-07,FiniteRegime,OPTIMAL,FEASIBLE_POINT,FEASIBLE_POINT,true,true,0.020580364488910388,0.02058036448891039
149,2007-05-07,RobustSIP,OPTIMAL,FEASIBLE_POINT,FEASIBLE_POINT,true,true,0.026775933979043827,0.026775933979043827
150,2007-06-06,MinVar,OPTIMAL,FEASIBLE_POINT,FEASIBLE_POINT,true,true,0.014197392764899439,0.028394797406300798
150,2007-06-06,NominalCVaR,OPTIMAL,FEASIBLE_POINT,FEASIBLE_POINT,true,true,0.016828926015983684,0.016828926015983705
150,2007-06-06,FiniteRegime,OPTIMAL,FEASIBLE_POINT,FEASIBLE_POINT,true,true,0.02047149572972957,0.020471495729729568
150,2007-06-06,RobustSIP,OPTIMAL,FEASIBLE_POINT,FEASIBLE_POINT,true,true,0.026784066431349104,0.026784066431349094
151,2007-07-06,MinVar,OPTIMAL,FEASIBLE_POINT,FEASIBLE_POINT,true,true,0.014345735690002874,0.028691483235881984
151,2007-07-06,NominalCVaR,OPTIMAL,FEASIBLE_POINT,FEASIBLE_POINT,true,true,0.016724133367343033,0.016724133367343075
151,2007-07-06,FiniteRegime,OPTIMAL,FEASIBLE_POINT,FEASIBLE_POINT,true,true,0.020141108545872463,0.020141108545872463
151,2007-07-06,RobustSIP,OPTIMAL,FEASIBLE_POINT,FEASIBLE_POINT,true,true,0.026965191594426764,0.026965191594426764
152,2007-08-06,MinVar,OPTIMAL,FEASIBLE_POINT,FEASIBLE_POINT,true,true,0.013139725160981604,0.026279462306934148
152,2007-08-06,NominalCVaR,OPTIMAL,FEASIBLE_POINT,FEASIBLE_POINT,true,true,0.016241173558581252,0.016241173558581276
152,2007-08-06,FiniteRegime,OPTIMAL,FEASIBLE_POINT,FEASIBLE_POINT,true,true,0.019146938665457944,0.01914693866545794
152,2007-08-06,RobustSIP,OPTIMAL,FEASIBLE_POINT,FEASIBLE_POINT,true,true,0.023907182397059547,0.02390718239705954
153,2007-09-05,MinVar,OPTIMAL,FEASIBLE_POINT,FEASIBLE_POINT,true,true,0.013203249176810648,0.02640650973184255
153,2007-09-05,NominalCVaR,OPTIMAL,FEASIBLE_POINT,FEASIBLE_POINT,true,true,0.016393518348576684,0.016393518348576747
153,2007-09-05,FiniteRegime,OPTIMAL,FEASIBLE_POINT,FEASIBLE_POINT,true,true,0.018952730838317562,0.018952730838317562
153,2007-09-05,RobustSIP,OPTIMAL,FEASIBLE_POINT,FEASIBLE_POINT,true,true,0.02264400358514155,0.02264400358514155
154,2007-10-04,MinVar,OPTIMAL,FEASIBLE_POINT,FEASIBLE_POINT,true,true,0.012171446880528555,0.02434290579567777
154,2007-10-04,NominalCVaR,OPTIMAL,FEASIBLE_POINT,FEASIBLE_POINT,true,true,0.01529330971564266,0.015293309715642703
154,2007-10-04,FiniteRegime,OPTIMAL,FEASIBLE_POINT,FEASIBLE_POINT,true,true,0.017455070760834565,0.01745507076083457
154,2007-10-04,RobustSIP,OPTIMAL,FEASIBLE_POINT,FEASIBLE_POINT,true,true,0.022170978478504653,0.022170978478504657
155,2007-11-02,MinVar,OPTIMAL,FEASIBLE_POINT,FEASIBLE_POINT,true,true,0.01094043438394762,0.021880880579404453
155,2007-11-02,NominalCVaR,OPTIMAL,FEASIBLE_POINT,FEASIBLE_POINT,true,true,0.014503848373462783,0.014503848373462788
155,2007-11-02,FiniteRegime,OPTIMAL,FEASIBLE_POINT,FEASIBLE_POINT,true,true,0.016527665730683795,0.01652766573068379
155,2007-11-02,RobustSIP,OPTIMAL,FEASIBLE_POINT,FEASIBLE_POINT,true,true,0.022218790817730368,0.022218790817730368
156,2007-12-04,MinVar,OPTIMAL,FEASIBLE_POINT,FEASIBLE_POINT,true,true,0.010468359333098537,0.020936730966094445
156,2007-12-04,NominalCVaR,OPTIMAL,FEASIBLE_POINT,FEASIBLE_POINT,true,true,0.014337639912199782,0.014337639912199805
156,2007-12-04,FiniteRegime,OPTIMAL,FEASIBLE_POINT,FEASIBLE_POINT,true,true,0.01667989261167916,0.016679892611679157
156,2007-12-04,RobustSIP,OPTIMAL,FEASIBLE_POINT,FEASIBLE_POINT,true,true,0.02221502991886302,0.02221502991886302
157,2008-01-04,MinVar,OPTIMAL,FEASIBLE_POINT,FEASIBLE_POINT,true,true,0.010491896172081783,0.020983804729906536
157,2008-01-04,NominalCVaR,OPTIMAL,FEASIBLE_POINT,FEASIBLE_POINT,true,true,0.014468299847321626,0.014468299847321628
157,2008-01-04,FiniteRegime,OPTIMAL,FEASIBLE_POINT,FEASIBLE_POINT,true,true,0.016672133398759257,0.016672133398759257
157,2008-01-04,RobustSIP,OPTIMAL,FEASIBLE_POINT,FEASIBLE_POINT,true,true,0.022102987326413994,0.022102987326414
158,2008-02-05,MinVar,OPTIMAL,FEASIBLE_POINT,FEASIBLE_POINT,true,true,0.010968433620354727,0.021936880317055697
158,2008-02-05,NominalCVaR,OPTIMAL,FEASIBLE_POINT,FEASIBLE_POINT,true,true,0.014879553567512747,0.014879553567512754
158,2008-02-05,FiniteRegime,OPTIMAL,FEASIBLE_POINT,FEASIBLE_POINT,true,true,0.017334422694235158,0.017334422694235158
158,2008-02-05,RobustSIP,OPTIMAL,FEASIBLE_POINT,FEASIBLE_POINT,true,true,0.02486497501746324,0.02486497501746324
159,2008-03-06,MinVar,OPTIMAL,FEASIBLE_POINT,FEASIBLE_POINT,true,true,0.010759537574967906,0.021519088428556977
159,2008-03-06,NominalCVaR,OPTIMAL,FEASIBLE_POINT,FEASIBLE_POINT,true,true,0.014894565660195248,0.014894565660195185
159,2008-03-06,FiniteRegime,OPTIMAL,FEASIBLE_POINT,FEASIBLE_POINT,true,true,0.017614628492447083,0.017614628492447083
159,2008-03-06,RobustSIP,OPTIMAL,FEASIBLE_POINT,FEASIBLE_POINT,true,true,0.024814960885508382,0.024814960885508386
160,2008-04-07,MinVar,OPTIMAL,FEASIBLE_POINT,FEASIBLE_POINT,true,true,0.01052135608042377,0.021042725807526648
160,2008-04-07,NominalCVaR,OPTIMAL,FEASIBLE_POINT,FEASIBLE_POINT,true,true,0.014540466070464542,0.014540466070464561
160,2008-04-07,FiniteRegime,OPTIMAL,FEASIBLE_POINT,FEASIBLE_POINT,true,true,0.016520114682519158,0.016520114682519155
160,2008-04-07,RobustSIP,OPTIMAL,FEASIBLE_POINT,FEASIBLE_POINT,true,true,0.018041652412142537,0.01804165241214254
161,2008-05-06,MinVar,OPTIMAL,FEASIBLE_POINT,FEASIBLE_POINT,true,true,0.010352281533809982,0.020704576416926693
161,2008-05-06,NominalCVaR,OPTIMAL,FEASIBLE_POINT,FEASIBLE_POINT,true,true,0.014409913670283879,0.014409913670284127
161,2008-05-06,FiniteRegime,OPTIMAL,FEASIBLE_POINT,FEASIBLE_POINT,true,true,0.016261951279005198,0.016261951279005208
161,2008-05-06,RobustSIP,OPTIMAL,FEASIBLE_POINT,FEASIBLE_POINT,true,true,0.018211943308059322,0.01821194330805932
162,2008-06-05,MinVar,OPTIMAL,FEASIBLE_POINT,FEASIBLE_POINT,true,true,0.010344973931909958,0.02068996122308342
162,2008-06-05,NominalCVaR,OPTIMAL,FEASIBLE_POINT,FEASIBLE_POINT,true,true,0.014491217544957313,0.01449121754495734
162,2008-06-05,FiniteRegime,OPTIMAL,FEASIBLE_POINT,FEASIBLE_POINT,true,true,0.01631048535412943,0.016310485354129427
162,2008-06-05,RobustSIP,OPTIMAL,FEASIBLE_POINT,FEASIBLE_POINT,true,true,0.018454809103304767,0.01845480910330477
163,2008-07-07,MinVar,OPTIMAL,FEASIBLE_POINT,FEASIBLE_POINT,true,true,0.01025132422557466,0.020502662224423485
163,2008-07-07,NominalCVaR,OPTIMAL,FEASIBLE_POINT,FEASIBLE_POINT,true,true,0.014748542856879404,0.014748542856879432
163,2008-07-07,FiniteRegime,OPTIMAL,FEASIBLE_POINT,FEASIBLE_POINT,true,true,0.016579740413134928,0.016579740413134928
163,2008-07-07,RobustSIP,OPTIMAL,FEASIBLE_POINT,FEASIBLE_POINT,true,true,0.019899683558020867,0.01989968355802087
164,2008-08-05,MinVar,OPTIMAL,FEASIBLE_POINT,FEASIBLE_POINT,true,true,0.010336978647136967,0.020673970998473328
164,2008-08-05,NominalCVaR,OPTIMAL,FEASIBLE_POINT,FEASIBLE_POINT,true,true,0.01469613323807284,0.01469613323807285
164,2008-08-05,FiniteRegime,OPTIMAL,FEASIBLE_POINT,FEASIBLE_POINT,true,true,0.016468659655394263,0.01646865965539426
164,2008-08-05,RobustSIP,OPTIMAL,FEASIBLE_POINT,FEASIBLE_POINT,true,true,0.019815909714354457,0.019815909714354457
165,2008-09-04,MinVar,OPTIMAL,FEASIBLE_POINT,FEASIBLE_POINT,true,true,0.010539409464593969,0.021078832798983007
165,2008-09-04,NominalCVaR,OPTIMAL,FEASIBLE_POINT,FEASIBLE_POINT,true,true,0.01483885272675212,0.014838852726752144
165,2008-09-04,FiniteRegime,OPTIMAL,FEASIBLE_POINT,FEASIBLE_POINT,true,true,0.016553032337080123,0.016553032337080123
165,2008-09-04,RobustSIP,OPTIMAL,FEASIBLE_POINT,FEASIBLE_POINT,true,true,0.019746859911522984,0.019746859911522984
166,2008-10-03,MinVar,OPTIMAL,FEASIBLE_POINT,FEASIBLE_POINT,true,true,0.012185531918232217,0.024371077745616913
166,2008-10-03,NominalCVaR,OPTIMAL,FEASIBLE_POINT,FEASIBLE_POINT,true,true,0.016531516943447996,0.01653151694344802
166,2008-10-03,FiniteRegime,OPTIMAL,FEASIBLE_POINT,FEASIBLE_POINT,true,true,0.020507914279991664,0.02050791427999166
166,2008-10-03,RobustSIP,OPTIMAL,FEASIBLE_POINT,FEASIBLE_POINT,true,true,0.044639335424985736,0.044639335424985736
167,2008-11-03,MinVar,OPTIMAL,FEASIBLE_POINT,FEASIBLE_POINT,true,true,0.01924061574346862,0.038481244869609105
167,2008-11-03,NominalCVaR,OPTIMAL,FEASIBLE_POINT,FEASIBLE_POINT,true,true,0.02036359778525769,0.02036359778525771
167,2008-11-03,FiniteRegime,OPTIMAL,FEASIBLE_POINT,FEASIBLE_POINT,true,true,0.029132563232704786,0.029132563232704786
167,2008-11-03,RobustSIP,OPTIMAL,FEASIBLE_POINT,FEASIBLE_POINT,true,true,0.06129240118325586,0.061292401183255844
168,2008-12-03,MinVar,OPTIMAL,FEASIBLE_POINT,FEASIBLE_POINT,true,true,0.024071185377785822,0.04814238480025939
168,2008-12-03,NominalCVaR,OPTIMAL,FEASIBLE_POINT,FEASIBLE_POINT,true,true,0.023692081793858313,0.023692081793858333
168,2008-12-03,FiniteRegime,OPTIMAL,FEASIBLE_POINT,FEASIBLE_POINT,true,true,0.03564234466721828,0.03564234466721829
168,2008-12-03,RobustSIP,OPTIMAL,FEASIBLE_POINT,FEASIBLE_POINT,true,true,0.06265782887349616,0.06265782887349618
169,2009-01-05,MinVar,OPTIMAL,FEASIBLE_POINT,FEASIBLE_POINT,true,true,0.024953349208155003,0.04990671245503903
169,2009-01-05,NominalCVaR,OPTIMAL,FEASIBLE_POINT,FEASIBLE_POINT,true,true,0.023953006154842894,0.0239530061548429
169,2009-01-05,FiniteRegime,OPTIMAL,FEASIBLE_POINT,FEASIBLE_POINT,true,true,0.03527361400809004,0.03527361400809004
169,2009-01-05,RobustSIP,OPTIMAL,FEASIBLE_POINT,FEASIBLE_POINT,true,true,0.06265782887349616,0.06265782887349616
170,2009-02-04,MinVar,OPTIMAL,FEASIBLE_POINT,FEASIBLE_POINT,true,true,0.02566479349835899,0.05132960099671802
170,2009-02-04,NominalCVaR,OPTIMAL,FEASIBLE_POINT,FEASIBLE_POINT,true,true,0.024583465329991637,0.024583465329991592
170,2009-02-04,FiniteRegime,OPTIMAL,FEASIBLE_POINT,FEASIBLE_POINT,true,true,0.03567730090860202,0.035677300908602036
170,2009-02-04,RobustSIP,OPTIMAL,FEASIBLE_POINT,FEASIBLE_POINT,true,true,0.06265782887349616,0.06265782887349616
171,2009-03-06,MinVar,OPTIMAL,FEASIBLE_POINT,FEASIBLE_POINT,true,true,0.027102176735939534,0.054204367321751226
171,2009-03-06,NominalCVaR,OPTIMAL,FEASIBLE_POINT,FEASIBLE_POINT,true,true,0.02583554771319822,0.02583554771319825
171,2009-03-06,FiniteRegime,OPTIMAL,FEASIBLE_POINT,FEASIBLE_POINT,true,true,0.036757664760941264,0.036757664760941264
171,2009-03-06,RobustSIP,OPTIMAL,FEASIBLE_POINT,FEASIBLE_POINT,true,true,0.06265782887349616,0.06265782887349616
172,2009-04-06,MinVar,OPTIMAL,FEASIBLE_POINT,FEASIBLE_POINT,true,true,0.02821520016218809,0.05643041366608779
172,2009-04-06,NominalCVaR,OPTIMAL,FEASIBLE_POINT,FEASIBLE_POINT,true,true,0.025897836431250605,0.02589783643125065
172,2009-04-06,FiniteRegime,OPTIMAL,FEASIBLE_POINT,FEASIBLE_POINT,true,true,0.03667972007928857,0.036679720079288554
172,2009-04-06,RobustSIP,OPTIMAL,FEASIBLE_POINT,FEASIBLE_POINT,true,true,0.06265782887349616,0.06265782887349618
173,2009-05-06,MinVar,OPTIMAL,FEASIBLE_POINT,FEASIBLE_POINT,true,true,0.028547741654802866,0.05709549664763669
173,2009-05-06,NominalCVaR,OPTIMAL,FEASIBLE_POINT,FEASIBLE_POINT,true,true,0.025977415854837912,0.025977415854837926
173,2009-05-06,FiniteRegime,OPTIMAL,FEASIBLE_POINT,FEASIBLE_POINT,true,true,0.03680992018187901,0.03680992018187901
173,2009-05-06,RobustSIP,OPTIMAL,FEASIBLE_POINT,FEASIBLE_POINT,true,true,0.06265782887349616,0.06265782887349618
174,2009-06-05,MinVar,OPTIMAL,FEASIBLE_POINT,FEASIBLE_POINT,true,true,0.028792042214062535,0.05758409774528656
174,2009-06-05,NominalCVaR,OPTIMAL,FEASIBLE_POINT,FEASIBLE_POINT,true,true,0.026042890359209907,0.026042890359209928
174,2009-06-05,FiniteRegime,OPTIMAL,FEASIBLE_POINT,FEASIBLE_POINT,true,true,0.03691568265060336,0.03691568265060338
174,2009-06-05,RobustSIP,OPTIMAL,FEASIBLE_POINT,FEASIBLE_POINT,true,true,0.06265782887349616,0.06265782887349616
175,2009-07-07,MinVar,OPTIMAL,FEASIBLE_POINT,FEASIBLE_POINT,true,true,0.029226751819160207,0.058453516823171396
175,2009-07-07,NominalCVaR,OPTIMAL,FEASIBLE_POINT,FEASIBLE_POINT,true,true,0.026210310428325567,0.02621031042832559
175,2009-07-07,FiniteRegime,OPTIMAL,FEASIBLE_POINT,FEASIBLE_POINT,true,true,0.03683620341443404,0.03683620341443405
175,2009-07-07,RobustSIP,OPTIMAL,FEASIBLE_POINT,FEASIBLE_POINT,true,true,0.06265782887349616,0.06265782887349616
176,2009-08-05,MinVar,OPTIMAL,FEASIBLE_POINT,FEASIBLE_POINT,true,true,0.029339887703417854,0.05867978870398559
176,2009-08-05,NominalCVaR,OPTIMAL,FEASIBLE_POINT,FEASIBLE_POINT,true,true,0.026210310428325567,0.02621031042832559
176,2009-08-05,FiniteRegime,OPTIMAL,FEASIBLE_POINT,FEASIBLE_POINT,true,true,0.037077531276984536,0.03707753127698454
176,2009-08-05,RobustSIP,OPTIMAL,FEASIBLE_POINT,FEASIBLE_POINT,true,true,0.06265782887349618,0.06265782887349616
177,2009-09-03,MinVar,OPTIMAL,FEASIBLE_POINT,FEASIBLE_POINT,true,true,0.02934132972284274,0.0586826726350453
177,2009-09-03,NominalCVaR,OPTIMAL,FEASIBLE_POINT,FEASIBLE_POINT,true,true,0.026210310428325598,0.0262103104283256
177,2009-09-03,FiniteRegime,OPTIMAL,FEASIBLE_POINT,FEASIBLE_POINT,true,true,0.0371876278985962,0.03718762789859621
177,2009-09-03,RobustSIP,OPTIMAL,FEASIBLE_POINT,FEASIBLE_POINT,true,true,0.06271705535884049,0.06271705535884049
178,2009-10-05,MinVar,OPTIMAL,FEASIBLE_POINT,FEASIBLE_POINT,true,true,0.029360056537315934,0.05872012621145114
178,2009-10-05,NominalCVaR,OPTIMAL,FEASIBLE_POINT,FEASIBLE_POINT,true,true,0.026210310428325563,0.026210310428325594
178,2009-10-05,FiniteRegime,OPTIMAL,FEASIBLE_POINT,FEASIBLE_POINT,true,true,0.03746033586637035,0.037460335866370355
178,2009-10-05,RobustSIP,OPTIMAL,FEASIBLE_POINT,FEASIBLE_POINT,true,true,0.06265782887349616,0.06265782887349618
179,2009-11-03,MinVar,OPTIMAL,FEASIBLE_POINT,FEASIBLE_POINT,true,true,0.029476439862621925,0.058952892791870534
179,2009-11-03,NominalCVaR,OPTIMAL,FEASIBLE_POINT,FEASIBLE_POINT,true,true,0.026268303090638264,0.026268303090638295
179,2009-11-03,FiniteRegime,OPTIMAL,FEASIBLE_POINT,FEASIBLE_POINT,true,true,0.03762907009811882,0.037629070098118805
179,2009-11-03,RobustSIP,OPTIMAL,FEASIBLE_POINT,FEASIBLE_POINT,true,true,0.06265782887349616,0.06265782887349618
180,2009-12-03,MinVar,OPTIMAL,FEASIBLE_POINT,FEASIBLE_POINT,true,true,0.02946693079993177,0.05893387456536818
180,2009-12-03,NominalCVaR,OPTIMAL,FEASIBLE_POINT,FEASIBLE_POINT,true,true,0.02626830309063827,0.0262683030906383
180,2009-12-03,FiniteRegime,OPTIMAL,FEASIBLE_POINT,FEASIBLE_POINT,true,true,0.037972495288275024,0.03797249528827502
180,2009-12-03,RobustSIP,OPTIMAL,FEASIBLE_POINT,FEASIBLE_POINT,true,true,0.06265782887349618,0.06265782887349616
181,2010-01-05,MinVar,OPTIMAL,FEASIBLE_POINT,FEASIBLE_POINT,true,true,0.029478997641923257,0.05895800826178975
181,2010-01-05,NominalCVaR,OPTIMAL,FEASIBLE_POINT,FEASIBLE_POINT,true,true,0.026268303090638524,0.0262683030906367
181,2010-01-05,FiniteRegime,OPTIMAL,FEASIBLE_POINT,FEASIBLE_POINT,true,true,0.03836468435951877,0.038364684359518765
181,2010-01-05,RobustSIP,OPTIMAL,FEASIBLE_POINT,FEASIBLE_POINT,true,true,0.06270329571189007,0.06270329571189007
182,2010-02-04,MinVar,OPTIMAL,FEASIBLE_POINT,FEASIBLE_POINT,true,true,0.02968978904036987,0.05937959103700953
182,2010-02-04,NominalCVaR,OPTIMAL,FEASIBLE_POINT,FEASIBLE_POINT,true,true,0.026407360565741028,0.026407360565741056
182,2010-02-04,FiniteRegime,OPTIMAL,FEASIBLE_POINT,FEASIBLE_POINT,true,true,0.03821119024287814,0.03821119024287815
182,2010-02-04,RobustSIP,OPTIMAL,FEASIBLE_POINT,FEASIBLE_POINT,true,true,0.06265782887349616,0.06265782887349616
183,2010-03-08,MinVar,OPTIMAL,FEASIBLE_POINT,FEASIBLE_POINT,true,true,0.029675975377650887,0.0593519637450131
183,2010-03-08,NominalCVaR,OPTIMAL,FEASIBLE_POINT,FEASIBLE_POINT,true,true,0.026390520636388776,0.026390520636388807
183,2010-03-08,FiniteRegime,OPTIMAL,FEASIBLE_POINT,FEASIBLE_POINT,true,true,0.03827218128260288,0.03827218128260289
183,2010-03-08,RobustSIP,OPTIMAL,FEASIBLE_POINT,FEASIBLE_POINT,true,true,0.0627032577185056,0.0627032577185056
184,2010-04-07,MinVar,OPTIMAL,FEASIBLE_POINT,FEASIBLE_POINT,true,true,0.029603127458538145,0.05920626793251465
184,2010-04-07,NominalCVaR,OPTIMAL,FEASIBLE_POINT,FEASIBLE_POINT,true,true,0.026390520636388776,0.026390520636388807
184,2010-04-07,FiniteRegime,OPTIMAL,FEASIBLE_POINT,FEASIBLE_POINT,true,true,0.03809080270041491,0.03809080270041491
184,2010-04-07,RobustSIP,OPTIMAL,FEASIBLE_POINT,FEASIBLE_POINT,true,true,0.06265782887349616,0.06265782887349618
185,2010-05-06,MinVar,OPTIMAL,FEASIBLE_POINT,FEASIBLE_POINT,true,true,0.02971201697751573,0.05942404712492067
185,2010-05-06,NominalCVaR,OPTIMAL,FEASIBLE_POINT,FEASIBLE_POINT,true,true,0.026601184580353217,0.02660118458035326
185,2010-05-06,FiniteRegime,OPTIMAL,FEASIBLE_POINT,FEASIBLE_POINT,true,true,0.037941094420600854,0.03794109442060087
185,2010-05-06,RobustSIP,OPTIMAL,FEASIBLE_POINT,FEASIBLE_POINT,true,true,0.06284782798274118,0.06284782798274118
186,2010-06-07,MinVar,OPTIMAL,FEASIBLE_POINT,FEASIBLE_POINT,true,true,0.03060061623749406,0.06120124547689847
186,2010-06-07,NominalCVaR,OPTIMAL,FEASIBLE_POINT,FEASIBLE_POINT,true,true,0.02708021388458254,0.027080213884582583
186,2010-06-07,FiniteRegime,OPTIMAL,FEASIBLE_POINT,FEASIBLE_POINT,true,true,0.03799649688149688,0.03799649688149689
186,2010-06-07,RobustSIP,OPTIMAL,FEASIBLE_POINT,FEASIBLE_POINT,true,true,0.06272192897747214,0.06272192897747216
187,2010-07-07,MinVar,OPTIMAL,FEASIBLE_POINT,FEASIBLE_POINT,true,true,0.030934152100540013,0.061868317156470926
187,2010-07-07,NominalCVaR,OPTIMAL,FEASIBLE_POINT,FEASIBLE_POINT,true,true,0.02712456715157001,0.02712456715157003
187,2010-07-07,FiniteRegime,OPTIMAL,FEASIBLE_POINT,FEASIBLE_POINT,true,true,0.03786705761316873,0.03786705761316871
187,2010-07-07,RobustSIP,OPTIMAL,FEASIBLE_POINT,FEASIBLE_POINT,true,true,0.06265782887349616,0.06265782887349616
188,2010-08-05,MinVar,OPTIMAL,FEASIBLE_POINT,FEASIBLE_POINT,true,true,0.031138490868463684,0.06227699470094586
188,2010-08-05,NominalCVaR,OPTIMAL,FEASIBLE_POINT,FEASIBLE_POINT,true,true,0.02715085432334332,0.027150854323343358
188,2010-08-05,FiniteRegime,OPTIMAL,FEASIBLE_POINT,FEASIBLE_POINT,true,true,0.0377906646216769,0.037790664621676885
188,2010-08-05,RobustSIP,OPTIMAL,FEASIBLE_POINT,FEASIBLE_POINT,true,true,0.06265782887349616,0.06265782887349616
189,2010-09-03,MinVar,OPTIMAL,FEASIBLE_POINT,FEASIBLE_POINT,true,true,0.03135278282547516,0.0627055786404955
189,2010-09-03,NominalCVaR,OPTIMAL,FEASIBLE_POINT,FEASIBLE_POINT,true,true,0.02721623625878016,0.02721623625878017
189,2010-09-03,FiniteRegime,OPTIMAL,FEASIBLE_POINT,FEASIBLE_POINT,true,true,0.0376654048582996,0.037665404858299584
189,2010-09-03,RobustSIP,OPTIMAL,FEASIBLE_POINT,FEASIBLE_POINT,true,true,0.06265782887349616,0.06265782887349616
190,2010-10-05,MinVar,OPTIMAL,FEASIBLE_POINT,FEASIBLE_POINT,true,true,0.03136636781146486,0.06273274868955248
190,2010-10-05,NominalCVaR,OPTIMAL,FEASIBLE_POINT,FEASIBLE_POINT,true,true,0.027216236258780162,0.027216236258780183
190,2010-10-05,FiniteRegime,OPTIMAL,FEASIBLE_POINT,FEASIBLE_POINT,true,true,0.03794439958592132,0.03794439958592132
190,2010-10-05,RobustSIP,OPTIMAL,FEASIBLE_POINT,FEASIBLE_POINT,true,true,0.06265782887349616,0.06265782887349618
191,2010-11-03,MinVar,OPTIMAL,FEASIBLE_POINT,FEASIBLE_POINT,true,true,0.031134981492211746,0.06226997619297901
191,2010-11-03,NominalCVaR,OPTIMAL,FEASIBLE_POINT,FEASIBLE_POINT,true,true,0.02721623625878016,0.027216236258780183
191,2010-11-03,FiniteRegime,OPTIMAL,FEASIBLE_POINT,FEASIBLE_POINT,true,true,0.03784148870636549,0.03784148870636552
191,2010-11-03,RobustSIP,OPTIMAL,FEASIBLE_POINT,FEASIBLE_POINT,true,true,0.06277369898413358,0.06277369898413358
192,2010-12-03,MinVar,OPTIMAL,FEASIBLE_POINT,FEASIBLE_POINT,true,true,0.03131049396814666,0.06262100165432234
192,2010-12-03,NominalCVaR,OPTIMAL,FEASIBLE_POINT,FEASIBLE_POINT,true,true,0.027222291858688647,0.027222291858688692
192,2010-12-03,FiniteRegime,OPTIMAL,FEASIBLE_POINT,FEASIBLE_POINT,true,true,0.03786705761316873,0.03786705761316871
192,2010-12-03,RobustSIP,OPTIMAL,FEASIBLE_POINT,FEASIBLE_POINT,true,true,0.063034108651447,0.06303410865144701
193,2011-01-04,MinVar,OPTIMAL,FEASIBLE_POINT,FEASIBLE_POINT,true,true,0.03200060455787027,0.06400122331835717
193,2011-01-04,NominalCVaR,OPTIMAL,FEASIBLE_POINT,FEASIBLE_POINT,true,true,0.027613262698506585,0.027613262698506634
193,2011-01-04,FiniteRegime,OPTIMAL,FEASIBLE_POINT,FEASIBLE_POINT,true,true,0.03839106975436784,0.03839106975436783
193,2011-01-04,RobustSIP,OPTIMAL,FEASIBLE_POINT,FEASIBLE_POINT,true,true,0.06371453711727318,0.06371453711727317
194,2011-02-03,MinVar,TIME_LIMIT,FEASIBLE_POINT,INFEASIBLE_POINT,true,false,0.03182616087404727,0.06365233588792307
194,2011-02-03,NominalCVaR,OPTIMAL,FEASIBLE_POINT,FEASIBLE_POINT,true,true,0.0275755135520826,0.02757551355208263
194,2011-02-03,FiniteRegime,OPTIMAL,FEASIBLE_POINT,FEASIBLE_POINT,true,true,0.038334888538162096,0.03833488853816208
194,2011-02-03,RobustSIP,OPTIMAL,FEASIBLE_POINT,FEASIBLE_POINT,true,true,0.06341589920158949,0.06341589920158949
195,2011-03-07,MinVar,OPTIMAL,FEASIBLE_POINT,FEASIBLE_POINT,true,true,0.03125050178121031,0.06250101685380509
195,2011-03-07,NominalCVaR,OPTIMAL,FEASIBLE_POINT,FEASIBLE_POINT,true,true,0.02721623625878016,0.027216236258780183
195,2011-03-07,FiniteRegime,OPTIMAL,FEASIBLE_POINT,FEASIBLE_POINT,true,true,0.037918512396694214,0.037918512396694234
195,2011-03-07,RobustSIP,OPTIMAL,FEASIBLE_POINT,FEASIBLE_POINT,true,true,0.06265782887349616,0.06265782887349616
196,2011-04-05,MinVar,OPTIMAL,FEASIBLE_POINT,FEASIBLE_POINT,true,true,0.03136113110756724,0.06272227559402033
196,2011-04-05,NominalCVaR,OPTIMAL,FEASIBLE_POINT,FEASIBLE_POINT,true,true,0.027216236258780155,0.027216236258780186
196,2011-04-05,FiniteRegime,OPTIMAL,FEASIBLE_POINT,FEASIBLE_POINT,true,true,0.037918512396694214,0.037918512396694234
196,2011-04-05,RobustSIP,OPTIMAL,FEASIBLE_POINT,FEASIBLE_POINT,true,true,0.06265782887349616,0.06265782887349616
197,2011-05-05,MinVar,OPTIMAL,FEASIBLE_POINT,FEASIBLE_POINT,true,true,0.03136282132368704,0.06272565603885413
197,2011-05-05,NominalCVaR,OPTIMAL,FEASIBLE_POINT,FEASIBLE_POINT,true,true,0.027216236258780162,0.027216236258780183
197,2011-05-05,FiniteRegime,OPTIMAL,FEASIBLE_POINT,FEASIBLE_POINT,true,true,0.03794439958592132,0.03794439958592132
197,2011-05-05,RobustSIP,OPTIMAL,FEASIBLE_POINT,FEASIBLE_POINT,true,true,0.06265782887349618,0.06265782887349618
198,2011-06-06,MinVar,OPTIMAL,FEASIBLE_POINT,FEASIBLE_POINT,true,true,0.031276602899459716,0.0625532192402298
198,2011-06-06,NominalCVaR,OPTIMAL,FEASIBLE_POINT,FEASIBLE_POINT,true,true,0.02721623625878016,0.027216236258780183
198,2011-06-06,FiniteRegime,OPTIMAL,FEASIBLE_POINT,FEASIBLE_POINT,true,true,0.03786705761316873,0.03786705761316871
198,2011-06-06,RobustSIP,OPTIMAL,FEASIBLE_POINT,FEASIBLE_POINT,true,true,0.06265782887349618,0.06265782887349618
199,2011-07-06,MinVar,OPTIMAL,FEASIBLE_POINT,FEASIBLE_POINT,true,true,0.03130988452935778,0.06261978257195722
199,2011-07-06,NominalCVaR,OPTIMAL,FEASIBLE_POINT,FEASIBLE_POINT,true,true,0.027216236258780183,0.027216236258780252
199,2011-07-06,FiniteRegime,OPTIMAL,FEASIBLE_POINT,FEASIBLE_POINT,true,true,0.03784148870636549,0.03784148870636552
199,2011-07-06,RobustSIP,OPTIMAL,FEASIBLE_POINT,FEASIBLE_POINT,true,true,0.06265782887349618,0.06265782887349618
200,2011-08-04,MinVar,OPTIMAL,FEASIBLE_POINT,FEASIBLE_POINT,true,true,0.031649720510707684,0.06329945460015107
200,2011-08-04,NominalCVaR,OPTIMAL,FEASIBLE_POINT,FEASIBLE_POINT,true,true,0.02756636201281337,0.027566362012813393
200,2011-08-04,FiniteRegime,OPTIMAL,FEASIBLE_POINT,FEASIBLE_POINT,true,true,0.03813265182186235,0.03813265182186233
200,2011-08-04,RobustSIP,OPTIMAL,FEASIBLE_POINT,FEASIBLE_POINT,true,true,0.06265782887349616,0.06265782887349616
201,2011-09-02,MinVar,OPTIMAL,FEASIBLE_POINT,FEASIBLE_POINT,true,true,0.033405660934117135,0.06681133543471968
201,2011-09-02,NominalCVaR,OPTIMAL,FEASIBLE_POINT,FEASIBLE_POINT,true,true,0.02849552942528432,0.028495529425284345
201,2011-09-02,FiniteRegime,OPTIMAL,FEASIBLE_POINT,FEASIBLE_POINT,true,true,0.03924470119521914,0.03924470119521913
201,2011-09-02,RobustSIP,OPTIMAL,FEASIBLE_POINT,FEASIBLE_POINT,true,true,0.06265782887349616,0.06265782887349616
202,2011-10-04,MinVar,OPTIMAL,FEASIBLE_POINT,FEASIBLE_POINT,true,true,0.03414114727375102,0.06828230808166673
202,2011-10-04,NominalCVaR,OPTIMAL,FEASIBLE_POINT,FEASIBLE_POINT,true,true,0.02878281420808908,0.028782814208089123
202,2011-10-04,FiniteRegime,OPTIMAL,FEASIBLE_POINT,FEASIBLE_POINT,true,true,0.03912009559118401,0.03912009559118402
202,2011-10-04,RobustSIP,OPTIMAL,FEASIBLE_POINT,FEASIBLE_POINT,true,true,0.06265782887349618,0.06265782887349616
203,2011-11-02,MinVar,OPTIMAL,FEASIBLE_POINT,FEASIBLE_POINT,true,true,0.034603415859369664,0.06920684521918803
203,2011-11-02,NominalCVaR,OPTIMAL,FEASIBLE_POINT,FEASIBLE_POINT,true,true,0.02878730711475147,0.0287873071147515
203,2011-11-02,FiniteRegime,OPTIMAL,FEASIBLE_POINT,FEASIBLE_POINT,true,true,0.03919460317460317,0.03919460317460319
203,2011-11-02,RobustSIP,OPTIMAL,FEASIBLE_POINT,FEASIBLE_POINT,true,true,0.06265782887349616,0.06265782887349618
204,2011-12-02,MinVar,OPTIMAL,FEASIBLE_POINT,FEASIBLE_POINT,true,true,0.03513386855685063,0.0702677505955699
204,2011-12-02,NominalCVaR,OPTIMAL,FEASIBLE_POINT,FEASIBLE_POINT,true,true,0.02890222294947733,0.028902222949477353
204,2011-12-02,FiniteRegime,OPTIMAL,FEASIBLE_POINT,FEASIBLE_POINT,true,true,0.039269900199600784,0.03926990019960081
204,2011-12-02,RobustSIP,OPTIMAL,FEASIBLE_POINT,FEASIBLE_POINT,true,true,0.06265782887349616,0.06265782887349616
205,2012-01-04,MinVar,OPTIMAL,FEASIBLE_POINT,FEASIBLE_POINT,true,true,0.0353486938504323,0.07069740118775261
205,2012-01-04,NominalCVaR,OPTIMAL,FEASIBLE_POINT,FEASIBLE_POINT,true,true,0.02890222294947732,0.028902222949477346
205,2012-01-04,FiniteRegime,OPTIMAL,FEASIBLE_POINT,FEASIBLE_POINT,true,true,0.03936111670020121,0.0393611167002012
205,2012-01-04,RobustSIP,OPTIMAL,FEASIBLE_POINT,FEASIBLE_POINT,true,true,0.06265782887349616,0.06265782887349618
206,2012-02-03,MinVar,OPTIMAL,FEASIBLE_POINT,FEASIBLE_POINT,true,true,0.03536269467415616,0.07072540282068873
206,2012-02-03,NominalCVaR,OPTIMAL,FEASIBLE_POINT,FEASIBLE_POINT,true,true,0.028902222949477356,0.028902222949477363
206,2012-02-03,FiniteRegime,OPTIMAL,FEASIBLE_POINT,FEASIBLE_POINT,true,true,0.03936111670020121,0.0393611167002012
206,2012-02-03,RobustSIP,OPTIMAL,FEASIBLE_POINT,FEASIBLE_POINT,true,true,0.06265782887349616,0.06265782887349616
207,2012-03-06,MinVar,OPTIMAL,FEASIBLE_POINT,FEASIBLE_POINT,true,true,0.03511089316743907,0.07022179980112413
207,2012-03-06,NominalCVaR,OPTIMAL,FEASIBLE_POINT,FEASIBLE_POINT,true,true,0.028687132963275252,0.028687132963275283
207,2012-03-06,FiniteRegime,OPTIMAL,FEASIBLE_POINT,FEASIBLE_POINT,true,true,0.03931708416833666,0.03931708416833666
207,2012-03-06,RobustSIP,OPTIMAL,FEASIBLE_POINT,FEASIBLE_POINT,true,true,0.06265782887349616,0.06265782887349616
208,2012-04-04,MinVar,OPTIMAL,FEASIBLE_POINT,FEASIBLE_POINT,true,true,0.03501743031874296,0.07003487410485108
208,2012-04-04,NominalCVaR,OPTIMAL,FEASIBLE_POINT,FEASIBLE_POINT,true,true,0.028687132963275245,0.028687132963275283
208,2012-04-04,FiniteRegime,OPTIMAL,FEASIBLE_POINT,FEASIBLE_POINT,true,true,0.039295199999999995,0.0392952
208,2012-04-04,RobustSIP,OPTIMAL,FEASIBLE_POINT,FEASIBLE_POINT,true,true,0.06265782887349616,0.06265782887349616
209,2012-05-04,MinVar,OPTIMAL,FEASIBLE_POINT,FEASIBLE_POINT,true,true,0.03513637805148871,0.07027276961209072
209,2012-05-04,NominalCVaR,OPTIMAL,FEASIBLE_POINT,FEASIBLE_POINT,true,true,0.02868713296327525,0.028687132963275283
209,2012-05-04,FiniteRegime,OPTIMAL,FEASIBLE_POINT,FEASIBLE_POINT,true,true,0.0392952,0.03929519999999999
209,2012-05-04,RobustSIP,OPTIMAL,FEASIBLE_POINT,FEASIBLE_POINT,true,true,0.06265782887349616,0.06265782887349616
210,2012-06-05,MinVar,OPTIMAL,FEASIBLE_POINT,FEASIBLE_POINT,true,true,0.035223710567299414,0.07044743463173689
210,2012-06-05,NominalCVaR,OPTIMAL,FEASIBLE_POINT,FEASIBLE_POINT,true,true,0.02870942836393818,0.0287094283639382
210,2012-06-05,FiniteRegime,OPTIMAL,FEASIBLE_POINT,FEASIBLE_POINT,true,true,0.03931708416833666,0.03931708416833666
210,2012-06-05,RobustSIP,OPTIMAL,FEASIBLE_POINT,FEASIBLE_POINT,true,true,0.06265782887349616,0.06265782887349618
211,2012-07-05,MinVar,OPTIMAL,FEASIBLE_POINT,FEASIBLE_POINT,true,true,0.03527090266286473,0.07054181895888745
211,2012-07-05,NominalCVaR,OPTIMAL,FEASIBLE_POINT,FEASIBLE_POINT,true,true,0.028709428363938173,0.028709428363938187
211,2012-07-05,FiniteRegime,OPTIMAL,FEASIBLE_POINT,FEASIBLE_POINT,true,true,0.03942783400809717,0.03942783400809715
211,2012-07-05,RobustSIP,OPTIMAL,FEASIBLE_POINT,FEASIBLE_POINT,true,true,0.06265782887349616,0.06265782887349616
212,2012-08-03,MinVar,OPTIMAL,FEASIBLE_POINT,FEASIBLE_POINT,true,true,0.03497624390378047,0.06995250147972704
212,2012-08-03,NominalCVaR,OPTIMAL,FEASIBLE_POINT,FEASIBLE_POINT,true,true,0.028685143179884406,0.028685143179884433
212,2012-08-03,FiniteRegime,OPTIMAL,FEASIBLE_POINT,FEASIBLE_POINT,true,true,0.03956372950819673,0.03956372950819671
212,2012-08-03,RobustSIP,OPTIMAL,FEASIBLE_POINT,FEASIBLE_POINT,true,true,0.06265782887349616,0.06265782887349616
213,2012-09-04,MinVar,OPTIMAL,FEASIBLE_POINT,FEASIBLE_POINT,true,true,0.03462567661229442,0.06925136688236827
213,2012-09-04,NominalCVaR,OPTIMAL,FEASIBLE_POINT,FEASIBLE_POINT,true,true,0.028638400062656607,0.028638400062656673
213,2012-09-04,FiniteRegime,OPTIMAL,FEASIBLE_POINT,FEASIBLE_POINT,true,true,0.03960977366255143,0.03960977366255143
213,2012-09-04,RobustSIP,OPTIMAL,FEASIBLE_POINT,FEASIBLE_POINT,true,true,0.06265782887349616,0.06265782887349616
214,2012-10-03,MinVar,OPTIMAL,FEASIBLE_POINT,FEASIBLE_POINT,true,true,0.034559454154459726,0.06911892195988517
214,2012-10-03,NominalCVaR,OPTIMAL,FEASIBLE_POINT,FEASIBLE_POINT,true,true,0.028638400062656635,0.028638400062656676
214,2012-10-03,FiniteRegime,OPTIMAL,FEASIBLE_POINT,FEASIBLE_POINT,true,true,0.039586704312114994,0.03958670431211501
214,2012-10-03,RobustSIP,OPTIMAL,FEASIBLE_POINT,FEASIBLE_POINT,true,true,0.06265782887349616,0.06265782887349616
215,2012-11-05,MinVar,OPTIMAL,FEASIBLE_POINT,FEASIBLE_POINT,true,true,0.03449241214900654,0.06898483798161187
215,2012-11-05,NominalCVaR,OPTIMAL,FEASIBLE_POINT,FEASIBLE_POINT,true,true,0.02860044759570494,0.028600447595704983
215,2012-11-05,FiniteRegime,OPTIMAL,FEASIBLE_POINT,FEASIBLE_POINT,true,true,0.03960977366255143,0.03960977366255143
215,2012-11-05,RobustSIP,OPTIMAL,FEASIBLE_POINT,FEASIBLE_POINT,true,true,0.06265782887349616,0.06265782887349618
216,2012-12-05,MinVar,OPTIMAL,FEASIBLE_POINT,FEASIBLE_POINT,true,true,0.03430970830050223,0.06861943028040089
216,2012-12-05,NominalCVaR,OPTIMAL,FEASIBLE_POINT,FEASIBLE_POINT,true,true,0.028600447595704948,0.02860044759570498
216,2012-12-05,FiniteRegime,OPTIMAL,FEASIBLE_POINT,FEASIBLE_POINT,true,true,0.03970300829875519,0.0397030082987552
216,2012-12-05,RobustSIP,OPTIMAL,FEASIBLE_POINT,FEASIBLE_POINT,true,true,0.06265782887349616,0.06265782887349616
217,2013-01-07,MinVar,OPTIMAL,FEASIBLE_POINT,FEASIBLE_POINT,true,true,0.03428297577562958,0.0685659652072928
217,2013-01-07,NominalCVaR,OPTIMAL,FEASIBLE_POINT,FEASIBLE_POINT,true,true,0.028600447595704938,0.02860044759570498
217,2013-01-07,FiniteRegime,OPTIMAL,FEASIBLE_POINT,FEASIBLE_POINT,true,true,0.03975020833333333,0.03975020833333333
217,2013-01-07,RobustSIP,OPTIMAL,FEASIBLE_POINT,FEASIBLE_POINT,true,true,0.06265782887349616,0.06265782887349618
218,2013-02-06,MinVar,OPTIMAL,FEASIBLE_POINT,FEASIBLE_POINT,true,true,0.03370415118784263,0.06740831612065672
218,2013-02-06,NominalCVaR,OPTIMAL,FEASIBLE_POINT,FEASIBLE_POINT,true,true,0.028507435055366095,0.02850743505536612
218,2013-02-06,FiniteRegime,OPTIMAL,FEASIBLE_POINT,FEASIBLE_POINT,true,true,0.039845336134453783,0.03984533613445379
218,2013-02-06,RobustSIP,OPTIMAL,FEASIBLE_POINT,FEASIBLE_POINT,true,true,0.06265782887349616,0.06265782887349616
219,2013-03-08,MinVar,OPTIMAL,FEASIBLE_POINT,FEASIBLE_POINT,true,true,0.033535537909382476,0.06707108949718366
219,2013-03-08,NominalCVaR,OPTIMAL,FEASIBLE_POINT,FEASIBLE_POINT,true,true,0.02849113655640373,0.028491136556403764
219,2013-03-08,FiniteRegime,OPTIMAL,FEASIBLE_POINT,FEASIBLE_POINT,true,true,0.039797573221757324,0.039797573221757324
219,2013-03-08,RobustSIP,OPTIMAL,FEASIBLE_POINT,FEASIBLE_POINT,true,true,0.06265782887349616,0.06265782887349618
220,2013-04-09,MinVar,OPTIMAL,FEASIBLE_POINT,FEASIBLE_POINT,true,true,0.03322003449571377,0.0664400826006472
220,2013-04-09,NominalCVaR,OPTIMAL,FEASIBLE_POINT,FEASIBLE_POINT,true,true,0.028491136556403732,0.028491136556403764
220,2013-04-09,FiniteRegime,OPTIMAL,FEASIBLE_POINT,FEASIBLE_POINT,true,true,0.03989350210970464,0.03989350210970463
220,2013-04-09,RobustSIP,OPTIMAL,FEASIBLE_POINT,FEASIBLE_POINT,true,true,0.06265782887349616,0.06265782887349616
221,2013-05-08,MinVar,OPTIMAL,FEASIBLE_POINT,FEASIBLE_POINT,true,true,0.03335219096947644,0.06670439549328647
221,2013-05-08,NominalCVaR,OPTIMAL,FEASIBLE_POINT,FEASIBLE_POINT,true,true,0.028513720895962328,0.028513720895962234
221,2013-05-08,FiniteRegime,OPTIMAL,FEASIBLE_POINT,FEASIBLE_POINT,true,true,0.039917737843551786,0.039917737843551786
221,2013-05-08,RobustSIP,OPTIMAL,FEASIBLE_POINT,FEASIBLE_POINT,true,true,0.06265782887349616,0.06265782887349616
222,2013-06-07,MinVar,OPTIMAL,FEASIBLE_POINT,FEASIBLE_POINT,true,true,0.033409428844933045,0.06681887121165415
222,2013-06-07,NominalCVaR,OPTIMAL,FEASIBLE_POINT,FEASIBLE_POINT,true,true,0.02851372089596227,0.028513720895962307
222,2013-06-07,FiniteRegime,OPTIMAL,FEASIBLE_POINT,FEASIBLE_POINT,true,true,0.039917737843551786,0.039917737843551786
222,2013-06-07,RobustSIP,OPTIMAL,FEASIBLE_POINT,FEASIBLE_POINT,true,true,0.06265782887349616,0.06265782887349616
223,2013-07-09,MinVar,OPTIMAL,FEASIBLE_POINT,FEASIBLE_POINT,true,true,0.0334111620346722,0.06682233743501333
223,2013-07-09,NominalCVaR,OPTIMAL,FEASIBLE_POINT,FEASIBLE_POINT,true,true,0.028515741758241772,0.02851574175824179
223,2013-07-09,FiniteRegime,OPTIMAL,FEASIBLE_POINT,FEASIBLE_POINT,true,true,0.04001571428571427,0.04001571428571429
223,2013-07-09,RobustSIP,OPTIMAL,FEASIBLE_POINT,FEASIBLE_POINT,true,true,0.06265782887349616,0.06265782887349618
224,2013-08-07,MinVar,OPTIMAL,FEASIBLE_POINT,FEASIBLE_POINT,true,true,0.03313537455766571,0.06627076251237922
224,2013-08-07,NominalCVaR,OPTIMAL,FEASIBLE_POINT,FEASIBLE_POINT,true,true,0.028515741758241765,0.02851574175824179
224,2013-08-07,FiniteRegime,OPTIMAL,FEASIBLE_POINT,FEASIBLE_POINT,true,true,0.04009030042918453,0.04009030042918456
224,2013-08-07,RobustSIP,OPTIMAL,FEASIBLE_POINT,FEASIBLE_POINT,true,true,0.06265782887349616,0.06265782887349616
225,2013-09-06,MinVar,OPTIMAL,FEASIBLE_POINT,FEASIBLE_POINT,true,true,0.03290448876059448,0.06580899160728283
225,2013-09-06,NominalCVaR,OPTIMAL,FEASIBLE_POINT,FEASIBLE_POINT,true,true,0.028590716113199542,0.02859071611319955
225,2013-09-06,FiniteRegime,OPTIMAL,FEASIBLE_POINT,FEASIBLE_POINT,true,true,0.040115376344086025,0.04011537634408603
225,2013-09-06,RobustSIP,OPTIMAL,FEASIBLE_POINT,FEASIBLE_POINT,true,true,0.06291122873043578,0.0629112287304358
226,2013-10-07,MinVar,OPTIMAL,FEASIBLE_POINT,FEASIBLE_POINT,true,true,0.03443160218155865,0.06886321817802972
226,2013-10-07,NominalCVaR,OPTIMAL,FEASIBLE_POINT,FEASIBLE_POINT,true,true,0.028654156224913616,0.02865415622491367
226,2013-10-07,FiniteRegime,OPTIMAL,FEASIBLE_POINT,FEASIBLE_POINT,true,true,0.04080825783752184,0.04080825783752185
226,2013-10-07,RobustSIP,OPTIMAL,FEASIBLE_POINT,FEASIBLE_POINT,true,true,0.06391421764900397,0.06391421764900398
227,2013-11-05,MinVar,TIME_LIMIT,FEASIBLE_POINT,INFEASIBLE_POINT,true,false,0.028629972023383472,0.05725995851412632
227,2013-11-05,NominalCVaR,OPTIMAL,FEASIBLE_POINT,FEASIBLE_POINT,true,true,0.025973872716808538,0.025973872716808573
227,2013-11-05,FiniteRegime,OPTIMAL,FEASIBLE_POINT,FEASIBLE_POINT,true,true,0.035827070134193326,0.03582707013419333
227,2013-11-05,RobustSIP,OPTIMAL,FEASIBLE_POINT,FEASIBLE_POINT,true,true,0.06325554404145076,0.06325554404145078
228,2013-12-05,MinVar,OPTIMAL,FEASIBLE_POINT,FEASIBLE_POINT,true,true,0.023985836266619535,0.047971686540264936
228,2013-12-05,NominalCVaR,OPTIMAL,FEASIBLE_POINT,FEASIBLE_POINT,true,true,0.022972970575567013,0.02297297057556704
228,2013-12-05,FiniteRegime,OPTIMAL,FEASIBLE_POINT,FEASIBLE_POINT,true,true,0.02986076152656665,0.029860761526566647
228,2013-12-05,RobustSIP,OPTIMAL,FEASIBLE_POINT,FEASIBLE_POINT,true,true,0.0458893443056411,0.045889344305641094
229,2014-01-07,MinVar,OPTIMAL,FEASIBLE_POINT,FEASIBLE_POINT,true,true,0.02425849148707453,0.04851699657213362
229,2014-01-07,NominalCVaR,OPTIMAL,FEASIBLE_POINT,FEASIBLE_POINT,true,true,0.023386634892793037,0.023386634892793072
229,2014-01-07,FiniteRegime,OPTIMAL,FEASIBLE_POINT,FEASIBLE_POINT,true,true,0.030581364358446647,0.03058136435844664
229,2014-01-07,RobustSIP,OPTIMAL,FEASIBLE_POINT,FEASIBLE_POINT,true,true,0.04777966831217422,0.047779668312174214
230,2014-02-06,MinVar,OPTIMAL,FEASIBLE_POINT,FEASIBLE_POINT,true,true,0.024069539066027656,0.04813909255875
230,2014-02-06,NominalCVaR,OPTIMAL,FEASIBLE_POINT,FEASIBLE_POINT,true,true,0.023123372819623695,0.023123372819623723
230,2014-02-06,FiniteRegime,OPTIMAL,FEASIBLE_POINT,FEASIBLE_POINT,true,true,0.03010330379529684,0.030103303795296854
230,2014-02-06,RobustSIP,OPTIMAL,FEASIBLE_POINT,FEASIBLE_POINT,true,true,0.04767138423270435,0.04767138423270437
231,2014-03-10,MinVar,OPTIMAL,FEASIBLE_POINT,FEASIBLE_POINT,true,true,0.023148283880719014,0.04629657998471017
231,2014-03-10,NominalCVaR,OPTIMAL,FEASIBLE_POINT,FEASIBLE_POINT,true,true,0.021926613495848648,0.02192661349584866
231,2014-03-10,FiniteRegime,OPTIMAL,FEASIBLE_POINT,FEASIBLE_POINT,true,true,0.028310181442815562,0.028310181442815562
231,2014-03-10,RobustSIP,OPTIMAL,FEASIBLE_POINT,FEASIBLE_POINT,true,true,0.04789481462285577,0.04789481462285577
232,2014-04-08,MinVar,TIME_LIMIT,FEASIBLE_POINT,INFEASIBLE_POINT,true,false,0.02082191476187559,0.0416438435629057
232,2014-04-08,NominalCVaR,OPTIMAL,FEASIBLE_POINT,FEASIBLE_POINT,true,true,0.021464676929156212,0.021464676929156233
232,2014-04-08,FiniteRegime,OPTIMAL,FEASIBLE_POINT,FEASIBLE_POINT,true,true,0.027788998459257502,0.02778899845925752
232,2014-04-08,RobustSIP,OPTIMAL,FEASIBLE_POINT,FEASIBLE_POINT,true,true,0.050886084267605707,0.05088608426760571
233,2014-05-08,MinVar,OPTIMAL,FEASIBLE_POINT,FEASIBLE_POINT,true,true,0.017726813859805162,0.0
233,2014-05-08,NominalCVaR,OPTIMAL,FEASIBLE_POINT,FEASIBLE_POINT,true,true,0.01970976538248515,0.01970976538248518
233,2014-05-08,FiniteRegime,OPTIMAL,FEASIBLE_POINT,FEASIBLE_POINT,true,true,0.026071567516361385,0.026071567516361395
233,2014-05-08,RobustSIP,OPTIMAL,FEASIBLE_POINT,FEASIBLE_POINT,true,true,0.04885225113464447,0.04885225113464447
234,2014-06-09,MinVar,OPTIMAL,FEASIBLE_POINT,FEASIBLE_POINT,true,true,0.018231340842238763,0.03646269464394378
234,2014-06-09,NominalCVaR,OPTIMAL,FEASIBLE_POINT,FEASIBLE_POINT,true,true,0.020293522709943963,0.02029352270994398
234,2014-06-09,FiniteRegime,OPTIMAL,FEASIBLE_POINT,FEASIBLE_POINT,true,true,0.02702239431484821,0.02702239431484821
234,2014-06-09,RobustSIP,OPTIMAL,FEASIBLE_POINT,FEASIBLE_POINT,true,true,0.050117807643040246,0.050117807643040246
235,2014-07-09,MinVar,OPTIMAL,FEASIBLE_POINT,FEASIBLE_POINT,true,true,0.018993106833899136,0.03798622660946199
235,2014-07-09,NominalCVaR,OPTIMAL,FEASIBLE_POINT,FEASIBLE_POINT,true,true,0.020660292714551307,0.020660292714551328
235,2014-07-09,FiniteRegime,OPTIMAL,FEASIBLE_POINT,FEASIBLE_POINT,true,true,0.027865740651114666,0.027865740651114662
235,2014-07-09,RobustSIP,OPTIMAL,FEASIBLE_POINT,FEASIBLE_POINT,true,true,0.0507897094002468,0.05078970940024681
236,2014-08-07,MinVar,OPTIMAL,FEASIBLE_POINT,FEASIBLE_POINT,true,true,0.015994888102571714,0.03198978942246089
236,2014-08-07,NominalCVaR,OPTIMAL,FEASIBLE_POINT,FEASIBLE_POINT,true,true,0.01890106374884685,0.018901063748846862
236,2014-08-07,FiniteRegime,OPTIMAL,FEASIBLE_POINT,FEASIBLE_POINT,true,true,0.025526462416168717,0.02552646241616871
236,2014-08-07,RobustSIP,OPTIMAL,FEASIBLE_POINT,FEASIBLE_POINT,true,true,0.04771580418008157,0.04771580418008156
237,2014-09-08,MinVar,TIME_LIMIT,FEASIBLE_POINT,INFEASIBLE_POINT,true,false,0.015798986441398998,0.03159798731101875
237,2014-09-08,NominalCVaR,OPTIMAL,FEASIBLE_POINT,FEASIBLE_POINT,true,true,0.018788643536069127,0.018788643536069148
237,2014-09-08,FiniteRegime,OPTIMAL,FEASIBLE_POINT,FEASIBLE_POINT,true,true,0.025501049708422662,0.025501049708422655
237,2014-09-08,RobustSIP,OPTIMAL,FEASIBLE_POINT,FEASIBLE_POINT,true,true,0.047516064340058145,0.04751606434005816
238,2014-10-07,MinVar,TIME_LIMIT,FEASIBLE_POINT,INFEASIBLE_POINT,true,false,0.014882247254187643,0.02976450894143618
238,2014-10-07,NominalCVaR,OPTIMAL,FEASIBLE_POINT,FEASIBLE_POINT,true,true,0.01812434111056694,0.01812434111056696
238,2014-10-07,FiniteRegime,OPTIMAL,FEASIBLE_POINT,FEASIBLE_POINT,true,true,0.024546839064777934,0.024546839064777934
238,2014-10-07,RobustSIP,OPTIMAL,FEASIBLE_POINT,FEASIBLE_POINT,true,true,0.04676982379686421,0.04676982379686421
239,2014-11-05,MinVar,TIME_LIMIT,FEASIBLE_POINT,INFEASIBLE_POINT,true,false,0.014733359848294122,0.02946673410433683
239,2014-11-05,NominalCVaR,OPTIMAL,FEASIBLE_POINT,FEASIBLE_POINT,true,true,0.017937301587301592,0.017937301587301606
239,2014-11-05,FiniteRegime,OPTIMAL,FEASIBLE_POINT,FEASIBLE_POINT,true,true,0.024176860465116284,0.024176860465116287
239,2014-11-05,RobustSIP,OPTIMAL,FEASIBLE_POINT,FEASIBLE_POINT,true,true,0.04678103826697393,0.04678103826697394
240,2014-12-05,MinVar,TIME_LIMIT,FEASIBLE_POINT,INFEASIBLE_POINT,true,false,0.015062989629241463,0.0301259935444584
240,2014-12-05,NominalCVaR,OPTIMAL,FEASIBLE_POINT,FEASIBLE_POINT,true,true,0.018444034765577183,0.018444034765577204
240,2014-12-05,FiniteRegime,OPTIMAL,FEASIBLE_POINT,FEASIBLE_POINT,true,true,0.024970618920442934,0.024970618920442944
240,2014-12-05,RobustSIP,OPTIMAL,FEASIBLE_POINT,FEASIBLE_POINT,true,true,0.04678280343009313,0.04678280343009313
241,2015-01-07,MinVar,TIME_LIMIT,FEASIBLE_POINT,INFEASIBLE_POINT,true,false,0.014662695689261315,0.029325405878522694
241,2015-01-07,NominalCVaR,OPTIMAL,FEASIBLE_POINT,FEASIBLE_POINT,true,true,0.01788414462081127,0.017884144620811303
241,2015-01-07,FiniteRegime,OPTIMAL,FEASIBLE_POINT,FEASIBLE_POINT,true,true,0.023660401785714272,0.02366040178571429
241,2015-01-07,RobustSIP,OPTIMAL,FEASIBLE_POINT,FEASIBLE_POINT,true,true,0.046768458219237585,0.046768458219237585
242,2015-02-06,MinVar,OPTIMAL,FEASIBLE_POINT,FEASIBLE_POINT,true,true,0.014934938073743229,0.02986988942657011
242,2015-02-06,NominalCVaR,OPTIMAL,FEASIBLE_POINT,FEASIBLE_POINT,true,true,0.01796893251390355,0.017968932513903565
242,2015-02-06,FiniteRegime,OPTIMAL,FEASIBLE_POINT,FEASIBLE_POINT,true,true,0.0237798939279364,0.0237798939279364
242,2015-02-06,RobustSIP,OPTIMAL,FEASIBLE_POINT,FEASIBLE_POINT,true,true,0.04681906296108837,0.04681906296108838
243,2015-03-10,MinVar,OPTIMAL,FEASIBLE_POINT,FEASIBLE_POINT,true,true,0.014653609839303293,0.029307233665078047
243,2015-03-10,NominalCVaR,OPTIMAL,FEASIBLE_POINT,FEASIBLE_POINT,true,true,0.017846746031746026,0.01784674603174605
243,2015-03-10,FiniteRegime,OPTIMAL,FEASIBLE_POINT,FEASIBLE_POINT,true,true,0.023224779735682818,0.023224779735682818
243,2015-03-10,RobustSIP,OPTIMAL,FEASIBLE_POINT,FEASIBLE_POINT,true,true,0.046843834170211214,0.04684383417021122
244,2015-04-09,MinVar,OPTIMAL,FEASIBLE_POINT,FEASIBLE_POINT,true,true,0.014804456298105438,0.029608926538721533
244,2015-04-09,NominalCVaR,OPTIMAL,FEASIBLE_POINT,FEASIBLE_POINT,true,true,0.01784674603174599,0.017846746031746054
244,2015-04-09,FiniteRegime,OPTIMAL,FEASIBLE_POINT,FEASIBLE_POINT,true,true,0.023689533622559652,0.02368953362255965
244,2015-04-09,RobustSIP,OPTIMAL,FEASIBLE_POINT,FEASIBLE_POINT,true,true,0.04685974624708709,0.046859746247087095
245,2015-05-08,MinVar,TIME_LIMIT,FEASIBLE_POINT,INFEASIBLE_POINT,true,false,0.014616128263717231,0.02923227102743447
245,2015-05-08,NominalCVaR,OPTIMAL,FEASIBLE_POINT,FEASIBLE_POINT,true,true,0.017445812743336325,0.017445812743336345
245,2015-05-08,FiniteRegime,OPTIMAL,FEASIBLE_POINT,FEASIBLE_POINT,true,true,0.02324667755991286,0.023246677559912846
245,2015-05-08,RobustSIP,OPTIMAL,FEASIBLE_POINT,FEASIBLE_POINT,true,true,0.04683400627092086,0.04683400627092087
246,2015-06-09,MinVar,OPTIMAL,FEASIBLE_POINT,FEASIBLE_POINT,true,true,0.013915245611827474,0.027830504737723603
246,2015-06-09,NominalCVaR,OPTIMAL,FEASIBLE_POINT,FEASIBLE_POINT,true,true,0.016949571860490238,0.01694957186049025
246,2015-06-09,FiniteRegime,OPTIMAL,FEASIBLE_POINT,FEASIBLE_POINT,true,true,0.021986594886077463,0.021986594886077467
246,2015-06-09,RobustSIP,OPTIMAL,FEASIBLE_POINT,FEASIBLE_POINT,true,true,0.047154999999999996,0.047155
247,2015-07-09,MinVar,OPTIMAL,FEASIBLE_POINT,FEASIBLE_POINT,true,true,0.013687567851280977,0.027375149209708252
247,2015-07-09,NominalCVaR,OPTIMAL,FEASIBLE_POINT,FEASIBLE_POINT,true,true,0.016846110904363665,0.01684611090436368
247,2015-07-09,FiniteRegime,OPTIMAL,FEASIBLE_POINT,FEASIBLE_POINT,true,true,0.021866472153060205,0.021866472153060205
247,2015-07-09,RobustSIP,OPTIMAL,FEASIBLE_POINT,FEASIBLE_POINT,true,true,0.047154999999999996,0.047155
248,2015-08-07,MinVar,OPTIMAL,FEASIBLE_POINT,FEASIBLE_POINT,true,true,0.013340028811129546,0.02668007183098077
248,2015-08-07,NominalCVaR,OPTIMAL,FEASIBLE_POINT,FEASIBLE_POINT,true,true,0.016607421695951106,0.016607421695951124
248,2015-08-07,FiniteRegime,OPTIMAL,FEASIBLE_POINT,FEASIBLE_POINT,true,true,0.021749529147982057,0.021749529147982057
248,2015-08-07,RobustSIP,OPTIMAL,FEASIBLE_POINT,FEASIBLE_POINT,true,true,0.047154999999999996,0.047155
249,2015-09-08,MinVar,TIME_LIMIT,FEASIBLE_POINT,INFEASIBLE_POINT,true,false,0.014157120679418319,0.028314255808945824
249,2015-09-08,NominalCVaR,OPTIMAL,FEASIBLE_POINT,FEASIBLE_POINT,true,true,0.01742644539614561,0.017426445396145632
249,2015-09-08,FiniteRegime,OPTIMAL,FEASIBLE_POINT,FEASIBLE_POINT,true,true,0.023487562069234632,0.02348756206923464
249,2015-09-08,RobustSIP,OPTIMAL,FEASIBLE_POINT,FEASIBLE_POINT,true,true,0.047154999999999996,0.047155
250,2015-10-07,MinVar,OPTIMAL,FEASIBLE_POINT,FEASIBLE_POINT,true,true,0.0142244303269557,0.02844887494937792
250,2015-10-07,NominalCVaR,OPTIMAL,FEASIBLE_POINT,FEASIBLE_POINT,true,true,0.017521190476190475,0.0175211904761905
250,2015-10-07,FiniteRegime,OPTIMAL,FEASIBLE_POINT,FEASIBLE_POINT,true,true,0.02341947661469933,0.023419476614699335
250,2015-10-07,RobustSIP,OPTIMAL,FEASIBLE_POINT,FEASIBLE_POINT,true,true,0.047154999999999996,0.047155
251,2015-11-05,MinVar,OPTIMAL,FEASIBLE_POINT,FEASIBLE_POINT,true,true,0.01430298913129179,0.028605992482850968
251,2015-11-05,NominalCVaR,OPTIMAL,FEASIBLE_POINT,FEASIBLE_POINT,true,true,0.01752448721520986,0.01752448721520988
251,2015-11-05,FiniteRegime,OPTIMAL,FEASIBLE_POINT,FEASIBLE_POINT,true,true,0.023312557942587065,0.02331255794258708
251,2015-11-05,RobustSIP,OPTIMAL,FEASIBLE_POINT,FEASIBLE_POINT,true,true,0.047154999999999996,0.047155
252,2015-12-07,MinVar,TIME_LIMIT,FEASIBLE_POINT,INFEASIBLE_POINT,true,false,0.01447062568317712,0.028941265866354263
252,2015-12-07,NominalCVaR,OPTIMAL,FEASIBLE_POINT,FEASIBLE_POINT,true,true,0.017542222222222216,0.01754222222222224
252,2015-12-07,FiniteRegime,OPTIMAL,FEASIBLE_POINT,FEASIBLE_POINT,true,true,0.02325888958203369,0.02325888958203369
252,2015-12-07,RobustSIP,OPTIMAL,FEASIBLE_POINT,FEASIBLE_POINT,true,true,0.047154999999999996,0.047155
253,2016-01-07,MinVar,TIME_LIMIT,FEASIBLE_POINT,INFEASIBLE_POINT,true,false,0.014853233806906268,0.029706482113812552
253,2016-01-07,NominalCVaR,OPTIMAL,FEASIBLE_POINT,FEASIBLE_POINT,true,true,0.017717539682539682,0.0177175396825397
253,2016-01-07,FiniteRegime,OPTIMAL,FEASIBLE_POINT,FEASIBLE_POINT,true,true,0.023165763021626564,0.023165763021626568
253,2016-01-07,RobustSIP,OPTIMAL,FEASIBLE_POINT,FEASIBLE_POINT,true,true,0.047154999999999996,0.047155
254,2016-02-08,MinVar,OPTIMAL,FEASIBLE_POINT,FEASIBLE_POINT,true,true,0.01515771937636787,0.03031545308287546
254,2016-02-08,NominalCVaR,OPTIMAL,FEASIBLE_POINT,FEASIBLE_POINT,true,true,0.017877142857142852,0.017877142857142866
254,2016-02-08,FiniteRegime,OPTIMAL,FEASIBLE_POINT,FEASIBLE_POINT,true,true,0.02313563210144647,0.02313563210144647
254,2016-02-08,RobustSIP,OPTIMAL,FEASIBLE_POINT,FEASIBLE_POINT,true,true,0.047154999999999996,0.047155
255,2016-03-09,MinVar,OPTIMAL,FEASIBLE_POINT,FEASIBLE_POINT,true,true,0.015258765091569775,0.030517543107153836
255,2016-03-09,NominalCVaR,OPTIMAL,FEASIBLE_POINT,FEASIBLE_POINT,true,true,0.017883253968253972,0.017883253968253993
255,2016-03-09,FiniteRegime,OPTIMAL,FEASIBLE_POINT,FEASIBLE_POINT,true,true,0.023021458053007402,0.0230214580530074
255,2016-03-09,RobustSIP,OPTIMAL,FEASIBLE_POINT,FEASIBLE_POINT,true,true,0.047154999999999996,0.047155
256,2016-04-08,MinVar,OPTIMAL,FEASIBLE_POINT,FEASIBLE_POINT,true,true,0.015167340553629791,0.030334695264226115
256,2016-04-08,NominalCVaR,OPTIMAL,FEASIBLE_POINT,FEASIBLE_POINT,true,true,0.01785698412698413,0.017856984126984145
256,2016-04-08,FiniteRegime,OPTIMAL,FEASIBLE_POINT,FEASIBLE_POINT,true,true,0.023007234984041,0.023007234984041003
256,2016-04-08,RobustSIP,OPTIMAL,FEASIBLE_POINT,FEASIBLE_POINT,true,true,0.047154999999999996,0.047155
257,2016-05-09,MinVar,OTHER_ERROR,NO_SOLUTION,NO_SOLUTION,false,false,,
257,2016-05-09,NominalCVaR,OPTIMAL,FEASIBLE_POINT,FEASIBLE_POINT,true,true,0.01789678760393047,0.017896787603930483
257,2016-05-09,FiniteRegime,OPTIMAL,FEASIBLE_POINT,FEASIBLE_POINT,true,true,0.023007234984041,0.023007234984041003
257,2016-05-09,RobustSIP,OPTIMAL,FEASIBLE_POINT,FEASIBLE_POINT,true,true,0.047154999999999996,0.047155
258,2016-06-08,MinVar,OPTIMAL,FEASIBLE_POINT,FEASIBLE_POINT,true,true,0.01532039041086576,0.0
258,2016-06-08,NominalCVaR,OPTIMAL,FEASIBLE_POINT,FEASIBLE_POINT,true,true,0.0179460608181516,0.017946060818151633
258,2016-06-08,FiniteRegime,OPTIMAL,FEASIBLE_POINT,FEASIBLE_POINT,true,true,0.023007234984041,0.023007234984041003
258,2016-06-08,RobustSIP,OPTIMAL,FEASIBLE_POINT,FEASIBLE_POINT,true,true,0.047154999999999996,0.047155
259,2016-07-08,MinVar,OPTIMAL,FEASIBLE_POINT,FEASIBLE_POINT,true,true,0.01536976606120333,0.0
259,2016-07-08,NominalCVaR,OPTIMAL,FEASIBLE_POINT,FEASIBLE_POINT,true,true,0.018033841255800567,0.01803384125580059
259,2016-07-08,FiniteRegime,OPTIMAL,FEASIBLE_POINT,FEASIBLE_POINT,true,true,0.02305506924406611,0.023055069244066105
259,2016-07-08,RobustSIP,OPTIMAL,FEASIBLE_POINT,FEASIBLE_POINT,true,true,0.047154999999999996,0.047155
260,2016-08-08,MinVar,OPTIMAL,FEASIBLE_POINT,FEASIBLE_POINT,true,true,0.014848581442648513,0.029697176899529894
260,2016-08-08,NominalCVaR,OPTIMAL,FEASIBLE_POINT,FEASIBLE_POINT,true,true,0.017561183261183316,0.017561183261183288
260,2016-08-08,FiniteRegime,OPTIMAL,FEASIBLE_POINT,FEASIBLE_POINT,true,true,0.02202337928464977,0.02202337928464977
260,2016-08-08,RobustSIP,OPTIMAL,FEASIBLE_POINT,FEASIBLE_POINT,true,true,0.047154999999999996,0.047155
261,2016-09-07,MinVar,TIME_LIMIT,FEASIBLE_POINT,INFEASIBLE_POINT,true,false,0.013210921687956866,0.026421857646520365
261,2016-09-07,NominalCVaR,OPTIMAL,FEASIBLE_POINT,FEASIBLE_POINT,true,true,0.0163430357741936,0.01634303577419363
261,2016-09-07,FiniteRegime,OPTIMAL,FEASIBLE_POINT,FEASIBLE_POINT,true,true,0.01935630965461754,0.019356309654617543
261,2016-09-07,RobustSIP,OPTIMAL,FEASIBLE_POINT,FEASIBLE_POINT,true,true,0.03120317514098819,0.03120317514098819
262,2016-10-06,MinVar,OPTIMAL,FEASIBLE_POINT,FEASIBLE_POINT,true,true,0.012952898863764268,0.02590581051056813
262,2016-10-06,NominalCVaR,OPTIMAL,FEASIBLE_POINT,FEASIBLE_POINT,true,true,0.01599921710447944,0.015999217104479452
262,2016-10-06,FiniteRegime,OPTIMAL,FEASIBLE_POINT,FEASIBLE_POINT,true,true,0.018142140484944416,0.018142140484944422
262,2016-10-06,RobustSIP,OPTIMAL,FEASIBLE_POINT,FEASIBLE_POINT,true,true,0.03126871452569421,0.03126871452569421
263,2016-11-04,MinVar,TIME_LIMIT,FEASIBLE_POINT,INFEASIBLE_POINT,true,false,0.012350803160683073,0.024701620821366153
263,2016-11-04,NominalCVaR,OPTIMAL,FEASIBLE_POINT,FEASIBLE_POINT,true,true,0.015532121605578472,0.01553212160557848
263,2016-11-04,FiniteRegime,OPTIMAL,FEASIBLE_POINT,FEASIBLE_POINT,true,true,0.01767460341838279,0.017674603418382798
263,2016-11-04,RobustSIP,OPTIMAL,FEASIBLE_POINT,FEASIBLE_POINT,true,true,0.031195123456790125,0.031195123456790125
264,2016-12-06,MinVar,TIME_LIMIT,FEASIBLE_POINT,INFEASIBLE_POINT,true,false,0.012142606959022523,0.024285228324011747
264,2016-12-06,NominalCVaR,OPTIMAL,FEASIBLE_POINT,FEASIBLE_POINT,true,true,0.015327554386967717,0.015327554386967748
264,2016-12-06,FiniteRegime,OPTIMAL,FEASIBLE_POINT,FEASIBLE_POINT,true,true,0.017705711698712545,0.017705711698712545
264,2016-12-06,RobustSIP,OPTIMAL,FEASIBLE_POINT,FEASIBLE_POINT,true,true,0.02987775650842266,0.029877756508422663
265,2017-01-06,MinVar,TIME_LIMIT,FEASIBLE_POINT,INFEASIBLE_POINT,true,false,0.01200601329138432,0.024012040583782836
265,2017-01-06,NominalCVaR,OPTIMAL,FEASIBLE_POINT,FEASIBLE_POINT,true,true,0.015412680647552916,0.01541268064755293
265,2017-01-06,FiniteRegime,OPTIMAL,FEASIBLE_POINT,FEASIBLE_POINT,true,true,0.017902098810624743,0.017902098810624746
265,2017-01-06,RobustSIP,OPTIMAL,FEASIBLE_POINT,FEASIBLE_POINT,true,true,0.030122883522727267,0.03012288352272727
266,2017-02-07,MinVar,TIME_LIMIT,FEASIBLE_POINT,INFEASIBLE_POINT,true,false,0.011823067269031024,0.023646148540628874
266,2017-02-07,NominalCVaR,OPTIMAL,FEASIBLE_POINT,FEASIBLE_POINT,true,true,0.015203882743884657,0.015203882743884675
266,2017-02-07,FiniteRegime,OPTIMAL,FEASIBLE_POINT,FEASIBLE_POINT,true,true,0.017556102015556897,0.0175561020155569
266,2017-02-07,RobustSIP,OPTIMAL,FEASIBLE_POINT,FEASIBLE_POINT,true,true,0.02939504233301975,0.029395042333019754
267,2017-03-09,MinVar,OPTIMAL,FEASIBLE_POINT,FEASIBLE_POINT,true,true,0.011726518361204327,0.023453048390498624
267,2017-03-09,NominalCVaR,OPTIMAL,FEASIBLE_POINT,FEASIBLE_POINT,true,true,0.015203882743884655,0.015203882743884626
267,2017-03-09,FiniteRegime,OPTIMAL,FEASIBLE_POINT,FEASIBLE_POINT,true,true,0.01749322902650245,0.017493229026502445
267,2017-03-09,RobustSIP,OPTIMAL,FEASIBLE_POINT,FEASIBLE_POINT,true,true,0.02986043207975093,0.02986043207975093
268,2017-04-07,MinVar,OPTIMAL,FEASIBLE_POINT,FEASIBLE_POINT,true,true,0.011680402178757801,0.023360815989698604
268,2017-04-07,NominalCVaR,OPTIMAL,FEASIBLE_POINT,FEASIBLE_POINT,true,true,0.015203882743884668,0.015203882743884702
268,2017-04-07,FiniteRegime,OPTIMAL,FEASIBLE_POINT,FEASIBLE_POINT,true,true,0.01744518621687686,0.01744518621687686
268,2017-04-07,RobustSIP,OPTIMAL,FEASIBLE_POINT,FEASIBLE_POINT,true,true,0.029971346680977954,0.029971346680977957
269,2017-05-09,MinVar,OPTIMAL,FEASIBLE_POINT,FEASIBLE_POINT,true,true,0.011654152294576557,0.023308317091981202
269,2017-05-09,NominalCVaR,OPTIMAL,FEASIBLE_POINT,FEASIBLE_POINT,true,true,0.015308457166497173,0.015308457166497064
269,2017-05-09,FiniteRegime,OPTIMAL,FEASIBLE_POINT,FEASIBLE_POINT,true,true,0.017582099367187753,0.017582099367187753
269,2017-05-09,RobustSIP,OPTIMAL,FEASIBLE_POINT,FEASIBLE_POINT,true,true,0.030468363794538756,0.03046836379453876
270,2017-06-08,MinVar,OPTIMAL,FEASIBLE_POINT,FEASIBLE_POINT,true,true,0.011526504446134287,0.023053020719282738
270,2017-06-08,NominalCVaR,OPTIMAL,FEASIBLE_POINT,FEASIBLE_POINT,true,true,0.015149611841717934,0.015149611841717954
270,2017-06-08,FiniteRegime,OPTIMAL,FEASIBLE_POINT,FEASIBLE_POINT,true,true,0.017292079089905765,0.017292079089905765
270,2017-06-08,RobustSIP,OPTIMAL,FEASIBLE_POINT,FEASIBLE_POINT,true,true,0.030370825664900576,0.030370825664900576
271,2017-07-10,MinVar,OPTIMAL,FEASIBLE_POINT,FEASIBLE_POINT,true,true,0.011394660156132282,0.02278933216386751
271,2017-07-10,NominalCVaR,OPTIMAL,FEASIBLE_POINT,FEASIBLE_POINT,true,true,0.015156407951710929,0.015156407951710953
271,2017-07-10,FiniteRegime,OPTIMAL,FEASIBLE_POINT,FEASIBLE_POINT,true,true,0.017288723439735403,0.017288723439735407
271,2017-07-10,RobustSIP,OPTIMAL,FEASIBLE_POINT,FEASIBLE_POINT,true,true,0.03061410868192505,0.030614108681925052
272,2017-08-08,MinVar,OPTIMAL,FEASIBLE_POINT,FEASIBLE_POINT,true,true,0.01121567527295125,0.022431361826856212
272,2017-08-08,NominalCVaR,OPTIMAL,FEASIBLE_POINT,FEASIBLE_POINT,true,true,0.01516297076243307,0.015162970762433088
272,2017-08-08,FiniteRegime,OPTIMAL,FEASIBLE_POINT,FEASIBLE_POINT,true,true,0.01782622176769797,0.01782622176769797
272,2017-08-08,RobustSIP,OPTIMAL,FEASIBLE_POINT,FEASIBLE_POINT,true,true,0.03043643928453341,0.030436439284533413
273,2017-09-07,MinVar,OPTIMAL,FEASIBLE_POINT,FEASIBLE_POINT,true,true,0.011131330826709768,0.022262672324201618
273,2017-09-07,NominalCVaR,OPTIMAL,FEASIBLE_POINT,FEASIBLE_POINT,true,true,0.015016416248355913,0.015016416248355945
273,2017-09-07,FiniteRegime,OPTIMAL,FEASIBLE_POINT,FEASIBLE_POINT,true,true,0.01736402950973141,0.017364029509731413
273,2017-09-07,RobustSIP,OPTIMAL,FEASIBLE_POINT,FEASIBLE_POINT,true,true,0.03059249777597822,0.030592497775978215
274,2017-10-06,MinVar,OTHER_ERROR,NO_SOLUTION,NO_SOLUTION,false,false,,
274,2017-10-06,NominalCVaR,OPTIMAL,FEASIBLE_POINT,FEASIBLE_POINT,true,true,0.015187112733088497,0.015187112733088516
274,2017-10-06,FiniteRegime,OPTIMAL,FEASIBLE_POINT,FEASIBLE_POINT,true,true,0.01775889257046081,0.01775889257046081
274,2017-10-06,RobustSIP,OPTIMAL,FEASIBLE_POINT,FEASIBLE_POINT,true,true,0.030565290339343482,0.030565290339343482
275,2017-11-06,MinVar,OPTIMAL,FEASIBLE_POINT,FEASIBLE_POINT,true,true,0.011056017917341896,0.022112046880893122
275,2017-11-06,NominalCVaR,OPTIMAL,FEASIBLE_POINT,FEASIBLE_POINT,true,true,0.015068989046211855,0.015068989046211876
275,2017-11-06,FiniteRegime,OPTIMAL,FEASIBLE_POINT,FEASIBLE_POINT,true,true,0.01774944044534203,0.01774944044534203
275,2017-11-06,RobustSIP,OPTIMAL,FEASIBLE_POINT,FEASIBLE_POINT,true,true,0.030577190370942416,0.030577190370942416
276,2017-12-06,MinVar,OPTIMAL,FEASIBLE_POINT,FEASIBLE_POINT,true,true,0.011002372755083945,0.02200475757272969
276,2017-12-06,NominalCVaR,OPTIMAL,FEASIBLE_POINT,FEASIBLE_POINT,true,true,0.015050288491683399,0.015050288491683422
276,2017-12-06,FiniteRegime,OPTIMAL,FEASIBLE_POINT,FEASIBLE_POINT,true,true,0.017938012764176003,0.01793801276417601
276,2017-12-06,RobustSIP,OPTIMAL,FEASIBLE_POINT,FEASIBLE_POINT,true,true,0.03086806304706704,0.030868063047067046
277,2018-01-08,MinVar,TIME_LIMIT,FEASIBLE_POINT,INFEASIBLE_POINT,true,false,0.010911665667237216,0.021823345335127302
277,2018-01-08,NominalCVaR,OPTIMAL,FEASIBLE_POINT,FEASIBLE_POINT,true,true,0.014925687882431156,0.014925687882431166
277,2018-01-08,FiniteRegime,OPTIMAL,FEASIBLE_POINT,FEASIBLE_POINT,true,true,0.017869309757739173,0.01786930975773917
277,2018-01-08,RobustSIP,OPTIMAL,FEASIBLE_POINT,FEASIBLE_POINT,true,true,0.030608069919276962,0.030608069919276962
278,2018-02-07,MinVar,OPTIMAL,FEASIBLE_POINT,FEASIBLE_POINT,true,true,0.010983256408763352,0.021966524836173073
278,2018-02-07,NominalCVaR,OPTIMAL,FEASIBLE_POINT,FEASIBLE_POINT,true,true,0.015389531447420004,0.015389531447420023
278,2018-02-07,FiniteRegime,OPTIMAL,FEASIBLE_POINT,FEASIBLE_POINT,true,true,0.018733686762590702,0.0187336867625907
278,2018-02-07,RobustSIP,OPTIMAL,FEASIBLE_POINT,FEASIBLE_POINT,true,true,0.030585398324183537,0.03058539832418354
279,2018-03-09,MinVar,OPTIMAL,FEASIBLE_POINT,FEASIBLE_POINT,true,true,0.011348831636054886,0.022697675139222464
279,2018-03-09,NominalCVaR,OPTIMAL,FEASIBLE_POINT,FEASIBLE_POINT,true,true,0.01568968294671486,0.01568968294671488
279,2018-03-09,FiniteRegime,OPTIMAL,FEASIBLE_POINT,FEASIBLE_POINT,true,true,0.019194761481512872,0.019194761481512876
279,2018-03-09,RobustSIP,OPTIMAL,FEASIBLE_POINT,FEASIBLE_POINT,true,true,0.03053769639117421,0.030537696391174204
280,2018-04-10,MinVar,OPTIMAL,FEASIBLE_POINT,FEASIBLE_POINT,true,true,0.011762358978920799,0.023524730008367183
280,2018-04-10,NominalCVaR,OPTIMAL,FEASIBLE_POINT,FEASIBLE_POINT,true,true,0.016093248165382046,0.016093248165382077
280,2018-04-10,FiniteRegime,OPTIMAL,FEASIBLE_POINT,FEASIBLE_POINT,true,true,0.019583425544925155,0.01958342554492516
280,2018-04-10,RobustSIP,OPTIMAL,FEASIBLE_POINT,FEASIBLE_POINT,true,true,0.030594696613261523,0.030594696613261523
281,2018-05-09,MinVar,OPTIMAL,FEASIBLE_POINT,FEASIBLE_POINT,true,true,0.01153444389364331,0.02306889876993933
281,2018-05-09,NominalCVaR,OPTIMAL,FEASIBLE_POINT,FEASIBLE_POINT,true,true,0.01590967434840096,0.015909674348400973
281,2018-05-09,FiniteRegime,OPTIMAL,FEASIBLE_POINT,FEASIBLE_POINT,true,true,0.019087833278036048,0.019087833278036048
281,2018-05-09,RobustSIP,OPTIMAL,FEASIBLE_POINT,FEASIBLE_POINT,true,true,0.03053582318643379,0.03053582318643379
282,2018-06-08,MinVar,OPTIMAL,FEASIBLE_POINT,FEASIBLE_POINT,true,true,0.01159796100758186,0.0
282,2018-06-08,NominalCVaR,OPTIMAL,FEASIBLE_POINT,FEASIBLE_POINT,true,true,0.01590724910643625,0.01590724910643627
282,2018-06-08,FiniteRegime,OPTIMAL,FEASIBLE_POINT,FEASIBLE_POINT,true,true,0.01916834747407341,0.019168347474073408
282,2018-06-08,RobustSIP,OPTIMAL,FEASIBLE_POINT,FEASIBLE_POINT,true,true,0.03053582287077896,0.030535822870778957
283,2018-07-10,MinVar,OPTIMAL,FEASIBLE_POINT,FEASIBLE_POINT,true,true,0.0111413216816192,0.022282654775767137
283,2018-07-10,NominalCVaR,OPTIMAL,FEASIBLE_POINT,FEASIBLE_POINT,true,true,0.015587493534661245,0.015587493534661235
283,2018-07-10,FiniteRegime,OPTIMAL,FEASIBLE_POINT,FEASIBLE_POINT,true,true,0.018663498408848983,0.018663498408848987
283,2018-07-10,RobustSIP,OPTIMAL,FEASIBLE_POINT,FEASIBLE_POINT,true,true,0.030535822677094978,0.030535822677094978
284,2018-08-08,MinVar,OPTIMAL,FEASIBLE_POINT,FEASIBLE_POINT,true,true,0.011033532400749998,0.022067076480421815
284,2018-08-08,NominalCVaR,OPTIMAL,FEASIBLE_POINT,FEASIBLE_POINT,true,true,0.015510922653329885,0.015510922653329906
284,2018-08-08,FiniteRegime,OPTIMAL,FEASIBLE_POINT,FEASIBLE_POINT,true,true,0.01857321803121861,0.01857321803121861
284,2018-08-08,RobustSIP,OPTIMAL,FEASIBLE_POINT,FEASIBLE_POINT,true,true,0.030535822593283586,0.030535822593283586
285,2018-09-07,MinVar,OTHER_ERROR,NO_SOLUTION,NO_SOLUTION,false,false,,
285,2018-09-07,NominalCVaR,OPTIMAL,FEASIBLE_POINT,FEASIBLE_POINT,true,true,0.01527272626933124,0.01527272626933131
285,2018-09-07,FiniteRegime,OPTIMAL,FEASIBLE_POINT,FEASIBLE_POINT,true,true,0.018646152467308264,0.018646152467308268
285,2018-09-07,RobustSIP,OPTIMAL,FEASIBLE_POINT,FEASIBLE_POINT,true,true,0.030535822792169213,0.03053582279216921
286,2018-10-08,MinVar,OPTIMAL,FEASIBLE_POINT,FEASIBLE_POINT,true,true,0.010696161304765629,0.021392334792758323
286,2018-10-08,NominalCVaR,OPTIMAL,FEASIBLE_POINT,FEASIBLE_POINT,true,true,0.015282431468784132,0.015282431468784153
286,2018-10-08,FiniteRegime,OPTIMAL,FEASIBLE_POINT,FEASIBLE_POINT,true,true,0.01862330310813766,0.01862330310813766
286,2018-10-08,RobustSIP,OPTIMAL,FEASIBLE_POINT,FEASIBLE_POINT,true,true,0.030535822895435286,0.030535822895435286
287,2018-11-06,MinVar,OPTIMAL,FEASIBLE_POINT,FEASIBLE_POINT,true,true,0.010930299029255729,0.021860609978503052
287,2018-11-06,NominalCVaR,OPTIMAL,FEASIBLE_POINT,FEASIBLE_POINT,true,true,0.015754125962175656,0.01575412596217568
287,2018-11-06,FiniteRegime,OPTIMAL,FEASIBLE_POINT,FEASIBLE_POINT,true,true,0.018688021263941503,0.018688021263941496
287,2018-11-06,RobustSIP,OPTIMAL,FEASIBLE_POINT,FEASIBLE_POINT,true,true,0.030535831123678976,0.030535831123678973
288,2018-12-07,MinVar,OPTIMAL,FEASIBLE_POINT,FEASIBLE_POINT,true,true,0.011059955116153338,0.022119922675386504
288,2018-12-07,NominalCVaR,OPTIMAL,FEASIBLE_POINT,FEASIBLE_POINT,true,true,0.015909930359058556,0.01590993035905857
288,2018-12-07,FiniteRegime,OPTIMAL,FEASIBLE_POINT,FEASIBLE_POINT,true,true,0.018736593429316,0.018736593429316002
288,2018-12-07,RobustSIP,OPTIMAL,FEASIBLE_POINT,FEASIBLE_POINT,true,true,0.030535844810177497,0.030535844810177497
289,2019-01-09,MinVar,OPTIMAL,FEASIBLE_POINT,FEASIBLE_POINT,true,true,0.011656234929813925,0.023312482773086847
289,2019-01-09,NominalCVaR,OPTIMAL,FEASIBLE_POINT,FEASIBLE_POINT,true,true,0.016417699822377937,0.016417699822378003
289,2019-01-09,FiniteRegime,OPTIMAL,FEASIBLE_POINT,FEASIBLE_POINT,true,true,0.019352101782876815,0.019352101782876812
289,2019-01-09,RobustSIP,OPTIMAL,FEASIBLE_POINT,FEASIBLE_POINT,true,true,0.030536079823618008,0.030536079823618004
290,2019-02-08,MinVar,OPTIMAL,FEASIBLE_POINT,FEASIBLE_POINT,true,true,0.011526626616625193,0.02305326615626338
290,2019-02-08,NominalCVaR,OPTIMAL,FEASIBLE_POINT,FEASIBLE_POINT,true,true,0.01619962980210808,0.01619962980210812
290,2019-02-08,FiniteRegime,OPTIMAL,FEASIBLE_POINT,FEASIBLE_POINT,true,true,0.019050949651263898,0.0190509496512639
290,2019-02-08,RobustSIP,OPTIMAL,FEASIBLE_POINT,FEASIBLE_POINT,true,true,0.030536101570617643,0.030536101570617643
291,2019-03-12,MinVar,OPTIMAL,FEASIBLE_POINT,FEASIBLE_POINT,true,true,0.011497158265408428,0.022994329281287248
291,2019-03-12,NominalCVaR,OPTIMAL,FEASIBLE_POINT,FEASIBLE_POINT,true,true,0.016199629802108092,0.016199629802108102
291,2019-03-12,FiniteRegime,OPTIMAL,FEASIBLE_POINT,FEASIBLE_POINT,true,true,0.019068072701047316,0.019068072701047316
291,2019-03-12,RobustSIP,OPTIMAL,FEASIBLE_POINT,FEASIBLE_POINT,true,true,0.030536098475047783,0.030536098475047783
292,2019-04-10,MinVar,OPTIMAL,FEASIBLE_POINT,FEASIBLE_POINT,true,true,0.011481107213485154,0.02296222726113134
292,2019-04-10,NominalCVaR,OPTIMAL,FEASIBLE_POINT,FEASIBLE_POINT,true,true,0.016199629802108095,0.01619962980210812
292,2019-04-10,FiniteRegime,OPTIMAL,FEASIBLE_POINT,FEASIBLE_POINT,true,true,0.019042437806400584,0.019042437806400584
292,2019-04-10,RobustSIP,OPTIMAL,FEASIBLE_POINT,FEASIBLE_POINT,true,true,0.030536106997884508,0.030536106997884508
293,2019-05-10,MinVar,OPTIMAL,FEASIBLE_POINT,FEASIBLE_POINT,true,true,0.011467850829156533,0.022935714571487836
293,2019-05-10,NominalCVaR,OPTIMAL,FEASIBLE_POINT,FEASIBLE_POINT,true,true,0.016197256130767244,0.01619725613076725
293,2019-05-10,FiniteRegime,OPTIMAL,FEASIBLE_POINT,FEASIBLE_POINT,true,true,0.019042437806400588,0.019042437806400584
293,2019-05-10,RobustSIP,OPTIMAL,FEASIBLE_POINT,FEASIBLE_POINT,true,true,0.030536106313247813,0.03053610631324781
294,2019-06-11,MinVar,OPTIMAL,FEASIBLE_POINT,FEASIBLE_POINT,true,true,0.011622782161685122,0.023245577150833543
294,2019-06-11,NominalCVaR,OPTIMAL,FEASIBLE_POINT,FEASIBLE_POINT,true,true,0.016226825838754587,0.016226825838754615
294,2019-06-11,FiniteRegime,OPTIMAL,FEASIBLE_POINT,FEASIBLE_POINT,true,true,0.018990101027740486,0.018990101027740486
294,2019-06-11,RobustSIP,OPTIMAL,FEASIBLE_POINT,FEASIBLE_POINT,true,true,0.030536108799625303,0.030536108799625303
295,2019-07-11,MinVar,OPTIMAL,FEASIBLE_POINT,FEASIBLE_POINT,true,true,0.011667245186261091,0.02333450316926514
295,2019-07-11,NominalCVaR,OPTIMAL,FEASIBLE_POINT,FEASIBLE_POINT,true,true,0.016226825838754608,0.01622682583875459
295,2019-07-11,FiniteRegime,OPTIMAL,FEASIBLE_POINT,FEASIBLE_POINT,true,true,0.01899822865444633,0.01899822865444633
295,2019-07-11,RobustSIP,OPTIMAL,FEASIBLE_POINT,FEASIBLE_POINT,true,true,0.030536094625332515,0.030536094625332515
296,2019-08-09,MinVar,OPTIMAL,FEASIBLE_POINT,FEASIBLE_POINT,true,true,0.011797209999907328,0.02359443277347244
296,2019-08-09,NominalCVaR,OPTIMAL,FEASIBLE_POINT,FEASIBLE_POINT,true,true,0.01638290093874648,0.016382900938746503
296,2019-08-09,FiniteRegime,OPTIMAL,FEASIBLE_POINT,FEASIBLE_POINT,true,true,0.01924793158882212,0.01924793158882212
296,2019-08-09,RobustSIP,OPTIMAL,FEASIBLE_POINT,FEASIBLE_POINT,true,true,0.030536107245216337,0.030536107245216333
297,2019-09-10,MinVar,OPTIMAL,FEASIBLE_POINT,FEASIBLE_POINT,true,true,0.01203966441345987,0.02407934151829959
297,2019-09-10,NominalCVaR,OPTIMAL,FEASIBLE_POINT,FEASIBLE_POINT,true,true,0.016586682095284876,0.016586682095284907
297,2019-09-10,FiniteRegime,OPTIMAL,FEASIBLE_POINT,FEASIBLE_POINT,true,true,0.019315916882625385,0.019315916882625385
297,2019-09-10,RobustSIP,OPTIMAL,FEASIBLE_POINT,FEASIBLE_POINT,true,true,0.030536131489074705,0.030536131489074705
298,2019-10-09,MinVar,OPTIMAL,FEASIBLE_POINT,FEASIBLE_POINT,true,true,0.012065128754165754,0.024130270322873917
298,2019-10-09,NominalCVaR,OPTIMAL,FEASIBLE_POINT,FEASIBLE_POINT,true,true,0.016667134069673382,0.016667134069673406
298,2019-10-09,FiniteRegime,OPTIMAL,FEASIBLE_POINT,FEASIBLE_POINT,true,true,0.019376148439995227,0.019376148439995237
298,2019-10-09,RobustSIP,OPTIMAL,FEASIBLE_POINT,FEASIBLE_POINT,true,true,0.03053613027357427,0.030536130273574266
299,2019-11-07,MinVar,OPTIMAL,FEASIBLE_POINT,FEASIBLE_POINT,true,true,0.01180256671116682,0.02360514626168976
299,2019-11-07,NominalCVaR,OPTIMAL,FEASIBLE_POINT,FEASIBLE_POINT,true,true,0.016545302171538857,0.016545302171538892
299,2019-11-07,FiniteRegime,OPTIMAL,FEASIBLE_POINT,FEASIBLE_POINT,true,true,0.019341539935853996,0.019341539935853996
299,2019-11-07,RobustSIP,OPTIMAL,FEASIBLE_POINT,FEASIBLE_POINT,true,true,0.030536107555585897,0.030536107555585897
300,2019-12-09,MinVar,OPTIMAL,FEASIBLE_POINT,FEASIBLE_POINT,true,true,0.011819046929109383,0.023638106655550776
300,2019-12-09,NominalCVaR,OPTIMAL,FEASIBLE_POINT,FEASIBLE_POINT,true,true,0.016545302171538868,0.016545302171538892
300,2019-12-09,FiniteRegime,OPTIMAL,FEASIBLE_POINT,FEASIBLE_POINT,true,true,0.01934996465404885,0.019349964654048847
300,2019-12-09,RobustSIP,OPTIMAL,FEASIBLE_POINT,FEASIBLE_POINT,true,true,0.03053610584093953,0.03053610584093953
301,2020-01-09,MinVar,OPTIMAL,FEASIBLE_POINT,FEASIBLE_POINT,true,true,0.011463450695932617,0.02292691417017365
301,2020-01-09,NominalCVaR,OPTIMAL,FEASIBLE_POINT,FEASIBLE_POINT,true,true,0.01641693017622928,0.016416930176229198
301,2020-01-09,FiniteRegime,OPTIMAL,FEASIBLE_POINT,FEASIBLE_POINT,true,true,0.019375111304598187,0.01937511130459819
301,2020-01-09,RobustSIP,OPTIMAL,FEASIBLE_POINT,FEASIBLE_POINT,true,true,0.030536131828040936,0.03053613182804094
302,2020-02-10,MinVar,OPTIMAL,FEASIBLE_POINT,FEASIBLE_POINT,true,true,0.011291366605553174,0.022582745945679595
302,2020-02-10,NominalCVaR,OPTIMAL,FEASIBLE_POINT,FEASIBLE_POINT,true,true,0.01631400654676482,0.016314006546764834
302,2020-02-10,FiniteRegime,OPTIMAL,FEASIBLE_POINT,FEASIBLE_POINT,true,true,0.019375111304598187,0.01937511130459819
302,2020-02-10,RobustSIP,OPTIMAL,FEASIBLE_POINT,FEASIBLE_POINT,true,true,0.03053615225977979,0.03053615225977979
303,2020-03-11,MinVar,OPTIMAL,FEASIBLE_POINT,FEASIBLE_POINT,true,true,0.014242100194377624,0.02848421287808823
303,2020-03-11,NominalCVaR,OPTIMAL,FEASIBLE_POINT,FEASIBLE_POINT,true,true,0.018906362170179842,0.018906362170179845
303,2020-03-11,FiniteRegime,OPTIMAL,FEASIBLE_POINT,FEASIBLE_POINT,true,true,0.02438986520393886,0.02438986520393886
303,2020-03-11,RobustSIP,OPTIMAL,FEASIBLE_POINT,FEASIBLE_POINT,true,true,0.054186778907242696,0.054186778907242696
304,2020-04-09,MinVar,OPTIMAL,FEASIBLE_POINT,FEASIBLE_POINT,true,true,0.024531359510262148,0.04906273202368494
304,2020-04-09,NominalCVaR,OPTIMAL,FEASIBLE_POINT,FEASIBLE_POINT,true,true,0.023721930120860317,0.023721930120860088
304,2020-04-09,FiniteRegime,OPTIMAL,FEASIBLE_POINT,FEASIBLE_POINT,true,true,0.0341591181935467,0.03415911819354671
304,2020-04-09,RobustSIP,OPTIMAL,FEASIBLE_POINT,FEASIBLE_POINT,true,true,0.08633276435605054,0.08633276435605054
305,2020-05-11,MinVar,OPTIMAL,FEASIBLE_POINT,FEASIBLE_POINT,true,true,0.025399733693059433,0.050799480418655035
305,2020-05-11,NominalCVaR,OPTIMAL,FEASIBLE_POINT,FEASIBLE_POINT,true,true,0.024220462047345348,0.02422046204734536
305,2020-05-11,FiniteRegime,OPTIMAL,FEASIBLE_POINT,FEASIBLE_POINT,true,true,0.0342727608837328,0.03427276088373282
305,2020-05-11,RobustSIP,OPTIMAL,FEASIBLE_POINT,FEASIBLE_POINT,true,true,0.0861951198169419,0.0861951198169419
306,2020-06-10,MinVar,OPTIMAL,FEASIBLE_POINT,FEASIBLE_POINT,true,true,0.0258266713936491,0.05165335577339548
306,2020-06-10,NominalCVaR,OPTIMAL,FEASIBLE_POINT,FEASIBLE_POINT,true,true,0.02422355365780034,0.024223553657800354
306,2020-06-10,FiniteRegime,OPTIMAL,FEASIBLE_POINT,FEASIBLE_POINT,true,true,0.03419126806646041,0.0341912680664604
306,2020-06-10,RobustSIP,OPTIMAL,FEASIBLE_POINT,FEASIBLE_POINT,true,true,0.0866342270830627,0.0866342270830627
307,2020-07-10,MinVar,OPTIMAL,FEASIBLE_POINT,FEASIBLE_POINT,true,true,0.02645044346290506,0.052900899979819414
307,2020-07-10,NominalCVaR,OPTIMAL,FEASIBLE_POINT,FEASIBLE_POINT,true,true,0.024861154604674005,0.024861154604674023
307,2020-07-10,FiniteRegime,OPTIMAL,FEASIBLE_POINT,FEASIBLE_POINT,true,true,0.03513876697470398,0.03513876697470398
307,2020-07-10,RobustSIP,OPTIMAL,FEASIBLE_POINT,FEASIBLE_POINT,true,true,0.08622434279043778,0.08622434279043778
308,2020-08-10,MinVar,OPTIMAL,FEASIBLE_POINT,FEASIBLE_POINT,true,true,0.02642048132964663,0.05284097566579052
308,2020-08-10,NominalCVaR,OPTIMAL,FEASIBLE_POINT,FEASIBLE_POINT,true,true,0.024861154604673995,0.024861154604674023
308,2020-08-10,FiniteRegime,OPTIMAL,FEASIBLE_POINT,FEASIBLE_POINT,true,true,0.03494983343157125,0.03494983343157125
308,2020-08-10,RobustSIP,OPTIMAL,FEASIBLE_POINT,FEASIBLE_POINT,true,true,0.0862284046655506,0.0862284046655506
309,2020-09-09,MinVar,OPTIMAL,FEASIBLE_POINT,FEASIBLE_POINT,true,true,0.025645242359236927,0.05129049768733088
309,2020-09-09,NominalCVaR,OPTIMAL,FEASIBLE_POINT,FEASIBLE_POINT,true,true,0.024276577990593795,0.02427657799059381
309,2020-09-09,FiniteRegime,OPTIMAL,FEASIBLE_POINT,FEASIBLE_POINT,true,true,0.03416088039103178,0.03416088039103178
309,2020-09-09,RobustSIP,OPTIMAL,FEASIBLE_POINT,FEASIBLE_POINT,true,true,0.08628571666208415,0.08628571666208414
310,2020-10-08,MinVar,OPTIMAL,FEASIBLE_POINT,FEASIBLE_POINT,true,true,0.025703749432251847,0.05140751168421894
310,2020-10-08,NominalCVaR,OPTIMAL,FEASIBLE_POINT,FEASIBLE_POINT,true,true,0.024238541701281417,0.024238541701281424
310,2020-10-08,FiniteRegime,OPTIMAL,FEASIBLE_POINT,FEASIBLE_POINT,true,true,0.03407337222416269,0.03407337222416269
310,2020-10-08,RobustSIP,OPTIMAL,FEASIBLE_POINT,FEASIBLE_POINT,true,true,0.0865238487813039,0.08652384878130391
311,2020-11-06,MinVar,OPTIMAL,FEASIBLE_POINT,FEASIBLE_POINT,true,true,0.02593315264140087,0.051866318239060606
311,2020-11-06,NominalCVaR,OPTIMAL,FEASIBLE_POINT,FEASIBLE_POINT,true,true,0.02449041200671812,0.02449041200671814
311,2020-11-06,FiniteRegime,OPTIMAL,FEASIBLE_POINT,FEASIBLE_POINT,true,true,0.03459091505677163,0.03459091505677165
311,2020-11-06,RobustSIP,OPTIMAL,FEASIBLE_POINT,FEASIBLE_POINT,true,true,0.08624484245640208,0.08624484245640208
312,2020-12-08,MinVar,OPTIMAL,FEASIBLE_POINT,FEASIBLE_POINT,true,true,0.02627637835157093,0.05255276967556739
312,2020-12-08,NominalCVaR,OPTIMAL,FEASIBLE_POINT,FEASIBLE_POINT,true,true,0.024641522909291058,0.024641522909291072
312,2020-12-08,FiniteRegime,OPTIMAL,FEASIBLE_POINT,FEASIBLE_POINT,true,true,0.03512115057444854,0.03512115057444855
312,2020-12-08,RobustSIP,OPTIMAL,FEASIBLE_POINT,FEASIBLE_POINT,true,true,0.08659227486757862,0.08659227486757862
313,2021-01-08,MinVar,OPTIMAL,FEASIBLE_POINT,FEASIBLE_POINT,true,true,0.02655630000410739,0.05311261269984521
313,2021-01-08,NominalCVaR,OPTIMAL,FEASIBLE_POINT,FEASIBLE_POINT,true,true,0.024754657871835534,0.024754657871835558
313,2021-01-08,FiniteRegime,OPTIMAL,FEASIBLE_POINT,FEASIBLE_POINT,true,true,0.03596293092644681,0.03596293092644681
313,2021-01-08,RobustSIP,OPTIMAL,FEASIBLE_POINT,FEASIBLE_POINT,true,true,0.08670187631477835,0.08670187631477835
314,2021-02-09,MinVar,OPTIMAL,FEASIBLE_POINT,FEASIBLE_POINT,true,true,0.026490340641184836,0.05298069386983767
314,2021-02-09,NominalCVaR,OPTIMAL,FEASIBLE_POINT,FEASIBLE_POINT,true,true,0.024987274953328757,0.024987274953328767
314,2021-02-09,FiniteRegime,OPTIMAL,FEASIBLE_POINT,FEASIBLE_POINT,true,true,0.03648285074361942,0.0364828507436194
314,2021-02-09,RobustSIP,OPTIMAL,FEASIBLE_POINT,FEASIBLE_POINT,true,true,0.08663599000333344,0.08663599000333343
315,2021-03-11,MinVar,OPTIMAL,FEASIBLE_POINT,FEASIBLE_POINT,true,true,0.027491355582098708,0.05498272337856863
315,2021-03-11,NominalCVaR,OPTIMAL,FEASIBLE_POINT,FEASIBLE_POINT,true,true,0.025705890160849874,0.02570589016084991
315,2021-03-11,FiniteRegime,OPTIMAL,FEASIBLE_POINT,FEASIBLE_POINT,true,true,0.03716592206693775,0.03716592206693775
315,2021-03-11,RobustSIP,OPTIMAL,FEASIBLE_POINT,FEASIBLE_POINT,true,true,0.08697217961570801,0.08697217961570801
316,2021-04-12,MinVar,OPTIMAL,FEASIBLE_POINT,FEASIBLE_POINT,true,true,0.027538680216805844,0.05507737220823501
316,2021-04-12,NominalCVaR,OPTIMAL,FEASIBLE_POINT,FEASIBLE_POINT,true,true,0.025617722551217158,0.025617722551217182
316,2021-04-12,FiniteRegime,OPTIMAL,FEASIBLE_POINT,FEASIBLE_POINT,true,true,0.037279200681925015,0.037279200681925036
316,2021-04-12,RobustSIP,OPTIMAL,FEASIBLE_POINT,FEASIBLE_POINT,true,true,0.08707771584920956,0.08707771584920956
317,2021-05-11,MinVar,OPTIMAL,FEASIBLE_POINT,FEASIBLE_POINT,true,true,0.02799492376045217,0.05598985922616981
317,2021-05-11,NominalCVaR,OPTIMAL,FEASIBLE_POINT,FEASIBLE_POINT,true,true,0.025773603431536365,0.02577360343153639
317,2021-05-11,FiniteRegime,OPTIMAL,FEASIBLE_POINT,FEASIBLE_POINT,true,true,0.03763372833941755,0.03763372833941755
317,2021-05-11,RobustSIP,OPTIMAL,FEASIBLE_POINT,FEASIBLE_POINT,true,true,0.08732137788361864,0.08732137788361864
318,2021-06-10,MinVar,OPTIMAL,FEASIBLE_POINT,FEASIBLE_POINT,true,true,0.027824860084633616,0.05564973248478054
318,2021-06-10,NominalCVaR,OPTIMAL,FEASIBLE_POINT,FEASIBLE_POINT,true,true,0.02591466871035582,0.025914668710355852
318,2021-06-10,FiniteRegime,OPTIMAL,FEASIBLE_POINT,FEASIBLE_POINT,true,true,0.037715444413714834,0.03771544441371483
318,2021-06-10,RobustSIP,OPTIMAL,FEASIBLE_POINT,FEASIBLE_POINT,true,true,0.08738706428467741,0.0873870642846774
319,2021-07-12,MinVar,OPTIMAL,FEASIBLE_POINT,FEASIBLE_POINT,true,true,0.027620146260803616,0.055240304689733316
319,2021-07-12,NominalCVaR,OPTIMAL,FEASIBLE_POINT,FEASIBLE_POINT,true,true,0.025976682056396923,0.02597668205639695
319,2021-07-12,FiniteRegime,OPTIMAL,FEASIBLE_POINT,FEASIBLE_POINT,true,true,0.03814168599376497,0.03814168599376498
319,2021-07-12,RobustSIP,OPTIMAL,FEASIBLE_POINT,FEASIBLE_POINT,true,true,0.08766995337356007,0.08766995337356007
320,2021-08-10,MinVar,OPTIMAL,FEASIBLE_POINT,FEASIBLE_POINT,true,true,0.027005469684175963,0.054010952499142575
320,2021-08-10,NominalCVaR,OPTIMAL,FEASIBLE_POINT,FEASIBLE_POINT,true,true,0.025548969243490996,0.025548969243491003
320,2021-08-10,FiniteRegime,OPTIMAL,FEASIBLE_POINT,FEASIBLE_POINT,true,true,0.03818839852706275,0.03818839852706274
320,2021-08-10,RobustSIP,OPTIMAL,FEASIBLE_POINT,FEASIBLE_POINT,true,true,0.08726066232340252,0.08726066232340252
321,2021-09-09,MinVar,OPTIMAL,FEASIBLE_POINT,FEASIBLE_POINT,true,true,0.026324872026749217,0.05264975704953456
321,2021-09-09,NominalCVaR,OPTIMAL,FEASIBLE_POINT,FEASIBLE_POINT,true,true,0.025165700517548167,0.02516570051754817
321,2021-09-09,FiniteRegime,OPTIMAL,FEASIBLE_POINT,FEASIBLE_POINT,true,true,0.038165859097481984,0.038165859097481984
321,2021-09-09,RobustSIP,OPTIMAL,FEASIBLE_POINT,FEASIBLE_POINT,true,true,0.08691363589235267,0.08691363589235268
322,2021-10-08,MinVar,OPTIMAL,FEASIBLE_POINT,FEASIBLE_POINT,true,true,0.02625221213008185,0.05250443714310431
322,2021-10-08,NominalCVaR,OPTIMAL,FEASIBLE_POINT,FEASIBLE_POINT,true,true,0.024954332318861034,0.024954332318861048
322,2021-10-08,FiniteRegime,OPTIMAL,FEASIBLE_POINT,FEASIBLE_POINT,true,true,0.03821402552841461,0.03821402552841462
322,2021-10-08,RobustSIP,OPTIMAL,FEASIBLE_POINT,FEASIBLE_POINT,true,true,0.08680228519297864,0.08680228519297864
323,2021-11-08,MinVar,OPTIMAL,FEASIBLE_POINT,FEASIBLE_POINT,true,true,0.02657290849047415,0.053145829564856494
323,2021-11-08,NominalCVaR,OPTIMAL,FEASIBLE_POINT,FEASIBLE_POINT,true,true,0.025204360475233393,0.025204360475233407
323,2021-11-08,FiniteRegime,OPTIMAL,FEASIBLE_POINT,FEASIBLE_POINT,true,true,0.03826006881792305,0.03826006881792306
323,2021-11-08,RobustSIP,OPTIMAL,FEASIBLE_POINT,FEASIBLE_POINT,true,true,0.08685526768807435,0.08685526768807435
324,2021-12-08,MinVar,OPTIMAL,FEASIBLE_POINT,FEASIBLE_POINT,true,true,0.02583066838184836,0.05166134903898906
324,2021-12-08,NominalCVaR,OPTIMAL,FEASIBLE_POINT,FEASIBLE_POINT,true,true,0.024699495791471193,0.02469949579147119
324,2021-12-08,FiniteRegime,OPTIMAL,FEASIBLE_POINT,FEASIBLE_POINT,true,true,0.03808515301437583,0.038085153014375844
324,2021-12-08,RobustSIP,OPTIMAL,FEASIBLE_POINT,FEASIBLE_POINT,true,true,0.08639030304281922,0.08639030304281924
325,2022-01-07,MinVar,OPTIMAL,FEASIBLE_POINT,FEASIBLE_POINT,true,true,0.02595279051483449,0.051905593285463084
325,2022-01-07,NominalCVaR,OPTIMAL,FEASIBLE_POINT,FEASIBLE_POINT,true,true,0.024738246973054268,0.02473824697305431
325,2022-01-07,FiniteRegime,OPTIMAL,FEASIBLE_POINT,FEASIBLE_POINT,true,true,0.03806499642996893,0.03806499642996894
325,2022-01-07,RobustSIP,OPTIMAL,FEASIBLE_POINT,FEASIBLE_POINT,true,true,0.08648296590098807,0.08648296590098807
326,2022-02-08,MinVar,OPTIMAL,FEASIBLE_POINT,FEASIBLE_POINT,true,true,0.026071816585599435,0.05214364540977766
326,2022-02-08,NominalCVaR,OPTIMAL,FEASIBLE_POINT,FEASIBLE_POINT,true,true,0.024648595110622853,0.02464859511062287
326,2022-02-08,FiniteRegime,OPTIMAL,FEASIBLE_POINT,FEASIBLE_POINT,true,true,0.03787016429972125,0.03787016429972124
326,2022-02-08,RobustSIP,OPTIMAL,FEASIBLE_POINT,FEASIBLE_POINT,true,true,0.08632969568669868,0.08632969568669868
327,2022-03-10,MinVar,OPTIMAL,FEASIBLE_POINT,FEASIBLE_POINT,true,true,0.027221302455518393,0.0544426174666887
327,2022-03-10,NominalCVaR,OPTIMAL,FEASIBLE_POINT,FEASIBLE_POINT,true,true,0.02490569536632133,0.02490569536632135
327,2022-03-10,FiniteRegime,OPTIMAL,FEASIBLE_POINT,FEASIBLE_POINT,true,true,0.03785493197484367,0.037854931974843666
327,2022-03-10,RobustSIP,OPTIMAL,FEASIBLE_POINT,FEASIBLE_POINT,true,true,0.08642174250432307,0.08642174250432307
328,2022-04-08,MinVar,OPTIMAL,FEASIBLE_POINT,FEASIBLE_POINT,true,true,0.026929031590413724,0.05385807556621344
328,2022-04-08,NominalCVaR,OPTIMAL,FEASIBLE_POINT,FEASIBLE_POINT,true,true,0.024690217711625252,0.02469021771162528
328,2022-04-08,FiniteRegime,OPTIMAL,FEASIBLE_POINT,FEASIBLE_POINT,true,true,0.0373832286288433,0.03738322862884331
328,2022-04-08,RobustSIP,OPTIMAL,FEASIBLE_POINT,FEASIBLE_POINT,true,true,0.08624094077872205,0.08624094077872205
329,2022-05-10,MinVar,OPTIMAL,FEASIBLE_POINT,FEASIBLE_POINT,true,true,0.027699578342436953,0.05539916923216996
329,2022-05-10,NominalCVaR,OPTIMAL,FEASIBLE_POINT,FEASIBLE_POINT,true,true,0.025353198955372278,0.02535319895537231
329,2022-05-10,FiniteRegime,OPTIMAL,FEASIBLE_POINT,FEASIBLE_POINT,true,true,0.037419473792966396,0.037419473792966375
329,2022-05-10,RobustSIP,OPTIMAL,FEASIBLE_POINT,FEASIBLE_POINT,true,true,0.08648036521162376,0.08648036521162376
330,2022-06-09,MinVar,OPTIMAL,FEASIBLE_POINT,FEASIBLE_POINT,true,true,0.02901334170393111,0.058026696205902235
330,2022-06-09,NominalCVaR,OPTIMAL,FEASIBLE_POINT,FEASIBLE_POINT,true,true,0.0262989502040853,0.026298950204085306
330,2022-06-09,FiniteRegime,OPTIMAL,FEASIBLE_POINT,FEASIBLE_POINT,true,true,0.03877630868671875,0.03877630868671873
330,2022-06-09,RobustSIP,OPTIMAL,FEASIBLE_POINT,FEASIBLE_POINT,true,true,0.08687413988893085,0.08687413988893085
331,2022-07-12,MinVar,OPTIMAL,FEASIBLE_POINT,FEASIBLE_POINT,true,true,0.028957186775104896,0.057914386540014684
331,2022-07-12,NominalCVaR,OPTIMAL,FEASIBLE_POINT,FEASIBLE_POINT,true,true,0.026222839775564177,0.02622283977556421
331,2022-07-12,FiniteRegime,OPTIMAL,FEASIBLE_POINT,FEASIBLE_POINT,true,true,0.0386504204359792,0.03865042043597921
331,2022-07-12,RobustSIP,OPTIMAL,FEASIBLE_POINT,FEASIBLE_POINT,true,true,0.08663104707064835,0.08663104707064835
332,2022-08-10,MinVar,OPTIMAL,FEASIBLE_POINT,FEASIBLE_POINT,true,true,0.029569027274635146,0.05913806721965298
332,2022-08-10,NominalCVaR,OPTIMAL,FEASIBLE_POINT,FEASIBLE_POINT,true,true,0.026488832348023104,0.026488832348023128
332,2022-08-10,FiniteRegime,OPTIMAL,FEASIBLE_POINT,FEASIBLE_POINT,true,true,0.03894968908704304,0.03894968908704305
332,2022-08-10,RobustSIP,OPTIMAL,FEASIBLE_POINT,FEASIBLE_POINT,true,true,0.08664302655643691,0.08664302655643691
333,2022-09-09,MinVar,OPTIMAL,FEASIBLE_POINT,FEASIBLE_POINT,true,true,0.029663613064977848,0.05932723862435834
333,2022-09-09,NominalCVaR,OPTIMAL,FEASIBLE_POINT,FEASIBLE_POINT,true,true,0.026509418495994405,0.026509418495994412
333,2022-09-09,FiniteRegime,OPTIMAL,FEASIBLE_POINT,FEASIBLE_POINT,true,true,0.03885527337413504,0.03885527337413504
333,2022-09-09,RobustSIP,OPTIMAL,FEASIBLE_POINT,FEASIBLE_POINT,true,true,0.08649609668155998,0.08649609668155998
334,2022-10-10,MinVar,OPTIMAL,FEASIBLE_POINT,FEASIBLE_POINT,true,true,0.031026889598008093,0.06205379210871543
334,2022-10-10,NominalCVaR,OPTIMAL,FEASIBLE_POINT,FEASIBLE_POINT,true,true,0.027207966836517137,0.02720796683651716
334,2022-10-10,FiniteRegime,OPTIMAL,FEASIBLE_POINT,FEASIBLE_POINT,true,true,0.039948924273140875,0.03994892427314088
334,2022-10-10,RobustSIP,OPTIMAL,FEASIBLE_POINT,FEASIBLE_POINT,true,true,0.08721335294615801,0.08721335294615801
335,2022-11-08,MinVar,OPTIMAL,FEASIBLE_POINT,FEASIBLE_POINT,true,true,0.03143337651358227,0.06286676559734725
335,2022-11-08,NominalCVaR,OPTIMAL,FEASIBLE_POINT,FEASIBLE_POINT,true,true,0.027216058418430014,0.027216058418430056
335,2022-11-08,FiniteRegime,OPTIMAL,FEASIBLE_POINT,FEASIBLE_POINT,true,true,0.039765270057735974,0.039765270057735974
335,2022-11-08,RobustSIP,OPTIMAL,FEASIBLE_POINT,FEASIBLE_POINT,true,true,0.08680652349171397,0.08680652349171397
336,2022-12-08,MinVar,OPTIMAL,FEASIBLE_POINT,FEASIBLE_POINT,true,true,0.03190703829664052,0.06381408919070554
336,2022-12-08,NominalCVaR,OPTIMAL,FEASIBLE_POINT,FEASIBLE_POINT,true,true,0.026994276752675607,0.02699427675267565
336,2022-12-08,FiniteRegime,OPTIMAL,FEASIBLE_POINT,FEASIBLE_POINT,true,true,0.039959642856517714,0.039959642856517694
336,2022-12-08,RobustSIP,OPTIMAL,FEASIBLE_POINT,FEASIBLE_POINT,true,true,0.08662889701113517,0.08662889701113517
337,2023-01-10,MinVar,OPTIMAL,FEASIBLE_POINT,FEASIBLE_POINT,true,true,0.03231697650533189,0.06463396574051919
337,2023-01-10,NominalCVaR,OPTIMAL,FEASIBLE_POINT,FEASIBLE_POINT,true,true,0.027013895698530386,0.027013895698530403
337,2023-01-10,FiniteRegime,OPTIMAL,FEASIBLE_POINT,FEASIBLE_POINT,true,true,0.0398082524273814,0.039808252427381396
337,2023-01-10,RobustSIP,OPTIMAL,FEASIBLE_POINT,FEASIBLE_POINT,true,true,0.08686230181792087,0.08686230181792087
338,2023-02-09,MinVar,OPTIMAL,FEASIBLE_POINT,FEASIBLE_POINT,true,true,0.03236774350366078,0.0647354989589975
338,2023-02-09,NominalCVaR,OPTIMAL,FEASIBLE_POINT,FEASIBLE_POINT,true,true,0.026862502050085293,0.02686250205008531
338,2023-02-09,FiniteRegime,OPTIMAL,FEASIBLE_POINT,FEASIBLE_POINT,true,true,0.04003269271025399,0.04003269271025399
338,2023-02-09,RobustSIP,OPTIMAL,FEASIBLE_POINT,FEASIBLE_POINT,true,true,0.08659544119332613,0.08659544119332611
339,2023-03-13,MinVar,OPTIMAL,FEASIBLE_POINT,FEASIBLE_POINT,true,true,0.032190409763670914,0.06438083143187578
339,2023-03-13,NominalCVaR,OPTIMAL,FEASIBLE_POINT,FEASIBLE_POINT,true,true,0.026780522564330042,0.026780522564330077
339,2023-03-13,FiniteRegime,OPTIMAL,FEASIBLE_POINT,FEASIBLE_POINT,true,true,0.03958892088268721,0.039588920882687215
339,2023-03-13,RobustSIP,OPTIMAL,FEASIBLE_POINT,FEASIBLE_POINT,true,true,0.08736346820334596,0.08736346820334596
340,2023-04-12,MinVar,OPTIMAL,FEASIBLE_POINT,FEASIBLE_POINT,true,true,0.03172535639526695,0.0634507248338897
340,2023-04-12,NominalCVaR,OPTIMAL,FEASIBLE_POINT,FEASIBLE_POINT,true,true,0.02664306623988255,0.026643066239882576
340,2023-04-12,FiniteRegime,OPTIMAL,FEASIBLE_POINT,FEASIBLE_POINT,true,true,0.03938989239417872,0.03938989239417873
340,2023-04-12,RobustSIP,OPTIMAL,FEASIBLE_POINT,FEASIBLE_POINT,true,true,0.08713996493571344,0.08713996493571342
341,2023-05-11,MinVar,OPTIMAL,FEASIBLE_POINT,FEASIBLE_POINT,true,true,0.030776736148889042,0.06155348473498519
341,2023-05-11,NominalCVaR,OPTIMAL,FEASIBLE_POINT,FEASIBLE_POINT,true,true,0.026247207575442123,0.026247207575442154
341,2023-05-11,FiniteRegime,OPTIMAL,FEASIBLE_POINT,FEASIBLE_POINT,true,true,0.039002751561420176,0.03900275156142018
341,2023-05-11,RobustSIP,OPTIMAL,FEASIBLE_POINT,FEASIBLE_POINT,true,true,0.08707450623920539,0.0870745062392054
342,2023-06-12,MinVar,OPTIMAL,FEASIBLE_POINT,FEASIBLE_POINT,true,true,0.03163292802585494,0.06326586871127879
342,2023-06-12,NominalCVaR,OPTIMAL,FEASIBLE_POINT,FEASIBLE_POINT,true,true,0.026723946545207444,0.026723946545207447
342,2023-06-12,FiniteRegime,OPTIMAL,FEASIBLE_POINT,FEASIBLE_POINT,true,true,0.03936415254202865,0.039364152542028644
342,2023-06-12,RobustSIP,OPTIMAL,FEASIBLE_POINT,FEASIBLE_POINT,true,true,0.08727816242139479,0.08727816242139477
343,2023-07-13,MinVar,OPTIMAL,FEASIBLE_POINT,FEASIBLE_POINT,true,true,0.03171178738229125,0.06342358716510882
343,2023-07-13,NominalCVaR,OPTIMAL,FEASIBLE_POINT,FEASIBLE_POINT,true,true,0.026840807130412057,0.026840807130412078
343,2023-07-13,FiniteRegime,OPTIMAL,FEASIBLE_POINT,FEASIBLE_POINT,true,true,0.039425148758065215,0.03942514875806521
343,2023-07-13,RobustSIP,OPTIMAL,FEASIBLE_POINT,FEASIBLE_POINT,true,true,0.0869267441412603,0.0869267441412603
344,2023-08-11,MinVar,OPTIMAL,FEASIBLE_POINT,FEASIBLE_POINT,true,true,0.031906098648395234,0.06381220925083288
344,2023-08-11,NominalCVaR,OPTIMAL,FEASIBLE_POINT,FEASIBLE_POINT,true,true,0.026910950076244517,0.02691095007624455
344,2023-08-11,FiniteRegime,OPTIMAL,FEASIBLE_POINT,FEASIBLE_POINT,true,true,0.03949168486676167,0.039491684866761675
344,2023-08-11,RobustSIP,OPTIMAL,FEASIBLE_POINT,FEASIBLE_POINT,true,true,0.08651619779009107,0.08651619779009105
345,2023-09-12,MinVar,OPTIMAL,FEASIBLE_POINT,FEASIBLE_POINT,true,true,0.03165219655045725,0.06330440542990935
345,2023-09-12,NominalCVaR,OPTIMAL,FEASIBLE_POINT,FEASIBLE_POINT,true,true,0.02664161338754866,0.02664161338754868
345,2023-09-12,FiniteRegime,OPTIMAL,FEASIBLE_POINT,FEASIBLE_POINT,true,true,0.0396304630756837,0.0396304630756837
345,2023-09-12,RobustSIP,OPTIMAL,FEASIBLE_POINT,FEASIBLE_POINT,true,true,0.08624411716701465,0.08624411716701463
346,2023-10-11,MinVar,OPTIMAL,FEASIBLE_POINT,FEASIBLE_POINT,true,true,0.03173319661132209,0.0634664056596002
346,2023-10-11,NominalCVaR,OPTIMAL,FEASIBLE_POINT,FEASIBLE_POINT,true,true,0.026602321794529867,0.026602321794529878
346,2023-10-11,FiniteRegime,OPTIMAL,FEASIBLE_POINT,FEASIBLE_POINT,true,true,0.04010141074147859,0.040101410741478584
346,2023-10-11,RobustSIP,OPTIMAL,FEASIBLE_POINT,FEASIBLE_POINT,true,true,0.08622435729473667,0.08622435729473665
347,2023-11-09,MinVar,OPTIMAL,FEASIBLE_POINT,FEASIBLE_POINT,true,true,0.0316006994625433,0.06320141230162517
347,2023-11-09,NominalCVaR,OPTIMAL,FEASIBLE_POINT,FEASIBLE_POINT,true,true,0.0265484010722796,0.02654840107227964
347,2023-11-09,FiniteRegime,OPTIMAL,FEASIBLE_POINT,FEASIBLE_POINT,true,true,0.04020551334140499,0.040205513341405
347,2023-11-09,RobustSIP,OPTIMAL,FEASIBLE_POINT,FEASIBLE_POINT,true,true,0.086226905042832,0.08622690504283198
348,2023-12-11,MinVar,OPTIMAL,FEASIBLE_POINT,FEASIBLE_POINT,true,true,0.03310471673432066,0.06620944534570411
348,2023-12-11,NominalCVaR,OPTIMAL,FEASIBLE_POINT,FEASIBLE_POINT,true,true,0.027202269396964705,0.027202269396964712
348,2023-12-11,FiniteRegime,OPTIMAL,FEASIBLE_POINT,FEASIBLE_POINT,true,true,0.04056819389734457,0.04056819389734456
348,2023-12-11,RobustSIP,OPTIMAL,FEASIBLE_POINT,FEASIBLE_POINT,true,true,0.08687138239245983,0.08687138239245981
349,2024-01-11,MinVar,OPTIMAL,FEASIBLE_POINT,FEASIBLE_POINT,true,true,0.030789297732899894,0.06157860814388414
349,2024-01-11,NominalCVaR,OPTIMAL,FEASIBLE_POINT,FEASIBLE_POINT,true,true,0.026227455691291673,0.02622745569129172
349,2024-01-11,FiniteRegime,OPTIMAL,FEASIBLE_POINT,FEASIBLE_POINT,true,true,0.040193867118518495,0.040193867118518495
349,2024-01-11,RobustSIP,OPTIMAL,FEASIBLE_POINT,FEASIBLE_POINT,true,true,0.0862449334909565,0.0862449334909565
350,2024-02-12,MinVar,OPTIMAL,FEASIBLE_POINT,FEASIBLE_POINT,true,true,0.030488621641541615,0.060977256278521574
350,2024-02-12,NominalCVaR,OPTIMAL,FEASIBLE_POINT,FEASIBLE_POINT,true,true,0.02626612466444793,0.026266124664447832
350,2024-02-12,FiniteRegime,OPTIMAL,FEASIBLE_POINT,FEASIBLE_POINT,true,true,0.039697429670973804,0.0396974296709738
350,2024-02-12,RobustSIP,OPTIMAL,FEASIBLE_POINT,FEASIBLE_POINT,true,true,0.08622900683179203,0.08622900683179202
351,2024-03-13,MinVar,OPTIMAL,FEASIBLE_POINT,FEASIBLE_POINT,true,true,0.03065511386442027,0.06131024053219937
351,2024-03-13,NominalCVaR,OPTIMAL,FEASIBLE_POINT,FEASIBLE_POINT,true,true,0.02634650996661672,0.02634650996661676
351,2024-03-13,FiniteRegime,OPTIMAL,FEASIBLE_POINT,FEASIBLE_POINT,true,true,0.03972214209591869,0.0397221420959187
351,2024-03-13,RobustSIP,OPTIMAL,FEASIBLE_POINT,FEASIBLE_POINT,true,true,0.08623080091089388,0.08623080091089388
352,2024-04-12,MinVar,OPTIMAL,FEASIBLE_POINT,FEASIBLE_POINT,true,true,0.03027529898704905,0.06055061124874511
352,2024-04-12,NominalCVaR,OPTIMAL,FEASIBLE_POINT,FEASIBLE_POINT,true,true,0.026119979092488796,0.026119979092488813
352,2024-04-12,FiniteRegime,OPTIMAL,FEASIBLE_POINT,FEASIBLE_POINT,true,true,0.0396048320562924,0.039604832056292394
352,2024-04-12,RobustSIP,OPTIMAL,FEASIBLE_POINT,FEASIBLE_POINT,true,true,0.08621680914272464,0.08621680914272464
353,2024-05-13,MinVar,OPTIMAL,FEASIBLE_POINT,FEASIBLE_POINT,true,true,0.029803122198230222,0.05960625818658514
353,2024-05-13,NominalCVaR,OPTIMAL,FEASIBLE_POINT,FEASIBLE_POINT,true,true,0.025882228166699772,0.025882228166699797
353,2024-05-13,FiniteRegime,OPTIMAL,FEASIBLE_POINT,FEASIBLE_POINT,true,true,0.0395758759130658,0.03957587591306581
353,2024-05-13,RobustSIP,OPTIMAL,FEASIBLE_POINT,FEASIBLE_POINT,true,true,0.08618170306068368,0.08618170306068368
354,2024-06-12,MinVar,OPTIMAL,FEASIBLE_POINT,FEASIBLE_POINT,true,true,0.030019951930387073,0.06003991775115274
354,2024-06-12,NominalCVaR,OPTIMAL,FEASIBLE_POINT,FEASIBLE_POINT,true,true,0.026227521493340893,0.026227521493340906
354,2024-06-12,FiniteRegime,OPTIMAL,FEASIBLE_POINT,FEASIBLE_POINT,true,true,0.03954476407072076,0.039544764070720745
354,2024-06-12,RobustSIP,OPTIMAL,FEASIBLE_POINT,FEASIBLE_POINT,true,true,0.08621403945122835,0.08621403945122832
355,2024-07-15,MinVar,OPTIMAL,FEASIBLE_POINT,FEASIBLE_POINT,true,true,0.030225762838988444,0.06045153951816283
355,2024-07-15,NominalCVaR,OPTIMAL,FEASIBLE_POINT,FEASIBLE_POINT,true,true,0.026353091518911565,0.02635309151891159
355,2024-07-15,FiniteRegime,OPTIMAL,FEASIBLE_POINT,FEASIBLE_POINT,true,true,0.039621087878569904,0.03962108787856992
355,2024-07-15,RobustSIP,OPTIMAL,FEASIBLE_POINT,FEASIBLE_POINT,true,true,0.08623779183577569,0.08623779183577568
356,2024-08-13,MinVar,OPTIMAL,FEASIBLE_POINT,FEASIBLE_POINT,true,true,0.03068989512272857,0.061379803512453646
356,2024-08-13,NominalCVaR,OPTIMAL,FEASIBLE_POINT,FEASIBLE_POINT,true,true,0.02657891776472635,0.02657891776472638
356,2024-08-13,FiniteRegime,OPTIMAL,FEASIBLE_POINT,FEASIBLE_POINT,true,true,0.04002280015212006,0.04002280015212005
356,2024-08-13,RobustSIP,OPTIMAL,FEASIBLE_POINT,FEASIBLE_POINT,true,true,0.08674630082634242,0.08674630082634244
357,2024-09-12,MinVar,OPTIMAL,FEASIBLE_POINT,FEASIBLE_POINT,true,true,0.029152493248571408,0.058305000541537685
357,2024-09-12,NominalCVaR,OPTIMAL,FEASIBLE_POINT,FEASIBLE_POINT,true,true,0.025645280844346422,0.025645280844346443
357,2024-09-12,FiniteRegime,OPTIMAL,FEASIBLE_POINT,FEASIBLE_POINT,true,true,0.039011747103208816,0.039011747103208816
357,2024-09-12,RobustSIP,OPTIMAL,FEASIBLE_POINT,FEASIBLE_POINT,true,true,0.08623408236018805,0.08623408236018805
358,2024-10-11,MinVar,OPTIMAL,FEASIBLE_POINT,FEASIBLE_POINT,true,true,0.030116690062550404,0.06023339393945525
358,2024-10-11,NominalCVaR,OPTIMAL,FEASIBLE_POINT,FEASIBLE_POINT,true,true,0.02633916723378398,0.02633916723378347
358,2024-10-11,FiniteRegime,OPTIMAL,FEASIBLE_POINT,FEASIBLE_POINT,true,true,0.03968196266738586,0.03968196266738585
358,2024-10-11,RobustSIP,OPTIMAL,FEASIBLE_POINT,FEASIBLE_POINT,true,true,0.08658092412546002,0.08658092412546003
359,2024-11-11,MinVar,OPTIMAL,FEASIBLE_POINT,FEASIBLE_POINT,true,true,0.03063285428231982,0.06126572238443263
359,2024-11-11,NominalCVaR,OPTIMAL,FEASIBLE_POINT,FEASIBLE_POINT,true,true,0.026602498011462593,0.026602498011462614
359,2024-11-11,FiniteRegime,OPTIMAL,FEASIBLE_POINT,FEASIBLE_POINT,true,true,0.03987978355016262,0.03987978355016264
359,2024-11-11,RobustSIP,OPTIMAL,FEASIBLE_POINT,FEASIBLE_POINT,true,true,0.08680006058389717,0.08680006058389717
360,2024-12-11,MinVar,OPTIMAL,FEASIBLE_POINT,FEASIBLE_POINT,true,true,0.03065381949422,0.06130765277175766
360,2024-12-11,NominalCVaR,OPTIMAL,FEASIBLE_POINT,FEASIBLE_POINT,true,true,0.026652729612150004,0.02665272961215002
360,2024-12-11,FiniteRegime,OPTIMAL,FEASIBLE_POINT,FEASIBLE_POINT,true,true,0.03987792977669526,0.03987792977669529
360,2024-12-11,RobustSIP,OPTIMAL,FEASIBLE_POINT,FEASIBLE_POINT,true,true,0.08679672001506096,0.08679672001506096
361,2025-01-14,MinVar,OPTIMAL,FEASIBLE_POINT,FEASIBLE_POINT,true,true,0.030401242746117416,0.06080249921790494
361,2025-01-14,NominalCVaR,OPTIMAL,FEASIBLE_POINT,FEASIBLE_POINT,true,true,0.026456941913050598,0.026456941913050633
361,2025-01-14,FiniteRegime,OPTIMAL,FEASIBLE_POINT,FEASIBLE_POINT,true,true,0.03986179984031049,0.03986179984031048
361,2025-01-14,RobustSIP,OPTIMAL,FEASIBLE_POINT,FEASIBLE_POINT,true,true,0.08657904326006749,0.0865790432600675
362,2025-02-13,MinVar,OPTIMAL,FEASIBLE_POINT,FEASIBLE_POINT,true,true,0.03083877356969133,0.06167756104745192
362,2025-02-13,NominalCVaR,OPTIMAL,FEASIBLE_POINT,FEASIBLE_POINT,true,true,0.026742691912956806,0.02674269191295685
362,2025-02-13,FiniteRegime,OPTIMAL,FEASIBLE_POINT,FEASIBLE_POINT,true,true,0.04046894040847338,0.04046894040847339
362,2025-02-13,RobustSIP,OPTIMAL,FEASIBLE_POINT,FEASIBLE_POINT,true,true,0.08714074150378165,0.08714074150378165
363,2025-03-17,MinVar,OPTIMAL,FEASIBLE_POINT,FEASIBLE_POINT,true,true,0.028723967819872676,0.057447948914841854
363,2025-03-17,NominalCVaR,OPTIMAL,FEASIBLE_POINT,FEASIBLE_POINT,true,true,0.02485947990105643,0.024859479901056462
363,2025-03-17,FiniteRegime,OPTIMAL,FEASIBLE_POINT,FEASIBLE_POINT,true,true,0.03712838185096877,0.03712838185096876
363,2025-03-17,RobustSIP,OPTIMAL,FEASIBLE_POINT,FEASIBLE_POINT,true,true,0.08814124995453754,0.08814124995453752
364,2025-04-15,MinVar,OPTIMAL,FEASIBLE_POINT,FEASIBLE_POINT,true,true,0.020442716266340425,0.04088544417459418
364,2025-04-15,NominalCVaR,OPTIMAL,FEASIBLE_POINT,FEASIBLE_POINT,true,true,0.02105283509060165,0.021052835090601678
364,2025-04-15,FiniteRegime,OPTIMAL,FEASIBLE_POINT,FEASIBLE_POINT,true,true,0.02776687184706215,0.027766871847062155
364,2025-04-15,RobustSIP,OPTIMAL,FEASIBLE_POINT,FEASIBLE_POINT,true,true,0.038185161018657085,0.038185161018657085
365,2025-05-15,MinVar,OPTIMAL,FEASIBLE_POINT,FEASIBLE_POINT,true,true,0.019385594107933772,0.03877120033998992
365,2025-05-15,NominalCVaR,OPTIMAL,FEASIBLE_POINT,FEASIBLE_POINT,true,true,0.02021815973003662,0.020218159730036652
365,2025-05-15,FiniteRegime,OPTIMAL,FEASIBLE_POINT,FEASIBLE_POINT,true,true,0.026554134385822773,0.02655413438582276
365,2025-05-15,RobustSIP,OPTIMAL,FEASIBLE_POINT,FEASIBLE_POINT,true,true,0.03933995049577754,0.039339950495777536
366,2025-06-16,MinVar,OPTIMAL,FEASIBLE_POINT,FEASIBLE_POINT,true,true,0.018247245726225846,0.03649450391888912
366,2025-06-16,NominalCVaR,OPTIMAL,FEASIBLE_POINT,FEASIBLE_POINT,true,true,0.01977685449395344,0.019776854493953475
366,2025-06-16,FiniteRegime,OPTIMAL,FEASIBLE_POINT,FEASIBLE_POINT,true,true,0.026375044119575204,0.026375044119575204
366,2025-06-16,RobustSIP,OPTIMAL,FEASIBLE_POINT,FEASIBLE_POINT,true,true,0.040559143709640214,0.04055914370964023
367,2025-07-17,MinVar,OPTIMAL,FEASIBLE_POINT,FEASIBLE_POINT,true,true,0.016984460268628845,0.033968932988142325
367,2025-07-17,NominalCVaR,OPTIMAL,FEASIBLE_POINT,FEASIBLE_POINT,true,true,0.018584386745752787,0.018584386745752808
367,2025-07-17,FiniteRegime,OPTIMAL,FEASIBLE_POINT,FEASIBLE_POINT,true,true,0.024073079780240942,0.02407307978024094
367,2025-07-17,RobustSIP,OPTIMAL,FEASIBLE_POINT,FEASIBLE_POINT,true,true,0.035688835012703174,0.03568883501270317
368,2025-08-15,MinVar,OPTIMAL,FEASIBLE_POINT,FEASIBLE_POINT,true,true,0.017184531686803936,0.03436907597458775
368,2025-08-15,NominalCVaR,OPTIMAL,FEASIBLE_POINT,FEASIBLE_POINT,true,true,0.018839381300223647,0.01883938130022369
368,2025-08-15,FiniteRegime,OPTIMAL,FEASIBLE_POINT,FEASIBLE_POINT,true,true,0.024248514299093863,0.024248514299093867
368,2025-08-15,RobustSIP,OPTIMAL,FEASIBLE_POINT,FEASIBLE_POINT,true,true,0.036486332481694986,0.03648633248169498
369,2025-09-16,MinVar,OPTIMAL,FEASIBLE_POINT,FEASIBLE_POINT,true,true,0.016648341703058886,0.03329669567540855
369,2025-09-16,NominalCVaR,OPTIMAL,FEASIBLE_POINT,FEASIBLE_POINT,true,true,0.018433554575820788,0.018433554575820812
369,2025-09-16,FiniteRegime,OPTIMAL,FEASIBLE_POINT,FEASIBLE_POINT,true,true,0.023949988804522912,0.02394998880452291
369,2025-09-16,RobustSIP,OPTIMAL,FEASIBLE_POINT,FEASIBLE_POINT,true,true,0.03613554667438724,0.03613554667438724
370,2025-10-15,MinVar,OPTIMAL,FEASIBLE_POINT,FEASIBLE_POINT,true,true,0.016109116090564604,0.03221824453776124
370,2025-10-15,NominalCVaR,OPTIMAL,FEASIBLE_POINT,FEASIBLE_POINT,true,true,0.018109536859551453,0.018109536859551457
370,2025-10-15,FiniteRegime,OPTIMAL,FEASIBLE_POINT,FEASIBLE_POINT,true,true,0.02349117168073627,0.023491171680736275
370,2025-10-15,RobustSIP,OPTIMAL,FEASIBLE_POINT,FEASIBLE_POINT,true,true,0.03663440956978531,0.03663440956978531
371,2025-11-13,MinVar,OPTIMAL,FEASIBLE_POINT,FEASIBLE_POINT,true,true,0.015554339212477135,0.031108690699250208
371,2025-11-13,NominalCVaR,OPTIMAL,FEASIBLE_POINT,FEASIBLE_POINT,true,true,0.017626903874898115,0.017626903874898136
371,2025-11-13,FiniteRegime,OPTIMAL,FEASIBLE_POINT,FEASIBLE_POINT,true,true,0.022591792335577166,0.022591792335577166
371,2025-11-13,RobustSIP,OPTIMAL,FEASIBLE_POINT,FEASIBLE_POINT,true,true,0.03640042418248473,0.03640042418248473
372,2025-12-15,MinVar,OPTIMAL,FEASIBLE_POINT,FEASIBLE_POINT,true,true,0.015076364378953854,0.03015274138050769
372,2025-12-15,NominalCVaR,OPTIMAL,FEASIBLE_POINT,FEASIBLE_POINT,true,true,0.017555446343464863,0.01755544634346489
372,2025-12-15,FiniteRegime,OPTIMAL,FEASIBLE_POINT,FEASIBLE_POINT,true,true,0.022274681620752693,0.022274681620752697
372,2025-12-15,RobustSIP,OPTIMAL,FEASIBLE_POINT,FEASIBLE_POINT,true,true,0.035885804651334605,0.035885804651334605
373,2026-01-15,MinVar,OPTIMAL,FEASIBLE_POINT,FEASIBLE_POINT,true,true,0.015109861630432125,0.0302197358461147
373,2026-01-15,NominalCVaR,OPTIMAL,FEASIBLE_POINT,FEASIBLE_POINT,true,true,0.017534405929646855,0.01753440592964687
373,2026-01-15,FiniteRegime,OPTIMAL,FEASIBLE_POINT,FEASIBLE_POINT,true,true,0.022263579824926678,0.022263579824926674
373,2026-01-15,RobustSIP,OPTIMAL,FEASIBLE_POINT,FEASIBLE_POINT,true,true,0.036111635582987064,0.036111635582987064
374,2026-02-17,MinVar,OPTIMAL,FEASIBLE_POINT,FEASIBLE_POINT,true,true,0.01473736871112997,0.02947474975116214
374,2026-02-17,NominalCVaR,OPTIMAL,FEASIBLE_POINT,FEASIBLE_POINT,true,true,0.017159575596543748,0.017159575596543762
374,2026-02-17,FiniteRegime,OPTIMAL,FEASIBLE_POINT,FEASIBLE_POINT,true,true,0.021743270333060873,0.021743270333060866
374,2026-02-17,RobustSIP,OPTIMAL,FEASIBLE_POINT,FEASIBLE_POINT,true,true,0.03515420897079501,0.03515420897079501
375,2026-03-18,MinVar,OPTIMAL,FEASIBLE_POINT,FEASIBLE_POINT,true,true,0.014620084587443006,0.029240181510525307
375,2026-03-18,NominalCVaR,OPTIMAL,FEASIBLE_POINT,FEASIBLE_POINT,true,true,0.017223134583045606,0.017223134583045627
375,2026-03-18,FiniteRegime,OPTIMAL,FEASIBLE_POINT,FEASIBLE_POINT,true,true,0.02182048842592231,0.021820488425922314
375,2026-03-18,RobustSIP,OPTIMAL,FEASIBLE_POINT,FEASIBLE_POINT,true,true,0.035676112305112445,0.035676112305112445
376,2026-04-17,MinVar,OPTIMAL,FEASIBLE_POINT,FEASIBLE_POINT,true,true,0.014877303916696435,0.029754620631613177
376,2026-04-17,NominalCVaR,OPTIMAL,FEASIBLE_POINT,FEASIBLE_POINT,true,true,0.017416997932485842,0.017416997932485866
376,2026-04-17,FiniteRegime,OPTIMAL,FEASIBLE_POINT,FEASIBLE_POINT,true,true,0.022095864557865972,0.022095864557865972
376,2026-04-17,RobustSIP,OPTIMAL,FEASIBLE_POINT,FEASIBLE_POINT,true,true,0.03692902346842764,0.03692902346842764
377,2026-05-18,MinVar,OPTIMAL,FEASIBLE_POINT,FEASIBLE_POINT,true,true,0.015033699315229332,0.030067411292322543
377,2026-05-18,NominalCVaR,OPTIMAL,FEASIBLE_POINT,FEASIBLE_POINT,true,true,0.017513969892479688,0.017513969892479702
377,2026-05-18,FiniteRegime,OPTIMAL,FEASIBLE_POINT,FEASIBLE_POINT,true,true,0.02240119320164214,0.02240119320164214
377,2026-05-18,RobustSIP,OPTIMAL,FEASIBLE_POINT,FEASIBLE_POINT,true,true,0.03749372280700828,0.03749372280700828
