Date,Gross_Return_1N,TC_Drag_1N,Net_Return_1N,Cumulative_Net_Wealth_1N,Gross_Return_MinVar,TC_Drag_MinVar,Net_Return_MinVar,Cumulative_Net_Wealth_MinVar,Gross_Return_NominalCVaR,TC_Drag_NominalCVaR,Net_Return_NominalCVaR,Cumulative_Net_Wealth_NominalCVaR,Gross_Return_FiniteRegime,TC_Drag_FiniteRegime,Net_Return_FiniteRegime,Cumulative_Net_Wealth_FiniteRegime,Gross_Return_RobustSIP,TC_Drag_RobustSIP,Net_Return_RobustSIP,Cumulative_Net_Wealth_RobustSIP
1995-01-26,0.009500128180247591,0.0,0.009500128180247591,1.0095001281802476,0.01580690235690141,0.0006668208800145878,0.015140081476886821,1.0151400814768867,0.01637289430528721,0.0006782737344385541,0.015694620570848656,1.0156946205708486,0.018779550420134017,0.0006933306565181782,0.018086219763615838,1.0180862197636158,0.014477914303339778,0.0007581673551774192,0.013719746948162359,1.0137197469481625
1995-02-27,0.027846894775892528,7.357245035908823e-6,0.02783953753085662,1.0376041448861262,0.03352762634152007,9.707187262286807e-5,0.0334305544688972,1.0490767772642604,0.03165228360509942,6.65419328082845e-5,0.03158574167229113,1.0477760884741352,0.03239705871981502,0.00011442181529713775,0.03228263690451788,1.0509527275337378,0.023842184682241196,0.00011139992283695671,0.02373078475940424,1.037776112069347
1995-03-28,0.0347222978107502,1.1834990940368223e-5,0.034710462819809836,1.0736198649788766,0.03506684282616557,9.833361403601058e-5,0.03496850921212956,1.0857614282142567,0.037781562705960337,9.709418133457354e-5,0.037684468524625765,1.0872609735010943,0.0342710972114888,7.574252922988093e-5,0.03419535468225892,1.0868904288060413,0.03083460439292396,0.00021552029223608851,0.03061908410068787,1.0695518661224832
1995-04-27,0.017329534023138082,1.1631073101250684e-5,0.01731790295003683,1.0922127096058123,0.026579501039532882,8.639649103979821e-5,0.026493104548493084,1.114526619246658,0.026306360953902708,9.929065681062118e-5,0.026207070297092086,1.1157548982649221,0.02113038859794547,4.32770936006997e-5,0.02108711150434477,1.1098098084712793,0.03171129456373678,0.00021752446911779813,0.031493770094618984,1.1032360866984154
1995-05-26,0.02062124539106658,9.815611379279144e-6,0.020611429779687298,1.1147247751743345,0.02192496979645031,7.942183292597809e-5,0.021845547963524333,1.1388740639640353,0.02134282933389886,0.00011207272759680752,0.021230756606302054,1.139443218942274,0.023219862225297483,4.219265553548672e-5,0.023177669569761996,1.1355326134973076,0.02609044673644778,0.00013344695531366906,0.02595699978113411,1.1318727855593855
1995-06-27,0.029896221462095696,7.736535886540531e-6,0.029888484926209154,1.1480422098140044,0.022267282422813617,3.1958529993247255e-5,0.02223532389282037,1.1641972976494082,0.02116460747881499,7.798111001021694e-5,0.021086626368804772,1.163470232368578,0.024835742968742913,1.6177828043377343e-5,0.024819565140699537,1.1637160391673929,0.025879186070195237,8.016301537199573e-6,0.025871169768658036,1.1611556585511162
1995-07-27,0.04772115313753256,1.015122670140418e-5,0.04771100191083115,1.2028164538801551,0.03121367557725052,6.337395701406664e-5,0.031150301620236454,1.2004623946166513,0.03312853219656686,0.0001093091414903437,0.03301922305507652,1.2018871154890978,0.026880120263299778,3.309446055698691e-5,0.026847025802742792,1.1949583536979855,0.0549612006672997,0.00011804043785167518,0.054843160229448025,1.2248371043843655
1995-08-25,0.003701397286779873,1.3986073376895929e-5,0.003687411213402977,1.2072517327598582,0.005947838007277939,0.00011307602838959275,0.005834761978888346,1.2074668069538457,0.007107866277950459,0.00011977054972115796,0.0069880957282293,1.210286017706661,0.008000590430812693,8.930142802622775e-5,0.007911289002786466,1.204412014580384,0.00829796909371483,9.474826753454287e-5,0.008203220826180286,1.2348847136277297
1995-09-26,0.021260305749307484,1.0485390183573712e-5,0.02124982035912391,1.2329056152092461,0.02833148840428934,0.00011252086058137911,0.02821896754370796,1.2415402735893808,0.03585067440854672,0.0001487906961200387,0.035701883712426684,1.2534955083696002,0.042150795413100184,0.00016987100401701923,0.041980924409083166,1.2549743443218748,0.026798976242469186,0.0005703968718072754,0.02622857937066191,1.2672739853527315
1995-10-25,-0.0178511275252774,1.4859833370440073e-5,-0.01786598735864784,1.2108785390735117,-0.003429228025630726,0.0001351768297397514,-0.0035644048553704778,1.2371149214100607,0.0007599559909654552,0.00020005355969831168,0.0005599024312671435,1.2541973435523188,0.0017612653760969987,0.00042973616216655363,0.001331529213930445,1.2566453793240726,0.0012541294317487406,0.00026827299679521664,0.000985856434953524,1.2685233355660406
1995-11-24,0.036717046314001855,1.516635875964088e-5,0.03670187995524221,1.255320057854967,0.03472661156348833,0.0003610457245350396,0.03436556583895329,1.2796290756921296,0.03389701786874255,0.0002624075797933501,0.0336346102889492,1.2963817824281363,0.03292052508982035,0.00032173787189692803,0.032598787217923426,1.2976104946530447,0.038506768378438805,0.0007059548572434456,0.03780081352119536,1.3164745496210573
1995-12-26,0.01832486456272253,8.371718256101307e-6,0.01831649284446643,1.2783131187121826,0.03353841966478277,0.0003259125516281152,0.033212507113154655,1.3221287654707539,0.036198404182044897,0.0002309233964003794,0.03596748078564452,1.34300936927848,0.02941763741979453,0.0001416287853519607,0.029276008634442567,1.3355993506986505,0.020792639436871818,0.0002473330330813674,0.020545306403790452,1.3435219226158137
1996-01-25,0.00719523039563863,1.1678606315855296e-5,0.0071835517893227745,1.2874959472034224,0.015955675387456347,3.653910666024415e-5,0.015919136280796102,1.3431759134690433,0.018640955940442794,5.377925953315746e-5,0.018587176680909635,1.3679721217093759,0.017587600762758004,0.00013532776530172144,0.017452272997456282,1.3589085951822686,0.009130526299647723,2.668630711192166e-5,0.0091038399925358,1.3557531312257722
1996-02-26,0.05341679454931314,1.0672365771289429e-5,0.05340612218354185,1.3562561130705832,0.0395493227510062,0.0001381651166726223,0.039411157634333574,1.3961120311254118,0.03577740604408208,0.00015546512623885496,0.03562194091784323,1.416701943806164,0.034136649522859,0.00021541787172035026,0.033921231651138646,1.4050044484321695,0.03557744905489035,0.0001546607518985162,0.03542278830299184,1.403777687384301
1996-03-26,0.01821680104316714,9.792602920389762e-6,0.018207008440246752,1.3809494795683956,0.014784603532724816,4.8695165549188386e-5,0.014735908367175627,1.4166850100863873,0.018352544787595182,0.00013024216239476254,0.01822230262520042,1.4425175153559098,0.008928726489492167,6.163006364888964e-5,0.008867096425843277,1.4174627583551562,0.013836601671969762,9.686105010778272e-5,0.013739740621861979,1.4230652286997187
1996-04-25,0.01231346987576587,1.4244149381706038e-5,0.012299225726384163,1.39793408893434,-0.0012394461629328113,5.2096342832130215e-5,-0.0012915425057649416,1.4148553011785807,-0.0034203318215515477,0.00016407203712340957,-0.0035844038586749574,1.4373469500076619,0.004678914318863692,0.000338616004065218,0.004340298314798474,1.4236149695765346,-0.0002287094049038263,0.00037142316194465843,-0.0006001325668484848,1.4222112009112264
1996-05-24,0.046181717559437896,1.24904078878656e-5,0.04616922715155003,1.4624756254292444,0.041130727698070135,5.531707435576864e-5,0.041075410623714365,1.4729710636476299,0.043641838847851666,0.0001656232660425896,0.04347621558180908,1.4998373558720508,0.035607915908804744,0.00017140428006350757,0.03543651162874124,1.4740629180007834,0.0456294739657932,0.0002909169906144924,0.045338556975178704,1.4866922044744775
1996-06-25,-0.016737076606792023,1.0562372492130837e-5,-0.016747638979284152,1.4379826116385526,-0.021603567207293506,3.1358084087097325e-5,-0.021634925291380603,1.4411034447292481,-0.017545388824545594,4.3410649032155534e-5,-0.01758879947357775,1.4734570173766364,-0.02696632041561997,0.00015246106613935067,-0.02711878148175932,1.4340881278371558,-0.014589664954267945,0.0002696163761862453,-0.01485928133045419,1.464601026756398
1996-07-25,-0.06825792811853171,1.2499962202869426e-5,-0.06827042808073458,1.3398109231693358,-0.05562841748856828,3.434189556386172e-5,-0.05566275938413214,1.36088765043764,-0.05738320289870369,9.705521440993711e-5,-0.05748025811311363,1.3887623276992487,-0.05076996359130992,0.00015453881426275164,-0.05092450240557267,1.3610579035213093,-0.0664983956917986,3.5809694034836026e-5,-0.06653420538583345,1.3671549612338854
1996-08-23,0.056137974738189156,1.0737701664714877e-5,0.05612723703652444,1.4150108084381858,0.05051361259655085,9.29087971298949e-5,0.05042070379942096,1.429504563564646,0.05329617245079388,0.00022786806440400233,0.053068304386389875,1.4624615896259439,0.05028830555363184,0.00021181858859476807,0.050076486965037074,1.4292149018856546,0.057333741935127636,0.0005535262768117503,0.05678021565831588,1.4447823147710819
1996-09-24,0.030459270192013665,1.038280402595137e-5,0.030448887387987716,1.4580963131971056,0.020166393121893833,3.201202717413671e-5,0.020134381094719697,1.4582867532240975,0.018630615502249093,5.37148567016811e-5,0.01857690064554741,1.4896295932743544,0.025032195438253746,0.0001530833352391068,0.02487911210301464,1.464772499648967,0.017063652104636784,0.00016083133077946722,0.016902820773857317,1.469203211294896
1996-10-23,0.01674252681135946,1.075562277050814e-5,0.016731771188588953,1.4824928470804448,0.01968271312394787,5.7498439497781644e-5,0.01962521468445009,1.48690594382761,0.013082306262049537,0.00012949565477710814,0.012952810607272429,1.5089244832710256,0.021223587697831725,7.930040643292067e-5,0.021144287291398806,1.495744070198085,0.025805477826250867,7.259665529289927e-5,0.025732881170957966,1.5070100429471376
1996-11-21,0.03789289734437862,1.0569839181954532e-5,0.03788232750519666,1.5386531266376577,0.038795802124893086,3.487763997916486e-5,0.038760924484913924,1.5445397928324816,0.04339315741443128,0.00010704592449398178,0.0432861114899373,1.574239956683791,0.04759822214490983,0.00011229031603168139,0.04748593182887815,1.5667708711489599,0.04686484379682199,6.81383386535115e-5,0.046796705458168476,1.5775331480494366
1996-12-23,0.005863085432234572,8.985660017030632e-6,0.0058540997722175405,1.5476605555558292,0.00336210608864973,4.223635229489804e-5,0.003319869736354832,1.5496674637473018,0.004987713121604953,8.070950862440097e-5,0.004907003612980552,1.5819647578389369,0.005860490265828355,0.0001412494899502042,0.005719240775878151,1.575731611001693,0.0032108676632713884,5.467161598532764e-5,0.003156196047286061,1.582512151935773
1997-01-23,0.04366612924754887,1.0726504044228178e-5,0.04365540274350464,1.615224300418855,0.026979277272279,6.584856065362072e-5,0.02691342871162538,1.59137432855959,0.030188290470203105,0.00021250322140278826,0.029975787248800317,1.6293853968550167,0.02818765141888635,0.0002374527739380833,0.027950198644948267,1.6197736225403145,0.029418701344142484,4.728728844624701e-5,0.029371414055696238,1.6289927715984494
1997-02-25,0.028161645423247617,1.0548711244722827e-5,0.028151096712002895,1.6606946359115233,0.026003693342707246,4.2923545512067534e-5,0.02596076979719518,1.6326876311644916,0.03220649002288489,0.00018386408989207417,0.03202262593299282,1.6815625959191858,0.03457797674694407,1.6454367830777212e-5,0.034561522379113294,1.6757554648448392,0.04723424188636627,0.00011055550694383079,0.047123686379422436,1.7057569160816008
1997-03-26,-0.02304628505615669,1.5967634510728892e-5,-0.023062252690667417,1.6223952765760958,-0.01491791476620008,7.865617604585603e-5,-0.014996570942245937,1.6082029152772057,-0.011028345090737024,0.00012788465856811547,-0.011156229749305139,1.6628026972612733,-0.011120524698655765,0.00010603461629985117,-0.011226559314955616,1.6569424967213975,-0.028899007455673642,6.918991279385883e-5,-0.0289681973684675,1.6563442130739208
1997-04-25,-0.03358842533142403,1.3693899937165354e-5,-0.0336021192313612,1.5678793570521885,-0.05450332825259541,6.68639142008399e-5,-0.05457019216679625,1.5204429731473266,-0.051695676164352444,0.000123465237438989,-0.05181914140179143,1.5766376891686111,-0.05144478011813636,3.278091020004157e-5,-0.0514775610283364,1.5716471382259776,-0.03836362624956735,0.0001361039271097504,-0.0384997301766771,1.5925754077908743
1997-05-27,0.0976943360579583,1.3143805922662701e-5,0.09768119225203563,1.721031681956401,0.07928892013775579,0.00010207512657650969,0.07918684501117929,1.6408420552102805,0.078410181911303,0.00013506515823378095,0.07827511675306922,1.7000491883655735,0.08265664953704777,0.00018693854301572106,0.08246971099403204,1.7012604235000715,0.07450230709104377,0.0002345437438660517,0.07426776334717772,1.710852421289222
1997-06-25,0.03565012806031631,1.1936379022527906e-5,0.035638191681293785,1.7823661389275427,0.0372756327490158,4.6942259089633454e-5,0.037228690489926164,1.7019284562265584,0.027611825734811246,0.0001373007627747524,0.027474524972036493,1.7467572322450138,0.03237619439252559,1.2844274203398949e-5,0.03236335011832219,1.7563189102282495,0.03464998942905795,2.8944583460904383e-5,0.03462104484559704,1.7700839196908744
1997-07-25,0.049785886674273305,1.2071616989332162e-5,0.049773815057283975,1.8710813014908876,0.041657180894853374,5.415000932095803e-5,0.04160303088553242,1.7727338383559184,0.044742407270942586,0.00016463231766474,0.044577774953277846,1.8246237830420424,0.040581430896338144,6.401683159351568e-5,0.04051741406474463,1.8274804107437086,0.043724193110919796,0.00018173888040898324,0.04354245423051081,1.8471577177481773
1997-08-25,-0.006645760960362623,1.3087254363904875e-5,-0.006658848214726528,1.8586220551068469,-0.004040447566911465,7.294763514157702e-5,-0.0041133952020530416,1.7654418834907082,0.0007148690085940768,0.00014763313203558176,0.000567235876558495,1.8256587751130058,-0.006755366051826361,5.6276364202034946e-5,-0.006811642416028396,1.8150322676634258,0.0032556374901493434,7.627201793914769e-5,0.003179365472210196,1.8530305072177122
1997-09-24,0.027734704507352603,1.5885659709448905e-5,0.027718818847643153,1.9101408631585879,0.02877990697941235,7.286618941311398e-5,0.028707040789999236,1.8161224956524489,0.012604707473155674,9.062682482853853e-5,0.012514080648327135,1.848505216261096,0.02439445787237804,0.00018062224223926217,0.024213835630138777,1.8589811606560258,0.024145407372628824,0.00028311135504748263,0.02386229601758134,1.8972480697105503
1997-10-23,3.684419551142071e-5,1.2819459642237764e-5,2.4024735869182943e-5,1.9101867537882982,0.006354814819796051,6.786379460918779e-5,0.006286951025186863,1.827540368838356,0.0013974066854300915,0.00015353808586732358,0.001243868599562768,1.8508045138557312,0.00763782883022901,4.4709523909862164e-5,0.007593119306319148,1.8730966263970867,-0.0013156294766176746,0.00014728954709908199,-0.0014629190237167567,1.8944725494166608
1997-11-21,-0.01128416461461279,1.6443760459252398e-5,-0.011300608375072043,1.8886004813604864,-0.019010509942210985,5.852004439094842e-5,-0.019069029986601933,1.7926909467432517,-0.032419526625520834,0.00024593741989497285,-0.03266546404541581,1.7903471255532835,-0.032634422564464916,0.00011122027612452798,-0.032745642840589444,1.8117608732631747,-0.02389634419714326,5.560113846423005e-5,-0.02395194533560749,1.849096246473224
1997-12-24,-0.028821313708036422,2.179712337381433e-5,-0.028843110831410237,1.8341273683603512,-0.018526835130893482,9.76938123879368e-5,-0.01862452894328142,1.7593029223192735,-0.023054065054197603,0.00021672716399846636,-0.02327079221819607,1.7486843295960883,-0.019549672934626394,0.00024785638004352494,-0.01979752931466992,1.775892484263575,0.004077064394769625,0.0007029187539339729,0.003374145640835652,1.855335366512747
1998-01-27,0.021016384192488857,2.0887798580932446e-5,0.020995496393907926,1.8726357829087286,-0.001012903699933343,0.000134771152309391,-0.0011476748522427339,1.7572838145978504,0.010401681229056825,0.00021525167740065512,0.01018642955165617,1.766497179327604,-0.0044482864490831275,0.0002668322576572004,-0.004715118706740328,1.7675189403898643,0.00812752693182861,1.542422054641921e-5,0.00811210271128219,1.870386037569773
1998-02-26,0.07917347006005082,1.4145035202386976e-5,0.07915932502484843,2.020872367501162,0.06657771917078992,0.00010114192372165125,0.06647657724706826,1.8741020278439873,0.05276492865691762,0.00016490320421304986,0.05260002545270457,1.8594149759223668,0.06332661294324637,0.00028655733030973177,0.06304005561293664,1.8789434326889602,0.049711032543650946,0.00016149054022574717,0.0495495420034252,1.9630628091009563
1998-03-27,0.05063841972343219,1.6165741861627856e-5,0.05062225398157057,2.123173481753144,0.04827006859929317,0.00013286140028879277,0.04813720719900438,1.9643160654703873,0.05882446954653231,0.00010611696670342957,0.05871835257982888,1.9685967600707905,0.04863564133708609,0.0001883523303829955,0.048447289006703094,1.9699731481996892,0.06347805829662678,0.0001592498545297955,0.06331880844209699,2.087361607070225
1998-04-28,-0.008782550523624644,1.1031855707564897e-5,-0.00879358237933221,2.104503180835734,-0.01143044006418159,6.77201164449324e-5,-0.011498160180626523,1.9417300447042307,-0.01786094197829391,9.77107423518378e-5,-0.017958652720645746,1.9332434145096908,-0.01977649691431871,0.00012370355158071173,-0.01990020046589942,1.9307702876380763,-0.0171965105260119,5.1866956757512796e-5,-0.01724837748276941,2.0513580061284373
1998-05-28,-0.0007677998561846922,1.2047224791576417e-5,-0.0007798470809762686,2.1028619901732544,-2.7254989936720264e-5,0.00011229182860718697,-0.00013954681854390724,1.9414590824540212,0.008554494027815718,8.976010817446722e-5,0.00846473391964125,1.9496078056154142,0.0141101172354412,0.00030744342772161915,0.01380267380771958,1.9574200801159813,0.016918320574527357,0.00010498238253805968,0.016813338191989297,2.0858481820383195
1998-06-26,0.003831802360333203,1.600103406559327e-5,0.00381580132626761,2.1108860937443152,0.012304195110001803,7.485209183726546e-5,0.012229343018164538,1.9652018515290826,0.014612732246616522,0.00011844456372410114,0.014494287682892421,1.9778659820188167,0.02288590205705976,0.00037581559054201545,0.022510086466517743,2.0014817753706904,0.029015478106987125,0.00014754351878069996,0.028867934588206426,2.1460623109183308
1998-07-28,-0.018966637091661465,1.8907500478515046e-5,-0.01898554459213998,2.0708097716826046,-0.02936439834590443,9.218745767484268e-5,-0.029456585803579273,1.9073137145681633,-0.01893912582752988,0.00013436221820613248,-0.019073488045736012,1.9401411788547127,-0.006899149767586099,9.293765523510986e-5,-0.006992087422821209,1.987487239822115,-0.012023641289098719,7.052229551181416e-5,-0.012094163584610533,2.120107482267317
1998-08-26,-0.06560266487399458,1.6342944709067068e-5,-0.06561900781870364,1.9349252890835158,-0.04876098188307376,0.00011601319138875507,-0.04887699507446252,1.8140899515357605,-0.05127864621753819,9.028228354198446e-5,-0.05136892850108018,1.8404782053561235,-0.04549939557860627,0.00022130390717905134,-0.045720699485785325,1.8966179329983752,-0.05584721928314307,2.5153583345742565e-5,-0.05587237286648881,2.001652046501045
1998-09-25,-0.043611180685361184,2.1506461549824653e-5,-0.04363268714691101,1.8504992992922884,-0.022399203549164026,0.00013433089656101632,-0.02253353444572504,1.7732120931251858,-0.03970777824339389,0.00013810334374851242,-0.0398458815871424,1.7671427287217871,-0.051023216761875934,0.00011421262358954457,-0.05113742938546548,1.7996297673784634,-0.07223233186305456,0.0003953653758093109,-0.07262769723886386,1.8562766676902147
1998-10-26,0.03767149851849361,2.9919488740682117e-5,0.037641579029752924,1.9201550149111013,0.019726234948356458,0.00015356069309712292,0.019572674255259336,1.8079185958094117,0.026728533281262346,0.0003480541212218229,0.026380479160040524,1.8137608006496495,0.028497357984405003,0.00046096873616692134,0.02803638924823808,1.850084888039402,0.027456599776247037,0.000595629013359095,0.02686097076288794,1.9061380609888727
1998-11-24,0.09102697102589663,1.7152000601742927e-5,0.09100981902529488,2.094907975318673,0.06385487142678992,0.00012861954982588112,0.06372625187696404,1.9231304716190096,0.059103173092160954,0.00019017301365548405,0.05891300007850547,1.9206148908407124,0.06955647752292693,0.00022396961979615217,0.06933250790313078,1.9783559131608568,0.05638098023401672,9.57306048461484e-5,0.05628524962917057,2.0134255175792948
1998-12-24,0.004950456802813141,1.5522368645166796e-5,0.004934934434167974,2.1052462088224866,0.0033949275789280087,5.994645914402012e-5,0.0033349811197839886,1.9295440754327404,0.012268402723047966,9.601837269439164e-5,0.012172384350353574,1.9439933534810379,-0.014072265006379037,3.6963149804129156e-5,-0.014109228156183165,1.9504428382079362,-0.0272531807836639,9.500427311058413e-5,-0.027348185056774485,1.9583619839265043
1999-01-27,0.017913491287585792,2.2260056514343885e-5,0.017891231231071447,2.1429116555428664,-0.017233567577872866,0.00010922485696957996,-0.017342792434842446,1.8960803930386303,-0.020582890186799596,0.0001220214019830444,-0.02070491158878264,1.9037431429680318,-0.03811991503847578,0.00020710177678436042,-0.03832701681526014,1.8756881827507368,-0.05441491094474149,2.6885085150267426e-5,-0.054441796029891756,1.8517452402448835
1999-02-26,-0.007546872866377119,2.5435219507993467e-5,-0.007572308085885112,2.1266848682862616,-0.016675754110915708,6.473846293015867e-5,-0.016740492573845866,1.8643390732995522,-0.01638076556657897,0.00016425672623261215,-0.016545022292811584,1.8722456702278385,-0.029693603591714357,6.068929689018608e-5,-0.029754292888604542,1.819878407193477,-0.041728778747979645,0.00016653317481048465,-0.04189531192279013,1.7741657958032822
1999-03-29,0.042773819218550946,2.0549098949362554e-5,0.04275327011960158,2.2176076009193735,0.02255803053713401,0.00010106627423726455,0.022456964262896745,1.9062064692425622,0.02272431947026088,0.00021001887225923912,0.02251430059800164,1.9143979720406552,0.04080976286047644,0.0001345564280444903,0.04067520643243195,1.8939023370879973,0.04808526872810326,0.00016888325024965795,0.0479163854778536,1.8591774079766152
1999-04-28,0.07237220819198664,1.961116773605148e-5,0.07235259702425059,2.3780572700266083,0.06057618252961139,0.00014582598875008212,0.060430356540861305,2.0213992058193866,0.06420624880305126,0.0002251775772016969,0.06398107122584956,2.0368832050444103,0.036336255872893464,0.00020841740002507995,0.036127838472868386,1.9623249348057006,0.04865727645622919,0.00017391141149628286,0.04848336504473291,1.949316584930466
1999-05-27,-0.03179227147408836,3.151655161118021e-5,-0.031823788025699545,2.3023784795523077,-0.01500542089024648,7.2557170276594e-5,-0.015077978060523073,1.9909205929424831,-0.012441773930705113,9.541945025333297e-5,-0.012537193380958446,2.011346406408342,-0.0159196769642862,0.00017028115177699128,-0.01608995811606319,1.9307512087945704,-0.0010431360298411851,0.00017773309664347904,-0.0012208691264846642,1.9469367244941798
1999-06-28,0.01991031177061986,1.7376975213853537e-5,0.019892934795406006,2.348179544520388,0.005601326725105826,8.87553471492236e-5,0.005512571377956603,2.001895684818922,-0.00029616088141326546,0.00012628829846908962,-0.0004224491798823551,2.010496714768496,0.013901007979990831,0.0002057349166127704,0.01369527306337806,1.9571933738164595,0.016046344151074532,9.547351756074896e-5,0.015950870633513782,1.9779920603182237
1999-07-28,0.0018604838524347578,1.7155410103537634e-5,0.0018433284423312202,2.3525080106625027,-0.005205646552210119,9.336390142310236e-5,-0.005299010453633222,1.9912876186579835,-0.01097815621776288,0.0001650397196244443,-0.011143195937387324,1.988093355944357,-0.012823754409231225,0.00011680567900989249,-0.012940560088241118,1.9318661953582803,-0.0037114207465087645,0.00010602228609160913,-0.0038174430326003736,1.9704411883090232
1999-08-26,-0.013035383827051716,1.7811732269427118e-5,-0.013053195559321143,2.3218002635444557,-0.018394393249060337,7.967015472028495e-5,-0.018474063403780622,1.9545004449357326,-0.01793199652893096,9.877350904574543e-5,-0.018030770037976707,1.952246501829295,-0.020001662064723313,4.784196698099528e-5,-0.02004950403170431,1.8931332362857312,-0.013581025797316237,7.199048736912053e-5,-0.013653016284685357,1.943538722677025
1999-09-27,-0.06459481383542576,1.6568421255159263e-5,-0.06461138225668092,2.171785539192922,-0.04965795071630785,6.719655260024287e-5,-0.049725147268908094,1.857312622474157,-0.05102786654826863,8.184797769357209e-5,-0.051109714525962205,1.8524677404364913,-0.046302202104889556,4.9324005844813854e-5,-0.04635152611073437,1.805383621652934,-0.07289028188842117,0.00012239098101378906,-0.07301267286943496,1.801635765709128
1999-10-26,-0.014172055303528275,2.0698074622216806e-5,-0.01419275337815049,2.1409619226449235,-0.014828321941408151,6.897774443400402e-5,-0.014897299685842155,1.829643679726862,-0.019208735213399608,0.0001923159181145876,-0.019401051131514194,1.8165279190848023,-0.03753239222617033,0.00013360263344676894,-0.0376659948596171,1.7373820514401177,-0.029765614843065835,2.7078740237904465e-5,-0.02979269358330374,1.7479601833926353
1999-11-24,0.07154655071937022,2.3077145276810397e-5,0.0715234735740934,2.294090956142358,0.040958231018415114,6.686934111374303e-5,0.04089136167730137,1.904460301175162,0.036788294574038316,4.559585447303977e-5,0.03674269871956528,1.883272057131414,0.053169499101682005,8.046793392708695e-5,0.053089031167754916,1.8296179813193203,0.028556969127080833,7.292028268379816e-5,0.028484048844397036,1.7977491666344525
1999-12-27,0.01646217356626667,2.4114303859677654e-5,0.01643805926240699,2.3318013592327778,0.0007315987637681598,4.505244449547967e-5,0.0006865463192726801,1.9057678013851347,-0.00015341988859307598,0.00016015883561998183,-0.0003135787242130578,1.882681503082393,-0.024220949615505916,9.312352271877766e-5,-0.024314073138224694,1.7851325159065115,-0.004236593685576384,0.00013045873298445998,-0.004367052418560844,1.7898983017883359
2000-01-27,-0.009635828164517801,2.6675591147558775e-5,-0.00966250375566536,2.3092703198417253,-0.0009311492085430917,7.100087393584248e-5,-0.001002150082478934,1.9038579360257908,-0.018549815839614126,4.637403925822171e-5,-0.018596189878872346,1.8476708003696318,-0.010047525000578594,9.211421356458756e-5,-0.010139639214143181,1.7670319162457837,-0.025803508609125725,5.5916443650355356e-5,-0.02585942505277608,1.7436125608011492
2000-02-28,-0.05810700759658105,2.8188916507448386e-5,-0.0581351965130885,2.175020435995884,-0.062449093152430746,6.932354063285401e-5,-0.0625184166930636,1.7848317522569344,-0.06937731673018444,0.00019386588901270255,-0.06957118261919713,1.719126157696958,-0.06647368732784908,8.712312700728942e-5,-0.06656081045485637,1.6494168398008664,-0.05585727917160466,0.00016273584989800766,-0.05602001502150267,1.645935358953388
2000-03-28,0.06980337031287887,2.6969851206310724e-5,0.06977640046167255,2.3267855329502543,0.055131603162743126,0.0001014668884979459,0.05503013627424518,1.8830512868102331,0.054527552860433204,0.00022476797361361715,0.05430278488681959,1.8124794956316808,0.08191187262327859,9.340212147537579e-5,0.08181847050180321,1.7843696028532912,0.07770978272390527,2.1067931637936667e-5,0.07768871479226734,1.773805961621626
2000-04-27,0.021538202581982135,2.9542004062043507e-5,0.021508660577920093,2.376831573216096,0.004235663054111605,7.562144783713755e-5,0.004160041606274467,1.8908848585101121,0.01602890011896374,0.00015590207061583967,0.0158729980483479,1.841248979128513,0.02332215550964145,8.525319968447876e-5,0.023236902309956974,1.8258328249996498,0.0255994917030542,5.634438689630804e-5,0.025543147316157894,1.819114548609606
2000-05-26,-0.0265146137380311,3.560779053475614e-5,-0.026550221528565857,2.3137261684111188,-0.004724248105844486,0.00010057979423110539,-0.004824827900075592,1.881761664488942,0.013467154023511396,0.00018508166989427368,0.013282072353617122,1.8657045812903215,0.023400541197677205,0.0002288135348616231,0.023171727662815583,1.868140525978371,0.04104930127751838,0.00023221443335460002,0.04081708684416378,1.893365505119686
2000-06-27,0.020643323571769345,3.618540200925836e-5,0.02060713816976009,2.3614054432505562,0.006572054701725616,6.705630278797559e-5,0.00650499839893764,1.8940025211036249,0.002545959116598606,5.787759053783086e-5,0.0024880815260607753,1.870346606392117,-0.0009926958395630736,9.122366139118136e-5,-0.0010839195009542549,1.8661156120317401,0.02999656806097528,0.00010985441387142928,0.029886713647103852,1.9499519778005023
2000-07-27,0.009254748798187995,3.156983649031592e-5,0.009223178961697678,2.383185108254783,-0.0062589586071269965,4.2898827372172715e-5,-0.006301857434499169,1.8820667872350478,-0.005208480513545055,5.671173511287417e-5,-0.0052651922486579295,1.8604988719378375,-0.01396198534461146,7.88509921415448e-5,-0.014040836336753005,1.8399137881377428,-0.012969605815369212,7.352598213558842e-5,-0.0130431317975048,1.9245184971552451
2000-08-25,0.05334296901445068,2.1008002259356394e-5,0.053321961012191325,2.5102612116819794,0.04754265270201641,7.08322745129627e-5,0.04747182042750345,1.9714119237912384,0.0448252617987317,7.812992291824778e-5,0.04474713187581345,1.943750860315242,0.038011484532028295,6.791760258659273e-5,0.0379435669294417,1.9097266801023498,0.09454343315861125,6.066608831949062e-5,0.09448276707029175,2.106352330044432
2000-09-26,-0.03874532895440974,2.3465971210329546e-5,-0.03876879492562007,2.4129414095565425,-0.005125706360011528,8.653636880434007e-5,-0.0052122427288158685,1.9611364463259566,-0.016984287249748764,6.567794287750744e-5,-0.017049965192626273,1.9106099758037298,-0.008264046608836284,7.804414258983472e-5,-0.00834209075142612,1.8937955668265163,-0.03283863445663404,5.2518392706056294e-5,-0.0328911528493401,2.037071973602377
2000-10-25,-0.019560388301168574,2.7714438813244187e-5,-0.01958810273998182,2.3656764653205924,-0.027173432210227944,9.441124407364674e-5,-0.02726784345430159,1.9076604847150151,-0.01981733393928309,5.5896976205588616e-5,-0.019873230915488677,1.872639982565146,-0.006239604696317125,9.081005158794959e-5,-0.006330414747905074,1.8818070554407604,0.0035712634027142975,5.227830929743724e-5,0.0035189850934168603,2.0442403995117013
2000-11-24,0.022435880615029546,3.4930189415848884e-5,0.022400950425613696,2.41866986654328,0.032835436364766935,7.724652590524229e-5,0.032758189838861695,1.9701519890214048,0.038491479397175565,0.00010013477665290438,0.03839134462052266,1.944533149485974,0.0497366983970251,0.00011861693644178243,0.04961808146058332,1.9751787112107206,0.024446323539066173,9.836518991422052e-5,0.024347958349151953,2.094013479614666
2000-12-26,0.019557004489207053,2.619911364370537e-5,0.019530805375563346,2.465908436974477,0.04594980358166634,8.185794143186557e-5,0.04586794564023447,2.0605188133568384,0.03910733068412564,0.0001502302449459743,0.038957100439179666,2.020286522697814,0.056509926068075256,8.126732344841618e-5,0.05642865874462684,2.086635396665282,0.0663064734643124,7.884695381807972e-5,0.06622762651049433,2.232695022250527
2001-01-26,0.030517457320840213,3.387445384001583e-5,0.030483582867000196,2.5410781611554234,-0.017886622609909475,4.632434431036736e-5,-0.017932946954219844,2.0235676387787382,-0.02018288906880772,6.253152780403826e-5,-0.020245420596611757,1.9793849723201307,-0.020148307535369003,5.059185321084024e-5,-0.020198899388579845,2.0444876582273905,-0.04115121218555717,9.938129961818218e-5,-0.04125059348517535,2.1405950275112957
2001-02-27,-0.0070188479088177935,3.363691133429888e-5,-0.007052484820152092,2.5231572459970546,0.031401430398964925,9.140619543363009e-5,0.031310024203531295,2.0869255905263833,0.03621758881553472,0.00021954398509237708,0.03599804483044234,2.050638961290415,0.04040567211575952,0.00012413661125890165,0.040281535504500615,2.1268427604207902,0.009180840294648718,0.00010526060450540146,0.009075579690143316,2.1600221682677994
2001-03-28,-0.06405137384279536,3.327561702561123e-5,-0.06408464945982097,2.361461598355326,-0.048426359651629,5.338653625524004e-5,-0.04847974618788424,1.9857519675846638,-0.04169796889585331,7.301748603291606e-5,-0.04177098638188623,1.9649817491641877,-0.04385624410771949,9.058190996119861e-5,-0.043946826017680685,2.033374771661614,-0.04810588503079816,3.7161822759422745e-5,-0.04814304685355758,2.0560321198161597
2001-04-27,0.0833033502801539,2.254025573436021e-5,0.08328081002441953,2.558126033107918,0.07349182908712892,8.06303499831481e-5,0.07341119873714577,2.1315283999197,0.07392387724881933,0.00011293930870335294,0.07381093794011598,2.110018895105206,0.06902162622015107,0.0001638132437003727,0.06885781297645069,2.1733885113997227,0.08149299418595524,8.745704233979755e-5,0.08140553714361544,2.223404518914321
2001-05-29,0.027536247707234507,1.5365774557153594e-5,0.027520881932677353,2.628527917633989,0.029965323439711034,5.3533098583717826e-5,0.029911790341127314,2.1952862305242564,0.033842444681021044,6.18369692502036e-5,0.03378060771177084,2.1812966156651794,0.03604369345221592,7.516485693646496e-5,0.03596852859527946,2.2515620982206555,0.009019514781879234,0.00010760459844255327,0.008911910183436681,2.2432193002883327
2001-06-27,-0.056945725247978474,1.4098116847030535e-5,-0.0569598233648255,2.478807431736044,-0.04369547308002031,4.661744032175287e-5,-0.04374209052034206,2.099259821510604,-0.04914294574215916,3.265217174080555e-5,-0.049175597913899964,2.074030050362278,-0.044963768116979,4.2937894552247116e-5,-0.04500670601153124,2.150226704799332,-0.05880620555144389,6.318267893221366e-5,-0.0588693882303761,2.1111623524137864
2001-07-27,-0.0023192295488401182,1.9078259258217507e-5,-0.0023383078080983356,2.4730112169636436,0.0002490990177319574,4.526903657873151e-5,0.0002038299811532259,2.0996877136004586,-0.003292451487343917,5.6833930250563466e-5,-0.0033492854175944803,2.067083531758947,-0.0005400188701740749,5.1560485915195316e-5,-0.0005915793560892702,2.148954675069861,-0.020001103175005364,5.265735939188331e-5,-0.020053760534397246,2.0688256081492455
2001-08-27,-0.0006865638897766146,2.1373498755152782e-5,-0.0007079373885317675,2.4712604798608964,0.007881305647790882,7.276915272194107e-5,0.00780853649506894,2.1160832017403552,0.014084589171301287,8.29841355137499e-5,0.014001605035787536,2.0960260189466164,0.02463121812628377,0.00013090308760087605,0.024500315038682895,2.201604741612923,0.012954777759593306,0.00017881255890296122,0.012775965200690345,2.095256852125257
2001-10-02,-0.1305168895852752,2.109069468966722e-5,-0.13053798027996485,2.148667128074158,-0.08829078170018934,8.150136927536276e-5,-0.0883722830694647,1.9290800980376175,-0.09497409227550035,8.581272664281245e-5,-0.09505990500214316,1.8967779847035309,-0.0772401831790257,8.246166111906364e-5,-0.07732264484014477,2.0313708400988086,-0.08285688309717931,0.00019211231590550792,-0.08304899541308482,1.921247875423872
2001-10-31,0.032008679319704525,3.9973496121011364e-5,0.031968705823583514,2.217357235404365,0.0046203623427076845,8.549418403944509e-5,0.004534868158668239,1.9378282219497291,0.020699772624688917,0.0001042797890480628,0.020595492835640855,1.9358430620982938,0.00952643845594392,0.00015164367871448668,0.009374794777229432,2.050414524841183,0.0023222450415771867,9.726168675076201e-5,0.0022249833548264246,1.9255226199671858
2001-11-30,0.06686620859781112,2.6029512498279527e-5,0.06684017908531284,2.365565790114907,0.02290055985167938,3.0106980939363892e-5,0.022870452870740018,1.9821472309714203,0.02342195569198613,5.4169395130156705e-5,0.023367786296855972,1.981079429077658,0.02687750669019162,1.810854886912392e-5,0.0268593981413225,2.105487424918643,0.037798961535050024,3.9006334083177855e-5,0.037759955200966845,1.998230267835595
2002-01-02,0.03323865376776647,2.4359112852378377e-5,0.03321429465491409,2.444136389293368,0.03923310758281473,5.4817501095286115e-5,0.03917829008171944,2.0598043701710957,0.040762586969187886,2.0755683217079052e-5,0.04074183128597081,2.0617922329412477,0.03678635489316462,9.282548372715987e-5,0.03669352940943746,2.182745189666096,0.01891361644319378,7.132620954025086e-5,0.01884229023365353,2.035881502495825
2002-02-01,0.0005913123302219159,1.2130696010211009e-5,0.0005791816342117049,2.4455519882015553,0.00015803778153800074,1.39122637848779e-5,0.00014412551775312284,2.060101240542417,0.00028151322228509024,6.286384276464581e-6,0.00027522683800862565,2.0623596934981507,-0.0013376003678495785,1.0287539229806294e-5,-0.0013478879070793848,2.179803093820709,-0.00991383827688408,4.833727822143409e-5,-0.009962175555105514,2.0155996935585696
2002-03-05,0.04974535246036371,1.910979410872823e-5,0.049726242666254986,2.5671600998198083,0.04514511471908489,5.454453374112363e-5,0.045090570185343765,2.1529923801180084,0.05201623069686412,1.8505981449683873e-5,0.05199772471541444,2.169597705104834,0.049432299608697994,9.092245514888117e-5,0.04934137715354911,2.28735758039339,0.056358261637724505,3.3798312537511934e-5,0.056324463325186994,2.1291272645766672
2002-04-04,0.005144877794318381,1.5881554055499118e-5,0.005128996240262882,2.580327054319937,0.027294994696698716,0.00012222967814665405,0.02717276501855206,2.211495136149688,0.02871579686967274,5.140149703372331e-5,0.028664395372639016,2.2317879115235293,0.027931655888383755,1.9942652244402754e-5,0.027911713236139352,2.3512016492458394,0.012777823663716603,9.02470651136468e-5,0.012687576598602956,2.1561407298341577
2002-05-03,0.0020947675409288546,1.569371816468068e-5,0.002079073822764174,2.5856917447527437,0.018307187120568225,5.3851521265189145e-5,0.018253335599303037,2.251862299046055,0.023407112946268516,4.848507098299001e-5,0.023358627875285524,2.283919414845368,0.016546693787138356,3.6514227665565467e-5,0.01651017955947279,2.390020410655417,0.004125711591613124,1.0564945873134963e-5,0.0041151466457399885,2.1650135651262783
2002-06-04,-0.03570029140435371,2.4679226209188295e-5,-0.0357249706305629,2.493317983111763,-0.03343201304427312,9.276867412856064e-5,-0.03352478171840168,2.176369107010638,-0.024221506297802287,3.669175472056059e-5,-0.02425819805252285,2.228515645344047,-0.021909937843667016,8.519475898709606e-5,-0.02199513260265411,2.3374515948000014,-0.028399940834674342,6.925686406326925e-5,-0.02846919769873761,2.1033773659202497
2002-07-03,-0.07277798625766685,1.3366090689289525e-5,-0.07279135234835614,2.311825995286582,-0.07568325694249767,2.1203270622838897e-5,-0.07570446021312051,2.0116082585398867,-0.0725163660788829,1.759951231681866e-5,-0.07253396559119972,2.0668725682052114,-0.07851633688025361,4.42571179525275e-5,-0.07856059399820614,2.153820009070459,-0.06716828075134373,2.5764897518593076e-5,-0.06719404564886233,1.9620429311778207
2002-08-02,-0.10756986849573635,2.256582265426687e-5,-0.10759243431839062,2.063091008733162,-0.09186830909447785,2.2267955297930942e-5,-0.09189057704977578,1.826760414864562,-0.09858315658799621,3.803763444385337e-5,-0.09862119422244006,1.8630351272232117,-0.09289014917835958,0.00012262039819152507,-0.09301276957655111,1.9534872448574232,-0.10844185578108445,3.3636600444802895e-5,-0.10847549238152926,1.7492093581446078
2002-09-03,0.02152169572264695,2.702417216098423e-5,0.021494671550485966,2.1074364723446424,0.03057015596042456,4.2576947222905405e-5,0.030527579013201654,1.8825269877675288,0.03119929771668284,8.791345752686382e-5,0.031111384259155977,1.9209967289545586,0.03615947924290075,0.0002802945775404476,0.0358791846653603,2.0235767744570885,0.041344424928432266,0.00033762398349837687,0.04100680094493389,1.820938838105059
2002-10-02,-0.057168190881689895,1.550759764929671e-5,-0.05718369847933919,1.986925460545724,-0.05091053529488687,2.9635648684616635e-5,-0.05094017094357149,1.7866307412047642,-0.056627373491582866,3.4070743365573684e-5,-0.05666144423494844,1.8121502799213816,-0.05895105029274783,5.523191431078162e-5,-0.059006282207058613,1.9041730322358241,-0.0754310009580762,1.529542622896833e-5,-0.07544629638430517,1.6835557468276925
2002-10-31,0.04265123728821485,2.005488489281477e-5,0.04263118240332203,2.0716304422760534,0.0125939080364188,2.9565496031823095e-5,0.012564342540386976,1.8090785818304462,0.004279119058414826,4.477177567150978e-5,0.004234347282743317,1.819823553535089,0.015785858854538537,5.611487212537526e-5,0.015729743982413162,1.9341251865311089,0.0192340533155122,7.343539217316423e-5,0.019160617923339035,1.7158137152452995
2002-12-02,0.0648548514189855,2.0228189209844854e-5,0.06483462322977566,2.2059438214723546,0.0032776843436082004,4.1569442643403886e-5,0.0032361149009647967,1.814932967986124,0.004064776056715846,7.23417800843125e-5,0.003992434276631534,1.827089079467644,-0.006727901229987232,4.814626150499476e-5,-0.006776047491492227,1.9210194624126828,0.018778186071674252,6.202908940578777e-5,0.018716156982268466,1.7479271540921597
2003-01-02,-0.008073152904671144,2.6650839708292758e-5,-0.008099803744379436,2.188076109447302,0.045212446691145436,3.4978985296212305e-5,0.045177467705849225,1.896927043535598,0.04623762468976578,6.045398753709474e-5,0.04617717070222868,1.9114588837783992,0.050385351596928585,0.00016678241934657835,0.05021856917758201,2.0174903111773355,0.05464998557629297,6.197627536907942e-5,0.05458800930092389,1.84334301783708
2003-02-03,-0.06463417981488517,2.2038465358574735e-5,-0.06465621828024375,2.046603382901091,-0.04918041720605004,3.3181968689121605e-5,-0.049213599174739164,1.8035724363513141,-0.04899856484540188,2.2135255146797425e-5,-0.04902070010054868,1.8177578310821687,-0.04843086049272993,6.222938604208265e-5,-0.04849308987877202,1.9196559721878612,-0.0511767311572795,6.278200164168429e-5,-0.05123951315892118,1.7488910190182114
2003-03-05,-0.03924458253391827,1.023469110680264e-5,-0.03925481722502507,1.9662643411731906,-0.05738640192805666,3.5686003972969574e-5,-0.05742208793202963,1.700007541319364,-0.05664166615767041,1.4209940578910907e-5,-0.05665587609824932,1.714771168627755,-0.048997881357323414,5.8688868292758147e-5,-0.04905657022561617,1.825484234179204,-0.03325557637010479,1.675459228865866e-5,-0.033272330962393445,1.6907013382162799
2003-04-03,0.04501551201981613,1.6809148873793e-5,0.044998702870942334,2.0547436860273725,0.026137358626712848,1.4737888410803761e-5,0.026122620738302044,1.7444161935735032,0.030046622196175488,4.867884128752872e-5,0.02999794335488796,1.7662107770108455,0.01924160817286391,1.5101421957172389e-5,0.019226506750906737,1.8605819191313242,-0.006971134203279439,1.5721554480993327e-5,-0.006986855757760432,1.67888865183671
2003-05-05,0.06582939549562283,1.9236094756240997e-5,0.0658101594008666,2.189966695532758,0.05949827422344711,3.5962668738954904e-5,0.05946231155470816,1.848143212756849,0.05985160616189478,3.667153073761666e-5,0.05981493463115716,1.8718565591825946,0.04861356264509076,0.00021145949846822253,0.048402103146622535,1.9506379970938597,0.06756116087832953,4.5932188902774994e-5,0.06751522868942675,1.7922392031095489
2003-06-04,0.09350138108029293,1.2084102521222038e-5,0.09348929697777171,2.3947051423028496,0.1038637410329668,1.789383127848933e-5,0.10384584720168831,2.040065210435634,0.10033398924217796,2.5967438011531593e-5,0.10030802180416643,2.0596187877353547,0.10970082345402976,1.1769399417703083e-5,0.10968905405461206,2.164601633798068,0.13010082843572612,1.371734284518044e-5,0.13008711109288093,2.0253864234294774
2003-07-03,0.0038827614776262287,2.0282523808762265e-5,0.0038624789538174663,2.403954640515593,0.009993548656873408,2.2565664827377485e-5,0.00997098299204603,2.0604066659515525,0.006156152505885082,1.7598082196354496e-5,0.006138554423688727,2.07226186975592,0.002586254746274941,2.480377028456399e-5,0.002561450975990377,2.1701461547655905,0.0052113343499908815,3.289832370114031e-5,0.005178436026289741,2.0358747574517224
2003-08-04,0.004233902492624564,1.1377322546181453e-5,0.004222525170078382,2.414105399492897,-0.009860300920032095,2.928876239335412e-5,-0.009889589682425448,2.040030089446357,-0.008129499496991488,2.2096092462312583e-5,-0.008151595589453801,2.0553696290382244,-0.008929545886398715,1.5459661756891593e-5,-0.008945005548155607,2.150734185370904,-0.007175461268037364,1.824073136864195e-5,-0.007193701999406006,2.0212292811385018
2003-09-03,0.06091241523929325,2.005938863807071e-5,0.06089235585065518,2.5611059645398067,0.04101614637892359,1.9526362181622295e-5,0.040996620016741966,2.12366442784611,0.0378428675984992,1.7743883848027213e-5,0.03782512371465117,2.133114239535932,0.04621297498191046,1.930504064353765e-5,0.046193669941266925,2.250084490461327,0.05012633189608007,3.0007475049210153e-5,0.05009632442103086,2.122485438935703
2003-10-02,-0.00394079476856013,1.3559815478503255e-5,-0.003954354584038633,2.55097844342872,0.024850452946166834,1.933372236816215e-5,0.024831119223798673,2.176397392445297,0.023158920388059112,4.84993776720236e-5,0.02311042101038709,2.1824114076748593,0.023579445514285258,5.0779619070879076e-5,0.02352866589521438,2.303025976673395,0.01879985635103032,8.31554385287486e-6,0.018791540807177445,2.162370210674103
2003-10-31,0.04737589532490172,1.2991112639950369e-5,0.04736290421226177,2.6718001910923794,0.03538165054687048,6.314564158971075e-5,0.03531850490528077,2.2532644944262166,0.03916576181441189,9.775625445412137e-5,0.03906800555995777,2.2676738686840157,0.038027362443603385,0.00016570614520842414,0.03786165629839496,2.390222354648478,0.04771524998578247,0.0006638576083032654,0.047051392377479205,2.2641127399219028
2003-12-02,0.03620866067532691,1.4721569003995964e-5,0.03619393910632291,2.7685031645130387,0.047489937739850774,3.3845228225838976e-5,0.047456092511624935,2.360195622726867,0.04995237420209153,5.0227891637204586e-5,0.04990214631045433,2.3808356618634794,0.043334884869423274,2.7045905598526693e-5,0.043307838963824744,2.4937377194713286,0.06504881321652456,8.845335590949875e-5,0.06496035986061506,2.4111903182722325
2004-01-02,0.04549108312129069,1.2602808291258212e-5,0.04547848031299943,2.8944104811768216,0.022574810126519962,6.856488287423421e-5,0.022506245243645726,2.4133147642349373,0.022447315917101474,9.409726727139378e-5,0.02235321864983008,2.4340550019824265,0.034211756504733515,3.6587718452392875e-5,0.03417516878628112,2.5789616269429767,0.022366045540701984,0.0001696331666387765,0.022196412374063206,2.464710092888952
2004-02-03,0.0016292329917075854,1.940557903985322e-5,0.001609827412667732,2.8990699825129327,-0.0011087636943939438,1.4191335742484348e-5,-0.0011229550301364282,2.410604720281137,-0.007306198239862893,1.2951239217914744e-5,-0.007319149479080808,2.4162397895826127,-0.007870138595877152,1.801561333261757e-5,-0.007888154209209769,2.558618379930016,-0.0033156957895323913,3.900831094837688e-5,-0.0033547041004807683,2.456441719833841
2004-03-04,0.04002493721973388,1.5348037684605734e-5,0.04000958918204928,3.015060581523286,0.03945858814336889,2.9877144303103814e-5,0.03942871099906579,2.505651757130086,0.04565566319352121,7.878565919762303e-5,0.04557687753432359,2.526364454565979,0.040591937078032325,6.919286299008274e-5,0.04052274421504224,2.6623006180838256,0.03410016698211571,0.0001722180843028347,0.03392794889781287,2.539783748974819
2004-04-02,0.00258303777080382,1.6115077525478286e-5,0.0025669226932783415,3.022800008951607,0.01521587109374778,1.718135312328822e-5,0.01519868974062449,2.5437343807847568,0.01579347636677708,4.6253489427440164e-5,0.015747222877349643,2.5661476787014434,0.014336435196003805,1.0233568022608186e-5,0.014326201627981197,2.7004412735327934,0.011087000246409406,0.00018663531974385739,0.010900364926665549,2.567468318673459
2004-05-04,-0.01935448108881288,9.348809607901218e-6,-0.01936382989842078,2.9642670237613236,-0.023815640583271902,1.3364994808635577e-5,-0.02382900557808054,2.4831197200358814,-0.022778000714384405,1.0474054430404211e-5,-0.02278847476881481,2.5076690870723026,-0.011457098001391497,3.9574716861600026e-5,-0.011496672718253097,2.6693951840161243,-0.03297220836650794,7.145634101200153e-6,-0.03297935400060914,2.4827948721065782
2004-06-03,-0.008773917475728088,1.537951281053595e-5,-0.008789296988538624,2.938213200536154,-0.00956723585017416,3.046507616693275e-5,-0.009597700926341093,2.4592874795986774,-0.008237531910970874,7.657686306206982e-5,-0.008314108774032944,2.4868200535131035,-0.009462795931772572,2.4385911023044907e-5,-0.009487181842795617,2.6440701464950807,-0.022216468978706105,0.00017443358214536684,-0.022390902560851474,2.427202854046658
2004-07-06,0.019016466971006674,9.239436648446108e-6,0.019007227534358226,2.9940604873831997,0.008272017017415756,1.354296078478523e-5,0.00825847405663097,2.4795974414467405,0.011096677906039076,4.660444480089299e-5,0.011050073461238184,2.5142995977893037,0.015749029927259572,3.418172603773774e-5,0.015714848201221834,2.6856213074806337,0.009828724013645651,1.9816142165574172e-5,0.009808907871480078,2.451011063227395
2004-08-04,-0.0213251575712341,1.4329076722204771e-5,-0.021339486647956304,2.9301687735895126,-0.019688792850727665,1.5217358791900783e-5,-0.019704010209519566,2.4307394281449755,-0.0216559546860583,1.1612541608772672e-5,-0.02166756722766707,2.459820842223708,-0.02546660186919658,1.1243028467073095e-5,-0.025477844897663655,2.6171974643547813,-0.020231683271783707,2.1713018666979285e-5,-0.020253396290450688,2.4013697648515717
2004-09-02,0.02464889645975865,1.2311095525572298e-5,0.02463658536423308,3.0023581267116612,0.0337076832679426,1.6349496922839915e-5,0.03369133377101976,2.5126342815289857,0.03304427191828885,5.810481732407104e-5,0.032986167100964775,2.540960903563735,0.03522872992163384,1.1481830226976842e-5,0.03521724809140686,2.7093679567611644,0.03617813266285341,2.2762368089376084e-5,0.03615537029476404,2.488192177914431
2004-10-04,0.021827788778689072,8.297827281719342e-6,0.021819490951407353,3.0678680526903306,0.00608799906957791,1.798156958511181e-5,0.006070017499992798,2.5278860155889484,0.012152623773642901,1.1351551429150889e-5,0.01214127222221375,2.5718114015999047,0.007362178633727456,3.940852712688153e-5,0.007322770106600575,2.7292080354427166,0.015618712234203525,1.1174231249645502e-5,0.015607538002953879,2.527026731889883
2004-11-02,-0.0009819018207311014,1.2469774359556719e-5,-0.0009943715950906581,3.0648174518412494,0.00042665051168500057,1.931914346545146e-5,0.0004073313682195491,2.5289157028583813,0.0008729330637464727,1.4703304002016004e-5,0.0008582297597444568,2.5740186066812076,-0.006047944616386469,5.237427410067258e-5,-0.006100318890487142,2.712558996108036,0.0063999475455949195,5.874502517224031e-5,0.0063412025204226796,2.5430511201713184
2004-12-02,0.07261994966371899,1.2893438511359767e-5,0.07260705622520762,3.287344824887085,0.052607684552911316,2.0290461226470303e-5,0.05258739409168484,2.661904789549245,0.057020097391808466,2.4781078861606754e-5,0.05699531631294686,2.7207256113644136,0.06103490208029738,1.270387446586008e-5,0.061022198205831525,2.8780853088135516,0.06746982950110447,9.438224083401413e-6,0.06746039127702107,2.714606343775542
2005-01-03,0.012289520549991773,1.1319053089280992e-5,0.012278201496902492,3.3277075070368483,0.008068809661287979,2.186918550060285e-5,0.008046940475787375,2.683324978942961,0.005495205475191112,1.3621297515060118e-5,0.005481584177676051,2.7356394978274667,0.0037807550004045343,1.4898590622535892e-5,0.0037658564097819984,2.8889237648216466,0.009901718728296816,3.6424713105376204e-5,0.009865294015191439,2.741386733492392
2005-02-02,0.005955389101068409,6.803060410657175e-6,0.005948586040657752,3.3475026614606,0.018932269572331517,1.6492946072898974e-5,0.018915776626258617,2.7340821548603063,0.01843927277072588,6.066605949681006e-5,0.018378606711229067,2.785916740261742,0.023777471113350268,8.992225978462247e-6,0.023768478887371807,2.9575890883330365,0.02145032808436076,5.624001091006344e-5,0.021394088073450696,2.8000362027121173
2005-03-04,0.038088642542334794,1.3998599073526667e-5,0.038074643943261266,3.474957633394832,0.0379247776710947,2.7252240130444926e-5,0.03789752543096426,2.8376971028544706,0.04948189911859835,8.488930188767466e-5,0.04939700981671068,2.92353269682899,0.05317066832554396,1.5177665990497365e-5,0.05315549065955346,3.1148011874927204,0.047850579498775136,1.4051386225189998e-5,0.047836528112549945,2.933980213239313
2005-04-05,-0.03494873409406318,1.6266301975477562e-5,-0.03496500039603866,3.3534557383669643,-0.029605496017229727,3.4945776609340406e-5,-0.029640441793839067,2.753586507048767,-0.03399598070245158,3.657165997382094e-5,-0.034032552362425396,2.8240374172408944,-0.03313961066244997,6.0903011374887824e-5,-0.03320051367382486,3.0113881880761224,-0.034650304165267154,8.115795838429416e-5,-0.03473146212365145,2.832078790591649
2005-05-04,-0.019919805569744264,9.6343274456985e-6,-0.01992943989718996,3.286623243781293,-0.006181922340330881,7.05530507600449e-5,-0.006252475391090926,2.7363697751762044,-0.015704120456572546,6.662521936492582e-5,-0.015770745675937472,2.7795002413542567,-0.01448071258348882,5.1554696680021786e-5,-0.014532267280168841,2.967625890042657,-0.018834188358730963,2.5017073702755966e-5,-0.018859205432433718,2.778668034879043
2005-06-03,0.0243288849224792,1.1474029485704193e-5,0.024317410892993496,3.366545411650786,0.007491674185990949,3.129046562776718e-5,0.0074603837203631816,2.7567841436998233,0.009951036469934449,6.337934702693046e-5,0.009887657122907519,2.8069829867138067,0.007364740074931042,1.7091753907380446e-5,0.007347648321023662,2.9894309614310552,0.011394901096429377,0.0003765717263560079,0.01101832937007337,2.8092843144974347
2005-07-05,0.009935476478815097,1.1492118311902292e-5,0.009923984360503195,3.399954955664932,0.0019342716960297768,1.7885431236897366e-5,0.0019163862647928794,2.7620672069678083,-0.0017700787377978866,8.086869275484412e-6,-0.001778165607073371,2.8019917061071924,0.0087201582319274,6.254336218943659e-6,0.008713903895708456,3.015480575531821,0.0067680425841065706,3.225297495972616e-5,0.006735789609146845,2.828207062592166
2005-08-03,0.04951037039710737,1.3926188838501497e-5,0.04949644420826887,3.5682406364386288,0.036038003364355475,2.017158717252752e-5,0.03601783177718295,2.861550878985648,0.040532748017142683,1.2902758225834677e-5,0.04051984525891685,2.915527976455424,0.036972377878285556,1.6905063942226512e-5,0.03695547281434333,3.1269190859630673,0.0426304799998678,0.00011226906155749945,0.0425182109383103,2.9484573670566783
2005-09-01,-0.01479812088741339,1.4107165361882931e-5,-0.014812228052775274,3.51538704238452,-0.0022906812546534816,1.8185008242427766e-5,-0.002308866262895909,2.854943940701598,-0.005145934692110998,1.0117753762642368e-5,-0.0051560524458736405,2.9004953613014077,0.009933813197250618,9.936605324375273e-6,0.009923876591926242,3.157950245085104,-0.007838989074461677,2.4344855426405478e-5,-0.007863333929888083,2.925272662201473
2005-10-03,0.012010181741843873,1.2324050105048712e-5,0.011997857691738825,3.557564155850432,0.023769609506086198,1.383499159248255e-5,0.023755774514493715,2.922765345208425,0.026777235532434274,1.1148618339814808e-5,0.026766086914094458,2.978130272235929,0.028715289894267082,1.062260458991042e-5,0.02870466728967717,3.2485981561876263,0.026162570028732457,1.185558498720373e-5,0.026150714443745254,3.001770632260798
2005-11-01,-0.031523182818275264,1.321599676849343e-5,-0.031536398815043755,3.445371393821428,-0.04058555245601925,2.6824029884094693e-5,-0.040612376485903344,2.8040648986288694,-0.034654734392093545,6.0025154977086044e-5,-0.03471475954707063,2.874745195935407,-0.0423731762416919,1.8330897768990885e-5,-0.04239150713946089,3.1108851842563587,-0.016892492653396318,1.9850009179944116e-5,-0.01691234266257626,2.951003658733545
2005-12-01,0.059482883361943184,1.6712066336102662e-5,0.05946617129560708,3.6502544393033975,0.041145621355070716,1.2905644558243294e-5,0.041132715710512475,2.919403702937998,0.049352057614449496,4.4822732583071726e-5,0.049307234881866426,3.016490932536911,0.04238656821614839,3.0311363019683814e-5,0.04235625685312871,3.242650636161313,0.05032283518998093,1.8358868728262052e-5,0.05030447632125267,3.0994523524082362
2006-01-03,0.00576706301907115,1.3068080725869043e-5,0.005753994938345281,3.671257984870822,0.013130011244613993,1.927051750247065e-5,0.013110740727111521,2.957679247964988,0.013650232310207677,1.5605646017245283e-5,0.013634626664190432,3.0576196602379673,0.01800715763225602,1.3336887513098582e-5,0.017993820744742924,3.300998310446227,0.01818588362468665,1.5924501704314698e-5,0.018169959122982336,3.155769274955125
2006-02-02,0.024127234611568182,9.032457469925246e-6,0.024118202154098257,3.7598021271097837,0.016384548162192036,1.8223730431633684e-5,0.016366324431760403,3.006085586102268,0.02574207803345141,4.470851487651206e-5,0.0256973695185749,3.136192442494362,0.02652009181428827,1.2664688783397544e-5,0.026507427125504874,3.388499282601795,0.023005287373322414,1.5058303321560232e-5,0.022990229070000853,3.228321133478414
2006-03-06,0.0030946739431978454,1.4988486638972427e-5,0.003079685456558873,3.771381135040183,-0.002849487516421667,3.5484322530645205e-5,-0.002884971838952312,2.997413113840883,-0.006847245155200632,5.7718332803866644e-5,-0.006904963488004499,3.1145371481875825,-0.012524885616546078,1.683512027735235e-5,-0.01254172073682343,3.3460016708824765,0.0005755116645063119,2.340734448287822e-5,0.0005521043200234336,3.23010350352263
2006-04-04,0.033942588587923206,1.0814157008540848e-5,0.03393177443091466,3.8993507890073733,0.022167286957702537,6.447532337360594e-5,0.02210281163432893,3.063664371286375,0.028535258321737977,2.650584051345748e-5,0.02850875248122452,3.203328716838841,0.033880914831716735,1.9177433430054715e-5,0.03386173739828668,3.459303100796127,0.03600467155384646,1.5331043286426414e-5,0.03598934051056003,3.346352798395259
2006-05-04,0.026842144580464522,1.0618240530850556e-5,0.026831526339933673,4.003976322411265,0.014353253881884465,2.0241847472209384e-5,0.014333012034412255,3.107575909589423,0.009611209751794636,9.809250850442338e-5,0.009513117243290212,3.2338023584909275,0.014641026498382947,8.591642862783164e-5,0.014555110069755116,3.50965363819286,0.010443290568478591,4.2927311524461166e-5,0.01040036325695413,3.3811560830844942
2006-06-05,-0.04252630086074394,1.74962221054858e-5,-0.04254379708284942,3.833631966226067,-0.025102460198482945,1.5728632118792296e-5,-0.025118188830601736,3.029519231086927,-0.03467496133104819,0.00013076714371266363,-0.03480572847476086,3.121247511660251,-0.03854408174606183,0.00017230941540054208,-0.038716391161462374,3.3737725150953355,-0.03949122190730958,5.32046094565254e-5,-0.03954442651676611,3.2474502048152427
2006-07-05,0.007316337597621514,1.7292193821478618e-5,0.007299045403800036,3.86161382000901,0.020305587158502503,3.145338867573837e-5,0.020274133769826765,3.0909401092362456,0.019804646171359463,0.0001556667977283036,0.01964897937363116,3.182576839636861,0.02305118161213593,1.7621657697896358e-5,0.023033559954438034,3.451482506594419,0.018573092914896616,4.7793762042510414e-5,0.018525299152854106,3.307610191343443
2006-08-03,-0.012380707419093251,9.373023266448985e-6,-0.0123900804423597,3.8137681141417707,0.022034493214661,5.628563142729407e-5,0.021978207583233704,3.1588734325843832,0.009017163345196755,9.975008712600117e-5,0.008917413258070753,3.2109571925414677,0.019476505424374624,7.523171089086753e-5,0.019401273713483755,3.518445663422158,0.0009161864837308187,8.727838223090684e-5,0.0008289081014999118,3.3103518962276506
2006-09-01,0.01864436035676742,1.7058238859219528e-5,0.0186273021179082,3.8848083250115346,0.03168818884345681,4.0684831047229085e-5,0.03164750401240958,3.2588438922167917,0.03170884453181366,4.032535902485801e-5,0.0316685191727888,3.3126434519564714,0.02136585727853113,3.344526017427718e-5,0.021332412018356853,3.5935025959784803,0.019786472157891977,2.4602989640886315e-5,0.01976186916825109,3.3757706373017733
2006-10-03,0.0001447774195839635,1.1266133981337642e-5,0.00013351128560262586,3.8853269907653267,-0.018182813231328976,1.7299773592625246e-5,-0.0182001130049216,3.1995325651130475,-0.010976198638288026,2.893677865562674e-5,-0.011005135416943652,3.2761873621796385,-0.03448498644385822,1.6577699259905978e-5,-0.03450156414311813,3.469521135664867,-0.01449765993861818,8.950751651284451e-6,-0.014506610690269464,3.3267996468867937
2006-11-01,0.04708516017975173,2.1031386675976434e-5,0.047064128793075755,4.06818652066192,0.0462503938932024,0.000145952948391281,0.04610444094481112,3.3470452253123018,0.048461239879216356,0.0001657417745484307,0.048295498104667926,3.434412462720322,0.04961755925739619,0.0002963880251923146,0.04932117123220388,3.6406419816907447,0.05219643621204684,0.0003385804133831486,0.05185785579866369,3.4993203432460946
2006-12-01,0.0357245188386619,1.4167415888767628e-5,0.03571035142277313,4.213462890968146,0.02294702953744876,9.362402196285432e-5,0.022853405515485904,3.4235366071250346,0.02376505891020808,9.009142784198377e-5,0.023674967482366097,3.515722066096259,0.03030940370665225,9.815340997001939e-5,0.03021125029668223,3.750630327840213,0.031856971292369085,5.472936900600405e-5,0.03180224192336308,3.610606575369353
2007-01-04,0.003120466425915014,1.069372838423938e-5,0.0031097726975307747,4.226565802828539,0.010919699762432122,5.468776410312902e-5,0.010865011998328993,3.4607333734381664,0.009894487159278764,3.732205393935168e-5,0.009857165105339412,3.5503771189662547,-0.0021892799257852147,2.1324558013388112e-5,-0.002210604483798603,3.7423391676204183,0.004267040238937536,9.62631019422165e-5,0.004170777136995319,3.625665610724589
2007-02-05,0.04187659146383882,1.4528929303349288e-5,0.04186206253453547,4.4034985647728755,0.027825291539468333,5.276751892066424e-5,0.027772524020547668,3.5568466741806892,0.03158328986020331,7.988750406211025e-5,0.0315034023561412,3.662226077861086,0.03868564061367663,9.163441940498142e-5,0.03859400619427165,3.886771028636626,0.039802225248812384,4.3481218443665547e-5,0.03975874403036872,3.7698175216810985
2007-03-07,-0.02393362679539579,1.3284362946592858e-5,-0.023946911158342382,4.2980483758563715,-0.016397786300695882,3.0699556667417544e-5,-0.0164284858573633,3.498413068897102,-0.01836471211964874,2.8875376048892557e-5,-0.01839358749569763,3.5948646020689226,-0.017143246839137816,5.486503597959151e-5,-0.017198111875117408,3.819925905653168,-0.02179576731240218,2.3365681307078527e-5,-0.02181913299370926,3.687563371813523
2007-04-05,0.046539194288395036,8.479035762662918e-6,0.046530715252632374,4.498039640975383,0.04986620167426792,4.435850927832989e-5,0.04982184316498959,3.672710456142043,0.043679623318971794,6.307486143872425e-5,0.04361654845753307,3.751660188183332,0.04110011626669574,0.00010377068525807297,0.040996345581437665,3.9765289081768116,0.038734464138874714,6.845859587986859e-5,0.03866600554299485,3.8301467175882093
2007-05-07,0.04345143773616211,1.1538775305900432e-5,0.04343989896085621,4.69343402850128,0.03432023113686711,2.990846094242543e-5,0.03429032267592468,3.798648882778396,0.03259357665216256,5.739134344452398e-5,0.03253618530871803,3.8737248992814046,0.03598554759433581,5.7613095929757734e-5,0.035927934498406054,4.119397378320806,0.03677350264375545,1.4111091994851777e-5,0.0367593915517606,3.970940580480725
2007-06-06,0.0188897771860419,1.09522313847189e-5,0.018878824954657182,4.7820405479615875,0.004535643946144585,6.599772631563307e-5,0.004469646219828952,3.8156274993977646,0.013959871771567878,0.00010952647900373874,0.01385034529256414,3.9273773267048555,0.018178618885167364,4.717057273138933e-5,0.018131448312435974,4.194088018964214,0.011592414947060092,1.0683944572120159e-5,0.011581731002487973,4.016930946110716
2007-07-06,0.016895187631484676,8.72278020566838e-6,0.016886464851279006,4.862792307592132,0.010898925259906544,4.1115046040990466e-5,0.010857810213865554,3.8570568586330314,0.012514766413982636,5.098524211833922e-5,0.012463781171864297,3.9763272982842457,0.014323094646072398,5.2281569749227076e-5,0.014270813076323172,4.253941065108499,0.00807600273789344,6.1466043847320435e-6,0.008069856133508708,4.049347000944069
2007-08-06,-0.05212868966066564,9.751084575275137e-6,-0.05213844074524091,4.609253899006326,-0.02811240448909169,4.5817380510184246e-5,-0.028158221869601877,3.748448995843973,-0.04667240504407233,9.846520485192362e-5,-0.046770870248924255,3.790351010148938,-0.045313626599359,0.00018877095325589368,-0.0455023975526149,4.060376547598539,-0.05457832261997464,3.950742602281352e-5,-0.054617830045997455,3.8281804546492366
2007-09-05,0.005312173621847549,1.72434554573164e-5,0.005294930166390233,4.633659576520727,0.006138755102424787,8.541481149674149e-5,0.0060533402909280455,3.7711396331790037,0.0039595064665503,0.0003314711451340523,0.0036280353214162477,3.804102537494324,0.005082203115778672,0.0002490847700787192,0.004833118345699952,4.080000827981187,0.011635455784656967,0.000498592626348357,0.01113686315830861,3.870814376517977
2007-10-04,0.05044130675576075,9.184861035812911e-6,0.050432121894724936,4.86734486110248,0.062269722115561255,9.600796620834883e-5,0.0621737141493529,4.005605390749571,0.053606248156002456,9.516361428684737e-5,0.05351108454171561,4.007664189983538,0.06805437627514554,0.00022910606120134176,0.0678252702139442,4.3567279866121265,0.06927889559080258,0.0003271995442034033,0.06895169604659918,4.137713592860451
2007-11-02,-0.0044449713276421,1.11549566788454e-5,-0.004456126284320946,4.845655357732067,0.01117902001910065,8.290458387494243e-5,0.011096115435225706,4.0500520505532895,0.006584585563096157,0.00013677966006515592,0.006447805903031001,4.0335048308050805,0.009210878676866985,0.000218098494336769,0.008992780182530215,4.3959070837108065,0.016309109199918126,0.00010897236956056372,0.01620013683035756,4.204745119229621
2007-12-04,-0.02766951050444988,1.6889666624159296e-5,-0.027686400171074037,4.711496604406788,0.017032514197099502,0.0001258669010399276,0.016906647296059573,4.118524852102676,0.01127674750053509,0.00015923448186911832,0.01111751301866597,4.0783473732724085,0.014432115628673303,0.00032045111177954946,0.014111664516893753,4.45794064972357,0.0005791498190543809,5.07307963660657e-5,0.0005284190226883152,4.206966986536178
2008-01-04,-0.03670906910136151,1.9235532449746343e-5,-0.03672830463381126,4.538451321838968,-0.0214036819422182,0.00012910859757866498,-0.021532790539796866,4.029841519129402,-0.025981058784596778,0.00018918698277769127,-0.026170245767374468,3.9716160201891433,-0.028988373284110636,0.00016750837810047288,-0.029155881662211107,4.327965459683069,0.002221955367150308,9.898544385694828e-5,0.0021229699232933595,4.215898250916882
2008-02-05,-0.03137540251567439,1.7301489820243e-5,-0.03139270400549463,4.3959770628491315,-0.0553246906727366,3.115879869346544e-5,-0.05535584947143007,3.806766218602756,-0.05144261614202783,6.853327994336878e-5,-0.0515111494219712,3.767033513926486,-0.04041774256854358,1.2292757162310638e-5,-0.04043003532570589,4.152985663259648,-0.06727782504087687,3.78839963884503e-5,-0.06731570903726532,3.9321020709274452
2008-03-06,-0.007117020065211199,1.98410686090691e-5,-0.007136861133820269,4.364603585004118,0.006198274566771911,0.00012862898328595251,0.006069645583485959,3.8298719403688612,0.0016685328372765262,0.00010966160603352449,0.0015588712312430018,3.7729058340984745,-0.0017729427627821703,0.00016996280835027033,-0.0019429055711324406,4.144916804277668,0.01263107173094613,0.00022460073199008718,0.012406470998956044,3.9808855812353414
2008-04-07,0.04882892524253157,2.2355936489986936e-5,0.04880656930604159,4.577624912369019,0.03749040820648397,5.3786744334288497e-5,0.03743662146214968,3.9732494064489594,0.04071096089559689,5.962290575802853e-5,0.040651337989838866,3.926279504364246,0.03564234361816965,0.00012938059972547112,0.03551296301844418,4.292115081462508,0.03878184035150478,7.727855154979591e-5,0.03870456179995498,4.134964013232815
2008-05-06,0.03129646155463206,9.625343700755787e-6,0.031286836210931306,4.720844313237387,-0.015753423099731934,4.27750623328168e-5,-0.01579619816206475,3.9104871714773854,-0.01638331477430277,5.425208368681311e-5,-0.016437566857989583,3.8617410225081046,-0.017178852735977856,0.0002121412238274365,-0.01739099395980529,4.217470934006005,-0.011161067927043522,0.00060235982112093,-0.011763427748164452,4.086322662821891
2008-06-05,0.015610187464500047,1.72025246684481e-5,0.015592984939831599,4.794456367516987,0.014533781405861035,2.285182830277818e-5,0.014510929577558257,3.967231975436639,0.012363402489230513,0.00011203874428517291,0.01225136374494534,3.909052616463628,0.009054926766555838,5.444738531457139e-5,0.009000479381241266,4.25543019418851,0.015201845377295298,0.0001267061092279132,0.015075139268067384,4.147924546058191
2008-07-07,-0.12372375288850401,1.564191306165192e-5,-0.12373939480156566,4.201193238197922,-0.065304447538728,2.5974868065336893e-5,-0.06533042240679333,3.708051034695626,-0.06624057327324273,7.532790431567523e-5,-0.06631590117755841,3.6498202694523503,-0.06980597716590642,4.225875508018209e-5,-0.0698482359209866,3.958195902039541,-0.08074505304742718,7.773712089575889e-5,-0.08082279016832294,3.812677710838094
2008-08-05,0.023898745691829593,2.7760195180820415e-5,0.02387098549664877,4.301479861055563,0.043937104808067895,9.78936524814058e-5,0.04383921115558649,3.8706090669813387,0.05539199168795417,0.00014771894492460305,0.055244272743029565,3.8514519358810135,0.06078964746551341,0.0001507831937048918,0.060638864271808514,4.198216406104546,0.046287123261754104,0.00038108916195104376,0.04590603409980306,3.9877026238433864
2008-09-04,-0.028621737613704346,2.85240159536166e-5,-0.02865026162965796,4.178241337641617,-0.014510214923376674,2.363772824811865e-5,-0.014533852651624792,3.814354205129789,-0.013754454908189606,1.2093410763669114e-5,-0.013766548318953275,3.7984307367075814,-0.011437013255927164,4.611949086146912e-5,-0.011483132746788633,4.150007729813502,-0.01622734440878848,0.00012309017913326884,-0.01635043458792175,3.9225019529361513
2008-10-03,-0.15224906053748033,1.4220061758741609e-5,-0.15226328059923908,3.542048604436951,-0.05474171950632911,1.4941302269865716e-5,-0.05475666080859898,3.6054929057156437,-0.04883657688938292,1.9999941821785955e-5,-0.04885657683120471,3.612852413581618,-0.05273967777945754,8.466319900642302e-5,-0.05282434097846396,3.930786306430572,-0.0636445315985733,5.228212306064139e-5,-0.06369681372163395,3.672651076717232
2008-11-03,-0.13708904741215633,4.3519301871600594e-5,-0.13713256671402793,3.056318387884671,-0.10396828001496394,2.0395356438332385e-5,-0.10398867537140227,3.2305624743892856,-0.10221600345719994,0.00013689842144336072,-0.10235290187864331,3.243066484992279,-0.10041841401440033,0.00022722800820409994,-0.10064564202260443,3.535169794966205,-0.10572148756401112,0.0005001907218177581,-0.10622167828582887,3.282535915590071
2008-12-03,-0.11683733787094741,2.4550931357622515e-5,-0.11686188880230504,2.6991512482952524,-0.06612383106464836,0.00012236604325769387,-0.06624619710790605,3.0165499959414883,-0.0678446907785073,0.00012370500475136987,-0.06796839578325867,3.0226404585889024,-0.06677293024096609,0.00016439516891655507,-0.06693732540988265,3.298534984021364,-0.10081251739956965,0.00047942411071415594,-0.1012919415102838,2.950041479622716
2009-01-05,0.11708399478050513,3.313160973403974e-5,0.1170508631707711,3.015089231736676,0.045159762922879265,7.021020895187514e-5,0.04508955271392739,3.15256488599769,0.06069461191165981,0.0001399761152538166,0.060554635796406,3.205675350702235,0.05920625566688065,0.00016414756696182884,0.05904210809991882,3.4932874431193173,0.056340726209489045,0.0002874377272955386,0.05605328848219351,3.1154010057144452
2009-02-04,-0.12228677557583667,3.284814815787817e-5,-0.12231962372399455,2.6462846514163783,-0.08631521567838918,1.62311591582303e-5,-0.08633144683754741,2.8803993981402614,-0.07765583235848883,8.15145785264133e-5,-0.07773734693701524,2.9564746537972573,-0.07616370557973107,5.890131811119845e-5,-0.07622260689784227,3.227019967561265,-0.08639951780833299,1.8794233771857046e-5,-0.08641831204210484,2.846173309466327
2009-03-06,-0.18675137842047207,3.091555487790812e-5,-0.18678229397534998,2.152005533713068,-0.14469049590207694,3.702751503142799e-5,-0.14472752341710837,2.4635263267952916,-0.11385150042874992,2.6931516568673237e-5,-0.11387843194531859,2.619795956136747,-0.12633862960458964,8.99323273162421e-5,-0.12642856193190588,2.8190324737369488,-0.13622375466023717,2.514181558818112e-5,-0.13624889647582536,2.4583853368725923
2009-04-06,0.28431356270965025,3.97822535964863e-5,0.2842737804560538,2.7637642823440296,0.15322343288060392,2.6517488851979022e-5,0.15319691539175193,2.8409309610467033,0.13689117475256363,5.018210965352464e-5,0.1368409926429101,2.978291435296381,0.13724263179743157,0.000144967528825379,0.1370976642686062,3.2055152413836354,0.15839310231359693,2.4426011483364714e-5,0.15836867630211357,2.84771656851363
2009-05-06,0.15373117582113816,4.4323115823626917e-5,0.15368685270531454,3.188518516516846,0.04460875754609672,7.358434722120172e-5,0.04453517319887552,2.967452313442966,0.03787084380190553,2.388375249220055e-5,0.03784696004941333,3.0910107122635533,0.0376514494380733,2.487502175117204e-5,0.03762657441632213,3.326127799156212,0.04923980796902083,2.715062370911202e-5,0.049212657345311724,2.9878602682164583
2009-06-05,0.030494361134244308,3.767264669914114e-5,0.030456688487545167,3.285630231711169,0.05804432701345541,2.6331330970031074e-5,0.058017995682485377,3.139617948952281,0.05888489910761319,2.6917026522247465e-5,0.05885798208109094,3.272941365378421,0.056824301468274996,2.5715431104355895e-5,0.05679858603717064,3.515047155127211,0.05804300121146255,1.6123335628853226e-5,0.0580268778758337,3.1612364711103105
2009-07-07,-0.08991336878517686,1.6270795585810192e-5,-0.08992963958076267,2.990154689177726,-0.01815053026055602,1.7811138213800206e-5,-0.01816834139876982,3.082576298194011,-0.020817203563318842,3.19523984894403e-5,-0.020849155961808283,3.2047033003977927,-0.019859100669826546,1.3258698678836255e-5,-0.01987235936850538,3.445194874863281,-0.0284771962919802,1.3750462605894513e-5,-0.028490946754586095,3.0711698511332512
2009-08-05,0.18582108135742392,2.805665608454171e-5,0.18579302470133938,3.5457045732049486,0.07594955677297932,1.989569285260472e-5,0.07592966108012672,3.316635271769514,0.07215178973106662,1.3091939479745432e-5,0.07213869779158687,3.43588642329689,0.07235812043546663,1.1695313400767737e-5,0.07234642512206586,3.694442407908502,0.08380240030086195,1.746690891679013e-5,0.08378493339194515,3.3284876125458007
2009-09-03,-2.0837112565730287e-5,3.390697015707574e-5,-5.4744082722806025e-5,3.5455104668604824,-0.0033839938093276345,2.6987724142136186e-5,-0.0034109815334697705,3.3053222901042534,0.005470646732286477,7.27327762370446e-6,0.005463373454662772,3.4546579539751665,0.005770087586441042,7.358461961607818e-6,0.005762729124479434,3.7157324787712684,-0.006043365508355603,1.4919223141305428e-5,-0.006058284731496908,3.308322686863738
2009-10-05,0.04944298146945014,1.0225423047447936e-5,0.049432756046402695,3.720774820828764,0.045034843014279735,8.222371421501882e-6,0.045026620642858235,3.454149782963161,0.039318839631676594,5.7704889537272245e-6,0.03931306914272287,3.5904711609842495,0.03900328683349952,5.839885563812555e-6,0.03899744694793571,3.8606365589848726,0.0478387698465379,1.7939656576540975e-5,0.04782083018996136,3.4665294242858455
2009-11-03,0.0020027313615504916,1.1796788150176784e-5,0.001990934573400315,3.72818264005939,-0.0022336638536433195,1.6494817118864838e-5,-0.0022501586707621844,3.446377397878915,0.004711245697465172,1.1557007902674395e-5,0.004699688689562497,3.6073452576897274,0.004935757581597144,3.2164009411076836e-5,0.004903593572186068,3.879567551600058,-0.006307052315631334,2.3957131282835952e-5,-0.00633100944691417,3.4445827937526863
2009-12-03,0.057159169634186435,1.2943799271204846e-5,0.05714622583491523,3.941234207162034,0.06215014601296254,1.2415401040668243e-5,0.06213773061192187,3.660527468215332,0.05905063893360629,9.815384595859647e-6,0.059040823549010434,3.8203258925293464,0.059211589755559846,3.5991540505312316e-5,0.05917559821505453,4.109143282281706,0.05948824050224899,7.0833147594842634e-6,0.0594811571874895,3.6494705643532117
2010-01-05,0.05702281712445045,1.1150959425318585e-5,0.057011666165025135,4.165930536058933,0.013768376439833752,1.6461076075287587e-5,0.013751915363758464,3.7108667321449422,0.013865213826105283,8.278151587815885e-6,0.013856935674517467,3.8732639026778193,0.013988290335259279,3.535679106636288e-5,0.013952933544192915,4.16647788542295,0.015530602389571602,6.945722822579604e-6,0.015523656666749023,3.7061236924096375
2010-02-04,-0.06614474006198079,1.6830333295036023e-5,-0.06616157039527583,3.8903060296356404,-0.027030853517726827,9.748989791485812e-6,-0.027040602507518312,3.6105226598826374,-0.029934791354422452,8.585187397078317e-6,-0.02994337654181953,3.7572853031940996,-0.02892055254994641,8.620558927693449e-6,-0.028929173108874103,4.0459451254212535,-0.023103563410399097,4.585736785802844e-5,-0.023149420778257126,3.620329075597779
2010-03-08,0.10234759418032935,1.8695768010079777e-5,0.10232889841231926,4.2883967601350585,0.05821176333439215,1.0157372922506153e-5,0.058201605961469643,3.8206608770480837,0.06036443255638435,2.858228603341612e-5,0.06033585027035093,3.9839843066706084,0.061526395988755755,8.208670015086225e-6,0.06151818731874067,4.294844335528264,0.06088327757918521,3.895506895650705e-5,0.060844322510228706,3.8406055454666084
2010-04-07,0.043094277400906655,1.6211570738680188e-5,0.043078065830167975,4.473132598074035,0.02398175277914172,9.95822621392017e-6,0.0239717945529278,3.9122489746490894,0.025245083127019674,2.7662491555148823e-5,0.025217420635464526,4.0844501147370105,0.026339343613310806,7.078768821575543e-6,0.02633226484448923,4.407937314037249,0.027909784582605734,4.470664364728465e-5,0.02786507793895845,3.9476243183238315
2010-05-06,-0.044117506198778744,1.0297617038243303e-5,-0.04412780381581699,4.275743080344088,-0.03698507972251963,8.202500824169991e-6,-0.036993282223343804,3.767522044201908,-0.03625694305819127,8.769962454642163e-6,-0.036265713020645914,3.9363246190288135,-0.03564634224693852,9.269382767642203e-6,-0.035655611629706166,4.2507696130798465,-0.03652106475193828,3.75552103066505e-5,-0.03655861996224493,3.803304621116514
2010-06-07,-0.07429578136512527,1.3502267667680942e-5,-0.07430928363279295,3.9580156750458473,-0.04596436109523416,2.1603957601987838e-5,-0.04598596505283615,3.594268907141449,-0.04647747825444193,3.503230299177246e-5,-0.0465125105574337,3.7532362786287496,-0.04641139030557895,5.833438069855654e-5,-0.046469724686277504,4.053237519455232,-0.05038604498285082,6.183809674761553e-5,-0.05044788307959844,3.6114359542743317
2010-07-07,0.010615858097814401,1.3315237047412424e-5,0.010602542860766988,3.9999807058841084,0.025438748223491903,2.653124245620039e-5,0.025412216981035702,3.685607248497918,0.019509275613593724,2.4721281586807663e-5,0.019484554332006916,3.8263664148205514,0.01657327683569343,8.002141333867994e-6,0.01656527469435956,4.120380512366493,0.025267194838205054,4.400338609505808e-5,0.025223191452109994,3.7025278947660265
2010-08-05,0.07938577071630659,1.3171541901368533e-5,0.07937259917440523,4.317469571157602,0.049027796220848074,1.7051386233894463e-5,0.04901074483461418,3.866241604914654,0.04888496286485644,1.1281062684882712e-5,0.04887368180217156,4.013375029437007,0.04939686432998447,1.261330372167939e-5,0.04938425102626279,4.323862417912921,0.05376706501551731,2.54150874631925e-5,0.05374164992805412,3.9015078527353975
2010-09-03,-0.008857034743898318,1.3166650286402001e-5,-0.008870201394184719,4.27917274654817,0.010971761210011977,1.3622734528435394e-5,0.01095813847548354,3.9086084158009844,0.012916566799525908,2.63603987337406e-5,0.012890206400792168,4.065108261930235,0.01500296547440172,1.024706539361115e-5,0.014992718409008109,4.388688869583983,0.011092753650029374,9.208295746531474e-6,0.011083545354282843,3.9447503919712807
2010-10-05,0.05966270290347775,1.2135289509750864e-5,0.059650567613967996,4.534427829797991,0.03743621018089183,1.1525411830863136e-5,0.03742468476906096,4.054886853648035,0.03894182101624866,1.3839264588297235e-5,0.03892798175166036,4.223354722169179,0.04042734224226763,8.917237340710898e-6,0.040418425004926914,4.56607276152922,0.03783232485964905,1.011191688899319e-5,0.03782221294276005,4.093949581302455
2010-11-03,0.042565275293978466,9.541776478446572e-6,0.04255573351750002,4.727393732177211,0.03139358823044747,1.5117387555974518e-5,0.03137847084289149,4.1821230025564535,0.032800271605535114,7.915522354308958e-6,0.032792356083180804,4.361848474084134,0.035379966592841816,7.5978461465100526e-6,0.035372368746695304,4.727585570974274,0.029887273369942458,5.979793535870783e-6,0.029881293576406585,4.2162820906283605
2010-12-03,0.04491250591757967,1.0854365866673696e-5,0.044901651551712995,4.939661518287183,0.005193774930844608,1.7638055465018588e-5,0.00517613687537959,4.203770243647359,0.007204835703348067,9.222397567059303e-6,0.007195613305781007,4.393234649002054,0.010282674826584737,8.772075254075363e-6,0.01027390275133066,4.776156325379056,0.007257659769116964,3.792696097447597e-5,0.007219732808142488,4.246722520766453
2011-01-04,0.031227242969201763,1.7086939977335326e-5,0.031210156029224428,5.093829125004482,0.01692648923428086,4.053109181565029e-5,0.016885958142465213,4.2747549320221285,0.016280746418825487,3.9639874623246065e-5,0.01624110654420224,4.464585641010178,0.014586317827733009,1.3838972694304271e-5,0.014572478855038705,4.845756762439002,0.016058987603974284,8.670059079947178e-5,0.015972287013174814,4.314552391733448
2011-02-03,0.021626639737619913,1.0917290999961097e-5,0.021615722446619953,5.203935921561088,-0.0026221410134529277,5.602250963415425e-5,-0.002678163523087082,4.263306439293051,-0.0039068663569082895,5.244666868434782e-5,-0.003959313025592637,4.446908948927852,-0.003715414787914595,7.256972390850011e-5,-0.003787984511823095,4.827401110874821,0.0010698202801442402,0.00011488731661743058,0.0009549329635268097,4.318672500035178
2011-03-07,0.0050055351700351025,1.3362483608581114e-5,0.004992172686426521,5.22991486833062,0.02367505859825947,8.24920698701101e-6,0.023666809391272456,4.364205300168384,0.023436496596743517,4.500226351048902e-5,0.023391494333233027,4.550928794407101,0.022669315614721075,1.9270572544468823e-5,0.022650045042176607,4.93674196347279,0.023305631991372477,5.4271122336801465e-5,0.023251360869035675,4.419087512808677
2011-04-05,0.038075038361849334,1.082621009237609e-5,0.038064212151756954,5.428987457414385,0.0312533718199548,8.543698939759768e-5,0.031167934830557204,4.500228566551204,0.032072868207998484,8.518222118481078e-5,0.031987685986813674,4.696502475630943,0.03236087206088967,6.88142555399073e-5,0.03229205780534976,5.096159520327349,0.027890282110901277,0.00014165789762952703,0.02774862421327175,4.5417111115671664
2011-05-05,-0.0051090617322540055,9.223054298206567e-6,-0.005118284786552212,5.401200353504718,0.03083656019858072,1.0875461185606141e-5,0.030825684737395113,4.638951193589931,0.031242437465346162,5.421398161390638e-6,0.03123701606718477,4.8432071989218,0.031090469176863644,5.317584006754861e-6,0.03108515159285689,5.254574411558107,0.02271711007694588,6.912427407804242e-6,0.022710197649538074,4.64485426857796
2011-06-06,-0.03521634963728626,1.7557348578609196e-5,-0.03523390698586487,5.210894962637312,-0.005222427826086062,7.4367755509755254e-6,-0.005229864601637038,4.614690106953853,-0.006329652036623168,6.73722582948267e-6,-0.00633638926245265,4.812518752830719,-0.0060536949440392895,6.8244609929117924e-6,-0.006060519405032202,5.222728961371673,-0.009282669209371708,9.065677583141985e-6,-0.00929173488695485,4.601695514125793
2011-07-06,0.054126455940685325,1.0327883819232279e-5,0.054116128056866095,5.492888421726271,0.03777828083181145,4.856963616403743e-6,0.037773423868195044,4.789002752384188,0.0385233838476311,4.5068740646843145e-6,0.038518876973566415,4.997891570603987,0.04066769613718013,5.127144799644143e-6,0.040662568992380486,5.435098538091952,0.0396333300975622,6.91785019792616e-6,0.039626412247364275,4.784044197605388
2011-08-04,-0.12274590070088265,7.93612734054764e-6,-0.12275383682822319,4.818615292690048,-0.07805908346890889,1.3552474613491405e-5,-0.07807263594352237,4.41511268396477,-0.07887721932341674,7.4260910615606134e-6,-0.0788846454144783,4.603634666236882,-0.0796601300195463,8.316382732865391e-6,-0.07966844640227917,5.002092681518867,-0.08289355444488089,7.39916322632889e-6,-0.08290095360810722,4.387442371520569
2011-09-02,-0.017519659511152863,2.1762639851347978e-5,-0.01754142215100421,4.734089927657687,0.027239948939723035,1.8131610411873513e-5,0.02722181732931116,4.535300074935983,0.0263754575635462,1.762299943746958e-5,0.026357834564108732,4.7249765071631495,0.024917453772660858,1.0428915743705726e-5,0.02490702485691715,5.126679928274061,0.018078763931452357,1.2581093144336115e-5,0.01806618283830802,4.466706707596999
2011-10-04,-0.06555095126836741,1.5058775235324161e-5,-0.06556601004360273,4.423694539913564,-0.028365960164492554,8.28027372206364e-6,-0.02837424043821462,4.406614380150297,-0.02839907228748484,2.78312533046455e-5,-0.028426903540789486,4.590660055761527,-0.02786823184507836,4.279379905680926e-6,-0.02787251122498404,4.983786484426342,-0.028771085745455616,7.631937371351352e-6,-0.028778717682826967,4.338160616287076
2011-11-02,0.12424838778400638,2.5253082918601385e-5,0.12422313470108777,4.973219742621713,0.05951603307237985,7.700760958262078e-6,0.05950833231142159,4.66884465305257,0.05919456832736203,8.016819909621548e-5,0.05911440012826581,4.86203417115066,0.060503009187731216,1.0621408802544312e-5,0.06049238777892867,5.2852676290496445,0.06164992282789661,5.297302686023537e-6,0.061644625525210585,4.605584902946309
2011-12-02,0.006960978626502579,2.137614775350495e-5,0.006939602478749074,5.007731910674974,0.023076757714735052,1.1860687717113368e-5,0.023064897027017937,4.7765310742103715,0.022470444895974273,9.066383387101626e-6,0.02246137851258717,4.971242161010008,0.025006855836016584,1.18638216404611e-5,0.024994992014376122,5.4173728512315815,0.023014635704440067,8.435222815556961e-6,0.023006200481624512,4.711541912558635
2012-01-04,0.018609161496231597,9.708216588792385e-6,0.018599453279642804,5.10087298638455,0.03037082156403792,7.680243946333654e-6,0.030363141320091585,4.9215615622364295,0.02931675771830089,2.2780514494192047e-5,0.0292939772038067,5.116869615549239,0.030534731978174134,7.96134909850544e-6,0.03052677062907563,5.58274774967331,0.03677733768823632,8.56107346021896e-6,0.0367687766147761,4.884779544652659
2012-02-03,0.06951563538952787,9.30071235822797e-6,0.06950633467716964,5.455415971321928,0.018272164419567583,5.7398933365306435e-6,0.01826642452623105,5.0114608950642205,0.021302964106138855,6.169696962273943e-6,0.021296794409176582,5.225842535770154,0.024347264059110696,5.800833382842527e-6,0.024341463225727854,5.718639998720498,0.026011199486349446,5.952764324889398e-6,0.026005246722024557,5.011809441894051
2012-03-06,-0.023624296316323568,1.886186952501453e-5,-0.02364315818584858,5.326432708542359,0.01333093451549705,1.1793585196740979e-5,0.01331914093030031,5.0782092489922706,0.013985941803792867,1.4044481781869893e-5,0.013971897322010998,5.298857471100932,0.013687198907292863,1.3945262720707126e-5,0.013673253644572156,5.7968324139249985,0.00760152890780752,1.3384604706333993e-5,0.007588144303101186,5.049839775158787
2012-04-04,0.03689923797509165,1.896915087267805e-5,0.03688026882421897,5.522872978707513,0.04366108946401526,1.5240701852001931e-5,0.04364584876216326,5.299852001856405,0.04506489912490608,3.1309061658641254e-5,0.04503359006324743,5.537484046258068,0.04572647209325109,1.4675384056054148e-5,0.045711796709195035,6.061816038787611,0.04661414250195417,1.4791879090727045e-5,0.046599350622863446,5.285159029430694
2012-05-04,-0.019561514384671352,1.0074598489574547e-5,-0.01957158898316093,5.414781578762044,-0.0029985490489744526,7.1089061829779e-6,-0.0030056579551574307,5.2839224595258685,-0.002317578453012059,6.30637554776168e-6,-0.0023238848285598206,5.524615571094577,-0.0030678831585566613,6.017695886873294e-6,-0.0030739008544435347,6.043182617286502,-0.005012583571630036,5.709386474104968e-6,-0.005018292958104141,5.258636553090841
2012-06-05,-0.06963187335580612,1.105211906537055e-5,-0.06964292547487148,5.037680348809612,-0.03583627061219874,9.985801169491877e-6,-0.03584625641336823,5.094513620173349,-0.03534506391383985,6.700012159616582e-6,-0.035351763925999466,5.329310665643341,-0.04040840575697624,6.356015699212618e-6,-0.04041476177267545,5.798948831460095,-0.0422395149278465,5.974968706223819e-6,-0.042245489896552725,5.036482875717598
2012-07-05,0.06317391701558117,1.4531956126432267e-5,0.06315938505945475,5.355857141766527,0.05807766177210305,1.3707293055861803e-5,0.05806395447904719,5.39032122710798,0.060300328388848135,1.972163681740441e-5,0.06028060675203073,5.65056474613839,0.05797519240976534,1.0483488873755755e-5,0.05796470892089159,6.135083212522824,0.0630651253965353,9.475849763022448e-6,0.06305564954677229,5.354061574877167
2012-08-03,-0.0039576986568059525,1.1274680205496963e-5,-0.00396897333701145,5.334599887574013,0.016622863959604217,2.2401291790032187e-5,0.016600462667814186,5.479803053406112,0.017861763479096515,1.1239609341292634e-5,0.017850523869755223,5.751430287016931,0.01215313403377638,1.2253286049736926e-5,0.012140880747726644,6.209568526183443,0.0120715986727713,1.23500718166663e-5,0.012059248600954633,5.418627534433429
2012-09-04,0.016136391968491814,1.3900630911332801e-5,0.01612249133758048,5.4206069280508835,0.0007407084130133246,1.6089847307975133e-5,0.0007246185657053494,5.483773820435019,0.00604628617264269,7.489689025986502e-6,0.006038796483616703,5.786162004009935,0.006428433888618912,8.26379738347783e-6,0.006420170091235434,6.249435012314723,-0.00010230544384048912,8.441898456242548e-6,-0.00011074734229673166,5.418027435835095
2012-10-03,0.03498307143869073,1.1257832585040695e-5,0.034971813606105684,5.6101753831706445,0.023277805000294638,1.9286885527722125e-5,0.023258518114766917,5.611318273174891,0.022980905202744317,8.939185657355072e-6,0.022971966017086964,5.9190815209354115,0.02358536690951496,7.609570745518664e-6,0.02357775733876944,6.396782674539489,0.031124664798849233,7.066303521676661e-6,0.031117598495327557,5.58662343822008
2012-11-05,0.004238169403486092,1.1233769477060097e-5,0.004226935634009031,5.633889233410809,-0.02481383469826759,6.403891595678784e-6,-0.024820238589863267,5.472044014831031,-0.02421120225612927,5.675822140921976e-6,-0.024216878078270193,5.775739845407577,-0.02327149278745755,5.759106045585209e-6,-0.023277251893503135,6.247883152916237,-0.027155460512844898,9.716159819675887e-6,-0.027165176672664573,5.434861825517182
2012-12-05,-0.00193789469831962,1.7655821697246916e-5,-0.0019555505200168667,5.622871878390695,0.013675251608499028,1.1940627261136274e-5,0.013663310981237893,5.5468102539086885,0.014529944728640665,9.227491197896558e-6,0.014520717237442768,5.859607730539772,0.013358579078126542,7.468626762350654e-6,0.013351110451364192,6.331299330978039,0.01306857779911108,6.841723299589739e-6,0.013061736075811492,5.50585055629059
2013-01-07,0.05493724374432718,8.638776397765033e-6,0.054928604967929416,5.931728386584097,0.011635279801564646,1.2484734169362534e-5,0.011622795067395284,5.611279692767596,0.01115036995077201,5.504529899875397e-6,0.011144865420872134,5.9249122701157395,0.0165019674958109,6.1056254845736e-6,0.016495861870326325,6.435739570201543,0.020949656976155806,6.279129441226506e-6,0.02094337784671458,5.621161664858527
2013-02-06,0.031705976432367056,1.3710249556774916e-5,0.03169226618281028,6.119718301535852,0.04587100771786501,1.0211588296641405e-5,0.045860796129568365,5.868617446783597,0.04599435012201614,7.4771237552574115e-6,0.04598687299826088,6.197380458207389,0.04416870120690075,9.933737695340464e-6,0.04415876746920541,6.719933897374437,0.042812973740374405,9.881140014234679e-6,0.04280309260036017,5.861764768121062
2013-03-08,0.027565410523305633,1.2750106978024883e-5,0.027552660416327607,6.288332821741655,0.039214041678698575,2.2720684970073733e-5,0.039191320993728504,6.098616316929888,0.038721937764727654,1.0071349387212725e-5,0.03871186641534044,6.437292622630555,0.03981374501518786,6.651832967628203e-6,0.039807093182220234,6.987434932205582,0.04345609708684428,5.909485883025023e-6,0.043450187600961254,6.116459546968627
2013-04-09,0.007207750750746644,1.1445725296044029e-5,0.0071963050254506,6.33358558282846,0.03516266096088039,9.193852614272294e-6,0.03515346710826611,6.313003825033018,0.03335455888787808,6.095719732805903e-6,0.03334846316814528,6.651966438558924,0.030401184577403706,5.43497456229794e-6,0.03039574960284141,7.19982325477105,0.02696608016879032,6.023612247848975e-6,0.026960056556542468,6.281359642280705
2013-05-08,0.042550909265268055,1.239173458059618e-5,0.04253851753068746,6.603006924175718,0.03004770449872951,2.1494771928279728e-5,0.030026209726801232,6.502559401889557,0.03210713756836614,5.14301710573668e-6,0.0321019945512604,6.865507828924709,0.03338113315851787,5.591164618875065e-6,0.033375541993899,7.440121258159312,0.03288609684297916,7.563982176921421e-6,0.032878532860802244,6.487881531689949
2013-06-07,0.001929697327902824,9.591522239953483e-6,0.0019201058056628705,6.615685396105659,-0.005954492606639161,7.88361233636038e-6,-0.005962376218975522,6.463788696349255,-0.002144827130975746,5.992286199542247e-6,-0.0021508194171752882,6.850741361377489,0.0008662678838071702,4.516428960536785e-6,0.0008617514548466335,7.446532793477766,0.004464939216236141,4.203569421102746e-6,0.0044607356468150386,6.51682225611067
2013-07-09,0.005356100885422821,1.1253236348859031e-5,0.005344847649073962,6.651045226642048,0.006705255569736446,5.479176793920187e-6,0.006699776392942526,6.507094635266025,0.007622971736519046,7.431552995478062e-6,0.007615540183523568,6.902913457501986,0.007718496595578772,6.732255970993438e-6,0.007711764339607779,7.503958699528228,0.005505929479396876,7.973080723086276e-6,0.00549795639867379,6.552651460732674
2013-08-07,0.027776755801781405,1.2496394171214083e-5,0.02776425940761019,6.835706571646285,0.02250445741470064,2.205787137369255e-5,0.02248239954332695,6.653389736722316,0.021657615867773483,3.964538270764945e-6,0.02165365132950272,7.052386738668466,0.01990043144313658,4.021038378353117e-6,0.019896410404758227,7.653260541474398,0.02102295637928986,2.769354151729635e-6,0.02102018702513813,6.690389419947819
2013-09-06,-0.008468755621529933,8.110505926651236e-6,-0.008476866127456585,6.777761202151864,-0.03544722589691174,2.823878947895012e-5,-0.035475464686390686,6.417357644072429,-0.03503773177048586,8.02297611702521e-6,-0.03504575474660288,6.805230522646896,-0.03237259498292311,8.161744477063512e-6,-0.03238075672740017,7.405442173709505,-0.03241599805268269,7.963063028741314e-6,-0.032423961115711435,6.473460493546464
2013-10-07,0.024918054049587024,1.340425762637593e-5,0.024904649791960647,6.946558971264995,0.013862348870519847,6.469674239620646e-5,0.01379765212812364,6.505902112427095,0.014098813236262275,6.716214261230119e-5,0.014031651093649974,6.900719142952535,0.0139470222050182,5.051349702836751e-6,0.013941970855315363,7.508688632666087,0.014991114711338627,7.72347973391693e-5,0.014913879913999457,6.570004905975235
2013-11-05,0.061553223723786576,7.690949814573468e-6,0.061545532773972005,7.374088644097315,0.058819450438567955,0.00017336259683719779,0.058646087841730754,6.887447819202196,0.058886690665560515,0.00017998765884917787,0.05870670300671134,7.305837612210578,0.05980101315698794,0.00019585810520152458,0.059605155051786415,7.9562451828517355,0.06251007206649284,0.00015338456194902654,0.06235668750454381,6.979688648800453
2013-12-05,0.004276885195800828,8.510904130265638e-6,0.004268374291670563,7.405564014490279,-0.0009889738262834902,0.00016838874680134063,-0.0011573625730848308,6.879476544872176,-0.0023308811886497693,0.00012239281192594692,-0.002453274000575716,7.287914390744113,-0.00014526977110662642,0.0001476086858005509,-0.00029287845690717735,7.953914970039807,-0.0007809095690368695,0.00027030470101528534,-0.0010512142700521549,6.972351500492312
2014-01-07,0.03308854008781048,9.841742473772777e-6,0.03307869834533671,7.650530432602683,0.01806783326521999,0.00010412988116313022,0.01796370338405686,7.003057420961837,0.017178980417221545,0.00015198272239444317,0.0170269976948271,7.412005692275411,0.017996995095657775,0.00022420147467334278,0.017772793620984433,8.095278259281182,0.014947209052013966,0.00047227246486060615,0.01447493658715336,7.073275846325282
2014-02-06,-0.039340822204107284,9.65903156389994e-6,-0.039350481235671184,7.34947837837162,-0.037233981088943824,0.00019707299493749636,-0.03743105408388132,6.740925599885288,-0.04177368182249652,0.00013834548625831912,-0.04191202730875484,7.101353507288118,-0.03443398114356633,0.00012063641380414553,-0.03455461755737047,7.815549015011225,-0.03855936322597742,0.00020791805269196445,-0.03876728127866938,6.799064172029172
2014-03-10,0.06455860237667244,1.1131515504322003e-5,0.06454747086116812,7.8238686198443474,0.06330308647054195,6.799416929518253e-5,0.06323509230124677,7.167188652389871,0.06406177694127346,0.00021991533912396366,0.0638418616021495,7.554717135088344,0.06373905144198955,0.0001845467860999357,0.06355450465588962,8.31226236127409,0.05140336443267279,0.0001188709617854782,0.051284493470887316,7.147750734167746
2014-04-08,-0.011155502310485454,7.849838845906503e-6,-0.011163352149331361,7.736528019270922,-0.015797044734962684,0.00011478159371859227,-0.015911826328681277,7.053145591288149,-0.012233240789239153,0.000315857957370174,-0.012549098746609326,7.459912243757419,-0.012981251360151824,0.00026037624104624946,-0.013241627601198073,8.202194478562644,-0.0021911076159021325,9.955477811439398e-5,-0.0022906623940165266,7.131377650359184
2014-05-08,0.0066201965216745595,1.371855703078577e-5,0.006606477964643774,7.787639221153084,0.015631208541363906,0.00015927021542603523,0.01547193832593787,7.162271424880419,0.009468838637175958,0.0002631343550296884,0.00920570428214627,7.528585989844212,0.009606855357101152,0.00017442580141672042,0.009432429555684432,8.27956110018371,0.02427281488279487,0.00019319994061215286,0.024079614942182716,7.30309847818712
2014-06-09,0.04067833488174122,1.0946496604152912e-5,0.04066738838513707,8.104342169963044,0.030489531437213557,0.0002172831777267985,0.03027224825948676,7.3790894835562275,0.030818150436578984,0.00020724189944094085,0.03061090853713804,7.759042846993311,0.030866289298072003,0.0001894659932823884,0.030676823304789616,8.533551733095255,0.037552524649361096,8.241663271725392e-5,0.03747010801664384,7.576746367020978
2014-07-09,0.012141724829138667,7.539913208039126e-6,0.012134184915930627,8.20268175647535,0.02102855063214526,0.00013046870505585323,0.020898081927089408,7.53329830013091,0.018061091953705644,0.00014240177862645786,0.017918690175079185,7.8980747318237485,0.021075600030826314,4.98556380804316e-5,0.021025744392745883,8.71297601059759,0.018657164691236572,5.0808255184801464e-5,0.018606356436051772,7.71772201055133
2014-08-07,-0.038135875724122026,1.0749250088631273e-5,-0.03814662497421066,7.889777131728286,-0.038208853280090826,4.863702460966641e-5,-0.03825749030470049,7.245093213451235,-0.03847983327576243,0.00020312462942878308,-0.03868295790519122,7.592553839440556,-0.038937306340330546,5.376920241815092e-5,-0.0389910755427487,8.373247704766221,-0.03347029756666997,3.941040028629928e-5,-0.03350970796695627,7.459103399807604
2014-09-08,0.04606994004935738,8.312490142023129e-6,0.04606162755921536,8.253193107495168,0.044676229887246954,0.0001658641387676459,0.04451036574847931,7.567574962263775,0.04312644257838083,0.00015271692716650937,0.04297372565121432,7.918834165128748,0.04132706506976058,0.0001318232528568259,0.041195241816903753,8.7181856687569,0.046831957407980074,0.0001155996724790415,0.046716357735501035,7.807565542619107
2014-10-07,-0.05222385436954147,1.0331854278888206e-5,-0.05223418622382035,7.822094281777114,-0.012110895762645346,7.594475775180034e-5,-0.012186840520397146,7.475350133072516,-0.01176234696791878,5.118192148928802e-5,-0.011813528889408068,7.825284788948568,-0.008993419428325211,1.8396895490193237e-5,-0.009011816323815404,8.639618980833143,-0.009181923358209887,2.6666669418752495e-5,-0.00920859002762864,7.735668872423288
2014-11-05,0.04539450981322002,1.742754173502215e-5,0.04537708227148499,8.177038097536627,0.05609453223155536,0.0003026831678376136,0.055791849063717744,7.89241373939534,0.06000628585035295,0.00015465711906589803,0.05985162873128705,8.293640828853306,0.0570621492430754,0.0001550935802483201,0.05690705566282708,9.131274259081032,0.056978239534940966,0.00015865516976451788,0.05681958436517645,8.175206362541012
2014-12-05,0.023287519403800472,1.2455373339537067e-5,0.023275064030460934,8.36735918283631,0.02066849339370669,0.000205272995065554,0.020463220398641135,8.053917941221851,0.020331600182121434,7.087893259609507e-5,0.02026072124952534,8.461675973830385,0.020331600182121212,5.582301924691781e-5,0.020275777162874296,9.316417941171249,0.02403609147909913,1.0470811248659175e-5,0.02402562066785047,8.37162076948882
2015-01-07,-0.03206231351710942,1.307376254585133e-5,-0.03207538727965527,8.098972896538855,-0.010639853170728464,0.00012696787258320187,-0.010766821043311666,7.9672028480511985,-0.005166908053716557,0.00014377316029151748,-0.0053106812140080745,8.41673871019714,-0.006944749100771586,0.00019262800843861984,-0.007137377109210205,9.249923153018097,-0.012586319628780207,0.0001055686753644262,-0.012691888304144633,8.26536909375781
2015-02-06,0.024253967020650302,1.2002315115274153e-5,0.024241964705535027,8.295307911647834,0.012962833682000241,0.00026872148506802717,0.012694112196932214,8.068339414900079,0.01173356032634909,0.00020166563632905896,0.011531894690020032,8.51379965463655,0.010608905979689887,0.0001987798012873708,0.010410126178402515,9.346216020181542,0.009028014280343832,0.00010337145237752874,0.008924642827966303,8.339134560760911
2015-03-10,-0.007978853766117289,9.675992959407323e-6,-0.007988529759076697,8.229040597534931,-0.010621873109732394,0.00011513071767467761,-0.010737003827407072,7.9817096237214775,-0.009404741088142932,0.00012098222996409668,-0.009525723318107028,8.432699554740687,-0.011817894503109883,0.00011606168056348541,-0.011933956183673367,9.234678687713549,7.837718840142394e-5,0.00010595907528965681,-2.7581886888232876e-5,8.33890455169471
2015-04-09,0.02806835846284006,1.2781738154004866e-5,0.028055576724686053,8.459911077389627,0.029666512980851323,9.341709875007736e-5,0.029573095882101247,8.217753487726883,0.02982755121800773,0.00012693185510446114,0.02970061936290327,8.683155954417764,0.029827551218008175,0.00012022036229828164,0.029707330855709892,9.509016342835627,0.027638553881574435,9.992284406772862e-6,0.027628561597167662,8.569296489754109
2015-05-08,0.011078086249465269,7.389260983624864e-6,0.011070696988481643,8.553568189476907,0.0021329068712256927,7.763012772201021e-6,0.002125143858453492,8.23521739608161,0.001457810541336757,5.6791618716182655e-6,0.0014521313794651387,8.695765037651963,0.0014578105413387554,5.679161871619029e-6,0.0014521313794671365,9.522824683854925,0.005742427881987977,5.571703254638773e-6,0.005736856178733338,8.618457311268754
2015-06-09,-0.021264885982054005,1.15291847888391e-5,-0.021276415166842845,8.371578921519696,-0.02487687337863731,3.546915048668074e-5,-0.02491234252912399,8.030058839508625,-0.02569376718858296,5.6620700511772026e-5,-0.02575038788909473,8.471845714939995,-0.02487687337863731,7.348876313139748e-6,-0.02488422225495045,9.28585659792695,-0.017297377267005642,8.83661086424465e-6,-0.01730621387786989,8.469304445742646
2015-07-09,-0.026853133536421825,1.3045558587976043e-5,-0.026866179095009803,8.146666582906139,0.014368627997776828,9.000292094061797e-5,0.01427862507683621,8.144717039022904,0.01471555267632163,0.0001041785431905131,0.014611374133131117,8.595631022279147,0.014687450327941498,5.33390552578272e-5,0.01463411127268367,9.421746856643198,0.014327925481125714,7.068241510845917e-6,0.014320857239614867,8.590592145628962
2015-08-07,-0.012753530720626238,1.9600888249682878e-5,-0.012773131608875922,8.042608138469047,0.03163502012927899,5.5240122467691336e-5,0.031579780006811296,8.401925411332975,0.029959002660179035,1.9309627647647656e-5,0.029939693032531387,8.852981576507087,0.030839617948970055,2.2986354545077297e-5,0.03081663159442498,9.712093358500303,0.032726237516086165,4.037142684141432e-6,0.032722200373402024,8.871695223144407
2015-09-08,-0.033620862853668054,2.424455594035378e-5,-0.03364510740960841,7.772013723796865,-0.04707881626275834,8.258998393486027e-5,-0.0471614062466932,8.005678793754686,-0.046808242396752076,0.0001394185502921499,-0.04694766094704422,8.437354799082803,-0.04900769519831705,3.9401885884753844e-5,-0.0490470970842018,9.235743372655106,-0.048139666583322915,1.0287529556663553e-5,-0.048149954112879575,8.44452350524655
2015-10-07,0.0066002208315592,1.2224528790594311e-5,0.006587996302768606,7.823215721474306,0.03151951098035899,6.765356788605276e-5,0.03145185741247294,8.257472261665917,0.027894237531810973,0.00010076145702645862,0.027793476074784513,8.671858217825578,0.027894237531810973,7.018425599288704e-6,0.027887219106211683,9.49330257169708,0.019326418661835598,5.797267968126914e-6,0.019320621393867473,8.607676946743034
2015-11-05,0.02572541966843267,1.3862888345292064e-5,0.025711556780087377,8.024362776699865,0.026257529343757913,7.157566372269843e-5,0.026185953680035214,8.473702047824077,0.02621647686393347,0.00011018056395767679,0.026106296299975792,8.898248317931513,0.026571481952214038,0.00011018056395767681,0.02646130138825636,9.744507712216667,0.037765248079022484,1.538759181061357e-5,0.03774986048721187,8.932615550601573
2015-12-07,-0.025183338946219935,1.6038516050594412e-5,-0.02519937746227053,7.822153830195612,-0.003164360802307975,1.4289480591731264e-5,-0.003178650282899706,8.446767112412553,-0.003103685671313583,1.3401468100251682e-5,-0.003117087139413835,8.870511702536378,-0.003720401951252228,2.2400494259021724e-5,-0.00374280244551125,9.708035944921079,0.005219171640808984,5.380673140453055e-6,0.005213790967668531,8.979188340876956
2016-01-07,-0.06422345457286127,1.6098452973455956e-5,-0.06423955302583473,7.319662164444525,-0.027442372418810423,2.602103973538567e-5,-0.02746839345854581,8.2147479899161,-0.027442372418810423,1.6815352095380535e-5,-0.027459187770905804,8.626934656072414,-0.026031365305681065,1.655655239144148e-5,-0.026047921858072507,9.455161783232416,-0.03641503161224402,4.73013362100732e-6,-0.036419761745865024,8.652168440830968
2016-02-08,-0.03318351724015878,1.481116257199273e-5,-0.03319832840273077,7.076661616112252,0.00018733394564240946,1.0199203495637674e-5,0.0001771347421467718,8.216203107183096,0.00018733394564218742,1.0199203495637508e-5,0.0001771347421465499,8.628462785918234,0.0007935329155690507,9.74742658522142e-6,0.0007837854889838293,9.462572601834108,-0.020563431029820056,8.032027062491828e-6,-0.02057146305688255,8.474180677388489
2016-03-09,0.10450468357128884,2.3295460594009184e-5,0.10448138811069482,7.816041044953333,0.06206201632648356,2.793244720852401e-5,0.06203408387927504,8.725887739903252,0.06228760139917955,2.0647529813163286e-5,0.062266953869366384,9.16573088017255,0.061421454300433664,8.284125947925295e-5,0.061338613040954414,10.042993681029946,0.0628908705421265,1.844590022385415e-5,0.06287242464190264,9.006972963429464
2016-04-08,0.03335792198608134,1.6735977731978813e-5,0.033341186008349365,8.076637123282016,0.031538603775075114,1.3717250927585823e-5,0.031524886524147526,9.000970360726152,0.03182255925134925,9.983583654429384e-6,0.03181257566769482,9.457316387347767,0.030980510677869777,2.2969139963717577e-5,0.030957541537906058,10.353900075075359,0.03862263431857538,9.054420231533841e-6,0.038613579898343846,9.35476443359507
2016-05-09,0.012355327057116838,6.871191300018155e-6,0.01234845586581682,8.176371120343083,0.007948620595476852,5.439670243321375e-6,0.00794318092523353,9.072466696804064,0.007738880034998008,4.532369372876099e-6,0.007734347665625132,9.530462560271328,0.009451457810947472,3.2539034525701106e-5,0.00941891877642177,10.451422618901681,0.005167956977819799,6.385041550848403e-6,0.005161571936268951,9.403049723165921
2016-06-08,0.036703179494926186,1.054305825512709e-5,0.03669263643667106,8.476383733233128,0.01242634828189848,1.0013013306622841e-5,0.012416335268591858,9.185113485024717,0.013244105589526045,2.3283204189026717e-5,0.013220822385337018,9.656463113030778,0.014079750206487995,4.255085981125804e-6,0.014075495120506869,10.598531566976387,0.01026376518084593,4.145317095027072e-6,0.010259619863750902,9.499521438885553
2016-07-08,0.00868339198122925,1.2325140868181106e-5,0.008671066840361069,8.549883023148542,0.03968935938054896,9.648225370999795e-5,0.03959287712683896,9.548778554633373,0.03575934183102314,7.6183820405149484e-6,0.03575172344898262,10.001698311743157,0.03817043422693267,5.7810052614606476e-6,0.03816465322167121,11.003020848888978,0.030783625867415676,7.4585115234806076e-6,0.030776167355892194,9.79188030048958
2016-08-08,0.02836304633211162,1.3681245860149078e-5,0.02834936508625147,8.792266778416524,-0.010420748768494525,4.070221454166932e-6,-0.010424818989948693,9.449234266626215,-0.009050451468207266,1.7576835653140875e-5,-0.009068028303860406,9.911002628365596,-0.009898814853881222,4.6799091288917766e-6,-0.009903494763010114,10.894052489534715,-0.003875558457567152,6.051241107236816e-6,-0.003881609698674389,9.753872042946941
2016-09-07,0.007491063532913289,1.4755828035160194e-5,0.007476307704878129,8.858000470275343,0.004150137723613279,6.745455185335146e-5,0.004082683171759927,9.487812496352587,0.004367972805888964,2.3945671187007142e-5,0.004344027134701957,9.954056292715318,0.0028574381856349973,4.8308866264759746e-5,0.0028091293193702373,10.924655291789826,0.002547987123578954,1.0164812352512466e-5,0.0025378223112264417,9.77862563703838
2016-10-06,-0.01336254779449908,7.433142700699027e-6,-0.01336998093719978,8.739569172846055,-0.023932061727918064,0.0001231209197120207,-0.024055182647630083,9.259581433826359,-0.026832503341064684,0.00012419702682393073,-0.026956700367888616,9.685727779787495,-0.02534081883145467,4.9801793056142254e-5,-0.025390620624510814,10.647271513822435,-0.024558181652744926,0.0005755541230932164,-0.02513373577583814,9.53285224402622
2016-11-04,-0.038509206983505906,1.340895416758604e-5,-0.03852261593767349,8.402898106139777,-0.021584811926133818,0.00019674801909207973,-0.021781559945225897,9.05789330575777,-0.020060671332206237,0.00013035062366913196,-0.02019102195587537,9.490163037527173,-0.022426552202346572,0.00014719314711684613,-0.02257374534946342,10.40692271800281,-0.02868946560865626,0.00013868459203335214,-0.028828150200689615,9.25803774769445
2016-12-06,0.09370649101636674,1.6361390877370718e-5,0.09369012962548938,9.19016671893379,0.006801563714230019,0.0001835919135197633,0.006617971800710255,9.117838188229117,0.019266819938404733,0.00024355752845618472,0.01902326240994855,9.670696899303246,0.00814133598941269,0.00016343442494926608,0.007977901564463425,10.489948123036015,0.060422335141369965,0.00017097164919711071,0.06025136349217285,9.815847145255045
2017-01-06,0.013405148664801025,2.799135904244327e-5,0.013377157305758582,9.313105024799116,0.028750447095404974,0.00023753753326785827,0.028512909562137114,9.377814283892294,0.027474666305714157,0.00017872544764339161,0.027295940858070765,9.934667669922957,0.0281354869465964,0.00017192621198372247,0.027963560734612678,10.78328442447747,0.023971723087104158,0.00036904537409385705,0.0236026777130103,10.047527421904672
2017-02-07,0.011492674015264992,1.209653629072848e-5,0.011480577478974264,9.420024848606147,0.01346244523348017,0.00022225077899433755,0.013240194454485831,9.501978368569082,0.009545837252742384,0.00010882984361165704,0.009437007409130727,10.028421202331272,0.010906143022048065,0.00017775396901599286,0.010728389053032071,10.898971695052765,0.0290581668791412,3.4569788860375034e-5,0.029023597090280826,10.33914280955158
2017-03-09,0.012951484875991293,1.0917156796321455e-5,0.012940567719194971,9.541925318076034,0.02748275849923787,0.000349703857396538,0.02713305464184133,9.759796066849061,0.034292702626032234,0.00019330391267037529,0.03409939871336186,10.370384335375096,0.02918826584162626,0.0002992280964705051,0.028889037745155756,11.21383249973453,0.02037891717269069,0.00014972807415234007,0.020229189098538353,10.548295284562792
2017-04-07,0.009262342441128002,1.5292735169816014e-5,0.009247049705958186,9.630159975782824,0.013212413168277815,0.000207299702555293,0.013005113465722522,9.886723322100746,0.01042634367413875,4.885591690179525e-6,0.01042145808244857,10.47845886102509,0.01279619095087936,0.0001102107843984505,0.01268598016648091,11.3560909564164,0.002758116450136905,8.435845275037888e-5,0.002673757997386526,10.576498873438688
2017-05-09,0.010956107662501768,9.347754695463833e-6,0.010946759907806304,9.735579024911486,0.007010285921031034,9.344116508657955e-6,0.007000941804522376,9.955939696716188,0.008201112204963668,7.009033862907706e-6,0.00819410317110076,10.564320434006465,0.007891830626792551,9.669963947186164e-5,0.0077951309873206896,11.444613172925594,0.008272458309465769,2.171690716066299e-5,0.008250741402305107,10.663762830585203
2017-06-08,0.01705453128939083,1.5126879750060494e-5,0.017039404409640767,9.901467493078968,0.02386838560836857,0.00018040525329394695,0.023687980355074623,10.191775800668308,0.022067368131754028,0.0001621303182616435,0.021905237813492386,10.795734385451313,0.02580322889895803,0.00023166650210437506,0.025571562396853657,11.737269812784916,0.026225713774225667,7.38608402688714e-5,0.026151852933956797,10.942639987853262
2017-07-10,-0.0008185438025302139,1.0083009779741227e-5,-0.000828626812309955,9.893262871632986,-0.0169953834134422,0.00010764092159009988,-0.0171030243350323,10.017465611132286,-0.01787373802587744,0.00016212540962465895,-0.0180358634355021,10.601023994389358,-0.01928273933916458,0.00018901854087304782,-0.019471757880037625,11.508724536817693,-0.015319719313013569,0.00015321576104552229,-0.01547293507405909,10.773325229782406
2017-08-08,0.015093409803560442,1.2449179499104186e-5,0.015080960624061338,10.042462779443571,0.013486732865468865,7.56683804712508e-5,0.013411064484997614,10.151810488419427,0.009610386454837805,5.1155194587418546e-5,0.009559231260250387,10.70236163434719,0.005317320891413013,0.00014856101998249799,0.005168759871430516,11.568210370374944,0.011918983439558772,9.305890267062797e-5,0.011825924536888145,10.900729760961166
2017-09-07,-0.0011697156629070227,1.2267533078678764e-5,-0.0011819831959857014,10.030592757191958,0.0007202079038237663,5.943950074453379e-5,0.0006607684030792325,10.158518484024222,0.0018173648772210615,8.665249245124834e-5,0.0017307123847698132,10.72088434417404,0.000974802451801926,0.0001578229191859086,0.0008169795326160175,11.577661361476537,-0.004697549388418154,4.81805916699855e-5,-0.00474572998008814,10.848997840929734
2017-10-06,0.04001474574950992,8.992446852886953e-6,0.04000575330265703,10.431874176515597,0.006187873818983336,7.206797983093885e-5,0.006115805839152397,10.220646010685956,0.004821309719392319,8.428583485968793e-5,0.004737023884532631,10.771669429375704,0.0015818957126403355,0.00014659844934659607,0.0014352972632937393,11.594278747144006,0.028660440994448644,5.65632024581094e-5,0.028603877791990535,11.159321249337257
2017-11-06,0.0066306089563674675,1.5090853554621666e-5,0.006615518102812846,10.500886428976603,-0.003754787899312384,9.096477617404107e-5,-0.003845752675486425,10.18133993394516,0.0023107375434552324,0.00012319861200140526,0.002187538931453827,10.795232875609214,0.005107270519617124,0.00013723239614095892,0.0049700381234761655,11.65190275453152,0.004850927190605647,4.1612107356344965e-5,0.004809315083249302,11.212989941340519
2017-12-06,0.03460670563184576,1.493716531486421e-5,0.03459176846653089,10.864130661021099,0.04852162350767664,6.378732854366236e-5,0.048457836179132976,10.67470563654834,0.051736449666639706,0.00011047680395979562,0.05162597286267991,11.352547275091727,0.0515687380265879,5.66146085184513e-5,0.05151212341806945,12.252117007278292,0.03628974661979334,2.7323300273058973e-5,0.03626242331952028,11.619600129270932
2018-01-08,0.05622081171466542,1.689760325770121e-5,0.05620391411140772,11.474737327588239,0.018877877974896817,7.961754030734378e-5,0.018798260434589473,10.875371533166756,0.017896820041621853,6.38204780997282e-5,0.017832999563522123,11.5549972456933,0.011968715328049218,0.00013499504382811914,0.011833720284221099,12.397105132831971,0.04531448492014456,0.00017979582963656313,0.045134689090507996,12.144047168461602
2018-02-07,-0.03453689012942973,1.7379359022858413e-5,-0.03455426948845259,11.078236161661547,-0.03687568401322494,0.00026329492997473087,-0.037138978943199674,10.471471338797002,-0.025756211014203112,6.555266175383997e-5,-0.02582176367595695,11.256626837538676,-0.03059954493614747,4.1343198630849175e-5,-0.030640888134778322,12.01724682126178,-0.024579285705507714,0.000152278968276669,-0.024731564673784383,11.843705880513307
2018-03-09,0.03422845921682538,1.6680177254550494e-5,0.03421177903957083,11.457242329372495,0.01996158203545617,0.0002457880107984686,0.0197157940246577,10.677924710847831,0.022546258670362196,5.443694356148613e-5,0.02249182172680071,11.509808881613715,0.019842406401198387,2.958326823900341e-5,0.019812823132959383,12.255342407076558,0.03829345851493082,4.083626922734087e-5,0.03825262224570348,12.2967586875498
2018-04-10,-0.034602330994958685,1.568887071576268e-5,-0.03461801986567445,11.060615286808432,-0.025480877638401678,3.629959253691041e-5,-0.02551717723093859,10.405454213542509,-0.027857597799510803,5.0636914828825474e-5,-0.02790823471433963,11.188590433828448,-0.024467506165579134,0.00022156977478575773,-0.02468907594036489,11.95276932771307,-0.03724115043738152,6.316532866281625e-5,-0.03730431576604434,11.838036518570595
2018-05-09,-0.0074141192785340815,1.198258288162346e-5,-0.007426101861415705,10.97847803103866,-0.02823814467652319,6.600572033312097e-5,-0.028304150396856312,10.1109366725348,-0.029440479206851222,0.0001312561673909322,-0.029571735374242153,10.857724398308497,-0.03402088275432613,0.0001950234194893718,-0.0342159061738155,11.54379449387878,-0.018565665949349053,6.890826021196826e-5,-0.018634574209561022,11.617439748569797
2018-06-08,0.040012027864858135,2.0332061051234927e-5,0.0399916958038069,11.417525984844735,0.030102076334243,0.00013071396556811634,0.029971362368674884,10.413975219434064,0.02802141804130942,0.00018497806491546553,0.027836439976393956,11.159964791802238,0.03119943429944816,0.00019203668556469893,0.03100739761388346,11.901737519723437,0.02854396869027065,8.617824460247788e-5,0.028457790445668173,11.948046414449774
2018-07-10,0.005186791209259134,1.1320841790712428e-5,0.005175470367468422,11.4766170522491,0.02128252470884262,0.0002266138380482848,0.021055910870794337,10.63325095346513,0.021024211322506536,0.00016710249661189793,0.02085710882589464,11.39272939195801,0.023105563992227518,6.473769421197907e-5,0.02304082629801554,12.175963386559959,0.015582549144725455,8.656172109390243e-6,0.015573892972616065,12.134124010540264
2018-08-08,0.0015522554452351844,1.4947111603846598e-5,0.0015373083336313379,11.494260151285419,0.01276321602395325,0.0002273796295276885,0.012535836394425562,10.766547647758637,0.01437977381405986,5.6011262057194395e-5,0.014323762552002666,11.55591614258764,0.010907113076523256,6.345000176953674e-5,0.010843663074753719,12.307995431134351,0.016920202574741472,1.5643609712352813e-5,0.01690455896502912,12.339246025365417
2018-09-07,-0.0038425085969301387,1.4708136489104782e-5,-0.0038572167334192434,11.449924298691608,0.0182200296359889,4.337551144899093e-5,0.018176654124539907,10.962247460467324,0.0185199387782351,0.00014020319174957999,0.01837973558648552,11.768310825748,0.014208174919613237,3.312500634403966e-5,0.014175049913269197,12.482461880702969,0.00946770821480758,6.068639593771498e-6,0.009461639575213808,12.455995523887315
2018-10-08,-0.0049033559719493525,1.2569073311828406e-5,-0.004915925045261181,11.393637329065324,0.003254832004428776,0.0001276223344540507,0.003127209669974725,10.996528706730354,-0.0013348731731681607,0.00016230209546707098,-0.0014971752686352316,11.750691601826077,-0.0016641687868742538,8.74739376634943e-5,-0.0017516427245377482,12.460597067165315,0.012034541779749386,4.718820065824955e-6,0.01202982295968356,12.60583894482629
2018-11-06,-0.03883458797701267,1.2883723466024127e-5,-0.03884747170047869,10.951023325358943,0.008417950193351675,6.617060724346184e-5,0.008351779586108214,11.088369290701277,0.001675100283666353,1.8610572741093196e-5,0.00165648971092526,11.770156501560757,0.008483248145352285,8.876040310805071e-5,0.008394487742244234,12.565197396506678,-0.027129810681874367,1.7266585632892546e-5,-0.027147077267507258,12.263627260969338
2018-12-07,-0.05524867189745841,1.9368196316669076e-5,-0.05526804009377508,10.34578172914514,-0.01613718852399848,5.583307132655271e-5,-0.016193021595325034,10.908815087320013,-0.01674118060670482,0.0001370109655971586,-0.016878191572301977,11.57149754529144,-0.018322296250879555,0.00016316228453063411,-0.018485458535410188,12.33292396104431,-0.059306669901043274,1.800101067113276e-5,-0.05932467091171441,11.536091609528402
2019-01-09,-0.009350022271216507,1.7350840240615846e-5,-0.009367373111457123,10.248868931558542,-0.03863200348759299,5.458553620726189e-5,-0.038686589023800254,10.486790241300232,-0.04136921554082007,0.00015464523326198413,-0.04152386077408205,11.091004292273125,-0.03876386730519488,2.3710136922390003e-5,-0.03878757744211727,11.85455971781756,-0.04198196069745985,2.1117761964908735e-5,-0.04200307845942476,11.051540248538268
2019-02-08,0.04958159285072372,1.4312174407493565e-5,0.04956728067631623,10.756877494503883,0.05196410342415603,4.807892837620047e-5,0.051916024495779825,11.03122270034968,0.0532688784568498,6.751399800745842e-5,0.05320136445884234,11.68106085384093,0.0510271646857241,3.403810384121766e-5,0.05099312658188288,12.45906078208072,0.07945333518905828,1.5447775853789827e-5,0.0794378874132045,11.929451258544148
2019-03-12,0.02867716012709609,1.2541644887315389e-5,0.028664618482208776,11.065219283943694,0.02334739821049303,3.957076601178534e-5,0.023307827444481247,11.288336535551077,0.021766265551996566,5.2735954197344655e-5,0.021713529597799222,11.9346979144245,0.03568171917688412,6.700850721551108e-5,0.035614710669668606,12.902786627050341,0.027259334216018116,1.1229556501755057e-5,0.02724810465951636,12.254506194967558
2019-04-10,0.02885101274821089,1.1157898377536057e-5,0.028839854849833355,11.384338601974209,0.03442854002040008,1.3536641523381091e-5,0.034415003378876693,11.676824675563964,0.037251392345571954,1.1779882593935342e-5,0.03723961246297802,12.379141439620382,0.03514139173719433,1.5151843426350052e-5,0.03512623989376798,13.356013005410212,0.025181255374829847,2.2133332462247934e-5,0.025159122042367598,12.562818811895697
2019-05-10,-0.004880672768687644,9.59258783162711e-6,-0.004890265356519271,11.328666165302089,0.023097391801717437,1.1854909460651792e-5,0.023085536892256786,11.946390442396112,0.020146744626996727,7.562077590526099e-6,0.0201391825494062,12.628447228877816,0.009636854320228316,1.0078174729965796e-5,0.009626776145498351,13.484588352809661,-0.001415151504735257,1.1186852025224328e-5,-0.0014263383567604813,12.54489998155526
2019-06-11,-0.009017397806310723,1.5318465556360906e-5,-0.009032716271867084,11.226337538092215,0.018079379979958343,1.3859004314441945e-5,0.0180655209756439,12.162208209516452,0.020670896799255933,1.2397866099740134e-5,0.020658498933156192,12.889331992483008,0.01649234123643817,1.3433036894304824e-5,0.016478908199543865,13.70679964638425,-0.011834075403603705,1.0485048160349051e-5,-0.011844560451764054,12.396311155362394
2019-07-11,0.0287103383793188,1.3816242893701422e-5,0.0286965221364251,11.548494381765058,0.028609558374515398,1.1624350937306473e-5,0.028597934023578093,12.510022237473223,0.02660964187926962,1.1550112156607169e-5,0.026598091767113013,13.232163627635856,0.029363713101554723,4.111351364311248e-5,0.02932259958791161,14.108718644046903,0.02188679393234616,9.715299953699131e-6,0.021877078632392463,12.667506229259862
2019-08-09,-0.03980119582327679,8.833627281267873e-6,-0.03981002945055806,11.088748480317387,-0.008329207111057335,1.7585201275033683e-5,-0.008346792312332369,12.405603680034375,-0.006309802422090782,7.228418598334938e-6,-0.006317030840689117,13.148575641911036,-0.00786815085959458,7.877123437294099e-6,-0.007876027983031874,13.997597981201665,-0.01887397650756939,7.806960882252524e-6,-0.01888178346845164,12.428321119553715
2019-09-10,0.030312090397089264,1.7348431591830946e-5,0.030294741965497432,11.424679254248904,0.021726015450885816,1.3634774100623817e-5,0.021712380676785194,12.674958869660609,0.02344557030886496,4.6137652851748975e-5,0.02339943265601321,13.456244852166428,0.015442180978482156,3.592563765911477e-5,0.01540625534082304,14.213248549858246,0.024208781851563055,5.029222883855496e-6,0.0242037526286792,12.729133129521182
2019-10-09,-0.0315595454212797,1.3202616506109269e-5,-0.03157274803778581,11.063970734741986,-0.0073713293633761445,2.0219885066849654e-5,-0.007391549248442994,12.581271286953523,-0.006242441661481468,5.980764416922545e-5,-0.006302249305650693,13.371440242390197,-0.004837058608244682,2.642773648325142e-5,-0.004863486344727933,14.144122609621787,-0.009273990976110036,1.742105187093697e-5,-0.009291412027980972,12.610861508855777
2019-11-07,0.06349215663722263,1.4288256307986075e-5,0.06347786838091464,11.76628801281223,0.007174406012998347,2.197078740410675e-5,0.00715243522559424,12.671258014889087,0.005746104051402634,7.716667227992036e-5,0.005668937379122714,13.44724209979299,0.0013903439952713814,9.539951046174291e-6,0.001380804044225207,14.163652871323169,0.057715167226391584,9.084341537437923e-6,0.05770608288485415,13.338584928335225
2019-12-09,0.011664889597276629,2.290142437225784e-5,0.01164198817290437,11.903270998696378,0.02098455267268462,2.2204593789042946e-5,0.020962348078895576,12.936877335994689,0.023850386629501008,3.220841956163633e-5,0.02381817820993937,13.767530908558058,0.027966926533640857,2.7236262504019157e-5,0.02793969027113684,14.559380945655837,0.028240793249997953,2.052994351710289e-5,0.02822026330648085,13.7150033071487
2020-01-09,0.025116679241039996,1.3196875419545255e-5,0.02510348236562045,12.202084552305354,0.022898999072530568,8.823714548942488e-6,0.022890175357981626,13.233004726800305,0.022073391709963364,5.6904669087506285e-6,0.022067701243054613,14.071348667502637,0.025926296097105617,7.080793861861109e-6,0.025919215303243755,14.936748675068234,0.031343021757737954,1.0803572946016555e-5,0.03133221818479194,14.144724783173427
2020-02-10,0.005863973996342864,1.4172263856993916e-5,0.00584980173248587,12.27346432765937,0.027846314630368685,1.780167196976848e-5,0.027828512958398915,13.60125957031862,0.026741519933972446,2.5443960309032178e-5,0.026716075973663413,14.447279887555544,0.021008255712922086,8.75974750601037e-5,0.020920658237861982,15.249235289284176,0.014890799295018464,1.2303178410182026e-5,0.014878496116608282,14.355177015930364
2020-03-11,-0.20404943205528814,1.8807548379972045e-5,-0.2040682396036681,9.768840068475503,-0.1529279583068328,1.8777300059683145e-5,-0.1529467356068925,11.520991318896382,-0.15417906124626468,5.1586158767154755e-5,-0.15423064740503184,12.219066557256156,-0.15145784975235943,1.5315973392107648e-5,-0.15147316572575154,12.939385345119454,-0.1899169678167899,1.165139130999003e-5,-0.1899286192080999,11.628718066806858
2020-04-09,-0.0029056550947772486,3.45117340073526e-5,-0.002940166828784601,9.74011804895047,0.007947951689862398,6.649489226039284e-5,0.007881456797602006,11.61179351424181,0.012950668776050112,9.249775026317515e-5,0.012858171025786937,12.376181404824829,0.019747336344191346,8.952918453815866e-5,0.01965780715965319,13.193745286998254,0.004912689257454028,0.0007,0.004212689257454028,11.677706242484858
2020-05-11,0.03422577065042187,1.9073371270682965e-5,0.03420669727915119,10.073295318514116,0.023846748095554204,0.0003427583800366173,0.023503989715517586,11.884716989579264,0.013933830289718951,0.00020114199499529008,0.013732688294723662,12.546139646336243,0.024727311000186436,0.00035606283518880774,0.02437124816499763,13.515293327613456,0.05591846650923893,0.0003987565866333131,0.05551970992260562,12.326049105629018
2020-06-10,0.12805137493095242,2.6685202815006173e-5,0.1280246897281374,11.362925826206785,0.07009658690563647,3.420795884081612e-5,0.07006237894679565,12.717388534978586,0.06331925602407051,0.00012399820245602563,0.06319525782161449,13.33899617595244,0.06445273359938852,2.3614844697492923e-5,0.06442911875469103,14.386071766422747,0.07681314305694231,0.00012234255856794345,0.07669080049837437,13.27134367852198
2020-07-10,-0.028256539633091493,2.2827504053201698e-5,-0.028279367137144695,11.04158947501534,-0.00014586335144783913,5.545695192094045e-5,-0.0002013203033687796,12.714828266460664,0.004891708858079102,2.040043069600572e-5,0.004871308427383096,13.403974540437186,0.010664618268367398,1.1556586657915119e-5,0.010653061681709484,14.539327476307948,0.015590261291670515,0.00016846611150183653,0.015421795180168679,13.476011622497772
2020-08-10,0.08859220326379025,3.192878217722772e-5,0.08856027448161302,12.019435669635987,0.0563345196505165,2.9774761088455466e-5,0.05630474488942805,13.43073342831662,0.05433209505211112,2.2076372478784653e-5,0.05431001867963233,14.131944648109647,0.05008649297866197,8.704001442924487e-5,0.04999945296423272,15.266285896591183,0.07676352740670866,0.0001265610386145657,0.0766369663680941,14.50877227198718
2020-09-09,0.011392876002558339,2.0718142113487635e-5,0.011372157860444852,12.15612258946455,0.011921135320143161,1.3564935423514948e-5,0.011907570384719646,13.590660831932706,0.009517761121524027,1.0264652831942441e-5,0.009507496468692084,14.2663040619473,0.01799754568927603,1.1454949090490024e-5,0.017986090740185538,15.540866699992888,0.011043694728245512,2.0482148300499595e-5,0.011023212579945013,14.668705553015306
2020-10-08,0.040653129258442444,1.6235429867640584e-5,0.040636893828574806,12.650109652499761,0.015603026306513001,1.7470522524444266e-5,0.015585555783988557,13.802478834470062,0.02053951653253705,1.58165687720934e-5,0.020523699963764956,14.55910140610655,0.007613715920704589,7.287310045681725e-5,0.0075408428202477715,15.658057933067957,0.020357128899672894,4.609585447702419e-5,0.02031103304519587,14.966642116232848
2020-11-06,0.0016688110941482925,1.6044605995299183e-5,0.0016527664881529935,12.671017329804872,0.005753623136320218,5.69139260568075e-5,0.005696709210263411,13.881107542770852,0.01103256518052187,3.7723895693759e-5,0.01099484128482811,14.71917641531641,0.010256990106277897,7.527571307467641e-5,0.01018171439320322,15.817483806894685,0.012737671250444116,4.5557498609656694e-5,0.012692113751834459,15.156600440455072
2020-12-08,0.12384464317941846,1.554873906788313e-5,0.12382909444035058,14.240057931392599,0.0520152428673597,5.274979774181462e-5,0.051962493069617886,14.602404497260704,0.04389389158666224,7.374974576352697e-5,0.04382014184089871,15.364172813616786,0.06066727674599903,6.230157373846338e-5,0.06060497517226057,16.77610202029917,0.07136690459110251,6.482577998478964e-5,0.07130207881111772,16.237297559569022
2021-01-08,0.05326750014380788,3.510521264482077e-5,0.05323239493116306,14.99809031903913,0.02615528548321655,9.73925144167867e-5,0.026057892968799765,14.982912390737443,0.02963083368759012,9.39662139162739e-5,0.029536867473673845,15.817982349855207,0.03176558729226708,0.00012577462542950435,0.03163981266683758,17.306894745501193,0.04396401245260728,0.00019133314819372378,0.04377267930441356,16.948047578414375
2021-02-09,0.02755117425869069,2.024426090756066e-5,0.02753092999778313,15.411001693713025,0.012111808656357637,5.3613570212671436e-5,0.012058195086144965,15.163579271303574,0.009759274952852115,0.00010280719322683631,0.00965646775962528,15.970728186438906,0.007012879163253771,5.879221399166641e-5,0.006954086949262105,17.427248396383135,0.033107763092852016,3.212078936492482e-5,0.03307564230348709,17.508615137860488
2021-03-11,0.04286951693357022,1.572510461541569e-5,0.0428537918289548,16.071421552171074,0.0029543847296280568,4.124518841102097e-5,0.002913139541217036,15.207752893665186,0.0006848614946128873,8.445905361562531e-5,0.0006004024409972619,15.98031705062655,-0.0015621982862196182,6.537054201394498e-5,-0.0016275688282335631,17.398884350131297,0.026361981780649524,3.0721344838667494e-5,0.026331260435810855,17.969639042925873
2021-04-12,0.023600733013713793,2.7613524171218784e-5,0.023573119489542573,16.450275092787212,0.025670192485719223,8.454587552598378e-5,0.02558564661019324,15.596853084937646,0.035804725699848605,0.00016505529966054478,0.03563967040018806,16.549850283201383,0.030738054376678203,0.0001179115179086908,0.030620142858769513,17.931640674515528,0.01665143238084421,8.324012270197747e-5,0.016568192258142232,18.267363477398487
2021-05-11,0.03281921902233509,1.907344528917568e-5,0.032800145577045914,16.989846510613084,0.014899279045029745,6.319258178423823e-5,0.014836086463245506,15.828249345860318,0.02977857700055253,0.00013553630199793977,0.02964304069855459,17.040438168701307,0.031435707727320183,8.536242147164147e-5,0.03135034530584854,18.493803801561988,0.02962837701108123,0.00017068651279496884,0.02945769049828626,18.805477816935387
2021-06-10,0.009109911425208672,2.2532663679685228e-5,0.009087378761528988,17.14423968095527,0.006656811314818434,7.473066165629205e-5,0.006582080653162142,15.932432159653132,0.0038730152967223486,6.17033748587298e-5,0.003811311921863619,17.10538459384746,0.007998182105646068,6.979315344402383e-5,0.007928388952202044,18.640429871306484,0.0038676465357017076,0.00012830377062313686,0.003739342765078571,18.875797944353987
2021-07-12,0.011099154659555577,1.5969875556257866e-5,0.01108318478399932,17.33425245732047,0.01823207678298111,0.00011218337970767294,0.018119893403273437,16.221126132040933,0.007806780314476347,0.0001332644205306977,0.007673515893945649,17.2366430344004,0.008553522719914719,6.735631159249964e-5,0.00848616640832222,18.79861566111705,0.009274432629213125,3.5086292988473546e-5,0.009239346336224651,19.05019797893447
2021-08-10,0.012475732548038243,1.60527950744178e-5,0.012459679752963825,17.55023169169571,0.003473587168658643,6.17702190374433e-5,0.0034118169496211996,16.276469645120173,0.010103062468567403,8.595017516640508e-5,0.010017112293400998,17.40930442323726,0.006353212159886157,0.00015115610104211302,0.006202056058844043,18.91520572927596,0.007266039903610855,6.615977691302523e-5,0.00719988012669783,19.18735712077266
2021-09-09,0.006572756519047429,1.2105205338353573e-5,0.006560651313709076,17.665372642299733,0.008699382408207335,7.036674438971129e-5,0.008629015663817623,16.416919556639566,0.0072047121453233665,5.5669225450323786e-5,0.007149042919873043,17.533764287764118,0.008130501577364946,9.342662756785427e-5,0.008037074949797092,19.067228655412983,-0.004604191679752567,9.016796355508157e-5,-0.004694359643307649,19.097284765843174
2021-10-08,-0.006917296803333306,1.8891524346666627e-5,-0.006936188327679973,17.542842290774097,-0.031174708840362886,6.567771062674011e-5,-0.031240386550989627,15.904048643713645,-0.03352373112310192,5.390156314516727e-5,-0.03357763268624708,16.945021990902337,-0.03594784865710876,5.5286759478640865e-5,-0.0360031354165874,18.380748640113115,-0.021574047712059174,0.00010240696909115474,-0.02167645468115033,18.68332333808335
2021-11-08,0.06428295978945853,2.103976565768271e-5,0.06426192002380085,18.670179019053972,0.05169071511500478,5.345519632512647e-5,0.05163725991867966,16.72529013728841,0.05823282841301891,7.850319422789892e-5,0.05815432521879101,17.930448310600838,0.05400375683163405,9.03833955124138e-5,0.05391337343612164,19.37171680558302,0.06064256067193963,2.96524135047288e-5,0.0606129082584349,19.81577390153727
2021-12-08,-0.020302474025413852,2.7100264206843074e-5,-0.020329574289620695,18.290622227685596,-0.01518452630234679,4.025074788455646e-5,-0.015224777050231347,16.47065132384776,-0.0036570307612566744,8.766683879365354e-5,-0.003744697600050328,17.863304203844304,-0.014214995303585831,8.897654702371827e-5,-0.01430397185060955,19.09462431369798,-0.012691589899493039,1.685553458269619e-5,-0.012708445434075734,19.563946220175602
2022-01-07,0.011586816825046808,1.5412148692782863e-5,0.011571404676354025,18.502270419264462,0.02009492025133497,0.0001006909886477525,0.019994229262687218,16.799969302522555,0.021972813414542713,0.00014131608740552338,0.02183149732713719,18.25328688182437,0.02064433126312104,0.00012457206468742465,0.020519759198433615,19.48644140659962,0.013917526309130235,8.55426237270225e-5,0.013831983685403212,19.834554405115178
2022-02-08,-0.032184698532558675,2.3064052293806985e-5,-0.03220776258485248,17.906353686320053,-0.03286011029682745,4.5514913865218754e-5,-0.032905625210692666,16.24715580910261,-0.028447711653893926,5.549822943598262e-5,-0.028503209883329907,17.733009614771095,-0.028702488904740475,8.582774427938696e-5,-0.028788316649019863,18.92545956102386,-0.02898220225728576,3.2916576963679254e-5,-0.02901511883424944,19.259052452026374
2022-03-10,-0.01539621210781883,2.0846984104295128e-5,-0.015417059091923124,17.630290373417182,-0.04908525951243381,2.3503823319658528e-5,-0.049108763335753466,15.449278079594277,-0.02906602790126489,4.272903208449362e-5,-0.029108756933349383,17.216823748197978,-0.05077504591039872,2.536086636674069e-5,-0.05080040677676546,17.964038516886625,-0.021363785666093427,2.9419777731247365e-5,-0.021393205443824673,18.847039586266778
2022-04-08,0.03664747952757441,3.958780303157572e-5,0.03660789172454284,18.27569813447949,0.07311545441134526,0.00013573082344772475,0.07297972358789753,16.576762123475632,0.07108474216114735,6.562818014036512e-5,0.07101911398100699,18.43954731636216,0.06868610722084023,0.00010010715518783369,0.0685860000656524,19.196120063785195,0.052499488831559304,3.403573787740296e-5,0.052465453093681905,19.835858057634823
2022-05-10,-0.09125738042602838,1.9154707785723883e-5,-0.0912765351338141,16.607555731612692,-0.0935196378503178,5.740486886354436e-5,-0.09357704271918135,15.025557746101446,-0.09484405468266255,6.214789735330793e-5,-0.09490620258001585,16.689519903271705,-0.09662664110115005,4.087366914249261e-5,-0.09666751477029253,17.34047884398693,-0.11733791771224356,4.871669461024061e-5,-0.11738663440685379,17.507393439677
2022-06-09,0.021585595728045304,3.3937736752440005e-5,0.021551657991292862,16.965476092811745,-0.006401873399301317,6.247645051113055e-5,-0.006464349849812447,14.928427284142087,-0.007349772416503475,6.988865193893027e-5,-0.0074196610684424055,16.565689322194405,-0.006146300366444368,4.485278843980562e-5,-0.006191153154884174,17.233121283684778,-0.005688994390037783,6.017990331164338e-5,-0.005749174293349426,17.406740383370053
2022-07-12,-0.07351682280156047,1.953241077991583e-5,-0.07353635521234038,15.717896816504272,-0.021291250740825385,5.2291825309478607e-5,-0.021343542566134865,14.60980176095755,-0.031094024442842816,7.6580153764353e-5,-0.031170604596607168,16.049326770462045,-0.0128267662580136,0.00010975615077393553,-0.012936522408787536,17.010184624025037,-0.04676210726889973,3.366063478513865e-5,-0.04679576790368487,16.59217860043017
2022-08-10,0.11149828779639304,2.7269198246968405e-5,0.11147101859814607,17.46998678486056,0.06381818412076767,6.172427234084564e-5,0.06375645984842683,15.541271000323515,0.06126986706821347,8.073842748917711e-5,0.06118912864072429,17.031371090816865,0.06067262187378275,0.00010589761456791647,0.06056672425921483,18.0404357857467,0.08817996266361328,4.1770664745944543e-5,0.08813819199886733,18.05458322359438
2022-09-09,-0.021428162627701308,2.3520072129305663e-5,-0.021451682699830613,17.095226171581494,-0.014088922299894224,9.061276238694393e-5,-0.014179535062281168,15.320903003262014,-0.016281983082954588,5.517056430105616e-5,-0.016337153647255645,16.753126964482764,-0.028697607351034327,3.964558623563913e-5,-0.028737252937269964,17.52200321947312,-0.024852943757522117,2.592040410545347e-5,-0.02487886416162757,17.60540570007978
2022-10-10,-0.10430436740130156,1.3080385488923828e-5,-0.10431744778679047,15.311895808024166,-0.10206401310943469,4.695430896911178e-5,-0.10211096741840381,13.756470775875403,-0.09654453710419353,5.129579131901752e-5,-0.09659583289551255,15.13484471174428,-0.09786733049798435,1.4284257431175629e-5,-0.09788161475541553,15.806921250601501,-0.09705567936129378,1.266016323237559e-5,-0.09706833952452615,15.896478202117406
2022-11-08,0.0775889488508048,2.2281341063165834e-5,0.07756666750974164,16.499588539108984,0.06564076593610535,0.000109032327461423,0.06553173360864392,14.657956154155164,0.06519799993697606,3.99494796752463e-5,0.06515805045730082,16.12100168713553,0.06172944741296016,0.00010372006293951999,0.061625727350020636,16.78103426983432,0.06805543670817316,5.920696188442414e-5,0.06799622974628873,16.977378786105454
2022-12-08,0.04152345527274326,1.923752551983447e-5,0.041504217747223425,17.184391054575755,0.05099898312134754,5.110042375179621e-5,0.050947882697595745,15.404747984883564,0.05461429507297444,5.6222078243855715e-5,0.05455807299473058,17.000532473930445,0.050878525621015136,0.00018291770533647867,0.050695607915678655,17.631759003597406,0.05346040037651245,3.712908538904314e-5,0.05342327129112341,17.88436589880773
2023-01-10,0.008054400281245488,1.604495472335061e-5,0.008038355326522138,17.322525295942345,-0.005995838074156712,3.0781754350609405e-5,-0.006026619828507321,15.311909425224707,0.004785129385914466,7.003314971472429e-5,0.004715096236199742,17.080691620611667,-0.00046899508593001293,9.956895692668101e-5,-0.0005685640428566939,17.621734219415647,0.00996264976965322,1.896505785537627e-5,0.009943684711797844,18.062202394575902
2023-02-09,0.037822551032520524,1.8987280233890905e-5,0.037803563752286634,17.9773784853181,-0.021218450269968048,6.406988751650462e-5,-0.021282520157484552,14.986033404232785,-0.029111760242332085,2.862337182693826e-5,-0.029140383614159025,16.58295371439189,-0.014060237872227543,0.000122462182756032,-0.014182700054983576,17.371810448533033,0.008113901062752005,6.493558208164265e-5,0.008048965480670363,18.207584438154726
2023-03-13,-0.05902205316816589,2.7205284626390092e-5,-0.059049258452792276,16.915827616834882,-0.027637954788888752,6.601309871274727e-5,-0.0277039678876015,14.570860816039396,-0.024723668196126702,6.266714933887116e-5,-0.024786335345465572,16.171923062608638,-0.02510805546399486,4.408095130397028e-5,-0.025152136415298832,16.93487230235082,-0.061180158721016675,8.154919818729247e-5,-0.06126170791920397,17.09215671839025
2023-04-12,0.04223126957886292,1.8880328958151564e-5,0.042212389249904766,17.629885116681002,0.05755122507232735,4.738127450928728e-5,0.05750384379781806,15.408741320404674,0.06034443839197068,6.433051310883057e-5,0.06028010787886185,17.146768329431342,0.05682854720471542,0.00015821813585324693,0.05667032906886217,17.8945770884642,0.06109655573643957,7.061751367322947e-5,0.06102593822276634,18.135221618380573
2023-05-11,-0.005260537407895782,1.2132736399737718e-5,-0.00527267014429552,17.536928547778917,0.022698134340068954,8.898508895527802e-5,0.022609149251113677,15.757119852689504,0.008975908417293121,4.759622663756358e-5,0.008928312190655558,17.299860030137353,0.024527965225060955,2.890420598127603e-5,0.024499061019079678,18.332977424465106,0.0015603310768610434,1.6502918026173017e-5,0.0015438281588348705,18.16321928418174
2023-06-12,0.03651382573280082,1.5886730611166534e-5,0.03649793900218965,18.17699029620151,-0.016073030749821027,0.00011675993930525936,-0.016189790689126286,15.502015380410985,-0.02056793887158126,0.00011214740924137299,-0.020680086280822633,16.942097432067957,-0.01429085828959864,0.0001191820475630605,-0.0144100403371617,18.06879848027829,0.024215662714208053,1.8453457535801903e-5,0.02419720925667225,18.60271850197591
2023-07-13,0.056324237979634484,2.655949762715702e-5,0.05629767848200733,19.200312651667627,0.03074125157010621,8.782620241302957e-5,0.03065342536769318,15.977205251923243,0.029769624621352353,8.3567331891139e-5,0.029686057289461214,17.44504150703996,0.02788254128462908,0.00012481656406489728,0.027757724720564182,18.570347214525203,0.04628168799855148,3.1290594165863286e-5,0.046250397404385614,19.46310162549421
2023-08-11,-0.0071411805404361095,1.3939061109186569e-5,-0.007155119601545296,19.062932118257883,0.0024661692840757254,3.608486272084036e-5,0.002430084421354885,16.01603120950273,-0.002936372745161453,4.477107423490965e-5,-0.0029811438193963627,17.393035329372132,0.008292102764910103,4.061954123223524e-5,0.008251483223677868,18.723580123023734,0.011747943076337641,3.795320190284902e-5,0.011709989874434792,19.691014348453844
2023-09-12,-0.015591459653198858,1.7927966685644055e-5,-0.015609387619884502,18.76537142165245,-0.018927475892091206,4.5444578202854845e-5,-0.01897292047029406,15.712160323115087,-0.023176144180126812,6.307861569247942e-5,-0.023239222795819293,16.988834706257297,-0.018974835010978186,1.4991794784745783e-5,-0.018989826805762933,18.368022579303688,-0.02497750280365929,2.9219903059158414e-5,-0.02500672270671845,19.198606612828044
2023-10-11,-0.027429644737405834,1.315412960911432e-5,-0.027442798867014947,18.25039710806321,-0.055543791641815776,4.81709763596147e-5,-0.05559196261817539,14.838690493781696,-0.05322203191335506,4.891750268141768e-5,-0.05327094941603648,16.083823351982858,-0.05378513521468142,9.100383942931215e-5,-0.05387613905411073,17.378424440672077,-0.051523670609818106,2.8643734561649063e-5,-0.051552314344379756,18.208874009749444
2023-11-09,-0.01613873862580617,1.4955095187373881e-5,-0.016153693720993543,17.955585782893053,-0.0028401760515012198,3.0505775973024555e-5,-0.0028706818274742444,14.796093334637682,-0.007249342810343284,3.1501309221261595e-5,-0.007280844119564546,15.966719541310459,-0.001288065995536991,2.729456481412168e-5,-0.0013153605603511127,17.355565546561778,-4.736237970703883e-6,4.306470340641294e-5,-4.7800941377116826e-5,18.20800360843036
2023-12-11,0.0796442502780077,2.120300511931699e-5,0.07962304727288838,19.385264238496752,0.046083229753220545,8.619218916198804e-5,0.045997037564058554,15.47666979555233,0.047435074931093224,0.00010494386337051637,0.04733013106772271,16.722426469922254,0.04379632300699243,0.0001257639233499628,0.04367055908364247,18.113492797192933,0.059749075194641676,1.821364001762919e-5,0.059730861554624044,19.29558335115161
2024-01-11,0.030947953871959033,1.5720816583241454e-5,0.03093223305537579,19.984893749761977,0.037621256649096546,9.675042495358922e-5,0.03752450622414296,16.057424187624537,0.03445019039219277,9.85606426993184e-5,0.03435162974949345,17.296869072530153,0.04192755428520223,0.00015404463441548807,0.04177350965078674,18.87015696336593,0.04572809329504346,7.939575723539331e-5,0.045648697537808064,20.176401599363896
2024-02-12,0.029288384251554778,1.254573146953393e-5,0.029275838520085244,20.56996827202107,0.026227769848449878,0.00010247199312916199,0.026125297855320716,16.476929177315462,0.02008970585167602,9.732231792497819e-5,0.019992383533751042,17.642674712961252,0.03542849845272,0.00014977209253105655,0.035278726360188944,19.53587206725033,0.025095333393517327,4.967661828291246e-5,0.025045656775234414,20.681732828780856
2024-03-13,0.0283293078039204,1.7285393300898676e-5,0.028312022410619503,21.152345674724263,0.037311197481852076,2.858996836122753e-5,0.03728260751349085,17.0912320608609,0.03827982438994759,8.708433530239466e-5,0.038192740054645194,18.31649680214204,0.031239153541718467,3.331516542691361e-5,0.031205838376291553,20.145505333520855,0.040583529008927366,3.818488809764632e-5,0.04054534412082972,21.520280803338835
2024-04-12,-0.008541292373011489,1.4809397680793598e-5,-0.008556101770692283,20.971364052442457,-0.01443349273988015,2.722939615647829e-5,-0.014460722136036627,16.84408050306627,-0.008252209073397188,2.5186583315464354e-5,-0.008277395656712651,18.164883911065797,-0.017659969023771538,3.653161308423988e-5,-0.017696500636855777,19.78900038555642,-0.014016746212990872,1.555838770225414e-5,-0.014032304600693126,21.218301668013936
2024-05-13,0.026896738075017135,1.5940537526942702e-5,0.026880797537490193,21.535091043621165,0.044449409679780505,4.178685515769173e-5,0.044407622824622815,17.59208607687402,0.044382709415044186,4.274474953570687e-5,0.04433996466550848,18.97031422183552,0.04007370354718365,6.367957945227473e-5,0.04001002396773137,20.58075876527998,0.04126038429911971,4.4730066194081765e-5,0.04121565423292563,22.092827852972707
2024-06-12,-0.0014309738777562586,1.5374726161672394e-5,-0.001446348603917931,21.503943794754978,-0.0074363719396118855,5.8810398823496805e-5,-0.0074951823384353826,17.460230184014396,-0.020134427057945548,7.96868258417502e-5,-0.0202141138837873,18.586846129744107,-0.0034476666371953124,0.00016718763484087663,-0.003614854272036189,20.506362321535562,-0.00978994386777321,7.124666528259868e-5,-0.009861190533055808,21.874966268100543
2024-07-15,0.03116230308979051,1.6287829267269947e-5,0.03114601526052324,22.17370595634785,0.02683637731469868,5.042785486997875e-5,0.0267859494598287,17.927919027280378,0.024262980644911503,7.58416446239047e-5,0.0241871390002876,19.036408760661185,0.024251481780023232,7.760774404096761e-5,0.024173874035982264,21.002080541232576,0.021953266456080645,7.25107150806478e-5,0.021880755740999996,22.353607061855463
2024-08-13,-0.016421891157773594,1.7752045728939484e-5,-0.016439643203502535,21.80917814192611,0.012430508638602289,2.300758952804808e-5,0.01240750104907424,18.150359701419077,0.017063709111367453,9.00135002343287e-5,0.016973695611133124,19.359526968493753,0.003089379685879967,2.0403459722627937e-5,0.003068976226157339,21.06653542711346,-0.011146633176044696,4.724755593106931e-5,-0.011193880731975765,22.1033834504756
2024-09-12,0.021705682136852644,2.5255253957282153e-5,0.021680426882895364,22.282010434008182,0.041133021913415835,5.509747422308829e-5,0.041077924439192746,18.89593880577814,0.033133397025771005,8.670877804600705e-5,0.033046688247725,19.99929522084499,0.042988724181322935,9.194518530402535e-5,0.04289677899601891,21.97022194154215,0.02972846967157583,7.997606362313e-5,0.0296484936079527,22.75871547342115
2024-10-11,0.04872932478732217,1.339251418521385e-5,0.048715932273136954,23.367499345220654,0.0020473624874368657,8.274151102961244e-5,0.001964620976407253,18.93306216352488,0.00443830237280074,0.00013334683028439132,0.004304955542516349,20.085391297652386,0.0030740678057776805,8.601506699240316e-5,0.0029880527387852775,22.035870123386296,0.026832251927410455,7.784294268700016e-5,0.026754408984723456,23.367611455164013
2024-11-11,0.0417201965987144,1.8478037564559036e-5,0.04170171856114984,24.3419642263929,0.006205307658595061,7.857143137545795e-5,0.006126736227219602,19.04906004137435,-0.0026336972641235468,0.00010750359949440575,-0.0027412008636179524,20.030333205681156,0.004935008892708259,8.379037009488133e-5,0.004851218522613378,22.142770944690767,0.003600120373121296,6.515172342636521e-5,0.003534968649694931,23.450215229076267
2024-12-11,-0.0011536380776635546,2.507764434168613e-5,-0.0011787157220052409,24.31327197045476,0.005674972395480982,3.837891626463063e-5,0.005636593479216351,19.156431848988763,-0.004998920225367631,0.00010171976406187325,-0.005100639989429504,19.92816568713066,0.003735372641094692,7.634317915162073e-5,0.0036590294619430713,22.223791995946446,0.010853984370853942,6.058873035577433e-5,0.010793395640498167,23.703322679898523
2025-01-14,-0.05157638451483937,1.980350458979532e-5,-0.05159618801942916,23.05879981849966,-0.047638933175950804,2.694466790912269e-5,-0.04766587784385993,18.243323708550637,-0.048200471457815475,0.00011968408664479147,-0.048320155544460265,18.965233621412732,-0.040889647601745294,0.0001040007489734379,-0.04099364835071873,21.3127576818451,-0.05664266085268377,1.7630897188268484e-5,-0.056660291749872034,22.360285501414115
2025-02-13,0.03681465274989226,1.2473403190467184e-5,0.0368021793467018,23.90741390493978,0.07532760787964765,2.693388242797555e-5,0.07530067399721968,19.61705827975396,0.07545369489975973,7.119012150747214e-5,0.07538250477825226,20.39488043549955,0.07775085685034755,5.96628809111675e-5,0.07769119396943638,22.968571272928923,0.060436974721896464,1.7197282262554308e-5,0.06041977743963391,23.71128897489623
2025-03-17,-0.053808218557866105,2.1588221994003543e-5,-0.05382980677986011,22.62048243383073,-0.015978442157011385,5.018506264626632e-5,-0.016028627219657653,19.30262376544148,-0.015890198612312,7.898822064069747e-5,-0.0159691868329527,20.069190779389327,-0.01382261606503321,8.73775475569678e-5,-0.013909993612590179,22.64907859323216,-0.05507177544842723,4.212310744026983e-5,-0.0551138985558675,22.40446739970494
2025-04-15,-0.0497695959897011,2.961005221661361e-5,-0.04979920604191771,21.494000368340814,-0.023316984765616833,7.507697372876384e-5,-0.023392061739345597,18.851095598588916,-0.02868514731878591,0.00017719342391707982,-0.02886234074270299,19.48994695668428,-0.024641809168311823,0.00014261540042615506,-0.02478442456873798,22.08773421328678,-0.03794210991709379,0.00019005592839166154,-0.038132165845485455,21.55013653313962
2025-05-15,0.09305389498349226,2.146294260785003e-5,0.0930324320408844,23.493639496895224,0.03831105641382471,0.0002123751058972217,0.038098681307927484,19.569297482104833,0.03746102593385947,0.00019209045683651324,0.03726893547702296,20.216316532263544,0.032156874817540926,0.000313430202621344,0.03184344461491958,22.791083754376643,0.06701456136815342,0.0008885274178329477,0.06612603395032048,22.975161593164053
2025-06-16,0.00651632698086102,2.7264354516933e-5,0.006489062626344087,23.646091194911328,0.01143195933870933,7.618027075714749e-5,0.011355779067952182,19.791522100826647,0.01139258043434399,0.00010992157879554117,0.011282658855548449,20.444410335012858,0.009367520309865096,4.48740745152237e-5,0.009322646235349872,23.003556965538927,0.0032201591748914904,0.00012094530982917133,0.003099213865062319,23.046366532525635
2025-07-17,0.046308221263170024,1.317427632610491e-5,0.04629504698684392,24.740788097834944,0.012877053045970532,5.737325998594151e-5,0.01281967978598459,20.04524307663648,0.011844275686847539,6.996670671323641e-5,0.011774308980134303,20.685129139213952,0.012747588567428192,0.0001294380996832871,0.012618150467744905,23.29381930862344,0.02098606866676822,0.0001271535699481698,0.02085891509682005,23.527088735317786
2025-08-15,0.015220558384617888,1.7415303857951585e-5,0.015203143080759937,25.116925839217092,0.006550439544885656,8.409817675303283e-5,0.006466341368132623,20.174862461177213,0.0027195169228126925,6.267566147292603e-5,0.0026568412613397663,20.740086243807156,0.008238925487403792,0.00013761237374752345,0.008101313113656269,23.48252983245553,0.004400313108348541,0.00046201145491036016,0.003938301653438181,23.619745507784675
2025-09-16,0.022372601471163156,1.4433231593256268e-5,0.0223581682395699,25.67849429279111,-0.003203030045659583,4.540462105892632e-5,-0.003248434666718509,20.109325738562045,0.00259952687051479,5.168832427921631e-5,0.002547838546235574,20.79292863499138,-0.004179526945355283,0.00010663649753127973,-0.0042861634428865624,23.381879871541166,0.004973839318276552,0.00011370890721003996,0.004860130411066511,23.73454055122871
2025-10-15,0.01714518716422342,1.784845654119092e-5,0.017127338707682228,26.11829856204703,0.027468805837616683,9.88237075751482e-5,0.027369982130041534,20.65971762467367,0.01635088374285698,5.2757939842763046e-5,0.016298125803014218,21.131814401697564,0.030978392230492924,4.6496567248097645e-5,0.030931895663244825,24.1051257401382,-0.008380389280855272,5.001972568156472e-5,-0.008430409006536837,23.53444866679962
2025-11-13,-0.012135281514652707,2.6122581450508772e-5,-0.012161404096103216,25.800663378931304,0.0014196598223574775,7.391213115185068e-5,0.0013457476912056268,20.687520391968036,0.009069125451525384,4.1127038466578726e-5,0.009027998413058805,21.322592388581143,-0.001941135822061013,0.00011007287077333351,-0.0020512086928343464,24.05568109667816,-0.016759198467091063,5.826344873417975e-5,-0.016817461915825244,23.138658972635774
2025-12-15,0.029457943690629262,1.8601946381654677e-5,0.02943934174424761,26.560217925371955,0.012452923816316908,4.844387077722399e-5,0.012404479945539684,20.944138323793144,0.012677017572207516,6.071841822380316e-5,0.012616299153983714,21.59160459289394,0.01659064788797715,8.738083206079562e-5,0.016503267055916353,24.4526784260286,0.03380400092086777,0.00012066915439576189,0.03368333176647201,23.918046099442318
2026-01-15,0.053597012701618096,1.8086865235271633e-5,0.053578925836382824,27.983285871793623,0.02921091967272993,3.808886808686971e-5,0.02917283080464306,21.5551381274622,0.030392888436341137,1.830137609086376e-5,0.03037458706025027,22.247440666371297,0.02936319842366908,1.6182297514962216e-5,0.02934701612615412,25.170291574124924,0.03592527155907743,6.506315006827989e-5,0.03586020840900915,24.775752217304607
2026-02-17,0.023695053120008414,2.413075971746669e-5,0.023670922360290947,28.645676059050675,0.05234265189124132,2.8786337737742357e-5,0.05231386555350358,22.68277072544946,0.059274000350628686,4.066628930587327e-5,0.059233334061322813,23.565230751371928,0.049108098565650016,2.7194192880455688e-5,0.04908090437276956,26.405672247909276,0.04961234329504127,5.747883919740379e-5,0.04955486445584387,26.00351126022471
2026-03-18,-0.046816141365370934,2.577486346672064e-5,-0.046841916228837654,27.303857700774206,-0.040451492264375055,0.00010990851926575365,-0.04056140078364081,21.76272577117107,-0.04442597471797116,0.00014379644289648803,-0.04456977116086765,22.51493380943024,-0.03841341687757838,0.00011918753816445005,-0.03853260441574283,25.38819292484883,-0.08889988072760269,0.00016515974788379326,-0.08906504047548648,23.687507477328026
2026-04-17,0.04995945936184598,2.565882129164707e-5,0.04993380054055434,28.667243085192343,0.0012813201615775593,4.897639403357177e-5,0.0012323437675439877,21.789544930639938,-0.000756142892552436,5.423240392070579e-5,-0.0008103752964731418,22.496688263269352,-0.0027810195474863297,5.048543402062942e-5,-0.0028315049815069594,25.31630613011066,0.024154665567576394,0.00010503084401530743,0.024049634723561086,24.257183379669385
2026-05-18,-0.007566062312061583,2.437247381804496e-5,-0.007590434785879628,28.44964624606323,0.03267354112582854,0.00012715614215258028,0.032546384983675965,22.498715848571653,0.027014410679979894,0.0001781965777930236,0.02683621410218687,23.100414206092605,0.019962606766239066,0.00014255994934263654,0.01982004681689643,25.818076502840338,0.004756111898523763,0.00013977471031452617,0.004616337188209236,24.369162717386164
2026-06-17,0.028008972505730645,2.594307498331117e-5,0.027983029430747333,29.245753534261166,-0.011058210899293375,4.151197781355056e-5,-0.011099722877106925,22.248986337561735,-0.007912838371171405,4.6511901360863344e-5,-0.007959350272532268,22.916549917985733,-0.005365544411767842,7.507761200188966e-5,-0.005440622023769732,25.677610107207613,0.02780321370897254,0.00025766026084039014,0.02754555344813215,25.040424791504154
