x1,x2,x3,x4,x5,x6,x7,x8,x9,x10,x11,x12,x13,x14,x15,x16,x17,x18,x19,x20,x21,x22,x23,x24,x25,x26,x27,x28,x29,x30,Date
0.016790503003855872,0.05936552255851566,0.0,-5.921097116555473e-18,0.0,0.08327221660542443,0.0,0.0,0.01638861698155639,0.0,0.0,0.0,0.0,0.0,9.844637532132061e-18,0.06028956139666244,0.13426957071424422,0.0,0.15,0.15,0.0,0.09242632668799129,0.0,0.0,0.0,0.15,0.0,0.0,0.0871976820517497,4.3751271933659655e-20,1995-01-26
0.0028280871150734178,0.08471462116040403,0.0,0.0,0.0,0.07135195163160499,0.0,0.0,0.015854264981151618,0.0,0.0,0.0,0.0,0.0,9.644757632605319e-18,0.02191181332320437,0.10244352466408706,0.0,0.15,0.15,0.0,0.10260291734233064,0.0,0.0,1.821092070247735e-18,0.15,-1.8300505796630055e-18,0.0,0.14829281978214381,0.0,1995-02-27
0.033620968153777964,0.07260440311429563,0.0,0.0,0.0,0.10518103995549964,0.0,0.0,0.0015953418629712467,0.0,1.4626016838734686e-19,0.0,0.0,0.0,0.0,0.02370603164817961,0.11480119216636567,0.0,0.15,0.15000000000000002,0.0,0.035767277868489725,0.0,0.012723745230420538,0.0,0.15,1.904012938569614e-18,0.0,0.15,0.0,1995-03-28
0.04149267115174566,0.04027759672413028,0.0,0.0088974007440538,0.0,0.08856576171716185,0.0,0.015005159712092344,0.03340709523970331,0.0,0.0,0.0,0.0,0.0,0.0,0.011808184778500872,0.13334967715680046,0.0,0.15,0.15,0.0,0.02719645277581141,0.0,4.7154897898105936e-20,3.0739990189214833e-18,0.15,-2.514869139920561e-18,0.0,0.15,2.6430700920453166e-19,1995-04-27
0.05526872229367552,0.01922131486191836,1.31555178314926e-20,0.0,0.0017839928354232944,0.07391569067394785,0.0,0.004820383511382579,0.04814013740766776,-7.658118008728343e-20,0.0,0.0,0.0,0.0,4.735557225583508e-18,0.04514774779957865,0.14010085416701965,-6.692743214621173e-20,0.15,0.15,0.0,0.002710532981753055,0.0,0.00889062346763322,1.7342715690329013e-18,0.15,-1.2597325964594955e-18,0.0,0.15000000000000002,0.0,1995-05-26
0.043181678071419996,0.025667876427539513,0.0,0.0,0.005473908024948001,0.080592836557107,0.0,8.052677548517201e-20,0.05772867675066327,0.0,0.0,0.0,0.0,0.0,-3.747131092291852e-18,0.04263682986812772,0.138192319965808,0.0,0.15,0.15,0.0,0.005453588810062318,0.0,0.0010722855243241454,4.39513157591269e-18,0.15,0.0,0.0,0.15,0.0,1995-06-27
0.02933941855411357,0.05165235896923772,0.0,0.0,0.0,0.04406705709650976,0.0,-5.007740243844887e-19,0.06015858215287646,0.0,0.0,-2.495833543908833e-19,0.0,0.0,-3.421374119500144e-18,0.05532699055444344,0.13468438134095007,0.0,0.15,0.15,0.0,0.02477121133186899,0.0,4.237438782478864e-20,-6.396383845963032e-18,0.15,0.0,0.0,0.15,0.0,1995-07-27
0.012867067434813449,0.03703172100724187,0.0,0.0048869228930368295,0.027610114800007423,0.0007068515449412436,0.0,0.0,0.030815909965905035,0.0,0.0,2.1070734204495437e-19,-1.2490061412487335e-18,0.0,0.0,0.08467913322854169,0.12740254277542643,0.0,0.15,0.15,0.038965696380958786,0.035034039969127184,0.0,6.8312659701484245e-18,0.0,0.15,-4.971435338370716e-18,0.0,0.15,0.0,1995-08-25
0.0,0.0300020863370226,-1.8194267935481666e-19,0.036956739834895426,0.01658920130417662,0.019394930192996845,0.0,0.0,0.05081188313218114,9.499397760538932e-20,0.0,0.0,0.0,0.0,0.0,0.07438386295313773,0.11938371212163466,-1.5411268247710583e-19,0.0898923592610989,0.15,0.07927402615977093,0.033311198703085104,1.519749308952966e-19,0.0,0.0,0.15,0.0,0.0,0.15,0.0,1995-09-26
0.0,0.050987135524542225,7.022383430946073e-19,0.013312838145291902,0.024652805114896887,0.0466001927981173,0.0,0.0,0.02917852300853163,0.0415074829152273,0.0,0.0,0.0,0.0,0.0,0.1106798024582206,0.11479014629757087,0.0,0.0761322649603648,0.15,0.030078893958447653,0.012079914818788687,-2.6343126909852397e-18,0.0,0.0,0.15,0.0,0.0,0.15,0.0,1995-10-25
0.0,0.006902871105681981,0.0,0.0,0.09309712889431794,0.0,0.0,0.0,0.0,0.0,0.0,0.0,0.0,0.0,0.0,0.15,0.15,0.0,0.15,0.15,0.0,0.15,0.0,0.0,0.0,0.0,0.0,0.0,0.15,0.0,1995-11-24
0.010974786915308482,0.040242449424399994,-1.3761454708155331e-18,0.0,0.037163790201627404,0.052302360383496005,0.0,0.0,0.0,0.03295746930846041,0.0,0.0,0.0,0.0,0.0,0.1067206361065788,0.12284105381235627,-6.612756212201239e-19,0.10588615283148828,0.15,0.040911301016284304,2.0039140528728767e-18,0.0,0.0,0.0,0.15,0.0,0.0,0.15,0.0,1995-12-26
0.015516153230878606,0.03509329857111856,1.086686507502961e-18,0.0,0.0347327267779028,0.03352620067901706,0.0,0.00243870442414018,0.0,0.02798889643824466,0.0,0.0,0.0,0.0,0.0,0.10072735707583476,0.12378765691994437,0.0,0.11737151716985153,0.15,0.058817488713067266,9.132147429954922e-19,0.0,0.0,0.0,0.15,0.0,0.0,0.15,-8.62560128868456e-19,1996-01-25
0.04990698167936066,0.01613996179935798,0.0,0.0,0.06574922449449763,0.03161490627767596,0.0,0.0064377470784802646,0.0,0.034259142599525096,0.0,2.6786728445550044e-19,0.0,0.0,0.0,0.06437233550603422,0.1260983681914995,0.014782086144774456,0.1293197121368748,0.15,0.08329422281619249,0.0,0.0,0.0,0.0,0.15,0.0,-1.0705689761449564e-18,0.07802531127572683,0.0,1996-02-26
0.040187890999628315,0.024842934057136522,-1.7214988180556565e-18,0.0,0.0684757527739842,0.02768675643446588,0.0,0.0,0.0,0.027715251696109614,5.65830549210059e-18,-6.779383625637361e-19,0.0,0.0,0.0,0.07414760112545137,0.12417532675098646,0.007641756724771927,0.13041065101295102,0.15,0.0709089025641172,-1.7087300856045615e-18,0.0,-2.8902961705163934e-18,0.0,0.15,0.0,0.0,0.10380717586039744,0.0,1996-03-26
0.04644961667731664,0.0226699537728688,0.0,0.0,0.06918629567991852,0.029238134293733065,0.0,0.0017474197693525405,0.018007446300747226,0.04235628343883783,2.4243781671198954e-18,0.0,0.0,0.0,0.0,0.06832801085087818,0.12419573731861727,0.009885273757869033,0.1289736827251495,0.15,0.0609396233931658,0.0,0.0,1.5400704449117905e-18,0.0,0.15,0.0,0.0,0.07802252202154548,0.0,1996-04-25
0.032238707186101175,0.031011424611434326,-4.026699605519167e-18,0.0,0.05909076842335143,0.03582590383367847,0.0,0.00357457338202007,0.03102544353298643,0.03305235314061169,0.0,4.595911757346359e-19,0.0,0.0,0.0,0.0634946601194348,0.12571056787504117,0.009392648774554518,0.12275887403668649,0.15,0.06038273247030413,-3.5888491080929935e-18,0.0,-1.0796449685667714e-19,0.0,0.15,0.0,0.0,0.09244134261379491,0.0,1996-05-24
0.02829612150153692,0.04539916923783863,0.0,0.0,0.04763882171047257,0.03356266677874283,0.0,0.0,0.03473391982685877,0.030767839464606758,-2.9962965339218503e-18,2.390706095336921e-19,0.0,0.0,0.0,0.06586344953437366,0.12748772082983245,0.00922306225445307,0.1199799758252315,0.15,0.06237817407735734,2.1193112490408733e-18,0.0,-1.4812515230368737e-18,0.0,0.15,0.0,0.0,0.09466907895869543,0.0,1996-06-25
0.025380376111177827,0.04318128879773075,-5.483685273904697e-18,0.0,0.058553348088545926,0.04833879210655266,0.0,0.0,0.03516345304926183,0.024819208869130024,0.0,-1.2191066497486466e-18,0.0,0.0,0.0,0.06619079086015606,0.1214584957976791,0.012455095967566304,0.12187595371301398,0.15,0.05067328489481871,-1.1358932422338908e-17,0.0,0.0,0.0,0.15,0.0,0.0,0.09190991174436676,0.0,1996-07-25
0.06261848069008788,0.03035843579890572,-1.6984968357787491e-18,0.0,0.059693349980749655,0.03202947574445817,0.0,-2.0917266132236484e-18,0.035636917331453945,0.040040954370228955,-1.9365319378227248e-18,0.0,0.0,0.0,0.0,0.04154702021390375,0.12291812662728373,0.0225224443728152,0.13888884558365608,0.15,0.05163558757736627,3.92285164254043e-18,0.0,3.685451251337683e-19,0.0,0.15,0.0,0.0,0.0621103617090905,0.0,1996-08-23
0.05893169152039018,0.03326374590926479,0.0,0.0,0.059484042853312095,0.03053709788028368,4.842795977403701e-18,0.0,0.05638970028358219,0.04447750505679074,6.418913372958961e-19,6.776778484582917e-18,0.0,0.0,0.0,0.044600669034844796,0.11874197054702869,0.01910959033944478,0.13009757013825723,0.15,0.04791775287716428,1.2850583926260819e-19,0.0,0.0,0.0,0.15,0.0,0.0,0.056448663559636486,0.0,1996-09-24
0.05828402751726278,0.039797221647660384,8.524272211385835e-20,0.0,0.06187602005493191,0.029553191366827086,0.0,0.0,0.06799061342439496,0.028508008443362827,0.0,-8.893834378952324e-20,0.0,0.0,0.0,0.05831065178553453,0.11769307866806439,0.013579905467825696,0.12467475316628039,0.15,0.02468515613687279,-3.1402525108429974e-20,-3.876522066831397e-20,4.042510246762866e-19,0.0,0.15,0.0,0.0,0.07504737232098224,0.0,1996-10-23
0.07772190521154457,0.027704334309840147,4.275845046215454e-18,0.0,0.06310345310962302,0.0240526230794446,0.0,0.0,0.07688643792440143,0.0308499870788905,0.0,1.0382500209898028e-18,0.0,0.0,0.0,0.04976455243299465,0.11329156886824703,0.015544025014096956,0.12783730946724622,0.15,0.021630667685002804,0.0,2.497393369898611e-18,-1.619281736874705e-19,0.0,0.15,0.0,0.0,0.0716131358186681,0.0,1996-11-21
0.06580779854796005,0.025674460783091803,4.0475536796217395e-19,0.0,0.05599662383533405,0.033208069623480815,0.0,0.0,0.07893803593714961,0.02588450088688723,0.0,0.0,0.0,7.256297714749023e-20,0.0,0.0579654392171759,0.10447048885405943,0.011915238157198171,0.12834624710647827,0.15,0.01747100637735751,0.0,-2.074651424317891e-18,0.0,0.0,0.15,0.0,0.0,0.09432209067382699,0.0,1996-12-23
0.06951984327609463,0.011990298201551215,-1.40223911971976e-18,0.0,0.059972621072721645,0.02965720280831296,0.0,0.0,0.0519367027565028,0.04569158456850576,0.0,-8.173350859820917e-19,0.0,0.0,0.0,0.07180247547261114,0.10379616882413564,0.019956327852881622,0.13324049982824906,0.15,0.018508395320408266,0.0,-8.00835440346742e-19,0.010644132816854274,0.0,0.15,0.0,0.0,0.07328374720117083,0.0,1997-01-23
0.07629786953020314,0.019368914962279472,-3.864652833556007e-18,0.0,0.05235332100400852,0.010024665089698289,0.0,-1.6437074269926382e-19,0.05115749660959523,0.038813567700774536,0.0,0.0,0.0,0.0,0.0,0.08282660605028166,0.10273251908023262,0.029272303933054442,0.13366478281161362,0.15,0.019853878817826884,0.0,-1.6903627136429917e-18,0.005277317804379738,0.0,0.15,0.0,0.0,0.07835675660605185,0.0,1997-02-25
0.0947374841669746,0.016632819347861736,-4.556775090179605e-19,4.442852667209517e-18,0.047366290175333906,0.0,0.0,0.0,0.04224956748382977,0.05934511023664774,0.0,7.144498993938683e-19,0.0,0.0,0.0,0.059870069933959776,0.10557378335920342,0.0315767076205199,0.13287795288514778,0.15,0.03214846831165537,0.0,0.0,0.01791007537386401,0.0,0.15,0.0,0.0,0.05971167110500195,0.0,1997-03-26
0.09596150189044515,0.01624444486468032,0.0,7.372876400771296e-18,0.06498169498551942,0.002309202175475188,0.0,0.0,0.04340816007034358,0.03776369473453327,0.0,-5.309094563605084e-18,0.0,0.0,0.0,0.08000776797826231,0.1064217709171105,0.026086251356927857,0.13873455426601428,0.15,0.011219325345953823,0.0,6.900749968573654e-18,0.018295494482216235,0.0,0.12678798701638366,0.0,0.0,0.08177814991613419,0.0,1997-04-25
0.09281401442474495,0.016400446924199365,1.8123666597238278e-19,-8.017911150022874e-18,0.019021464717824198,0.029091078102291633,0.0,0.0,0.0579734444489383,0.01720266690390504,5.922323244851773e-18,0.0,0.0,-1.4527987035060781e-19,0.0,0.09457434660064161,0.10600016081181246,0.03205636978678214,0.12910785535949507,0.15,4.517494261402648e-19,0.0,3.0339052130828406e-19,0.006684279199008441,0.0,0.15,0.0,0.0,0.09907387272035684,0.0,1997-05-27
0.08452016997042337,0.010078309521473719,-8.4377211998795685e-19,0.0,0.03208346017680875,0.0420207843323331,0.0004192482411117934,0.0,0.054866319694754584,0.012029633521390977,0.0,0.0,0.0,-1.5566949231350505e-20,0.0,0.10529425125404765,0.1029433016421013,0.03195143490991874,0.12505551145948463,0.15,0.0,0.0,5.135287384935183e-19,0.007854097198148923,0.0,0.14679656129040636,0.0,0.0,0.09408691678759616,0.0,1997-06-25
0.07139892029574621,0.008062388869990165,-7.084771369703467e-20,0.0,0.0496761976990568,0.049341309074834167,0.016749466422762743,0.0,0.05137023017923409,0.021107253481699454,0.0,0.0,0.0,8.989043368209085e-19,0.0,0.11007413910461708,0.09652256006941454,0.03246009603759398,0.12258354464602697,0.15,0.0,0.0,-1.0525708973113016e-18,0.0,0.0,0.14147734829056755,7.563290993874881e-20,0.0,0.07917654582845608,0.0,1997-07-25
0.05783895374132696,0.007838529366647608,0.0,0.0,0.03480131208409583,0.06611819590178226,0.01629100600221747,0.0,0.06179162430053814,1.5056987365618073e-20,0.0,0.0,0.005362007197850861,1.5157713765100562e-18,0.0,0.12701379759105164,0.09328103966863488,0.034869695684937176,0.11081050020259324,0.15,0.0,0.0,-3.406502723768647e-18,0.0,0.0,0.13238802636827632,0.0,0.0,0.10159531189004758,0.0,1997-08-25
0.05637373126079787,0.0,-9.771472318896622e-19,0.0,0.03261424530857995,0.03867136136647908,0.004936524695365549,0.0,0.05554288554810373,-1.1082673282948712e-18,0.0,0.0,0.041148555582336266,-5.1026448222075277e-20,0.0,0.11573847035438696,0.1033823007614097,0.03660883066781451,0.09795340760848331,0.15,0.0,0.0,-2.116690368311492e-18,0.007130761620524496,0.0,0.15,0.0,0.0,0.10989892522571865,0.0,1997-09-24
0.060972309882555004,0.0,0.0,0.0,0.06790118295860652,0.02034251657466457,0.0016884885621628821,0.0,0.05101185690539916,0.021394671499617688,0.0,0.0,0.022680537330709773,6.703742631017276e-19,0.0,0.1095220357688266,0.10558329212096292,0.030061652390577023,0.09775205261179454,0.15,0.0,0.0,5.621805963953254e-19,0.006532493959654024,0.0012952675572769385,0.15,0.0,0.0,0.10326164187719236,0.0,1997-10-23
0.06684602962310415,0.0,-2.3075696378929203e-19,0.0,0.06905204515216413,0.011674265682424008,0.0,0.0,0.06091988754757954,1.5167829065843181e-19,0.0,0.0,0.035985880549930904,-1.9139881309479e-18,0.0,0.089590756109766,0.10927909946241947,0.020223202909228834,0.09575186293373175,0.15,0.0,0.0,1.2850113028388464e-18,0.01314915437063556,0.0,0.15,0.0,0.0,0.12752781565901572,0.0,1997-11-21
0.07010552616967947,0.004314220411671794,0.0,0.0,0.08171970455052328,0.010004139238820337,0.0,0.0,0.08180055411881086,-3.2853979734609924e-20,0.0,9.517930453337179e-19,0.006362936413557553,7.919332242377526e-20,0.0,0.09241229055467244,0.08625528665140039,0.03682296804539428,0.11888656579017316,0.15,0.0,0.0,-1.846614230809817e-19,0.0006455068909643785,0.0,0.11067030116433191,2.987869084325173e-18,0.0,0.15,0.0,1997-12-24
0.09156710293011842,0.0017259863171986277,0.0,1.1231107494694983e-18,0.1366771882366187,0.05491753494504848,0.0,0.0,0.08031851371356659,4.340690360333723e-19,0.0,0.0,0.01923140419635904,0.004776488384601322,0.0,0.08079720627782075,0.06799866284332703,0.03336403545169127,0.10619914929937538,0.15,0.0,0.0,-1.5769796743710811e-19,0.0,0.0,0.022426727404274403,0.0,-2.883291587872168e-18,0.15,0.0,1998-01-27
0.10715765917384255,0.0,0.0,0.0,0.11989929100532035,0.05692374184930704,0.0,0.025662812408837693,0.08010379388100328,-1.000552426555116e-18,0.01981254024373373,0.0,0.0,0.01134500514978437,0.0,0.08970434051341224,0.07218745620512793,0.042446647048062246,0.07133606944432914,0.15,0.008327548661491335,0.0,-2.969555329709054e-19,0.0,0.0,0.01956244202252685,-3.126812066933555e-18,1.2245715648176812e-18,0.12553065239322114,0.0,1998-02-26
0.10311076573297219,0.0,0.0,0.0,0.13200708730689434,0.026112136169137785,0.0,0.053393894823921435,0.07639966225641127,-5.197181029288862e-19,0.0,0.0,0.0,1.98225315447461e-19,0.0,0.09372122093187654,0.06503908455573765,0.043382537924035666,0.041581057890177214,0.15,0.0,0.0,-3.9328119698914086e-18,0.0,0.0,0.10401433185718191,0.0,0.0,0.1112382205516541,0.0,1998-03-27
0.11236587741814723,0.003258294967850718,0.0,0.0,0.14570977998807547,0.024954764559559108,0.0,0.05671461145551312,0.08268789981048287,-1.9351199014334073e-21,0.02134872871094028,0.0,0.0,-5.769963688310793e-19,0.0,0.06475363183556311,0.06315392578956701,0.05282800964498937,0.03936648770358622,0.15,0.0,0.0,-4.010005585052386e-18,0.0,0.0,0.08389404169969517,0.0,0.0,0.09896394641603047,0.0,1998-04-28
0.15,0.0,0.0,0.0,0.14553806938539035,0.051900151615056546,0.0,0.02666517487559836,0.050097610587246086,2.5387532199515863e-20,0.0,0.0,0.0,9.441548549861176e-19,0.0,0.05098951273778061,0.060401132303608523,0.050609378021068775,0.046891524412661555,0.15,0.0,-8.173620884099312e-19,-5.750274274358014e-18,0.0,0.0,0.11712116454019907,0.0,0.0,0.09978628152139012,0.0,1998-05-28
0.15,0.01363364917909553,0.0,0.0,0.15,0.05669508513020044,0.0,0.01732193145899247,0.0853808309928292,-1.1065813157441334e-19,0.0,0.0,0.0,-2.026184507477161e-18,0.00020827494146679663,0.026330297467981215,0.0440930442632307,0.048776798407618324,0.040151895627815036,0.15,0.0,0.0,-3.3106373863637986e-18,0.0,0.0,0.09661337887481947,0.0,0.0,0.12079481365595074,0.0,1998-06-26
0.15,0.018301182377203833,0.0,0.0,0.15,0.04375004754667237,0.03676009323596148,0.03734389251471313,0.07014441375192972,-7.668897230976901e-20,0.0,1.030116837916677e-18,0.0,-3.3520795431867226e-18,0.0,0.00822628337747332,0.034580242562036644,0.053926788089430855,0.03678400402777062,0.15,0.0,0.0,-1.9606298861149454e-18,0.0,0.0,0.12075679329155681,0.0,0.0,0.08942625922525115,0.0,1998-07-28
0.15,0.01226716442401901,0.0,0.0,0.15,0.08448380800261024,0.018601450877999286,0.07267059370094063,0.013557752756741074,1.2668559878378453e-19,0.0,-1.4365753110514838e-18,0.0,1.2218553455637182e-19,0.01865317932995817,0.0,0.03269273797957657,0.06314816370297549,0.026368674804541317,0.15,0.0,7.290132708334816e-19,-1.8084578206682594e-18,0.0,0.0,0.1258545222391991,0.0,0.0,0.0727676848754531,0.008934267305986014,1998-08-26
0.15,0.013026403137642622,0.0,0.0,0.15,0.09679020805992983,0.010303219542918213,0.12103671700373785,0.03109839562722924,0.0,0.0,-3.9416739930301735e-20,0.0,-4.59999393470296e-19,0.0025733883153272155,0.0,0.04755513874862977,0.06616479933279097,0.041960629367636705,0.15,0.0,0.0,1.1446115592651097e-19,0.0,0.0,0.08360082328782369,0.0,0.0,0.005613867908454843,0.03027640966787891,1998-09-25
0.15,0.0,0.008274832670867165,1.0468123528421371e-19,0.15,0.020787019078588924,0.006281012576797227,0.13282846887688032,0.08008179002552925,0.0,0.0,3.092878073145967e-18,0.0,9.572849342685902e-20,0.0,0.0,0.07209952602369359,0.007195987813905112,0.08092619831578267,0.15,0.0,-7.475252840485406e-19,2.1850465798307653e-18,0.0,0.0,0.09821305796063302,0.0,0.0,0.0,0.04331210665732274,1998-10-26
0.15,2.6388202069884206e-19,0.017482922225688965,2.3074556649792208e-20,0.15,0.06546357833133039,-5.001452920109489e-19,0.09368968079671111,0.03560863946436709,4.2228137375907336e-19,0.0,-1.135158230805209e-19,0.0,-1.9130022085596265e-18,0.0,-3.200948383362846e-19,0.07615610869740899,0.007433204450637186,0.08138728083237257,0.15,0.0,0.0,3.3132831324124197e-19,0.013143628832651008,0.0,0.059194444589856954,0.0,0.0,0.0,0.10044051177897584,1998-11-24
0.15,8.98429140836041e-20,0.017770281265153506,6.781837657314702e-19,0.15,0.049917888781362774,2.1102395196898015e-18,0.09952443885210256,0.025560463996943547,0.0,0.0,-3.0478156841367794e-18,0.0,2.251381149297404e-18,0.0,0.0,0.0748917438365079,0.00938370814951742,0.07855817490174465,0.15,0.03051651397001526,3.3389235544179476e-20,-1.727781526185931e-19,0.012992492642839798,0.0,0.0784337458335509,0.0,0.0,4.44376421680006e-22,0.07245054777026144,1998-12-24
0.15,0.0,0.010295815313672912,-9.989361965364387e-19,0.15,0.04162160453678561,0.005999208687191513,0.0601077293231223,0.0,5.076099379236271e-19,0.0,1.55576279646272e-19,0.0,3.935029891041803e-19,0.0,0.0,0.07482717066098904,0.005659613706666545,0.08566660327171208,0.15,0.06418886704953615,-3.4577747677158806e-19,1.1248511095313292e-18,0.023730742362830994,0.0,0.12135918312740711,0.0,0.0,0.0,0.05654346196008567,1999-01-27
0.15,0.0,0.0,1.4380753340314483e-18,0.15,0.03143372798458325,0.01542854566542352,0.06506494682034086,0.0,0.003206830263088368,0.0,2.7166998587106273e-18,0.0,0.0,0.0,0.0,0.076780245627328,0.014521359956023895,0.06973473969987704,0.15,0.08252078353272647,2.5227604901824275e-18,9.759295718730938e-19,0.014695442401794757,0.0,0.14554721350252187,0.0,0.0,0.0,0.031066164546291814,1999-02-26
0.15,0.0,0.0,4.5414350774572626e-18,0.15,0.027124545051119418,0.022451499385963965,0.04042250103712532,0.0,0.04073360517856203,0.0,-1.5580093119816913e-18,2.2504520026989967e-18,0.0,0.0,0.0,0.08974593174689732,0.01629549388067057,0.0683427196074003,0.15,0.049165629353993066,5.1241432778199845e-19,-3.3316844991160024e-19,0.024103126577199138,0.0,0.11226756728742512,0.0,0.0,0.0,0.059347380893643664,1999-03-29
0.15,0.0,0.0,-2.6875327639981206e-18,0.15,0.06312471510990862,0.01608072701069257,0.10886540517921892,0.0,0.0,0.0,1.6715948142445504e-18,0.0,0.0,0.0,0.0,0.0743610388538144,0.024434991845905824,0.09377498677471953,0.15,0.0665636621965317,1.6949504580655858e-18,1.1978413809402038e-18,0.024200564949175232,0.0,0.024199027537410125,0.0,0.0,0.0,0.05439488054262303,1999-04-28
0.15,0.0,-9.043472622726254e-18,0.0,0.15,0.046362537224506166,0.004962903369853074,0.1012364462207346,0.0,0.0,0.0,3.0540551683572417e-19,0.0,-9.587648319116823e-20,0.0,0.0028052752368694584,0.07455568423077205,0.02553040154167775,0.08701787471513153,0.15,0.07524585193627012,-2.7434786870316365e-19,7.319971925527274e-20,0.07209043563078496,0.0,-1.6490482110403364e-18,0.0,0.0,0.0,0.06019258989340018,1999-05-27
0.15,0.0,0.0,9.254119260898814e-18,0.15,0.059971065403760127,0.008683038635981214,0.05521647273107822,0.0,1.819567878857543e-20,0.0,3.643341225933349e-19,0.0,5.559664985839632e-20,0.0,0.0,0.06880396537843535,0.026303518440245827,0.07638964658749395,0.15,0.07583029731702084,1.0156909497391662e-18,-2.731888697421731e-18,0.051732163577362426,0.0,0.01985486023067974,0.0,0.0,0.0,0.10721497169794228,1999-06-28
0.15,0.0,0.0,0.0,0.15,0.03472855318039958,0.00952523621422548,0.03624818250905235,0.0,1.032278993268719e-18,0.0,-3.5122697199903783e-19,0.0,2.828542614323297e-18,0.0,0.0,0.0711125626770963,0.012271554220013322,0.060072580867751295,0.15,0.07186133443590147,3.555534589797416e-19,-2.637514465771598e-18,0.047065192456587746,0.0,0.10907417752678727,0.0,0.0,0.0,0.09804062591218518,1999-07-28
0.15,7.04995428882706e-19,6.427479121002231e-19,-2.6735434485409792e-18,0.15,0.03674325519924391,-2.987857931681053e-20,0.040217141195146,0.0,1.7618625014180145e-19,0.0,3.4789661346512004e-19,0.0,2.741936719494251e-19,0.0,0.0017993725290126404,0.06910659463117755,0.00736512485912018,0.06717747168723417,0.15,0.06922469439704973,9.415220506192566e-18,-3.583555897733314e-19,0.0685342986889864,0.0,0.15,0.0,0.008129970953563936,0.0,0.0317020758594656,1999-08-26
0.15,0.0,0.0,0.0,0.15,0.06607306702186333,-3.1772948414728515e-18,0.038207029818345464,0.0,-3.264469010209522e-20,0.0,4.093856097840901e-18,0.0,2.1179401594663652e-19,0.0,0.011946850242074857,0.06951623158670238,0.007669057127786257,0.0886886045983037,0.15,0.0610198900139542,-1.3193914201222483e-19,-1.480248644675293e-19,0.07204758123869898,0.0,0.13483168835227083,0.0,0.0,0.0,-8.45166474307377e-21,1999-09-27
0.15,0.0,1.7002182482014976e-18,0.0,0.15,0.07119952638604578,3.65352644770362e-18,0.011465783513916266,-5.63991799801621e-20,0.0,0.0,-7.22833170295451e-18,0.0,2.0421262672301743e-18,0.0,0.009123269711134304,0.06605113295625363,0.0019094312046011627,0.09600394290392997,0.15,0.07485556348954148,0.0,1.5320460463777103e-18,0.048833449478909996,0.0,0.1341655007805975,0.0,0.03639239957506989,0.0,-8.392934590322487e-19,1999-10-26
0.15,0.0,-3.5724856324161533e-19,-2.0195129288247403e-18,0.15,0.07137166984043343,-7.893885744771081e-18,0.022394291615746954,0.0,1.0095094549824086e-18,0.0,2.225819132548897e-18,0.0,7.737822674386927e-20,0.0,0.001350889520654535,0.07422886023424959,0.0066701043234899705,0.08222293918301762,0.15,0.08773288303407269,-9.370113580191143e-20,-1.6837049966784368e-18,0.07883547298335888,0.0,0.09558898431693552,0.0,0.02960390494804076,0.0,-2.136669530459166e-20,1999-11-24
0.15,0.0,-2.310460768466664e-18,0.0,0.15,0.07125296997417604,1.2493883581876922e-18,0.022781116261792942,0.0,-1.1651175614401912e-18,0.0,2.424985730654762e-18,0.0,-1.3576874920938373e-19,0.0,0.0,0.0786120550327183,0.00894015987747855,0.07839626619392841,0.15,0.09215523365258631,-1.5123642016462218e-19,3.009961324021372e-20,0.08696837776765173,0.0,0.06980355332233874,0.0,0.04109026791732887,0.0,-3.394455500133787e-19,1999-12-27
0.15,0.0,-1.1214427117825382e-17,0.0,0.15,0.07582745121945396,-1.8153502467710032e-18,0.0,0.0,0.0,0.0,0.0,0.0,1.3677387468196156e-18,0.0,0.0,0.08306284373434931,0.008073815099958765,0.07180549092644313,0.15,0.09399886181766165,0.007478982980507795,-8.691710025203962e-19,0.06621444535563967,0.0,0.11249304142269452,0.0,0.03104506744329154,0.0,-6.039552258988679e-19,2000-01-27
0.15,0.0,6.44966280594919e-19,0.0,0.13016152104737821,0.08876486890433866,-3.6259683845873305e-20,0.0,0.0,0.0,0.0,0.0,0.0,3.4359425183580486e-19,0.0,0.0,0.08456228050759963,0.018849145022080148,0.07166909676689848,0.15,0.08707688683141325,0.0032324140954453646,0.00017677946047492822,0.04647311491406416,0.0,0.15,0.0,0.019033892450307115,0.0,3.574614353845983e-19,2000-02-28
0.15,0.0,-2.9536820356844522e-18,0.0,0.12950795875758467,0.059922800381550206,7.889711061727196e-19,0.008152008608977017,0.0023244309652701222,0.0,0.0,0.018912784435639002,0.0,0.0,0.0,0.0,0.08736833562142242,0.01737638073194723,0.06784852690849093,0.15,0.08880841095246579,-1.0517375112669072e-18,0.023153638822588567,0.002200694765576822,0.0,0.15,0.0,-6.7758448675610594e-18,0.0,0.044424029048487274,2000-03-28
0.15,0.0,6.5817308526070634e-18,0.0,0.14969521596344204,0.010486098870510685,1.4706211593331244e-18,0.0,0.0,0.024988209642661192,0.0,0.02824166175072142,0.0,0.0,4.6192896259926106e-5,0.0,0.08651366702065795,0.012080692995554008,0.07700562986804264,0.15,0.10256732503130378,-5.729622395039827e-18,0.011754013549956487,0.0,0.0,0.15,0.0,0.003233156856784776,0.0,0.04338813555410505,2000-04-27
0.13635665251230777,0.0,-1.6387074344652838e-19,0.0,0.13863410574394422,0.02301798990397618,-2.8264962758259627e-18,0.0,0.0,0.0,0.0,0.0,0.0,0.016039466874405946,0.031481820714675396,0.0,0.08559251025638893,0.010506444217384166,0.09733204472193047,0.15,0.09297341627015704,0.0,0.008758569276641384,-3.95663300190884e-18,0.0,0.1453495693622341,0.0,0.02105316549232543,0.0,0.042904244653629,2000-05-26
0.15,-1.0521845025177252e-19,-1.612649524956882e-20,0.0,0.13030349486379364,0.025605717116261698,-1.707018702068255e-20,0.033071544900338326,0.0,0.0,0.0,0.0,0.0,0.016720260804978977,0.001927120726015041,0.0,0.08749272434982004,0.008479242809394258,0.10628388721686219,0.15,0.06905688224135352,0.0,0.003396455414345753,-7.399407835987076e-19,0.0,0.1288604001102786,0.0,0.02010663041040148,0.0,0.06869563903615641,2000-06-27
0.15,0.005065594869925519,0.0,0.0,0.1285094521473293,0.020153673018251248,0.0,0.04227250372785316,-2.4227565910730266e-18,1.0762462395947227e-20,-3.4864280273035256e-18,0.011516339369847388,0.0,0.0070236106934033335,0.0,0.0,0.0873126773863288,0.012003358723795127,0.10788309950198022,0.15,0.07475428036948036,0.0,0.0004791866044150236,-2.335785390003577e-18,0.0,0.11594575556723939,0.0,0.015620206519859774,0.0,0.0714602615002913,2000-07-27
0.15,0.009988902318713227,0.0,0.0,0.12763988313034233,0.029565973780523648,0.0,0.025090511404512475,2.773863734192066e-20,0.0,2.2401452612395122e-18,0.0,0.0,0.028432543295046787,0.0,0.0,0.08598656018459332,0.014871401170641589,0.09442841195113419,0.15,0.05335504006697803,0.0,-4.34860762164909e-19,9.387189152397212e-18,0.0,0.15,0.0,0.013589981613877049,0.0,0.06705079108363728,2000-08-25
0.15,0.0006816517413598995,0.0,0.0,0.1267229658556943,0.02612615400804515,2.328387236628912e-18,0.03316503823055175,1.7703258846291451e-19,0.0,4.03217790975737e-21,0.000705427261847801,0.0,0.05671906151688114,0.008044733383493548,0.0,0.07128530528323716,0.01757722267633499,0.11408904011053428,0.15,0.02515043905710933,0.0,0.010751589114027986,7.248491730366952e-21,1.9402635114527755e-19,0.13397827469126988,0.0,4.1900807672974163e-20,0.0,0.07500309706961276,2000-09-26
0.15,0.005730564589224575,0.0,0.0,0.13769196995596722,0.02357833473079564,2.8013229358421893e-19,0.03698762541439747,5.062150515705792e-19,-8.402101025688113e-19,7.959673134953346e-19,0.028911278948194858,0.0,0.014519524832519724,0.0,0.0,0.07122690385132932,0.017395017195927905,0.10777511058174301,0.15,0.003122887849153206,0.0,0.0006906645606144224,3.2845978343594365e-20,0.0,0.15,0.0,0.010377617460962359,0.0,0.09199250002917021,2000-10-25
0.15,0.0,0.010347388255833543,0.0,0.14253960154045636,0.046654873217320356,0.0,0.05483473368982197,8.594346667473539e-19,0.0,-1.1201523303448032e-18,0.013565546019863126,0.0,0.004462846388566174,0.0029594350966061643,0.008103999277677975,0.06416408609419776,0.028694690058029968,0.11672526368226413,0.15,0.0,0.0,0.0011602499115845953,9.972355016890987e-20,-2.5299633798348457e-18,0.13316310313804108,0.0,-1.0438546339666579e-19,0.0,0.07262418362973676,2000-11-24
0.15,0.0030815900723365043,0.00486222282419804,0.0,0.13587859803822105,0.04806448799928087,0.0,0.029438663742161305,5.517808382255758e-19,0.0048323466755935155,-7.237414432536228e-19,3.425542652471787e-18,0.0,0.0,2.316198449581929e-18,0.0,0.08128049192782302,0.02831143067045085,0.11226587014480784,0.15,0.0,0.0,0.0,0.0034744030760648532,0.0,0.15,0.0,0.039661004176846565,0.0,0.058848890652215616,2000-12-26
0.15,0.004097391852558818,0.013314521648355757,0.0,0.13749838388083607,0.042958654869366966,0.0,0.014938338683346396,-8.636699184462125e-20,0.024366436454521807,-1.735282416786709e-18,9.818556330473516e-19,0.0,0.0,-4.689139861253199e-18,0.0,0.08915007054920437,0.026301767248669804,0.09097913327432415,0.15,0.0,0.0,0.0,0.016298211262950658,0.0,0.15,0.0,0.03865747100309254,0.0,0.05143961927277273,2001-01-26
0.15,0.0048449818402622885,0.017951895155309806,0.009083143885780822,0.15,0.045428872267022205,0.0,0.010468749811875162,-1.1631268527831264e-18,0.0196263207013847,-1.520158629715534e-20,-1.331785063237501e-21,0.0,0.0,0.014076085265022195,0.0,0.06708783142418702,0.03919202919787887,0.10580760059202521,0.15,0.009493202247446425,0.0,-1.9228277276787433e-20,0.012670184335503936,0.005545169254913188,0.15,0.0,0.018262492303639855,0.0,0.020461441717748274,2001-02-27
0.15,-5.925873925716208e-18,0.018717038433253643,0.006854625016985708,0.15,0.04714558933510597,0.0,0.0018725273642684645,-1.1140318157184874e-18,0.038909232251656586,-2.1701613481956424e-19,-7.01927831021621e-19,0.0,0.0,0.012222588688080611,0.0,0.07463975764416395,0.038839132902607786,0.10338323835583911,0.15,0.0005513397810115366,0.0,0.0,0.0176219083587435,-8.40041853265895e-21,0.12986815956723108,0.0,0.028639291905948917,0.0,0.03073557039510316,2001-03-28
0.15,0.0,0.01798737012353733,-5.326767084108113e-19,0.15,0.0371161166584899,-7.374971998402696e-19,0.0,-8.270451432599572e-19,0.06796845644653166,0.0,8.130452640175715e-19,0.0,0.0,0.004911661465776331,0.0,0.08869369681620945,0.03670805431704432,0.09627926065059882,0.15,0.0005341410422079222,0.0,0.0,0.020858951620990916,0.0033475930207385106,0.10176296175143319,0.0,0.05183969972080859,0.0,0.021992036365633107,2001-04-27
0.15,0.006477301651363738,0.016761225243695044,0.0,0.1488265626940062,0.03502511997252703,0.0,0.0,-8.088865304014359e-19,0.07908223824607884,-7.576539774721459e-20,7.490210459901536e-20,0.0,0.0,0.0019442503775251561,0.0,0.09655694003348189,0.029032313897118186,0.09180334261422377,0.15,0.0,0.0,0.0,0.008719876882975531,0.005019737713384274,0.08851391391850433,0.0,0.06599448212618671,0.0,0.026242694628929246,2001-05-29
0.15,-1.0937874202223912e-19,0.01846466174150887,0.0046114499960369084,0.15,0.0411629459311177,0.0,0.0,-9.366915401920002e-19,0.07084599220603086,-1.6608651186115105e-19,-4.3120373653267764e-18,0.0,0.0,0.0017485694281891796,0.0,0.09349118881380164,0.030427684193366066,0.09837463175785896,0.15,-1.3035497472331748e-18,0.0,0.0,0.005815884564354657,0.013056840109538382,0.08273558475049354,0.0,0.07574909311394487,0.0,0.013515473393758443,2001-06-27
0.15,0.0,0.01922133409784527,0.005372962016685953,0.15,0.04637169797012071,0.0,0.0,6.946403225030257e-20,0.05664978761646417,3.391706067033778e-21,-1.2536507880649733e-18,0.0,0.0,0.018333814298542417,0.0,0.0897744295718314,0.028326280958047446,0.10028293462169831,0.15,-1.2850309572383717e-19,0.0,0.0,0.00529440022245251,0.004222343192261321,0.097137860831563,0.0,0.06670931042296156,0.0,0.012302844179525912,2001-07-27
0.15,0.0,0.018724097385737028,0.00828821254419169,0.15,0.053345668129363616,0.0,0.017219844485112205,-7.2438926129930505e-19,0.0354320893801859,0.0,-1.9644340414603595e-21,0.0,0.0,0.0332154421808977,0.0,0.07492731162290786,0.03441287887193551,0.1029604351900816,0.15,0.0,0.0,-9.502989892015997e-19,0.0,0.01057793139442884,0.10423531154676376,0.0,0.056660777268394254,0.0,5.803585652650584e-18,2001-08-27
0.15,0.0,0.024405393633716015,0.010187467963351734,0.15,0.053358991389174985,6.397865085400578e-19,3.503703794067724e-20,-1.1779373432023263e-19,0.06098691151861176,0.0,-1.5305305865822e-18,-1.3161701993949614e-18,0.0,0.004150114870862224,0.0,0.09119386109601368,0.02609165696846103,0.08817459032082128,0.15,-1.1021663749072744e-19,0.0,0.0,0.0,0.0054946799363328885,0.10426103118302617,0.0,0.08169530111962821,0.0,-6.709125978666256e-20,2001-10-02
0.15,0.01593714784704493,0.021735841083587244,0.0,0.13511596431650888,0.0401582880498865,0.0,0.0,5.0494541994202366e-21,0.06593312572111319,-7.0196544960647115e-19,0.0,6.418266014426525e-18,0.0,0.0,0.0,0.11907098915365405,0.015105501537655884,0.07007039638876095,0.15,0.006438126441328403,0.0,0.0,3.2521155621288783e-19,-3.148670457854526e-18,0.11957048221401537,0.0,0.0908641372464446,0.0,0.0,2001-10-31
0.15,0.027052776093273997,0.020048363327275453,0.0,0.13606791891062892,0.038511502065349944,-6.145872169198787e-18,0.0,-2.9920442282707196e-19,0.07449050777888967,0.0,-1.096653970584929e-18,0.0,0.0,0.0,0.0,0.12643197955369836,0.015718509754832286,0.06850408483621506,0.15,0.007087514388519044,0.0,0.0,0.0,1.5002752369666383e-19,0.09797624169871857,0.0,0.08811060159259852,0.0,0.0,2001-11-30
0.15,0.02233112831004004,0.026563684365942853,0.0005390969065636726,0.15,0.04456219289269676,1.799024481960807e-18,0.01256692988611865,-6.688442125796975e-19,0.05030667623717584,0.0,4.7061726623952996e-20,0.0,0.0,0.0,0.0,0.12194218825884241,0.022618545337325775,0.0768043615859607,0.15,0.007035678494284166,0.0,0.0,0.0,7.432193595444249e-19,0.07611115361502781,0.0,0.08861836411002126,0.0,0.0,2002-01-02
0.15,0.0260820953528355,0.024992898637376332,0.001419161441998846,0.15,0.04462092371436332,3.1423560272353267e-18,0.008980013047971015,-9.98787805831038e-19,0.053190406842703715,0.0,-1.0378778608936296e-18,0.0,0.0,0.0,0.0,0.12494509874755008,0.021566423101987173,0.07192016999164577,0.15,0.00670620737993542,0.0,0.0,5.037855848817159e-19,0.0,0.07547155150507785,0.0,0.090105050236555,0.0,0.0,2002-02-01
0.15,0.032104405006408335,0.020580827895113337,0.0023513377143618485,0.13896338131992006,0.03569972464777946,-1.7665689135665775e-18,0.0,-2.782839661823415e-19,0.06770885655349514,0.0,1.0000372103137837e-18,0.0,0.0,0.0,0.0,0.13689027835826295,0.012933512777445018,0.05814753458746473,0.15,0.003375153331788456,0.0,0.0,0.0,0.0,0.09759764222812109,0.0,0.09364734557983959,0.0,0.0,2002-03-05
0.15,0.014547340290685192,0.03421711120100226,0.014679534175592715,0.15,0.050393242664971596,4.533162079320127e-18,0.020059352256963953,0.0,0.02746275094532712,0.0,1.1869418611008036e-18,0.0,0.0,0.0,0.0,0.1188438964877725,0.028584594458388266,0.0868563590060076,0.15,0.0,0.0,0.0,0.0,0.007503054062220143,0.05177988515952453,0.0,0.09507287929154415,0.0,0.0,2002-04-04
0.15,0.027713960001625758,0.03459150537476833,0.012271986583820761,0.15,0.04886896729670679,-4.418753219263807e-19,0.0049914455158355546,-2.12314770673146e-18,0.031963045880542905,0.0,-2.13313792126805e-18,0.0,0.0,0.0,0.0,0.12692215167595974,0.02553969788687753,0.07096606055200932,0.15,0.0,0.0,0.0,0.0,0.0,0.07714939657741486,0.0,0.08902178265443848,0.0,0.0,2002-05-03
0.15,0.04258093545232982,0.023433385551284307,0.0014272063421790888,0.13452732179982643,0.03057082707289319,0.0,0.0,1.586096564769701e-19,0.07158756478063498,0.0,-6.049064128166601e-19,0.0,0.0,-2.5282658252175992e-18,0.0,0.14220962468701226,0.007628116223106914,0.0529234015312003,0.15,0.0,0.0,0.0,0.0,0.0,0.10335207726982366,0.0,0.08975953928970902,0.0,0.0,2002-06-04
0.15,0.04425520579324666,0.028093031311869035,0.0,0.13617240023755073,0.03136015300014406,2.4180641206125015e-18,0.0,6.109245810809788e-19,0.06429756032077653,0.0,0.0,0.0,0.0,0.0,0.0,0.1423300031460659,0.007865838988933008,0.051172392283405886,0.15,3.4511550199329352e-18,0.0,-1.2497151390654394e-18,0.0,0.0,0.10125538332721454,0.0,0.09319803159079357,0.0,0.0,2002-07-03
0.15,0.05093022585628849,0.03157134805984257,0.0006869833794252722,0.13704980748876283,0.030535503413637602,-1.2250457899640875e-18,0.0,-4.4250713191406495e-19,0.05884357483039197,0.0,0.0,7.341313495913724e-19,0.0,0.0,0.0,0.14154908355793763,0.009312565238567952,0.05483496275298645,0.15,0.0,-1.932068750364779e-18,0.0,0.0,0.0,0.08873994528891957,0.0,0.09594600013323973,0.0,-9.716013422615504e-20,2002-08-02
0.15,0.045766408867189634,0.04343530259992637,0.0,0.13931611945549383,0.0380586817952702,-4.5695999101862555e-21,0.0,0.0,0.03979385249425908,1.313001865484692e-19,0.0,0.0,0.0,1.4935297174725396e-18,0.0,0.14370840617977854,1.0739596590191016e-18,0.04069499334497482,0.15,0.0,4.8054211753840227e-20,-1.983827210612452e-18,0.0,0.006944644715457233,0.10342389395357825,0.0,0.09885769659407206,0.0,0.0,2002-09-03
0.15,0.049229376231802194,0.04941880165326676,0.0,0.13646116387653628,0.041357869280557305,7.8371371467383775e-19,0.0,-4.439547179134342e-20,0.03666162346012125,0.0,0.0,0.0,0.0,-7.958779866188934e-19,0.0,0.14401476863243579,-4.2552427989895447e-19,0.035368806339127805,0.15,0.0,-1.211669378649992e-18,-9.722168564460102e-19,0.0,0.00759862707594659,0.09491286121171866,0.0,0.10497610223848716,0.0,0.0,2002-10-02
0.15,0.05452121926816506,0.04798067378263996,0.0,0.14214535779759865,0.04711351187888002,0.0,0.0,0.0,0.0342652993296784,2.8514836684059353e-18,0.0,0.0,0.0,0.0,4.361054733052541e-20,0.15,0.0,0.03166837590881933,0.15,0.0,0.0,0.0,-5.536828122218618e-19,0.0072432910829025084,0.09226112636017011,-5.862133287132902e-18,0.09280114459114591,0.0,0.0,2002-10-31
0.15,0.0571521602033602,0.04677559688596434,0.0010385326314523912,0.14055770212897695,0.05736823252705755,-2.9677384460499603e-19,0.0,0.0,0.02299644921109084,2.535010535412526e-20,0.0,0.0,0.0,0.0,0.0,0.15,1.4167468019512136e-19,0.03986549413220222,0.15,0.0,-4.042275981136972e-18,6.064516064313272e-19,-3.883952524080582e-19,0.004354279580797109,0.086275061574511,0.0,0.09361649112458735,0.0,0.0,2002-12-02
0.15,0.056903013306992746,0.04912859004747039,0.007487035728255736,0.13745111639479102,0.06702149496671872,0.0,0.0,9.735767524716932e-19,0.010983020933499477,0.0,0.0,0.0,0.0,-1.8981904045027796e-18,0.0,0.15,-6.62931437852141e-19,0.045667505001013936,0.15,0.0,0.0,0.0,0.0,0.008005265755048797,0.07601302547172668,0.0,0.09133993239448247,0.0,0.0,2003-01-02
0.15,0.057909341046557206,0.050968245322766545,0.009126832050687988,0.1421702649876146,0.07026417724638293,0.0,0.0,1.180196108902521e-19,0.0014619377521961152,1.1180491036634317e-18,0.0,0.0,0.0,1.8275068420710453e-18,0.0,0.15,5.491552726135023e-20,0.04905820951968119,0.15,0.0,0.0,0.0,0.0,0.012709600870042297,0.0694620454389957,0.0,0.08686934576507538,0.0,0.0,2003-02-03
0.15,0.05977262170145076,0.051173701923630716,0.002793625401330742,0.133296105597795,0.06098542424362828,0.0,0.0,0.0,0.007738654829811901,-1.978786392650679e-18,0.0,-1.9494290318662176e-18,0.0,0.0,0.0,0.15,1.3946456225673419e-18,0.04396299656367406,0.15,0.0,0.0,0.0,0.0,0.016404929653709984,0.07967828738350219,0.0,0.09419365270146629,0.0,0.0,2003-03-05
0.15,0.059577900848050494,0.051505733467059334,0.000937001152492803,0.1313160382441843,0.062254261294488446,1.0424294533189065e-18,0.0,0.0,0.004214259522906699,0.0,0.0,0.0,8.597984876889529e-18,0.0,0.0,0.15,0.0,0.04789670011625047,0.15,0.0,0.0,-2.4862588893366405e-18,-2.633391085362768e-18,0.021287573498010078,0.07668547405168145,0.0,0.09432505780487585,0.0,0.0,2003-04-03
0.15,0.06036726547469685,0.05248472909748726,0.0025527343790313667,0.13079984150967947,0.06890604263770188,-2.1647401178768643e-19,0.0,0.0,0.005322552426947831,0.0,0.0,-8.27792764004822e-18,0.0,0.0,0.0,0.15,0.0,0.056971987325135955,0.15,0.0,0.0,0.0,-2.707740186850887e-18,0.01769555449906859,0.07019224161773717,0.0,0.08470705103251362,3.619874550297153e-18,0.0,2003-05-05
0.15,0.06024618389605436,0.05106753647948029,0.002764548054991589,0.12971145050020783,0.07065131013459708,0.0,0.0,0.0,0.0006865425140199739,-7.67337023385801e-20,0.0,4.915308621473546e-18,0.0,0.0,-1.3297251059349023e-18,0.15,1.8311572570674938e-19,0.05641909132403507,0.15,-1.8457611656359818e-19,6.813865308203263e-21,0.0,0.0,0.02021396505033047,0.07436436496332822,0.0,0.08387500708295506,0.0,0.0,2003-06-04
0.15,0.061679743480500766,0.047923015481266984,0.00202708452462039,0.130368980217615,0.07384596201961668,0.0,0.0,0.0,0.0013482100605330288,0.0,0.0,0.0,0.0,0.0,0.0,0.15,8.715066396047254e-20,0.0570248159868459,0.15,0.0,8.422419283128857e-19,0.0,-8.589009094168953e-19,0.019307214212384745,0.07213921274974888,0.0,0.0843357612668676,0.0,0.0,2003-07-03
0.15,0.06071461362215893,0.04979075442175508,0.002703827547685794,0.13396846195421128,0.07733076965821614,0.0,0.0,0.0,0.0,0.0,0.0,0.0,8.541370542214025e-20,0.0,0.0,0.15,-2.598966010237994e-19,0.06368517553424098,0.15,0.0,4.842765374594943e-18,0.0,0.0,0.015045047744865045,0.06340104835417394,0.0,0.08336030116269236,-2.8839656039369264e-20,0.0,2003-08-04
0.15,0.061859016601435085,0.047390257514401,0.0026625345610962513,0.13456496049739006,0.07857550040181115,0.0,0.0,-8.940499981624751e-19,0.0,1.5567026453877274e-19,0.0,0.0,0.0,0.0,0.0,0.15,-1.5436811251121221e-19,0.0656018833361484,0.15,0.0,9.622987856009784e-20,0.0,0.0,0.015692403539246617,0.06261807515342713,0.0,0.08103536839504431,0.0,0.0,2003-09-03
0.15,0.061177257618737275,0.04783241314741113,0.007129517184107043,0.13552189745408805,0.07872275264142459,0.0,0.0,-3.4547567564998612e-19,8.829072552437103e-19,0.0,-2.1323513688439837e-18,0.0,0.0,-7.862586257406192e-19,0.0,0.15,-5.39736582539737e-21,0.06641670836541115,0.15,0.0,0.0,0.0,0.0,0.020182891057280994,0.058046611488349005,0.0,0.07496995104319076,0.0,0.0,2003-10-02
0.15,0.07350485923904718,0.044463590647106956,0.0284379816493536,0.12184849869980459,0.08932377040301424,0.0,0.0,7.936784255979987e-18,0.0,0.0,-1.3682727575703974e-18,0.0,0.0,-8.517746726115495e-20,0.0,0.15,0.015662527148257496,0.06424719142456455,0.15,0.0,6.585353943140702e-18,0.0,0.0,0.008816431892858087,0.0271149016344577,0.0,0.07658024726153555,0.0,0.0,2003-10-31
0.15,0.06720789159967232,0.04470712966298912,0.028286873909456764,0.12227911459493529,0.09103174722539648,0.0,0.0,-7.838436317328757e-18,0.0,0.0,0.0,0.0,0.0,4.473073565206242e-18,0.0,0.15,0.020474595301730014,0.06414635192935315,0.15,0.0,4.888639197405905e-19,0.0,0.0,0.025211444357732482,0.018161061510514945,0.0,0.06849378990821937,0.0,0.0,2003-12-02
0.15,0.0845148780530886,0.036659032691528246,0.01718017918166494,0.12323818537049637,0.08629694952782732,0.0,0.0,0.0,0.0,0.0,0.0,0.0,0.0,5.406622531901366e-19,0.0,0.15,-4.498003065923666e-20,0.05514296473303745,0.15,0.0,2.9087605745677083e-18,0.0,0.0,0.01928762850047775,0.05809180657744116,0.0,0.06958837536443814,0.0,0.0,2004-01-02
0.15,0.08845613171719259,0.037697088257744274,0.017117034718371556,0.12525908282725046,0.08732392320743482,0.0,0.0,0.0,0.0,0.0,0.0,0.0,0.0,2.438143397618999e-18,0.0,0.15,3.8810519505538075e-20,0.05384028613758253,0.15,0.0,1.5086030420021793e-18,0.0,0.0,0.01872770008490554,0.05445410256013764,0.0,0.06712465048938057,0.0,0.0,2004-02-03
0.15,0.09070942042426981,0.03865396095933686,0.01135303492947087,0.13244255741972402,0.08371175594432873,0.0,0.0,0.0,0.0,0.0,0.0,0.0,0.0,-6.399777730362539e-19,0.0,0.15,-1.1376492635690272e-19,0.05214664964873468,0.15,0.0,0.0,-2.1145331772114886e-18,0.0,0.02324296822140865,0.0512192499243643,1.0205359509268638e-18,0.066520402528362,0.0,0.0,2004-03-04
0.15,0.08945457153849559,0.040146833423126825,0.008641618419315487,0.13831879471050074,0.08556593795327837,0.0,1.3592574514775171e-18,0.0,0.0,0.0,0.0,0.0,0.0,2.9272093315481323e-19,0.0,0.15,-8.542111077551538e-20,0.049918165336853934,0.15,0.0,0.0,0.0,0.0,0.02142525494501137,0.04902059382186053,0.0,0.06750822985155705,0.0,0.0,2004-04-02
0.15,0.08962776569016809,0.041836055602578505,0.007193710808749818,0.14207587570996819,0.08486701375011149,0.0,-4.546545094969856e-18,0.0,0.0,0.0,0.0,0.0,0.0,5.159272851636457e-19,0.0,0.15,1.2250156333631864e-20,0.052078083177998155,0.15,0.0,0.0,0.0,0.0,0.01800946661567719,0.045700852298561204,-6.469490531751409e-20,0.06861117634618738,0.0,0.0,2004-05-04
0.15,0.09582582525724796,0.044574820226000296,0.006331666595117169,0.14549538354634572,0.08413446668730573,0.0,0.0,3.7464089498526024e-19,0.0,0.0,2.7375927625918856e-18,0.0,0.0,-1.2926666679796567e-17,0.0,0.15,6.456790998080174e-19,0.05463326917389056,0.15,3.2207145040514016e-18,0.0,-4.294529489636081e-19,0.0,0.013324223639897107,0.042088209540291376,0.0,0.06359213533390407,0.0,0.0,2004-06-03
0.15,0.09481500916413436,0.04316317622174935,0.002784850385044164,0.15,0.08690263186157672,0.0,0.0,-4.953543148767907e-19,0.0,0.0,4.203158172584109e-18,0.0,0.0,1.2171431063031593e-18,0.0,0.15,2.4449499427501595e-19,0.057389838291959504,0.15,2.506022264277827e-18,0.0,-2.081870544575115e-18,0.0,0.012617984972879265,0.038958121558250694,0.0,0.06336838754440594,0.0,0.0,2004-07-06
0.15,0.09418726351487715,0.043463074356744874,0.003886787022003705,0.15,0.08943289406599239,0.0,0.0,2.8671115364253446e-19,0.0,0.0,1.2863068381870765e-18,0.0,0.0,2.5569823346126022e-18,0.0,0.15,-9.85451368357981e-19,0.05910711649572457,0.15,0.0,0.0,-4.791579208982256e-19,0.0,0.012315392663907573,0.031051346367638417,-7.563548990434477e-20,0.06655612551311135,0.0,0.0,2004-08-04
0.15,0.09210810551004844,0.043405531629549965,0.004077089679424349,0.15,0.08997037770257571,0.0,0.0,2.0290554285099015e-22,0.0,0.0,-1.3799577348280437e-18,0.0,0.0,-1.165833453198368e-18,0.0,0.15,-2.4728042174876196e-19,0.058629788138880465,0.15,1.1401345500896707e-18,0.0,0.0,0.0,0.008420204823114915,0.03195493601816413,6.127022651432658e-19,0.07143396649824209,0.0,0.0,2004-09-02
0.15,0.09579675222240903,0.04512592092900073,0.00648892364352778,0.15,0.08822918780327658,0.0,0.0,0.0,-1.863336267431636e-18,0.0,1.1780887659631378e-18,0.0,0.0,-2.6464453728219516e-20,1.383739595146726e-18,0.15,1.1932469584608752e-18,0.05658846128838857,0.15,0.0,0.0,0.0,0.0,0.00437747017564215,0.03112220742157893,0.0,0.0722710765161761,0.0,0.0,2004-10-04
0.15,0.0953219461675849,0.046890235863325795,0.00790896265009934,0.15,0.08900847428401142,0.0,0.0,0.0,0.0,0.0,0.0,0.0,-1.1312505646686971e-18,9.188073624259633e-19,0.0,0.15,8.554213058301469e-19,0.058379182597014787,0.15,0.0,0.0,0.0,0.0,0.006781941318859946,0.02643707008327098,0.0,0.06927218703583266,1.5848584197355455e-18,-1.3138646167929825e-18,2004-11-02
0.15,0.09958228249203037,0.048498062643370185,0.01072431706903571,0.15,0.0897490067907483,0.0,0.0029099309886742785,0.0,0.0,0.0,0.0,0.0,-1.2206597797418287e-18,-1.1441085379388412e-18,0.0,0.15,1.777862398072074e-20,0.05595358345908655,0.15,0.0,0.0,0.0,0.0,0.005585905419180443,0.019667843311648975,0.0,0.0673290678262252,0.0,2.6541997617495414e-18,2004-12-02
0.15,0.10264114619632796,0.046822407934300835,0.010537916281277168,0.15,0.0893741346026734,0.0,0.003236425377031657,0.0,0.0,0.0,0.0,0.0,-1.680924556495586e-18,-3.716627386999401e-18,0.0,0.148168034226345,2.9044494516553044e-19,0.054241972486537476,0.15,-6.464506930494493e-20,0.0,0.0,0.0,0.009024712344327846,0.02573495199826124,1.6030209937591276e-18,0.060218298552917444,0.0,-4.906432920244715e-18,2005-01-03
0.15,0.10772831392138559,0.04626929075987565,0.010104508393564126,0.15,0.08838175558771538,0.0,0.008521827960896941,0.0,0.0,0.0,1.9237356716417475e-18,0.0,1.9178154384124105e-18,0.0,0.0,0.14722619454917568,-7.689387119137503e-18,0.051550835478542105,0.15,0.0,0.0,0.0,0.0,0.009569467304363338,0.022120342721709253,-1.8760504881996076e-18,0.05852746332277189,0.0,-5.45653613749713e-18,2005-02-02
0.15,0.10143487718679686,0.04453262529831846,0.013236820980699133,0.15,0.0930427914803904,0.0,0.01825522806517413,0.0,0.0,0.0,3.182832969014031e-18,0.0,0.0,2.2607232764703614e-19,0.0,0.1484412489327424,-3.500361903749362e-20,0.05293745794022035,0.1484058766397293,0.0,0.0,0.0,0.0,0.0058004762436326554,0.014506023274068844,0.0,0.059406573958227286,0.0,-6.021518482749944e-18,2005-03-04
0.15,0.10075936246590869,0.045779431375459485,0.019464867964091626,0.15,0.10251026259753881,0.0,0.0071026278164881525,0.0,0.0,0.0,7.913232347257697e-19,0.0,0.0,-2.184994010382191e-18,0.0,0.15,-1.4125697146628897e-19,0.05922534299220554,0.14903020302277692,0.0,0.0,0.0,0.0,0.00020187007281144474,0.004116644920975847,0.0,0.06180938677174351,0.0,-1.5436649509325457e-18,2005-04-05
0.15,0.10752751857350586,0.037524118165537655,0.005315872870133186,0.15,0.13858984371577227,0.0,0.025111592823398487,0.0,0.0,0.0,6.627209442332562e-19,0.0,-4.43811074045113e-19,2.2829742838523433e-19,0.0,0.1456647848828772,-1.8361539342747563e-20,0.028816420190303726,0.139238999456874,0.0,0.0,0.0,0.0,0.0034889350940886287,-2.623134475119842e-19,0.0,0.06872191422750903,0.0,0.0,2005-05-04
0.15,0.11268087714570472,0.038163769137158986,0.0,0.15,0.15,0.0,0.03298915160325328,0.0,0.0,0.0,-8.795539411503883e-19,0.0,7.844888079830419e-18,0.0,0.0,0.13498753567164332,1.7548848689928196e-19,0.015439197169567065,0.138492168620957,0.0,0.0,0.0,0.0,0.0,-7.326766179052678e-19,0.0,0.07724730065171549,0.0,-6.2535224062769185e-19,2005-06-03
0.15,0.11910919571249179,0.041844334906041704,0.0,0.15,0.15,0.0,0.02773025207324777,0.0,0.0,0.0,-5.292524086511876e-19,0.0,-2.851873760942434e-18,2.1749288067101567e-18,0.0,0.13172912974667964,3.534781510714467e-19,0.01352295883154898,0.14234128657516276,0.0,0.0,0.0,0.0,0.0,0.0,0.0,0.07372284215482737,0.0,-1.025554522054548e-18,2005-07-05
0.15,0.11980801961404965,0.04714210634352731,0.0,0.15,0.15,0.0,0.0268104849371534,0.0,0.0,0.0,0.0,0.0,-1.4408736929677492e-19,-2.06945015297237e-18,0.0,0.1298995835676359,5.883111386347061e-19,0.008131022410330473,0.14383009939753594,0.0,0.0,0.0,0.0,0.0,-6.294111074423129e-19,0.0,0.07437868372976736,0.0,0.0,2005-08-03
0.15,0.1251019504466885,0.04815026291396181,0.0,0.14999999999999997,0.15,0.0,0.016745382840320733,0.0,0.0,0.0,1.95652868917611e-18,0.0,4.15688013253156e-18,0.0,0.0,0.12899561561413808,9.108332093617694e-20,0.011447343198646027,0.144714318967411,0.0,0.0,0.0,0.0,0.0,-4.3062909608788467e-19,0.0,0.07484512601883388,0.0,0.0,2005-09-01
0.15,0.12895171479580983,0.052061120854346395,-1.4673737917462226e-20,0.15,0.15,0.0,0.018009105362634562,0.0,0.0,0.0,0.0,0.0,0.0,-1.3598968410520367e-18,0.0,0.12786777745916275,1.9718088325376527e-19,0.006035968437052883,0.14354994150128222,1.526629386886322e-20,0.0,0.0,3.8018930734645955e-19,1.0529830766360895e-19,-6.631418690259588e-21,-1.1130634152682668e-18,0.07352437158971133,0.0,0.0,2005-10-03
0.15,0.13891256304465946,0.05476052777162845,0.0,0.15,0.15,0.0,0.011928736795894346,0.0,0.0,0.0,0.0,0.0,-7.290500965029939e-19,-6.264061983757229e-20,0.0,0.12742149780599066,7.375825072224252e-20,0.004590299289592192,0.145482915884369,0.0,0.0,0.0,0.0,0.0,1.5346722097287903e-19,0.0,0.06690345940786588,0.0,0.0,2005-11-01
0.15,0.15,0.05315943871444756,0.0,0.15,0.15,0.0,0.01822270871508293,0.0,0.0,0.0,-3.833149387350587e-18,0.0,2.518843937386467e-18,2.6277503228081353e-18,0.0,0.12500933671204595,1.9297773334704088e-18,0.0,0.13524629868047955,0.0,0.0,0.0,0.0,0.0,-5.43799857418439e-18,0.0,0.0683622171779439,0.0,0.0,2005-12-01
0.15,0.15,0.058101667756358416,0.0,0.15,0.15,0.0,0.01416483222161053,0.0,0.0,0.0,-3.2290391575112496e-18,0.0,0.0,7.271785222322935e-19,0.0,0.12273981248207977,-1.235690740294171e-21,0.0,0.13627091474960853,0.0,0.0,0.0,0.0,0.0,-1.4103254487398376e-19,0.0,0.06872277279034271,0.0,1.0399806546230007e-20,2006-01-03
0.15,0.15,0.062225291005330086,0.0,0.15,0.15,0.0,0.010985083658038424,0.0,0.0,0.0,0.0,0.0,0.0,0.0,0.0,0.11943034432442769,-1.7325428368056594e-18,-2.049172287662358e-18,0.13589642200616717,0.0,-3.548207379404346e-19,0.0,0.0,0.0,-9.882367833840542e-20,0.0,0.07146285900603674,0.0,6.09090646550641e-20,2006-02-02
0.15,0.15,0.06469636760177598,0.0,0.14494342110750066,0.15,0.0,0.01818571642885553,0.0,0.0,0.0,0.0,0.0,0.0,4.374910510234532e-19,0.0,0.10906310263988049,-8.548943504749079e-19,0.0,0.15,0.0,0.0,0.0,0.0,0.0,2.2108966621976234e-18,0.0,0.0631113922219874,0.0,4.652931774632883e-20,2006-03-06
0.15,0.15,0.07830165808795664,0.0,0.11023678836347504,0.15,0.0,-5.886761910954159e-19,0.0,0.0,0.0,2.6644705302957036e-18,0.0,0.0,0.0,0.0,0.12523129236177027,1.4179599331270261e-18,0.0,0.14840555710942124,0.0,2.3878090522570113e-18,-6.181810940737111e-19,0.0,0.0,0.0,0.0,0.08782470407737666,0.0,0.0,2006-04-04
0.15,0.15,0.08268312218333235,0.0,0.10154995925246586,0.15,0.0,2.905139239570228e-18,0.0,0.0,0.0,0.0,0.0,0.0,-1.74384522638174e-18,0.0,0.12646964920488296,8.251000323702196e-19,0.0038249476670369747,0.14154723881583833,0.0,0.0,0.0,0.0,0.0,0.0,0.0,0.0939250828764435,0.0,3.2207995135786166e-18,2006-05-04
0.15,0.15,0.08645723931574478,0.0,0.10076882879240388,0.15,0.0,2.7424875311698494e-18,0.0,0.0,0.0,0.0,0.0,0.0,9.286758932113887e-18,4.434321298214849e-19,0.12455033682874597,-1.0762944284334966e-18,0.007292508859822319,0.13448926783314993,0.0,-2.2502983789304133e-18,0.0,0.0,0.0,0.0,0.0,0.09644181837013305,0.0,0.0,2006-06-05
0.15,0.15,0.09674076499965568,7.555867279621514e-19,0.08324098233549874,0.15,-5.227722739322084e-19,2.362428764867452e-18,0.0,0.0,0.0,0.0,8.296337073759225e-18,0.0,1.0254678748175613e-17,0.0,0.1264072418831073,-1.0744748076064531e-20,0.00924867811708778,0.13989013447564852,0.0,0.0,3.481948146845593e-18,0.0,0.0,-7.455612580475685e-19,0.0,0.09447219818900195,0.0,0.0,2006-07-05
0.15,0.15,0.09516709027053072,-6.572577974257909e-18,0.11858861720464392,0.15,0.0,0.00955942848806092,0.0,0.0,0.0,0.0,0.0,4.4775540824150005e-20,1.037955398302862e-18,0.0,0.10834476108791026,-1.330882860193624e-20,0.0,0.14490689782362934,0.0,0.0,1.0925071653574521e-18,0.0,0.0,0.0,0.0,0.0734332051252245,0.0,3.7657008991913164e-18,2006-08-03
0.15,0.15,0.09201068052754553,9.639803030429391e-18,0.13559350634841463,0.15,0.0,0.0281663548621153,0.0,0.0,0.0,0.0,0.0,0.0,0.0,4.2178563752070036e-19,0.09320147570958599,-6.394659494804286e-19,0.0,0.15,0.0,-4.568151875027061e-18,-2.704912936624326e-18,0.0,0.0,0.0,0.0,0.05102798255233849,0.0,5.0152800640550914e-20,2006-09-01
0.15,0.15,0.09798820688080566,0.0,0.1283438570931286,0.15,1.7283728463065754e-19,0.02014591034008968,0.0,0.0,0.0,0.0,0.0,-5.722407360091848e-19,-4.3550857492283566e-18,3.60906348451086e-18,0.09856851117135247,-2.7857361038267e-18,0.0,0.15,-1.1320660835202955e-18,0.0,0.0,0.0,0.0,0.0,0.0,0.05495351451462349,0.0,0.0,2006-10-03
0.15,0.15,0.10510508825413067,0.008838826548767767,0.032957370231222353,0.15,0.07162146768271554,5.683523549506555e-19,0.0,0.0,0.0,0.0,0.0,0.0,0.0,0.0,0.10682666879649831,-3.0873800297437986e-18,0.020722268138740178,0.13002917060438648,-1.690245356515364e-18,0.0,0.0,0.0,0.0,-6.326060935470106e-20,0.0,0.07389913974353873,-1.1265343647500946e-18,0.0,2006-11-01
0.15,0.15,0.09869549215418007,0.0,0.0936670614860578,0.15,0.024973778474004615,2.6601818155588355e-18,0.0,0.0,0.0,0.0,0.0,0.0,0.0,0.0,0.10144995320192911,-7.946245019122774e-19,0.006214828046710646,0.14195671023940148,-3.613364371413749e-19,0.0,0.0,0.0,0.0,0.0,0.0,0.08304217639771633,0.0,0.0,2006-12-01
0.15,0.15,0.09392899390864232,0.0,0.13438356519335998,0.15,0.0,-3.059711127300823e-19,0.0,0.0,0.0,0.0,0.0,0.0,-4.350895438623517e-18,0.0,0.09187341745884779,-7.746823133733712e-19,0.003031043898803295,0.15,-6.028815226996488e-20,-1.3312909358105096e-20,0.0,0.0,0.0,0.0,0.0,0.0767829795403466,0.0,0.0,2007-01-04
0.15,0.15,0.10517421802075248,0.0023566934858953773,0.08526150483175449,0.15,0.023690364334231793,-7.063266614167408e-19,-8.060156749392647e-18,0.0,0.0,0.0,0.0,0.0,0.0,0.0,0.0949071351668096,4.8814722203287214e-20,0.009618589888696292,0.15,0.0,2.868325419341052e-18,0.0,0.0,0.0,0.0,0.0,0.0789914942718599,1.6521848249646218e-19,0.0,2007-02-05
0.15,0.15,0.10048803895380037,0.0,0.10317336596261266,0.15,0.012983935180708514,2.710014042085185e-18,0.0,0.0,0.0,0.0,0.0,0.0,0.0,0.0,0.09409118849144991,3.033867823277196e-19,0.01771888660126012,0.15,0.0,-1.1023578226706337e-18,-5.827441985446334e-19,0.0,0.0,0.0,0.0,0.07154458481016847,-2.1023017824458324e-18,0.0,2007-03-07
0.15,0.15,0.09374935865515895,0.0,0.1409815849660378,0.14999999999999997,0.002665385542788165,6.212997649716159e-19,0.0,0.0,0.0,0.0,0.0,0.0,1.9047549117871266e-19,0.0,0.08359725083743011,-2.4137265148334815e-18,0.009373482882750854,0.15,0.0,0.0,0.0,0.0,0.0,0.0,0.0,0.06963293711583399,0.0,1.9828015066913924e-19,2007-04-05
0.15,0.15,0.0995236046909509,0.0,0.11105290143450165,0.15,0.013365027041110233,3.5261880333826123e-19,0.0,0.0,0.0,0.0,0.0,0.0,-1.6159968620033166e-18,0.0,0.08418475864505716,-3.7101611565366345e-19,0.017679778484999298,0.15,0.0,0.0,0.0,0.0,0.0,0.0,0.0,0.07419392970338073,0.0,-6.057104940562367e-19,2007-05-07
0.15,0.15,0.10586009824758165,0.0,0.06251599429370876,0.15,0.03165879759441258,-4.8109962804582284e-18,0.0,5.970611482636772e-19,0.0,2.559611869641777e-18,0.0,0.0,-1.938311254056437e-18,0.0,0.09596641850801545,2.8761227706300783e-19,0.03831904108441858,0.15,0.0,0.0,0.0,0.0,0.0,0.0,0.0,0.06567965027186293,0.0,0.0,2007-06-06
0.15,0.15,0.1000830051935072,0.0,0.05646115687479077,0.15,0.0544532544031818,1.4421124591948341e-18,0.0,0.0,0.0,-3.113340599701946e-20,0.0,0.0,-1.3949405018370426e-18,0.0,0.08437146034615205,-8.801589586095978e-21,0.051088189415700064,0.15,0.0,0.0,0.0,0.0,0.0,0.0,-1.7376378582453645e-18,0.05354293376666819,0.0,0.0,2007-07-06
0.15,0.13042379475853097,0.1217218508253907,0.0,0.043443910320913805,0.15,0.05570009824413577,0.007837295670345822,0.0,0.0,0.0,0.0,0.0,0.0,0.0,0.0,0.09869872659234505,-9.115087682330805e-19,0.0363045772656211,0.15,0.0,0.0,0.0,0.0,0.0,0.0,-1.754174770789305e-18,0.05586974632271671,0.0,0.0,2007-08-06
0.15,0.15,0.10078125640072153,0.03346327097357209,1.2507299286441956e-18,0.15,0.05265560093934753,-2.800210748360538e-19,0.0,0.0,0.0,8.16239123284487e-18,0.0,0.0,0.0,0.0,0.08767364407339555,-9.395058664458184e-19,0.07384657313524977,0.15,0.0,0.0,0.0,0.0,0.0,0.0,-1.9101002132856915e-22,0.05157965447771371,0.0,4.3958875107670105e-18,2007-09-05
0.15,0.12401181099811523,0.0897767370567287,0.029977106472394013,-1.884125788417481e-19,0.15,0.015192511221319954,0.018420966828141632,0.0,0.0,0.0,4.644211732035755e-19,0.0,0.0,0.0,0.033416186257489516,0.06843770862165241,1.7510157759456974e-18,0.10767259083304105,0.15,0.0,0.0,0.0,0.0,0.0,0.0,-2.0624295314120986e-18,0.06309438171111732,0.0,0.0,2007-10-04
0.15,0.13846852774798518,0.10757528513297175,0.0,2.0720295875456937e-18,0.15,0.0,0.022877063145793252,0.0,0.0,0.0,-1.0342468446960943e-18,0.0,0.0,0.0,0.039825790638165284,0.04910400714472841,1.5212044794599488e-21,0.09463219767124101,0.15,0.0,0.0,0.0,0.0,0.0,0.0,-1.4517045578404416e-18,0.09274450625354722,0.0,0.004772622265567897,2007-11-02
0.15,0.15,0.09216087387390091,0.0,1.4039431457001187e-19,0.15,0.0,0.07294839157971848,0.0,0.0,0.0,0.0,0.0,0.0,0.0,0.012005981881611907,0.02072979772270453,-7.571607284573939e-19,0.0626886578464319,0.15,0.0,0.0,0.0,0.0,0.0,0.0,1.4875154143646268e-18,0.07568452109899419,0.0,0.06378177599663802,2007-12-04
0.15,0.15,0.08723971590407391,0.0,0.08362715950408309,0.15,0.0,0.11758432083168331,0.0,2.8623746680403386e-19,0.0,0.0,0.0,0.0,0.0,0.0,0.0,-1.0143396893283067e-18,0.03172666810149227,0.15,0.0,3.406777663139303e-18,0.0,-1.0417690414659325e-20,0.0,0.0,0.0,0.026194958956218775,1.884040241938625e-18,0.0536271767024486,2008-01-04
0.15,0.15,0.08227183701302569,0.0,0.07177077556777801,0.15,-3.8667405346997085e-18,0.12106411496384818,0.0,0.0,0.0,0.0,0.0,0.0,0.0,0.0,0.0,-1.152092607308197e-19,0.029387304702187193,0.15,0.0,3.892384457702888e-18,0.0,-1.7958533247547342e-18,-2.7360157832834448e-18,-4.1675927681792335e-19,0.0,0.017282490410943794,-4.407626700338868e-19,0.07822347734221724,2008-02-05
0.15,0.15,0.10540932751321803,0.0,-2.6112074216055414e-19,0.15,0.0,0.0706657680194092,0.0,-2.4677478750741808e-19,0.0,0.0,0.0,0.0,0.0,8.450014288808334e-19,0.0,9.564203825332361e-19,0.04913334049316976,0.15,0.0,-9.054664234390836e-20,0.0,5.132751810934825e-18,0.0,0.0,0.0,0.028368014474875955,-1.0104116191097393e-18,0.14642354949932712,2008-03-06
0.15,0.15,0.0945186539322449,0.0,0.005635712410542367,0.15,0.0,0.11131634839246239,0.0,0.0,0.0,0.0,0.0,0.0,0.0,4.213907404127951e-19,0.0,-7.064913254402699e-19,0.02891598309023865,0.15,2.0595966622591113e-19,2.4558262021994206e-18,0.0,-2.0523697775806023e-18,0.0,0.0,0.0,0.01713685017951095,5.632983879729714e-19,0.14247645199500078,2008-04-07
0.15,0.15,0.11738369470314948,0.0,0.001979700696923678,0.15,0.0,0.09698482762469623,0.0,0.0,0.0,0.0,0.0,0.0,0.0,-6.874758540894009e-19,0.0,-3.9857617395552973e-19,0.006538461890536136,0.15,8.334589599894481e-19,-1.8341107158508407e-18,0.0,-1.5724300696574227e-18,0.0,0.0,0.0,0.027113315084694483,1.9244936741164485e-18,0.15,2008-05-06
0.15,0.15,0.1206942694469147,0.0,0.007402519866801798,0.15,0.0,0.09956411112228288,0.0,0.0,0.0,-1.1274996558497723e-18,0.0,0.0,0.0,-5.642624174009625e-20,-8.819036355520013e-19,0.0,0.010000947574995386,0.15,0.0,1.7805974567241647e-18,0.0,-6.680308866200442e-18,0.0,8.166197193449538e-19,0.0,0.027871353755320162,8.365139571770981e-19,0.13446679823368504,2008-06-05
0.15,0.15,0.13358019787979358,0.0,0.0,0.15,0.0,0.08726841910695096,0.0,0.0,0.0,0.0,0.0,0.0,0.0,0.003728824641223345,0.0,1.6760267392565702e-19,0.021307068247600137,0.15,0.0,1.0292048571214279e-18,4.046752724888151e-20,2.6812659607795454e-18,0.0,2.3913839351072137e-18,0.0,0.023254857235174006,1.0533913606781011e-18,0.13086063288925806,2008-07-07
0.15,0.15,0.09967361031681408,-7.924498293697513e-19,0.030447977636436162,0.15,0.0,0.15,0.0,0.0,0.0,0.0,0.0,0.0,2.025973838017009e-18,0.0,0.0,5.488391340084634e-20,-4.275195503896312e-19,0.15,7.501705306241757e-19,0.0,0.0,-2.6371686848257067e-19,0.0,0.0,0.0,0.0,-1.5228018969940583e-21,0.11987841204674977,2008-08-05
0.15,0.15,0.09465248603800937,4.801078397098814e-19,0.035742413631131065,0.15,0.0,0.15,0.0,2.4846838991181275e-19,0.0,0.0,0.0,0.0,-2.0062417331698307e-18,0.0,0.0,-2.7835212955042826e-19,1.0376234143590544e-20,0.15,-1.4818005748528348e-18,0.0,0.0,-1.1794840885199933e-18,0.0,0.0,0.0,0.0,3.865629083418878e-18,0.11960510033085948,2008-09-04
0.15,0.15,0.09346068955340353,-9.776215931392145e-18,0.027226671875104063,0.15,0.0,0.15,0.0,6.145412648533824e-18,0.0,0.0,0.0,0.0,0.0,0.0,0.0,3.3531632266038083e-19,0.0,0.15,0.0,0.0,0.0,1.08220256829479e-18,0.0,0.0,-1.9813516583952524e-18,0.0,-1.5640804644441596e-18,0.12931263857149233,2008-10-03
0.15,0.15,0.10483034645864633,0.0,0.022260831131974603,0.15,0.0,0.15,0.0,-6.372727559854446e-19,0.0,0.0,0.0,0.0,0.0,0.0,0.0,2.016747136000903e-19,-7.458716668089965e-19,0.15,5.350917605003401e-18,0.0,-2.4157362201867476e-18,4.2775202342568265e-18,0.0,0.0,0.0,0.0,-6.189363629082734e-18,0.12290882240937925,2008-11-03
0.15,0.15,0.12592396765763636,0.0,0.0,0.15,-1.0598898970022969e-18,0.15,0.0,0.015353465657937755,0.0,0.0,0.0,0.0,0.0,0.0,0.0,1.1584879730537088e-18,0.0,0.062363922693945556,-5.7123439146826625e-18,-4.507490423063762e-18,0.0,0.0,0.0,0.01155341276080831,-4.60612500573e-18,0.03480523122967207,0.0,0.15,2008-12-03
0.15,0.15,0.15,0.0,0.0,0.15,3.4111832142312856e-18,0.15,-3.87443349493018e-18,0.0,0.0,0.0,-9.171135345134389e-18,-3.373904193920319e-18,0.0,0.0,0.0,0.0,0.0,0.03505213497952715,4.571619327556128e-18,0.0,0.0,0.0,0.0,0.0,0.0,0.06494786502047284,0.0,0.15,2009-01-05
0.15,0.15,0.15,0.0,0.0,0.15,4.543929596104773e-19,0.15,0.0,0.0,-4.248742489715817e-18,0.0,0.0,0.0,0.0,0.0,0.0,-5.840847821801858e-19,-1.8667759520719952e-19,0.0360843544945844,-3.8352940183188045e-18,-2.2362505043175417e-18,0.0,0.0,0.0,-9.934733680318043e-19,2.6129744019273247e-18,0.06391564550541551,0.0,0.15,2009-02-04
0.15,0.15,0.15,0.0,0.0,0.15,0.0,0.15,-3.1474293979818755e-18,0.0,0.0,0.0,-3.4652047993043546e-18,2.423939417266151e-18,0.0,0.0,0.0,0.0,0.0,0.04998678151810864,0.0,0.0,0.0,0.0,0.0,-1.431112951769377e-19,0.0,0.05001321848189133,0.0,0.15,2009-03-06
0.15,0.15,0.15,0.0,0.0,0.15,0.0,0.15,0.0,0.0,0.0,9.956480609745376e-19,0.0,0.0,0.0,0.0,-5.268849425710538e-18,4.4716296337893e-18,7.30892761748173e-18,0.04368861621919488,0.0,0.0,0.0,0.0,0.0,0.0,0.0,0.06568682005208573,0.0,0.14062456372871934,2009-04-06
0.15,0.15,0.15,0.0,0.0,0.15,-4.1221150623787056e-18,0.15,0.0,0.0,0.0,0.0,4.201510471574928e-18,-2.865109225660092e-18,0.0,0.0,0.0,0.0,0.0,0.08128639082974623,3.2862550700773272e-18,1.1128312973956042e-18,0.0,0.0,0.0,0.0,-4.080969502828433e-18,0.07813193924677,0.0,0.09058166992348377,2009-05-06
0.15,0.15,0.15,0.0,0.0,0.15,0.0,0.15,0.0,0.0,-2.1907279285665223e-18,0.0,0.0,0.0,0.0,0.0,0.0,-9.686824687767915e-19,0.0,0.08697054576815513,-1.5968474678700818e-18,-6.436433270797187e-18,1.4342651184067886e-17,0.0,0.0,-6.894536676598623e-19,1.7414028470038455e-18,0.0851979618554579,0.0,0.07783149237638702,2009-06-05
0.15,0.15,0.15,0.0,0.0,0.15,0.0,0.15,0.0,0.0,-1.9301358607825666e-18,0.0,0.0,0.0,0.0,0.0,0.0,2.1744088486292767e-21,0.0,0.09155544307547747,-2.6104370447431845e-18,0.0,2.953920009425742e-18,-7.124055294853671e-19,0.0,-4.6767809896583075e-18,0.003073582174181149,0.08792509893665021,0.0,0.06744587581369127,2009-07-07
0.15,0.15,0.15,0.0,0.0,0.15,2.006757300428966e-18,0.15,0.0,0.0,0.0,0.0,0.0,0.0,0.0,0.0,0.0,2.5862252372367757e-19,0.0,0.08599710070939524,7.515036588854441e-19,4.084626092914044e-18,3.861717204832829e-18,0.0,0.0,-8.421816392074234e-19,0.010100610480072126,0.07895475989638964,0.0,0.07494752891414298,2009-08-05
0.15,0.15,0.15,0.0,0.0,0.15,0.0,0.15,0.0,-6.1800475832810135e-19,3.4022207240630028e-18,0.0,0.0,0.0,0.0,0.0,0.0,-1.8436057086958853e-19,0.0,0.08258938905322749,-1.869128870900715e-18,0.0,0.0,2.242984194516864e-18,0.0,0.0,0.005247241906818788,0.09648426879533027,0.0,0.06567910024462346,2009-09-03
0.15,0.15,0.15000000000000002,0.0,0.0,0.15,0.0,0.15,0.0,-3.6054392615394425e-18,-1.3082906803232e-18,0.0,0.0,0.0,0.0,0.0,1.6327011063812997e-19,-5.776435729434151e-19,0.0,0.08222311132033781,3.237638672302604e-19,0.0,0.0,5.169459286292204e-18,0.0,0.0,0.012347916061085184,0.09188143187895166,0.0,0.06354754073962526,2009-10-05
0.15,0.15,0.15,-1.7046162367425727e-18,0.0,0.15,0.0,0.15,0.0,2.1114489783588045e-18,2.338578427295166e-18,0.0,0.0,0.0,0.0,0.0,4.6407966496112266e-20,-4.443741548155035e-19,0.0,0.08298214480146393,-6.381558312353166e-18,0.0,0.0,1.6627829691867178e-18,0.0,0.0,0.017762261802923594,0.09087652819049646,0.0,0.05837906520511601,2009-11-03
0.15,0.15,0.15,0.0,0.0,0.15,0.0,0.15,0.0,0.0,-1.08643507806318e-19,0.0,0.0,0.0,0.0,0.0,0.0,-1.5850396075233673e-18,8.710412491676536e-20,0.08015139475332876,4.590064545348367e-18,-5.972946901224672e-20,0.0,2.5035252438814902e-19,0.0,0.0,0.021885014728429672,0.08656064086719484,0.0,0.06140294965104666,2009-12-03
0.15,0.15,0.15,0.0,0.0,0.15,0.0,0.15,0.0,0.0,0.0,0.0,0.0,0.0,0.0,0.0,0.0,-4.981665554158136e-20,0.0,0.07547018582977752,6.280811108613362e-18,-4.286233664884461e-18,0.0,3.034739910776239e-18,0.0,2.3268239085586755e-18,0.032184112822342556,0.08326273852227285,0.0,0.059082962825607016,2010-01-05
0.15,0.15,0.15,0.0,0.0,0.15,0.0,0.15,0.0,3.202253175665115e-18,-3.520669883996575e-18,0.0,0.0,0.0,0.0,0.0,1.3421431887222069e-20,-1.7260601028154626e-18,0.0,0.07512257516380852,2.3586223395672743e-18,0.0,0.0,2.359462255785083e-18,0.0,0.0,0.03080646647257765,0.08446069902177665,0.0,0.05961025934183735,2010-02-04
0.15,0.15,0.15,0.0,0.0,0.15,0.0,0.15,0.0,0.0,0.0,2.89469334127795e-18,-1.6343300525358666e-19,-8.539095279688328e-18,0.0,0.0,0.0,-2.0605199851958565e-19,4.661254797764899e-19,0.07141709850833658,-6.4468419295893045e-18,0.0,0.0,-4.269552756664179e-18,0.0,0.0,0.033310192204157825,0.08489700614349388,0.0,0.06037570314401167,2010-03-08
0.15,0.15,0.15,2.7162961180500558e-18,0.0,0.15,0.0,0.15,0.0,-2.5222349956079524e-18,0.0,0.0,0.0,0.0,-1.2195400198154592e-19,0.0,-1.3972278203722696e-19,4.276179383416113e-18,0.0,0.07153607963854376,7.267331301589696e-19,0.0,0.0,-8.820502231768954e-18,0.0,0.0,0.031509953492988636,0.089114944808956,0.0,0.05783902205951159,2010-04-07
0.15,0.15,0.15,-1.2453509670664643e-18,0.0,0.15,0.0,0.15,0.0,0.0,1.3157694442986384e-18,0.0,0.0,0.0,-8.295933977515202e-19,0.0,5.038847381494339e-19,4.88458889372097e-20,0.0,0.07148611688295096,0.0,0.0,0.0,-1.35549675665863e-18,0.0,0.0,0.02939962149044682,0.09132390303070763,1.248739270278432e-18,0.05779035859589447,2010-05-06
0.15,0.15,0.15,-1.8312480361721733e-18,0.0,0.15,0.0,0.15,0.0,0.0,5.098824884655755e-19,0.0,0.0,0.0,-4.3137101786805173e-19,0.0,4.159968780335684e-19,-7.859535080830685e-19,0.0,0.07547391877939637,0.0,0.0,0.0,0.0,0.0,0.0,0.028329381237052975,0.10482600641152234,-3.0575164268868457e-18,0.04137069357202829,2010-06-07
0.15,0.15,0.15,-8.348563761859303e-19,0.0,0.15,0.0,0.15,0.0,0.0,0.0,0.0,0.0,3.3210548835015797e-20,-3.611371340015138e-18,0.0,0.0,-6.572089670917099e-19,0.0,0.08015393863671116,0.0,0.0,0.0,6.86575528908974e-18,0.0,0.0,0.044274345543304866,0.08778690191208335,0.0,0.03778481390790074,2010-07-07
0.15,0.15,0.15,-4.809370520667941e-19,0.0,0.15,0.0,0.15,0.0,4.8419697380297906e-18,0.0,0.0,0.0,0.0,-5.3231324416474775e-18,0.0,1.4724945748014104e-19,-3.837149675617443e-18,0.0,0.0771334549478437,-2.188783449267506e-18,0.0,0.0,0.0,0.0,0.0,0.05295681569950597,0.08352118381515374,0.0,0.036388545537496694,2010-08-05
0.15,0.15,0.15,-2.98623985955338e-21,0.0,0.15,0.0,0.15,0.0,8.356164790379759e-19,0.0,0.0,0.0,0.0,-1.5365242908514736e-19,0.0,3.1710173128096526e-19,-1.4965463252126432e-18,0.0,0.08071221936993028,0.0,0.0,0.0,0.0,0.0,0.0,0.053603989497165924,0.08087410419176529,0.0,0.034809686941138535,2010-09-03
0.15,0.14999999999999997,0.14999999999999997,-5.886912846892984e-19,0.0,0.15,0.0,0.15,0.0,-3.1490665511683716e-18,0.0,0.0,0.0,0.0,-3.14174873571033e-18,0.0,-4.412499197733943e-20,-1.325443876055013e-19,0.0,0.08434436204233116,0.0,0.0,0.0,0.0,0.0,0.0,0.0554590024398791,0.07891144077468756,0.0,0.031285194743102304,2010-10-05
0.15,0.15,0.15,0.0,0.0,0.15,7.469353845859617e-19,0.15,0.0,0.0,0.0,0.0,0.0,5.075781669203146e-19,0.0,0.0,3.398592035564974e-21,0.0,0.0,0.08381012457484846,-1.501736601100785e-18,0.0,-9.349692232960797e-18,0.0,0.0,0.0,0.05428368216290991,0.08704871095220909,0.0,0.024857482310032455,2010-11-03
0.15,0.15,0.14999999999999997,0.0,0.0,0.15,-9.241231871685102e-19,0.15,0.0,0.0,0.0,0.0,0.0,0.0,0.0,0.0,-2.3866271853556548e-18,-4.654209541153131e-20,0.0,0.09317383956542379,0.0,0.0,0.0,0.0,0.0,1.1859079686610907e-19,0.05232759823198117,0.08903268932979594,0.0,0.015465872872799083,2010-12-03
0.15,0.15,0.15,0.0,0.0,0.15,0.0,0.15,0.0,-2.5973771460908784e-18,0.0,0.0,0.0,0.0,0.0,0.0,7.409336376625499e-19,3.0624831685316717e-18,0.0,0.09264341299857398,0.0,0.0,0.0,-1.5314473708442183e-18,0.0,0.0,0.03556831439196635,0.12178827260945979,0.0,2.0043366313267956e-19,2011-01-04
0.15000000000000002,0.15000000000000002,0.15,0.0,0.0,0.15000000000000002,0.0,0.15,0.0,0.0,0.0,0.0,0.0,0.0,0.0,0.0,0.018171034794396763,0.0,0.0,0.08182896520560312,0.0,0.0,0.0,0.0,0.0,0.0,0.0,0.15,0.0,0.0,2011-02-03
0.15,0.15,0.15,0.0,0.0,0.15,0.0,0.15,0.02355878347707672,0.0,0.0,0.0,0.0,0.0,0.0,0.0,0.0,0.0,0.0,0.0764412165229232,0.0,0.0,0.0,0.0,0.0,0.0,0.0,0.15,0.0,0.0,2011-03-07
0.15,0.15,0.15,0.0,0.0,0.15,0.0,0.15,0.0,0.0,-6.566049157594419e-18,-2.530802464498503e-18,0.0,0.0,0.0,0.0,-2.9083678306587155e-20,-8.863311195692109e-21,0.0,0.09864981753677995,0.0,0.0,0.0,0.0,0.0,0.0,0.05728817641854431,0.08560750356674866,0.0,0.00845450247792699,2011-04-05
0.15,0.15,0.15,0.0,0.0,0.15,3.4449901385034816e-18,0.15,0.0,0.0,-1.7359294221663158e-19,0.0,0.0,1.993999898188866e-18,0.0,0.0,0.0,2.2826087898947687e-18,0.0,0.09930305842337755,0.0,0.0,0.0,0.0,0.0,0.0,0.0569496763818915,0.09040649606060801,0.0,0.0033407691341231,2011-05-05
0.15,0.15,0.15,0.0,0.0,0.15,0.0,0.15,0.0,0.0,5.196119285906819e-18,0.0,0.0,-3.684123348431012e-18,-5.737080494806153e-18,0.0,0.0,1.9990337732063338e-19,0.0,0.10100384688986064,0.0,0.0,0.0,0.0,0.0,0.0,0.05714051204494404,0.08910915784070361,0.0,0.002746483224491746,2011-06-06
0.15,0.15,0.15000000000000002,0.0,0.0,0.15,0.0,0.15,0.0,0.0,-2.2555031967589952e-18,0.0,0.0,-2.6035734485941187e-19,0.0,0.0,2.759903817733767e-19,4.978318013204047e-19,0.0,0.10181184026767195,0.0,0.0,0.0,0.0,0.0,0.0,0.057247902195194385,0.09094025753713356,0.0,-9.801633341810576e-19,2011-07-06
0.15,0.15,0.15,0.0,0.0,0.15,0.0,0.15,0.0,0.0,8.343278857465215e-19,0.0,0.0,-5.2128585286543374e-18,0.0,0.0,0.0,2.86984894792106e-18,0.0,0.10073996886019537,0.0,0.0,3.918420892147596e-20,0.0,0.0,0.0,0.04870129513591555,0.10055873600388918,0.0,-3.3281782387569148e-18,2011-08-04
0.15,0.15,0.15,0.0,0.0,0.15,0.0,0.15,0.0,0.0,0.0,3.897223042651528e-18,0.0,-5.131422637613438e-18,0.0,0.0,0.0,6.563448373329112e-18,-6.842436451314551e-18,0.09770063129915477,0.0,0.0,0.0,6.479169701739862e-18,0.0,0.0,0.04340525791081398,0.10889411079003121,0.0,0.0,2011-09-02
0.15,0.15,0.15,0.0,0.0,0.15,0.0,0.15,0.0,-8.384628220038457e-18,0.0,2.410495647161792e-18,0.0,0.0,-6.406811703537899e-19,0.0,1.5266299806938743e-18,-2.735297018552595e-19,0.0,0.10296437392736768,5.493234565366953e-19,0.0,0.0,0.0,0.0,0.0,0.043908237989690915,0.1031273880829413,0.0,-6.185150906449356e-18,2011-10-04
0.15,0.15,0.15,0.0,0.0,0.15,0.0,0.15,-3.2613166257354413e-18,4.436662640130633e-18,0.0,-6.201326398088127e-19,0.0,0.0,-3.32784198763222e-18,0.0,0.0,7.743892482449083e-19,0.0,0.10548099731727872,3.873428687291537e-18,0.0,0.0,0.0,0.0,0.0,0.04703515724027191,0.0974838454424493,0.0,0.0,2011-11-02
0.15,0.15,0.15,0.0,0.0,0.15,0.0,0.15,0.0,0.0,-1.0792252305525326e-18,2.3170520493939233e-18,0.0,0.0,4.7240664000701816e-18,0.0,0.0,-1.4359060557781648e-19,4.393262677959859e-19,0.10663112574247481,0.0,0.0,0.0,0.0,0.0,0.0,0.050984525388151035,0.09238434886937417,0.0,1.3630199200974597e-18,2011-12-02
0.15,0.15,0.15,0.0,0.0,0.15,0.0,0.15,0.0,-7.030310769601932e-18,4.322727298372888e-18,-4.549290565727478e-18,0.0,0.0,-3.4545780916801156e-18,0.0,0.0,2.860622116102026e-18,-3.045568761969209e-18,0.10468584809622922,0.0,0.0,0.0,0.0,0.0,0.0,0.05263885620465512,0.09267529569911552,0.0,0.0,2012-01-04
0.15,0.15,0.15,2.1424390563327973e-18,0.0,0.15,0.0,0.15,0.0,1.8427948912513088e-20,1.8216652570393407e-18,1.3917478711527034e-18,0.0,0.0,-7.0244550028633065e-19,0.0,1.2647863657135309e-18,8.653819183242161e-19,0.0,0.10328271990728578,-2.412198015239592e-18,0.0,0.0,0.0,0.0,0.0,0.051695539640773974,0.09502174045194033,0.0,0.0,2012-02-03
0.15,0.15,0.15,0.0,0.0,0.15,0.0,0.15,0.0,0.0,-5.456103116031674e-18,-2.301636670844113e-18,0.0,5.804219146411808e-18,0.0,0.0,0.0,-2.420892570646553e-20,3.621879115313114e-18,0.10125221736262684,0.0,0.0,0.0,0.0,0.0,0.0,0.05305721673304316,0.09569056590433,0.0,-4.7527101456796266e-18,2012-03-06
0.15,0.15,0.15,0.0,4.9741163308030384e-20,0.15,0.0,0.15,0.0,-8.837957359545334e-20,-1.085290918712651e-19,0.0,0.0,2.2802752895118544e-18,0.0,0.0,0.0,1.7219934320696462e-19,0.0,0.0998863330141806,0.0,0.0,4.530409599477252e-19,0.0,0.0,0.0,0.053631106969659656,0.09648256001615968,0.0,-3.201056244375461e-19,2012-04-04
0.15,0.15,0.15,0.0,0.0,0.15,0.0,0.15,0.0,0.0,0.0,0.0,0.0,-2.3373751065282846e-19,0.0,0.0,0.0,0.0,-1.5049127110374588e-18,0.09955235010649713,3.3653970263219393e-18,0.0,1.593938855003214e-18,0.0,3.510861772127897e-18,0.0,0.0534783241531511,0.09696932574035182,0.0,-3.685894119274277e-18,2012-05-04
0.15,0.15,0.15,0.0,0.0,0.15,0.0,0.15,0.0,0.0,0.0,0.0,-8.315537081445775e-18,0.0,-3.205241555590738e-18,0.0,5.9441880777845934e-18,0.0,3.27064317316375e-18,0.10190737145713988,0.0,0.0,4.2560788312946146e-18,0.0,0.0,0.0,0.04914343120565621,0.09894919733720384,0.0,9.105863412820752e-18,2012-06-05
0.15,0.15,0.15,6.59240058825659e-18,0.0,0.15,-1.421975578789892e-20,0.15,-5.644058355976649e-20,7.290652718585404e-18,3.1115290382694626e-18,0.0,0.0,0.0,0.0,0.0,0.0,0.0,0.0,0.10925687375716918,0.0,0.0,0.0,-5.518487571576539e-18,0.0,0.0,0.05262329149358478,0.08811983474924608,0.0,0.0,2012-07-05
0.15,0.15,0.15,0.0,0.0,0.15,-3.8409335427907375e-18,0.15,6.454308699145622e-18,1.176408216954617e-18,9.558591272284417e-19,0.0,0.0,0.0,0.0,0.0,0.0,5.297254433168153e-18,0.0,0.11930055750481953,0.0,0.0,0.0,-7.623574103284961e-18,0.0,0.0,0.04235206196960704,0.08834738052557331,0.0,7.482392206718465e-18,2012-08-03
0.15,0.15,0.15,6.0643897598045055e-18,0.0,0.15,-7.179619822479088e-18,0.15,0.0,0.0,0.0,0.0,0.0,0.0,0.0,0.0,0.0,4.001843802345142e-18,-3.1545043274962157e-19,0.12850128420807752,0.0,0.0,0.0,0.0,0.0,0.0,0.04794092517220027,0.07355779061972222,0.0,-2.74187951146335e-18,2012-09-04
0.15,0.15,0.15,0.0,0.0,0.15,0.0,0.15,5.177923989600864e-18,0.0,0.0,0.0,0.0,0.0,-6.4503445986325125e-18,0.0,5.1895065608388935e-18,4.944419489949784e-19,0.0,0.12981126358205047,0.0,0.0,0.0,0.0,0.0,0.0,0.05865151507739188,0.06153722134055755,0.0,4.282776768365861e-21,2012-10-03
0.15,0.15,0.15,-3.9720514093066204e-19,0.0,0.15,0.0,0.15,-1.0987911452453892e-19,0.0,0.0,0.0,0.0,0.0,-2.3246693824918434e-18,0.0,0.0,0.0,0.0,0.12934125536540828,0.0,0.0,0.0,0.0,0.0,0.0,0.05954499773623694,0.061113746898354776,0.0,1.905547702119504e-19,2012-11-05
0.15,0.15,0.15,0.0,0.0,0.15,0.0,0.15,-3.835971730131912e-18,0.0,0.0,0.0,-8.495599733466204e-18,0.0,5.231397869700719e-18,0.0,0.0,6.737553142737694e-18,0.0,0.13143754995606735,0.0,0.0,0.0,0.0,9.902711550925121e-18,0.0,0.06325809541504429,0.05530435462888831,4.575154184521996e-18,0.0,2012-12-05
0.15,0.15,0.15,0.0,4.815204996969273e-19,0.15,0.0,0.15,-1.404093029151041e-20,4.7587884214687335e-18,0.0,0.0,8.534471405216687e-19,0.0,0.0,0.0,0.0,0.0,0.0,0.12879966054594866,0.0,0.0,0.0,0.0,-1.5733451311970891e-18,0.0,0.07401378680837978,0.04718655264567145,-2.7125765547207864e-19,-7.967065224566305e-18,2013-01-07
0.15,0.15,0.15,0.0,-2.1978926011681796e-19,0.15,-3.87633488170764e-18,0.15,0.0,0.0,7.527710556247658e-18,0.0,5.211056880524439e-18,0.0,0.0,0.0,3.0170741108415696e-18,0.0,0.0,0.12624986061890134,5.773001357765803e-18,0.0,0.0,0.0,0.0,2.0340376285619e-18,0.07711088726364634,0.046639252117452255,0.0,1.243655284533489e-18,2013-02-06
0.15,0.15,0.15,0.0,-5.9130784006631545e-19,0.15,0.0,0.15,0.0,0.0,-2.8088766410134787e-18,0.0,0.0,2.9123183432979e-18,0.0,0.0,-6.417568235775079e-18,0.0,0.0,0.13561140792644044,0.0,6.103704053088583e-18,0.0,0.0,0.0,-6.192971490402467e-18,0.0600999344276521,0.054288657645907394,0.0,0.0,2013-03-08
0.15,0.15,0.15,0.0,0.0,0.15,5.73622899577453e-19,0.15,0.0,0.0,0.0,0.0,0.0,-6.718997999102844e-18,-1.6503156418645094e-18,1.840275834389976e-18,0.0,0.0,0.0,0.13093759098456562,0.0,0.0,8.015705773413889e-18,2.4029816557221403e-18,0.0,0.0,0.06461083267258634,0.05445157634284788,0.0,0.0,2013-04-09
0.15,0.15,0.15,-4.993108363253019e-18,0.0,0.15,0.0,0.15,-1.202473293667242e-18,0.0,0.0,0.0,-7.711109783010718e-18,0.0,0.0,4.7069026352174e-18,0.0,5.036483743736655e-18,0.0,0.12131996298790347,0.0,3.708510289845332e-21,0.0,6.202508905038518e-18,0.0,0.0,0.08157932167986708,0.04710071533222943,0.0,0.0,2013-05-08
0.15,0.15,0.15,0.0,0.0,0.15,0.0,0.15,0.0,0.0,-1.3892965170944665e-18,0.0,-9.058500992260722e-18,0.0,0.0,5.057029991525305e-18,0.0,0.0,0.0,0.11844760748640665,0.0,-9.891610883766276e-18,0.0,2.1599255197277775e-18,0.0,0.0,0.07920162490846953,0.05235076760512382,0.0,0.0,2013-06-07
0.15,0.15,0.15,0.0,0.0,0.15,0.0,0.15,9.83810477077432e-19,0.0,2.2295304300350975e-18,0.0,0.0,0.0,2.8954221738273055e-18,0.0,-8.765684791144719e-19,0.0,0.0,0.11482020148257517,0.0,-4.2529484994715065e-18,0.0,-9.231138452011191e-19,-7.625725003068342e-18,-4.509910285982307e-18,0.08168622283228337,0.053493575685141306,0.0,0.0,2013-07-09
0.15,0.15,0.15,-6.199634026735659e-18,-3.601139067702662e-18,0.15,-5.042493915979883e-18,0.15,0.0,1.1182882618623753e-18,0.0,0.0,0.0,0.0,0.0,0.0,-3.250272599792969e-18,0.0,0.0,0.09412155744351763,0.0,0.0,1.5506207036927824e-17,0.0,0.0,0.0,0.08656410590452547,0.06931433665195688,0.0,0.0,2013-08-07
0.15,0.15,0.15,0.0,8.0622718296001315e-19,0.15,-1.4022559720319448e-18,0.15,0.0,-9.617757530126734e-20,0.0,0.0,0.0,0.0,0.0,0.0,1.3690007544697061e-18,0.0,7.581389071933441e-19,0.07402251292414683,0.0,0.0,2.3567020814531993e-18,0.0,0.0,1.6920077493439817e-19,0.1039121202894444,0.0720653667864086,4.023848341530494e-19,0.0,2013-09-06
0.15,0.15000000000000002,0.15,-2.2736235656770985e-18,-4.523008436247509e-18,0.15,-1.2127944405739915e-19,0.15,0.0,0.0,0.0,-1.655459455075674e-19,0.0,0.0,0.0,0.0,0.0,0.0,9.692759837719947e-18,0.015435425656877208,0.0,0.0,-3.1428365381832835e-18,0.0,0.0,0.0,0.09978347610574072,0.13478109823738194,4.841268754213702e-20,0.0,2013-10-07
0.1413933023863549,0.15,0.15,0.02774501991647725,0.0,6.250732502438484e-19,0.0,0.15,0.0,-3.728000508556683e-18,0.0,0.0,0.0,0.0,-1.0475631103305747e-18,0.0,0.0,2.8606057736025487e-18,0.0,-2.1163867130961783e-18,0.06887347060663103,2.311278891269557e-18,0.0,0.0,0.0,0.01198820709053681,0.15,0.15,0.0,5.81773558905256e-18,2013-11-05
0.0016267720195212,0.15,0.15,0.0,0.0,0.0,0.0,0.15,0.0,0.0,0.0,0.0,0.0,0.0,0.0,0.0,0.0,0.0,0.0,0.0,0.15000000000000002,0.0,0.0,0.0,0.0,0.09837322798047869,0.15,0.15,0.0,0.0,2013-12-05
0.05592708228421955,0.14999999999999994,0.14999999999999566,0.044072917715783276,0.0,0.0,0.0,0.1500000000000006,0.0,0.0,0.0,0.0,0.0,0.0,0.0,0.0,0.0,0.0,0.0,0.0,0.0,0.0,0.0,0.0,0.0,0.15,0.15,0.1500000000000012,0.0,0.0,2014-01-07
0.0,0.15,0.14999999999999997,0.05638151161483023,-1.180742990370163e-19,-4.1147947085266006e-18,0.04767130837653132,0.15,0.0,1.3004144107778528e-18,0.0,5.791373922430822e-19,0.0,0.0,-1.9373656351912696e-19,0.0,3.873049292359525e-20,4.9702159232530135e-19,0.0,2.5468229854252545e-19,0.13371125193658057,0.0,0.0,0.0,0.0,0.01223592807205781,0.15,0.14999999999999997,0.0,0.0,2014-02-06
0.0,0.15,0.1500000000000001,0.10892289348171709,0.0,0.0,0.0,0.15000000000000002,0.0,0.0,0.0,0.0,0.0,0.0,0.0,0.0,0.0,0.0,0.0,0.0,0.14107710651828287,0.0,0.0,0.0,0.0,0.0,0.14999999999999997,0.15,0.0,0.0,2014-03-10
0.03186104581493433,0.15,0.15,0.09798339428381925,1.0422928430481178e-18,0.0265787767729484,0.015141435097246596,0.14999999999999997,0.0,0.031032672704218146,0.0,0.0,-3.0112072721777718e-18,0.0,2.649575452843655e-18,-4.268219658200824e-18,0.0,5.69869917282338e-18,0.0,0.007075394695853352,0.12305477170109674,0.0,0.0,0.0,0.0,0.0,0.06727250892988322,0.15,0.0,0.0,2014-04-08
0.036008142275551616,0.15,0.15,0.0639918577244483,0.0,0.0,0.0,0.15,0.0,0.0,0.0,0.0,0.0,0.0,0.0,0.0,0.0,0.0,0.0,0.0,0.15,0.0,0.0,0.0,0.0,0.15,0.0,0.15,0.0,0.0,2014-05-08
0.0,0.15,0.15,0.03674644047258386,0.0,0.06325355952741607,0.0,0.15,0.0,0.0,0.0,0.0,0.0,0.0,0.0,0.0,0.0,0.0,0.0,0.15,0.15,0.0,0.0,0.0,0.0,0.0,0.0,0.15,0.0,0.0,2014-06-09
0.0250110914250247,0.15,0.15,0.05939739547521325,0.0,1.2911658938077652e-18,2.3987673740331187e-19,0.15,0.0,5.552954810945635e-18,0.0,0.0,4.045560620178555e-19,0.0,1.2674607362924177e-19,0.0,3.015731757978733e-18,1.366657771249584e-18,0.0,0.08317910593387451,0.15,0.0,0.0,0.0,0.0,0.004968163580114881,0.07744424358577265,0.15,0.0,0.0,2014-07-09
8.455487532643607e-20,0.15,0.15,0.06997293585330452,-4.011132352803395e-18,-4.819574526987162e-19,-1.0912964451745412e-19,0.15,0.0,0.032761851912080364,0.0,0.0,6.310686171336611e-18,0.0,0.0,5.475384755611031e-19,-1.4387793236393228e-18,1.5180772448552652e-19,0.0,0.0664365997684765,0.15,0.0,0.0,0.0,3.876872393591628e-18,0.0,0.08082861246613823,0.15,0.0,0.0,2014-08-07
0.04751780352898953,0.15,0.15,1.3365880299061814e-19,0.0,0.0707275000567654,6.028433619024667e-18,0.15,0.0,1.5006531152822128e-18,0.0,-3.4245608651206826e-18,-1.195357656394211e-18,0.0,0.0,-1.7910180268220154e-18,3.99991987964713e-20,0.0,0.0,0.10908153497596658,0.15,0.0,-2.0529793749034605e-18,0.0,0.0,0.0,0.02267316143827851,0.15,0.0,0.0,2014-09-08
0.10868731159221713,0.15,0.15,0.0,0.0,0.0,0.0,0.15,0.0,0.0,0.0,0.0,0.0,0.0,0.0,0.0,0.0,0.0,0.0,0.15,0.1413126884077828,0.0,0.0,0.0,0.0,0.0,0.0,0.15,0.0,0.0,2014-10-07
0.14999999999999994,0.14999999999999988,0.15000000000000016,0.0,0.0,0.10796169239565437,0.0,0.15000000000000022,0.0,0.0,0.0,0.0,0.0,0.0,0.0,0.0,0.0,0.0,0.0,0.15,0.0,0.0,0.0,0.0,0.0,0.0,0.0,0.1420383076043455,0.0,0.0,2014-11-05
0.15,0.15,0.15,0.0,0.0,0.15,0.0,0.09515243902439054,0.0,0.0,0.0,0.0,0.0,0.0,0.0,0.0,0.0,0.0,0.0,0.15,0.0,0.0,0.0,0.0,0.0,0.0,0.004847560975609388,0.15,0.0,0.0,2014-12-05
0.15,0.15,0.15,0.0,0.0,0.01208226221079671,0.0,0.15,0.0,0.0,0.0,0.0,0.0,0.0,0.0,0.0,0.0,0.0,0.0,0.15,0.0,0.0,0.0,0.0,0.0,0.0,0.08791773778920321,0.15,0.0,0.0,2015-01-07
0.15,0.15,0.15,0.0,0.0,0.15,0.0,0.0,0.0,0.0,0.0,0.0,0.0,0.0,0.0,0.0,0.0,0.0,0.0,0.15,0.0,0.0,0.0,0.0,0.0,0.0,0.15,0.09999999999999992,0.0,0.0,2015-02-06
0.13682338728927615,0.15,0.15,3.622474749824152e-19,0.0,0.0803721533090317,3.9916795972876826e-20,0.11263638820601925,0.0,-1.8303553417202317e-19,0.0,-6.0017200192253635e-18,0.0,0.0,0.0,0.0,5.13675457768046e-19,0.0,-3.3684487841376e-19,0.15,0.0,0.0,0.0,0.0,-1.775852561539188e-18,0.0,0.15,0.07016807119567296,0.0,0.0,2015-03-10
0.15,0.15,0.15,-2.3099852412229833e-18,0.0,0.15,7.005858035622832e-18,0.08392138637306307,0.0,-4.717854284047466e-18,0.0,5.381416575729382e-19,0.0,0.0,0.0,0.0,0.0,0.0,-6.492271479433088e-19,0.15,0.0,0.0,0.0,0.0,2.362591745571867e-19,0.0,0.1401832590447468,0.025895354582190142,0.0,0.0,2015-04-09
0.15,0.15,0.15,9.305450404721029e-18,0.0,0.15,4.268691016492791e-18,0.0841784544729379,0.0,-1.8006354470509965e-18,0.0,-4.1724111000185343e-19,0.0,0.0,0.0,0.0,0.0,0.0,-6.769627394032262e-18,0.15,0.0,0.0,0.0,0.0,0.0,0.0,0.1380954711976592,0.027726074329402883,0.0,0.0,2015-05-08
0.15,0.15,0.15,0.0,0.0,0.15,0.0,0.09999999999999992,0.0,0.0,0.0,0.0,0.0,0.0,0.0,0.0,0.0,0.0,0.0,0.15,0.0,0.0,0.0,0.0,0.0,0.0,0.15,0.0,0.0,0.0,2015-06-09
0.15,0.15,0.15,0.0,0.0,0.10856293325847612,3.964803941478949e-18,0.1431097036428812,0.0,-6.121468776112101e-20,0.0,0.0,0.0,0.0,0.0,0.0,2.466307945971659e-18,0.0,6.059852556517213e-18,0.15,9.400740507320328e-19,0.0,0.0,0.0,0.0,0.0,0.10477320105873317,0.04355416203990952,0.0,0.0,2015-07-09
0.15,0.15,0.15,-4.01895545213424e-18,0.0,0.10886235062410217,-2.454224623118284e-18,0.09119516315438553,0.0,-5.834738802697593e-20,0.0,-1.8199960785004053e-19,0.0,0.0,0.0,0.0,0.0,0.0,2.5396266474733262e-18,0.15,0.0,0.0,0.0,0.0,0.0,0.0,0.14954641239237945,0.050396073829132866,0.0,0.0,2015-08-07
0.15,0.15,0.15,0.0,0.0,0.15,-1.1628160768358868e-18,0.01769507228506768,0.0,-3.9534939371785684e-18,0.0,-4.2171908604723774e-18,0.0,7.691516368998564e-18,0.0,0.0,0.0,0.0,0.0,0.15,0.0,0.0,0.0,0.0,0.0,0.0,0.15,0.08230492771493231,0.0,0.0,2015-09-08
0.15000000000000008,0.15000000000000002,0.14999999999999997,0.0,0.0,0.14437901498929306,0.0,0.10562098501070691,0.0,0.0,0.0,0.0,0.0,0.0,0.0,0.0,0.0,0.0,0.0,0.15,0.0,0.0,0.0,0.0,0.0,0.0,0.1499999999999999,0.0,0.0,0.0,2015-10-07
0.15,0.15,0.15,0.0,0.0,0.15,5.278020025087661e-18,-4.123728979712721e-18,0.0,-1.2120920454475341e-19,0.0,-4.220520673416519e-18,-7.4704334456422495e-19,0.0,0.0,0.0,0.0,0.0,0.0,0.15,0.01156391307571524,0.0,0.0,0.0,0.0,0.0,0.15,0.08843608692428603,0.0,0.0,2015-11-05
0.15,0.15,0.15,0.0,0.0,0.15,-7.206270025023023e-18,0.0075701040748917345,0.0,-4.4231535930243754e-21,0.0,0.0,-4.071835961223944e-18,0.0,-7.879684043945202e-19,0.0,0.0,0.0,-3.623119984431628e-18,0.15,0.008308982480395674,0.0,0.0,0.0,0.0,0.0,0.15,0.08412091344471248,0.0,0.0,2015-12-07
0.15,0.15,0.15,0.0,0.0,0.15,0.0,0.0,0.0,0.0,0.0,0.0,0.0,0.0,0.0,0.0,0.0,0.0,0.0,0.15,0.09999999999999992,0.0,0.0,0.0,0.0,0.0,0.15,0.0,0.0,0.0,2016-01-07
0.15,0.15,0.15,0.0,0.0,0.15,0.0,0.0,0.0,0.0,0.0,0.0,0.0,0.0,0.0,0.0,0.0,0.0,0.0,0.15,0.0,0.0,0.0,0.0,0.0,0.0,0.15,0.09999999999999992,0.0,0.0,2016-02-08
0.15,0.15,0.15,0.0,0.0,0.15,0.0,0.0,0.0,1.419388893487447e-18,0.0,0.0,7.470416998101424e-20,-1.6513929180346455e-18,3.5351997926570056e-18,-4.163594531279061e-18,0.0,0.0,0.0,0.15,0.009371209677209044,2.5713587122582964e-18,0.0,-5.405581328859718e-18,-1.3321979853388297e-18,0.0,0.15,0.09062879032279086,0.0,0.0,2016-03-09
0.15,0.15,0.15,0.0,-2.0270048116874657e-18,0.15,0.0,4.836547146836662e-18,0.0,4.619983155070495e-18,-8.467918498826094e-19,0.0,0.0,0.0,0.0,0.0,0.0,0.0,1.2140915631427556e-18,0.15,0.01321991563495107,0.0,0.0,0.0,0.0,0.0,0.1470165215804331,0.0897635627846158,1.193926583077359e-18,4.159034209714169e-18,2016-04-08
0.15,0.15,0.15,0.0,-6.125495310949726e-19,0.15,0.0,0.0,0.0,-3.7029903392354156e-18,-2.0461165008364675e-18,0.0,0.0,0.0,0.0,0.0,0.0,0.0,1.2863663190450995e-18,0.15,0.016263459530192557,0.0,-7.40782189776648e-18,0.0,0.0,0.0,0.14415178042013266,0.08958476004967476,-4.701466942453717e-18,0.0,2016-05-09
,,,,,,,,,,,,,,,,,,,,,,,,,,,,,,2016-06-08
0.15,0.15,0.15,0.0,0.0,0.15,0.0,0.0,0.0,0.0,0.0,0.0,0.0,0.0,0.0,0.0,0.0,0.0,0.0,0.15,0.09999999999999992,0.0,0.0,0.0,0.0,0.0,0.15,0.0,0.0,0.0,2016-07-08
0.15,0.15,0.15,0.0,0.0,0.15,0.0,0.0,0.0,0.0,0.0,0.0,0.0,0.0,0.0,0.0,0.0,0.0,0.0,0.15,0.09999999999999992,0.0,0.0,0.0,0.0,0.0,0.15,0.0,0.0,0.0,2016-08-08
0.15,0.15,0.15,0.0,0.0,0.15,0.0,6.829723113651534e-19,0.0,4.2300700792197197e-19,0.0,0.0,6.091134521950781e-19,-5.36894378739814e-19,0.0,0.0,0.0,0.0,-4.3035431602337145e-18,0.15,0.04156410427204794,0.0,0.0,0.0,0.0,0.0,0.15,0.058435895727952124,0.0,0.0,2016-09-07
0.15000000000000008,0.1499999999999999,0.15000000000000008,0.0,0.0,0.13128705533596838,0.0,0.11871294466403154,0.0,0.0,0.0,0.0,0.0,0.0,0.0,0.0,0.0,0.0,0.0,0.15,0.0,0.0,0.0,0.0,0.0,0.0,0.14999999999999997,0.0,0.0,0.0,2016-10-06
0.07925141099139942,0.15,0.15,-1.1584325208909537e-18,0.0,0.04404937655021431,0.0,0.08879330100280916,0.0,-1.1414344495150638e-18,0.0,0.0,0.0,0.0,0.0,0.0,-3.4678431709326627e-18,0.0,0.0,0.15,0.13906778817075094,0.0,0.0,0.0,0.0,0.0,0.15,0.0488381232848262,8.293892221902233e-18,0.0,2016-11-04
0.15,0.15,0.15,0.0,0.0,0.15,0.0,0.0,0.0,0.0,0.0,0.0,0.0,0.0,0.0,0.0,0.0,0.0,0.0,0.15,0.09999999999999992,0.0,0.0,0.0,0.0,0.0,0.15,0.0,0.0,0.0,2016-12-06
0.0,0.15,0.1499999999999998,0.0,0.0,0.13744321049974775,0.0,0.11255678950025272,0.0,0.0,0.0,0.0,0.0,0.0,0.0,0.0,0.0,0.0,0.0,0.14999999999999958,0.15000000000000005,0.0,0.0,0.0,0.0,0.0,0.1500000000000001,0.0,0.0,0.0,2017-01-06
0.10454357703428371,0.15,0.15,0.0,0.0,0.0,0.0,0.1454564229657163,0.0,0.0,0.0,0.0,0.0,0.0,0.0,0.0,0.0,0.0,0.0,0.15,0.15,0.0,0.0,0.0,0.0,0.0,0.14999999999999994,0.0,0.0,0.0,2017-02-07
0.15,0.14999999999999997,0.05358247422680315,0.0,0.0,0.15000000000000008,0.0,0.0,0.0,0.0,0.0,0.0,0.0,0.0,0.0,0.0,0.0,0.0,0.0,0.15,0.15000000000000005,0.0,0.0,0.0,0.0,0.0,0.046417525773196855,0.15000000000000005,0.0,0.0,2017-03-09
0.06439838772018228,0.15,0.09667003445554946,0.0,2.3534138441781584e-18,0.1427769874625548,0.0,0.006983263615586987,0.0,2.5036268724141618e-18,0.0,0.0,-2.824442973805443e-18,-6.54365324751329e-19,0.0,0.0,0.0,0.0,0.0,0.15,0.12540934531857542,0.0,0.0,0.0,0.0,0.012549314917034763,0.10180817763203383,0.08781469607329628,-7.576480013860542e-21,0.061589792805186144,2017-04-07
0.06446748685540289,0.15,0.09721536046655824,0.0,-1.67729626420337e-19,0.13777236787930425,0.0,0.007000085515488304,0.0,-1.2885775368982443e-19,0.0,0.0,-3.196158141995549e-21,1.2535234112024858e-18,5.7604030536043425e-18,0.0,-2.332554969721597e-18,0.0,0.0,0.15,0.12749639600453344,0.0,0.0,0.0,0.0,0.012469397052854683,0.1033806076011718,0.0874803633253405,0.0,0.06271793529934577,2017-05-09
0.039844878373829024,0.15,0.14368604854116704,-1.818686636400034e-18,6.716852556985344e-21,0.011518073710339825,-5.5806994380069245e-18,0.05194374747061997,0.0,-3.82830341422671e-21,0.0,0.0,0.0,-1.7753607638253676e-18,0.0,0.003159002424175971,0.0,0.0,0.0,0.15,0.15,0.0,0.0,0.0,0.0,4.406140441801159e-18,0.14037868661259342,0.07568909678440108,-2.945673903708048e-19,0.08378046608287341,2017-06-08
0.02190444533989794,0.15,0.15,5.12647519366317e-18,0.0,0.03244045390726322,2.369523239546554e-19,0.048015804426058024,0.0,-9.878881645403939e-19,0.0,-2.9589449463515097e-18,0.0,0.0,0.0,0.03616951804445312,-2.0321979794712863e-18,0.0,0.0,0.15,0.12379798930800494,0.0,0.0,0.0,0.0,0.0,0.1004471192264686,0.1302326705035787,5.0990383853939434e-18,0.05699199924427544,2017-07-10
-8.242387730455458e-19,0.15,0.15,6.193790515632599e-18,1.7023125387861432e-18,0.0373480703638024,0.0,0.06257761139528793,0.0,-5.0181272688135365e-19,0.0,0.0,0.0,-1.865025120966735e-18,0.0,0.07728265211281399,1.0784571844501783e-18,0.0,0.0,0.15,0.09561782186527318,0.0,0.0,0.0,0.0,0.0,0.08068819393027199,0.14710962046530185,0.0,0.04937602986724851,2017-08-08
0.01886626263228841,0.15,0.12222696510592859,3.7346055468316734e-18,-4.736132884062365e-18,0.05170578345172064,0.0,0.05446397885395777,0.0,-2.8799970746351533e-20,0.0,1.073984984510372e-19,0.0,4.820361284228626e-19,0.0,0.09927197900290309,0.0,0.0,1.3636194731046494e-18,0.15,0.08597390994474972,0.0,0.0,0.0,0.0,0.0,0.08969336375764059,0.14264363421051726,0.0,0.03515412304029416,2017-09-07
0.04203164456506277,0.15,0.11368120749268364,-6.208340366760357e-19,0.0,0.07513330470308857,0.0,0.049415415054954726,0.0,-7.425354344561883e-19,0.0,1.3313710167772803e-18,0.0,0.0,0.0,0.057243099976067885,0.0,0.0,1.8115745168506742e-18,0.15,0.08095934635125776,0.0,0.0,0.0,0.0,1.912701061191415e-18,0.08979986861230392,0.1322979533052219,0.0,0.05943815993935887,2017-10-06
,,,,,,,,,,,,,,,,,,,,,,,,,,,,,,2017-11-06
0.04316895699529022,0.15,0.12117993183161187,1.394494361554498e-19,0.0,0.03594888063673183,1.768024040067494e-18,0.04514170817139449,0.0,4.2858053351907625e-19,0.0,4.750084251523479e-19,0.0,0.0,0.0,0.09162267645442301,0.0,0.0,0.0,0.15,0.04967606371004057,0.0,0.019589691048466567,0.0,0.0,8.497787248197328e-18,0.09937552353487432,0.15,0.0,0.04429656761716718,2017-12-06
0.024548032314616743,0.15,0.14423751485326342,2.485915677424297e-18,5.625164152682702e-19,0.01011277381300226,0.0,0.0395017043251274,0.0,-4.9260849968639435e-19,0.0,7.137007737818439e-19,0.0,0.0,0.0,0.10821824541871548,0.0,0.0,0.0,0.15,0.048278369804064414,0.0,0.03562610944718832,0.0,0.0,0.0,0.11982723473488399,0.15,0.0,0.019650015289137908,2018-01-08
0.05180833673886332,0.15,0.15,0.0,0.0,0.0,0.0,0.0,0.0,0.0,0.0,0.0,0.0,0.0,0.0,0.04819166326113661,0.0,0.0,0.0,0.15,0.15,0.0,0.15,0.0,0.0,0.0,0.0,0.15,0.0,0.0,2018-02-07
0.03522572207926487,0.15,0.1151118938938248,0.0,1.5637670385268974e-19,0.031067226570840024,0.0,0.021453291395050627,0.0,-1.8340173437708767e-18,4.991083072226559e-19,0.0,0.0,0.0,0.0,0.08106737266699744,0.0,0.0,2.4592543826830775e-19,0.15,0.09189574165750213,0.0,0.015679571755029917,0.0,0.0,-1.5721948578074206e-19,0.14612954795074623,0.15,0.0,0.012369632030743961,2018-03-09
0.03898443167242595,0.15,0.1228034611736786,-3.000290465776734e-19,1.2433598322193936e-18,0.035543578379989386,0.0,0.01944589092420782,0.0,0.0,2.6110310936648585e-18,0.0,0.0,0.0,0.0,0.08175200288756959,0.0,0.0,-2.4968562439897207e-18,0.15,0.07387386064641292,0.0,0.038707879221602716,0.0,0.0,-3.6197047562716833e-19,0.138888895094113,0.15,0.0,-4.738438156138585e-18,2018-04-10
0.03028235804056736,0.15,0.1349379305552259,1.5877697904888813e-19,-3.3600602568484475e-18,0.030180936468317526,0.0,0.009051017636463016,0.0,0.0,-4.1293186273519796e-19,0.0,0.0,0.0,0.0,0.10626495647230838,0.0,0.0,9.29945734901154e-19,0.15,0.05586295452770941,0.0,0.06296232308135598,0.0,0.0,-1.7633292720157031e-19,0.1204575232180523,0.15,0.0,0.0,2018-05-09
0.07911218032529042,0.15,0.06811242368046665,1.9280210506527663e-18,0.0,0.06040133491945533,3.8501580801584186e-19,0.010875741829050191,0.0,0.0,0.0,7.554306788788768e-19,0.0,0.0,0.0,0.07745116872797045,0.0,0.0,4.163652257373242e-18,0.15,0.07059671508209575,0.0,0.03997347972402064,5.671179500544802e-18,0.0,0.0,0.12067010116847593,0.15,0.0,0.022806854543174656,2018-06-08
0.0,0.15,0.12559298385489323,0.0,0.0,0.15,0.0,0.0,0.0,0.0,0.0,0.0,0.0,0.0,0.0,0.12440701614510678,0.0,0.0,0.0,0.15,0.0,0.0,0.0,0.0,0.0,0.0,0.14999999999999983,0.15,0.0,0.0,2018-07-10
0.0901991753447385,0.15,0.06614632932127705,-1.2876650734586719e-19,0.0,0.05462403831148166,0.0,0.02643777058847125,0.0,0.0,1.0018549160760524e-18,0.0,0.0,0.0,0.0,0.07899358865967913,0.0,0.0,-1.4165774114156982e-18,0.15,0.07908824195645378,0.0,0.02248509561204785,2.4232570162004353e-21,0.0,0.0,0.1320257602058507,0.15,0.0,0.0,2018-08-08
0.07763104197160449,0.15,0.06890875819743475,-3.3618133205560585e-19,0.0,0.06734023307179637,0.0,0.02166128142527051,0.0,2.17635687934914e-18,-1.6841666201937172e-18,-2.691755655083558e-18,0.0,0.0,0.0,0.0717306384275094,0.0,0.0,4.921373679621627e-18,0.15,0.09035705953642105,0.0,0.004819186215220387,2.4906092675868744e-18,0.0,0.0,0.14193611678602247,0.15,0.0,0.005615684368720599,2018-09-07
,,,,,,,,,,,,,,,,,,,,,,,,,,,,,,2018-10-08
0.07559838082719013,0.15,0.035584245810475486,0.0,0.0,0.14909092983593059,0.0,0.0074640247042338514,-1.0196079566004661e-17,0.0,0.0,-4.449012567225749e-18,6.807891544390574e-18,0.0,0.0,0.0,0.0,0.0,0.0,0.15,0.11719046432861219,0.0,0.0,-4.4647207358652266e-18,0.0,0.00461222602853141,0.0941534477444127,0.13602020854526922,0.0,0.08028607217534445,2018-11-06
0.07765614803937751,0.15,0.047929676017580206,0.0,0.0,0.14790275819248108,-3.341859159786213e-18,0.003817012571528735,-2.2797668869764668e-18,0.0,0.0,0.0,-2.1887896719861603e-18,0.0,0.0,0.0,4.663075659620417e-18,0.0,2.070366806768794e-18,0.15,0.11324961311366791,0.0,6.657062090689195e-19,0.0,0.0,0.036418974374775995,0.0581891297088843,0.1484500187445359,0.0,0.06638666923716846,2018-12-07
0.10689976209505134,0.15,0.042474082866359654,0.0,-4.253736367210673e-18,0.15,0.0,4.0997580329424486e-21,0.0,-1.2411505573382188e-18,0.0,0.0,0.0,0.0,0.0,0.0,-4.540254379119833e-18,0.0,0.0,0.15,0.12470116455092946,0.0,0.0,0.0,-4.89542503224723e-18,0.04869698226011443,0.026462208353420964,0.15,-6.841485524664542e-18,0.050765799874124135,2019-01-09
0.13182457690749447,0.15,0.039381780821160894,0.0,0.0,0.14199591688441351,-3.8682263549752066e-18,5.481081642623343e-18,0.0,2.8873431029447833e-18,0.0,0.0,0.0,2.986165513635668e-19,0.0,0.0,-1.624350022608296e-18,0.0,0.0,0.15,0.12876887105218973,0.0,0.0,0.0,-4.951344799988761e-18,0.06196952039072138,0.0,0.15,1.6102672718361745e-18,0.046059333944020106,2019-02-08
0.15,0.14322176464842312,0.03545488383098399,0.0,6.346146451763501e-18,0.12274242301580336,0.0,-4.062706405376983e-18,0.0,0.0,0.0,0.0,-1.0636672977910173e-18,0.0,0.0,0.0,2.299386030033108e-18,0.0,0.0,0.15,0.13449659000918565,0.0,0.0,0.0,2.4795056247358136e-18,0.06924778202269162,0.0,0.15,0.0,0.04483655647291229,2019-03-12
0.14239143321619882,0.1381532075293887,0.03936974492550857,0.0,0.0,0.12956838584359803,5.045173295677671e-18,8.732684156834532e-19,0.0,3.482439935134567e-19,0.0,0.0,0.0,9.225186721895739e-18,-7.144593810242684e-18,0.0,0.0,0.0,0.0,0.15,0.13260094227182298,0.0,0.0,0.0,1.1622608117008257e-18,0.07057701356574024,0.0,0.15,-4.410561770205996e-18,0.04733927264774258,2019-04-10
0.14509241030375325,0.13501042259381,0.03649769136282353,0.0,-6.933601188666842e-18,0.130090355138017,0.0,0.0,3.707784149723926e-18,0.0,0.0,0.0,7.180169559480263e-18,0.0,0.0,0.0,5.500984904391104e-19,0.0,0.0,0.15,0.1371858910085454,0.0,0.0,-4.4331603141175006e-18,-3.9876245744924726e-18,0.06911004698507814,0.0,0.15,0.0,0.04701318260797278,2019-05-10
0.15,0.1352065216615768,0.03247473334316046,0.0,4.973010877381044e-19,0.12344626445382434,0.0,-3.428111462764441e-18,0.0,0.0,0.0,0.0,3.728416990493676e-18,0.0,-1.1588439115784216e-19,0.0,-7.980110614969892e-20,0.0,4.7440024439894566e-21,0.15,0.14001222142873873,-3.526153589483059e-18,0.0,0.0,-1.2937407953171925e-18,0.07339531718530048,0.0,0.15,0.0,0.045464941927399326,2019-06-11
0.15,0.1375561069093664,0.03309766305779773,0.0,0.0,0.11654966466921855,5.266020010463684e-18,2.859231322018617e-18,0.0,0.0,0.0,-5.138466916116405e-18,0.0,3.131004085257533e-19,1.968173320789185e-18,0.0,0.0,0.0,0.0,0.15,0.13897300655994854,-1.8032452076036194e-18,0.0,0.0,-1.2687572798338953e-18,0.0717615858279812,0.0,0.15,0.0,0.05206197297568761,2019-07-11
0.15,0.14200721084224688,0.03276113678068963,0.0,0.0,0.10706612384657736,0.0,-5.416302751329783e-18,0.0,0.0,0.0,3.1016112703151097e-19,0.0,0.0,-2.648615332283524e-19,0.0,7.017823877636054e-18,0.0,0.0,0.15,0.13810647696293718,-1.2999530554249826e-18,0.0,0.0,-3.624059106853729e-18,0.0758428780318204,0.0,0.15,0.0,0.05421617353572835,2019-08-09
0.15,0.1391761935532304,0.03282823513208546,0.0,1.4581898361238582e-18,0.10438740939032208,-3.72954824856034e-18,-2.901611913289428e-18,0.0,2.99492940368016e-18,4.42923290886749e-18,0.0,0.0,0.0,0.0,0.0,5.97623323018203e-20,0.0,0.0,0.15,0.14099684157716916,0.0,0.0,0.0,-5.963740850626493e-18,0.07677347009949283,0.0,0.15,0.0,0.05583785024769966,2019-09-10
0.15,0.14292932220699847,0.03812407812869757,0.0,0.0,0.0976986506907341,4.025315444337328e-18,-1.7224718242809103e-18,0.0,4.3749942370324105e-19,-5.782419932959519e-19,0.0,-3.184347554267273e-18,0.0,1.514829838059869e-19,0.0,0.0,0.0,0.0,0.15,0.13724829188339543,0.0,0.0,0.0,0.0,0.07625963106613184,0.0,0.15,8.233184677008301e-19,0.057740026024042566,2019-10-09
0.15,0.14892450465097068,0.036035023136504626,0.0,0.0,0.08426809463640335,0.0,0.0005438708480168728,0.0,4.317926365434342e-19,4.9805614140112145e-18,3.4243594924050866e-18,4.891577005513068e-18,0.0,0.0,0.0,0.0,0.0,0.0,0.15,0.14254650851905584,0.0,0.0,0.0,0.0,0.08044514047243184,0.0,0.15,0.0,0.05723685773661675,2019-11-07
0.15,0.14710990087891332,0.03501093620064355,0.0,0.0,0.07674013532602054,-4.9969857874006575e-18,0.005448090769492278,-3.1979121007929836e-19,0.0,5.555430752412346e-20,-1.0896408000581753e-19,0.0,0.0,0.0,0.0,0.0,0.0,0.0,0.15,0.14914672314244537,0.0,0.0,1.0691622601568183e-18,0.0,0.08471650282059688,0.0,0.15,0.0,0.05182771086188797,2019-12-09
0.15,0.1490386493799993,0.036401015518997326,7.239174550422789e-19,7.141209641455081e-19,0.07418045165986162,3.598182933078921e-18,0.007250391668165698,0.0,7.933526259522488e-18,-7.479212294182535e-19,3.0870425841686628e-18,-4.607777117559135e-18,0.0,-1.9713105446340273e-18,0.0,0.0,0.0,0.0,0.15,0.14737698749370232,0.0,0.0,0.0,0.0,0.08281130853149114,0.0,0.15,-1.888484273932435e-18,0.05294119574778239,2020-01-09
0.15,0.15,0.03839738847128578,-5.76707902427005e-19,7.445690434488158e-19,0.06309749696933342,0.0,0.006286204653554075,0.0,2.5379716968664396e-19,-2.0577484189092062e-19,-1.113395033632986e-18,0.0,0.0,0.0,0.0,0.0,0.0,9.951794867726206e-20,0.15,0.14483110690384102,0.0,0.0,0.0,0.0,0.08869860701507737,0.0,0.15,0.0,0.058689195986908305,2020-02-10
0.15,0.149901775429036,0.03551583189179951,4.79564041143438e-19,-3.4566383126819546e-19,0.07658322051362282,0.0,0.007292753240798839,1.0186626863242454e-18,0.0,0.0,-5.942310518644504e-18,0.0,0.0,0.0,0.0,0.0,0.0,0.0,0.15,0.14263124971376653,-1.5990193362317922e-19,0.0,-3.8963026328869715e-20,0.0,0.08167863527669794,0.0,0.15,0.0,0.05639653393427834,2020-03-11
0.15,0.15,0.04377195641787977,0.0,0.0,0.06996750233934593,0.0,0.03698668278833559,7.018445243837822e-18,0.0,0.0,0.0,-1.221145955582553e-20,0.0,0.0,0.0,0.0,0.0,0.0,0.15,0.15,-9.347758168400949e-19,0.0,1.0379192878083266e-18,-3.645833660325179e-18,0.05734933087066445,0.016161188723016393,0.15,0.0,0.025763338860757733,2020-04-09
0.15,0.0007355270635191272,0.08394256220167158,0.0,0.0,0.15,0.0,0.12344747165957642,-1.20109874209681e-18,0.0,0.0,0.0,4.05323700338213e-18,1.264909888122358e-19,0.0,0.0,0.0009018339757610163,0.0,0.0,0.11230798650896863,0.15,2.2514638473096484e-18,0.0,-1.0943552820369171e-18,4.196756890915605e-18,-2.1354033454496063e-18,0.15,0.07124997898333255,0.0,0.007414639607170635,2020-05-11
0.15000000000000002,1.0840298296770927e-20,0.07613550027204656,0.0,0.0,0.15,0.0,0.14029309229719664,0.0,0.0,0.0,0.0,-1.4806948248564219e-18,0.0,0.0,0.0,0.0,0.0,0.0,0.10639744302495158,0.15,0.0,0.0,7.963344778840529e-19,0.0,-1.9981806615615347e-18,0.15,0.05514399406768279,0.0,0.022029970338122415,2020-06-10
0.15,0.027036344191802116,0.07941960200014292,0.0,0.0,0.15,-3.724483035846363e-18,0.15,0.0,0.0,-2.567651458579737e-18,-6.667531105360128e-18,0.0,0.0,9.048149070305009e-18,1.0287259173735295e-18,0.006012264138551546,0.0,0.0,0.08912384007875392,0.15,0.0,0.0,0.0,0.0,0.0,0.15,0.048407949590749455,8.475568890848576e-18,0.0,2020-07-10
0.15,0.03297056350696521,0.07231618483658771,0.0,0.0,0.15,0.0,0.15,0.0,0.0,0.0,-2.337919705609605e-19,0.0,0.0,0.0,0.0,0.0005135481678426721,0.0,0.0,0.09785216432562413,0.15,7.549441058626008e-18,0.0,5.798242649075261e-18,0.0,8.701268102364195e-18,0.15,0.04634753916298017,0.0,-2.609036903615162e-18,2020-08-10
0.15,0.03794727779542277,0.07235415180519893,0.0,0.0,0.15,0.0,0.15,0.0,0.0,0.0,-1.0779983373313731e-18,0.0,0.0,0.0,-6.349969337335793e-18,0.0009418615953082458,0.0,0.0,0.09450060078192933,0.15,-9.588747594998116e-20,1.8449383788194176e-20,-1.837227110839073e-18,0.0,0.0,0.15,0.04425610802214068,0.0,-8.012085276878419e-19,2020-09-09
0.15,0.025312865573468207,0.07476365833235032,6.648589084973171e-19,-1.1481671294278823e-18,0.15,0.0,0.15,0.0,0.0,0.0,-1.05206541292496e-18,0.0,0.0,0.0,0.0,0.007891379632445848,0.0,0.0,0.0911331080630683,0.15,1.8974454200649823e-18,-1.0319057632365419e-19,0.0,6.941582204141305e-19,0.0,0.15,0.050898988398667216,-1.046989846897086e-17,5.1417321642148026e-20,2020-10-08
0.15,0.03775630177689975,0.03071346596122999,-2.4912716175317266e-20,1.1418419181882053e-18,0.15000000000000002,0.0,0.15,0.0,0.0,0.0,3.0355937534481856e-19,0.0,0.0,-1.919073277288396e-19,0.0,0.021110732736092395,0.0,0.0,0.08298699946800756,0.15,-6.417426214978208e-19,1.187602773465738e-20,0.0,0.0,0.0,0.14999999999999997,0.07743250005777033,0.0,-2.3256821764352444e-19,2020-11-06
0.15,0.018134686127386314,0.06391534957660389,-1.0242891824390888e-20,0.0,0.15,0.0,0.15,-1.124997591858183e-17,0.0,0.0,0.0,0.0,0.0,-3.827145334663517e-19,0.0,0.015417670075398843,0.0,0.0,0.09598663169700862,0.15,0.0,8.667023111097443e-20,-5.645568572984752e-19,2.7750844417863475e-18,0.0,0.15,0.056545662523602325,0.0,-2.481222262094417e-18,2020-12-08
0.15,0.005780216565097981,5.616501508474233e-19,0.02365295486334252,-6.316605853088621e-18,0.15,0.0,0.15,0.0,-7.620837375213343e-19,0.0,0.0,0.0,0.0,3.135344905610189e-19,0.0,0.06159158284651165,0.0,1.0876901002553692e-19,0.08951993876312311,0.15,-7.118502907516315e-21,2.0633272346557785e-18,0.0,0.0,0.0,0.15,0.06945530696192476,0.0,0.0,2021-01-08
0.15,0.006320115753222303,-3.222780487924839e-19,0.018612059409930888,1.3511355218253547e-18,0.15,0.0,0.15,0.0,2.1969385244324936e-18,0.0,0.0,-4.888813432559454e-19,0.0,0.0268656861956028,0.0,0.08724772340272158,0.0,-1.1007003225186282e-19,0.04965789408444031,0.1469217689055277,0.0,-8.081119856130921e-20,0.0,0.0,0.0,0.15,0.06437475224855428,0.0,0.0,2021-02-09
0.15,0.0,-2.397200708864029e-19,0.04766433489560226,1.310015296109352e-18,0.15,0.0,0.15,0.0,0.0,0.0,0.0,0.0,0.0,0.03006828482986145,0.0,0.06775522148273361,6.99107870489943e-19,-8.293370420756499e-18,0.04041122593455625,0.14921234196021171,0.0,-1.8393134829810176e-19,0.0,0.0,0.0,0.15,0.06488859089703468,0.0,1.3211733902347153e-19,2021-03-11
0.1398538815520181,0.0,-2.4099444836747404e-18,0.041311131102987474,0.0,0.15,0.0,0.15,0.0,0.0,0.0,0.0,4.3036856570760866e-19,0.0,0.03075145107215671,0.0,0.0911866071545901,7.817667853658134e-19,1.0320924871053354e-19,-1.2875568649227218e-18,0.13544637527925998,0.04154780309923458,0.006647585008378123,0.0,0.0,0.0,0.15,0.06325516573137491,0.0,0.0,2021-04-12
0.15,0.0,3.488172873898463e-18,0.028539789972490317,0.0,0.15,0.0,0.15,0.0,0.0,0.0,0.0,3.9237980693264415e-18,0.0,0.0295290855085957,0.0,0.07160471513510033,4.596771095542334e-18,2.4854155155439017e-19,0.012432154085199919,0.10480190069721602,0.06333608779550834,0.015255836815785625,0.0,0.0,0.0,0.15,0.07450042999010374,0.0,0.0,2021-05-11
0.15,0.0,-1.7018868964909725e-18,0.023982036266357202,0.0,0.15,0.0,0.13016904681541538,0.0,0.0,0.0,0.0,-9.167519756481658e-19,0.0,0.010788283793197797,0.0,0.09896592942221398,-2.5304199167101947e-18,8.196238695816443e-18,0.0008771672643915944,0.10216358727120688,0.04252207047108809,0.0692673563480397,0.0,0.0,0.0,0.15,0.07126452234808933,0.0,0.0,2021-06-10
0.15,0.0,-3.4442085296523433e-18,0.007340071147623484,0.0,0.15,0.0,0.15,0.0,8.400631790092382e-19,0.0,0.0,6.615941874858626e-19,0.0,0.01733234430132828,0.0,0.06311830055661187,-1.867355409690896e-18,1.2962740334018515e-18,-2.123343797531843e-19,0.08499565605995409,0.09847948016557669,0.021892278323967482,0.0,0.0,0.0,0.15,0.10684186944493808,0.0,0.0,2021-07-12
0.15,0.0,4.676233747152063e-19,0.020960766986788733,0.0,0.15,0.0,0.15,0.0,0.0,0.0,0.0,4.034017167267445e-19,0.0,0.026170523479009215,0.0,0.026108569731018307,2.5752356602185716e-18,-1.2913167964815e-18,-4.2883395894512096e-18,0.09478493674123739,0.07917869943700888,0.03800217702092613,0.0,0.0,0.0,0.15,0.1147943266040112,0.0,0.0,2021-08-10
0.15,0.0,8.183881908866443e-19,0.0,0.0,0.15,0.0,0.15,0.0,4.744377577444415e-18,0.0,0.0,0.0,0.0,0.025645137231283158,0.0,0.02085975746009448,-2.456663446292826e-18,2.826124842772129e-18,0.008658833714331121,0.12523006769673764,0.09668600715244666,1.5496537783891189e-18,0.0,0.0,0.0,0.15,0.12292019674510689,0.0,0.0,2021-09-09
0.15,0.0,-1.3566492323047377e-19,0.018229592397013952,2.1120815387568313e-19,0.15,0.0,0.15,0.0,4.492888277550983e-19,0.0,0.0,0.0,0.0,0.012153008713798659,0.0,0.023021619885008174,0.0,-1.0937729958725307e-18,0.028004336838545238,0.1451436956937492,0.054650856220080826,1.5238959607466608e-20,1.3317927195729456e-18,0.0,0.0,0.15,0.11879689025180384,0.0,0.0,2021-10-08
0.15,0.0,0.0,0.010057976593452294,8.67507835651118e-19,0.15,0.0,0.15,0.0,0.0,0.0,0.0,0.0,0.0,0.02019006798601606,0.0,0.032714227237088916,4.205254950431502e-18,-1.843883324624691e-18,0.03881206769798405,0.11894853855709639,0.03707855341267599,-4.529383700565458e-19,0.0,0.0,0.0,0.15,0.14219856851568644,0.0,-1.6282692258614476e-19,2021-11-08
0.15,0.00519859003405422,-2.0095633950095544e-18,0.0,0.0,0.15,0.0,0.15,0.0,0.0,0.0,0.0,0.0,0.0,0.045406782641923125,0.0,0.024999721925798538,-4.977072612146719e-18,1.3204433204620387e-18,0.04580375529232787,0.11632734433747408,0.03459971968009253,-1.3907175853258854e-18,0.0,0.0,0.0,0.15,0.12766408608832963,0.0,1.0418155224725867e-18,2021-12-08
0.15,0.08253679554797029,-2.6106051012872435e-19,0.0028089586087494617,0.0,0.15,0.0,0.15,0.0,-1.0693772655928147e-18,0.0,0.0,0.0,0.0,0.02055135709751208,0.0,0.027226274061117783,3.634382326813079e-18,-7.86968211520679e-18,0.06394683118199262,0.09086711959511191,0.0006055655955411746,4.862406460077374e-19,0.0,0.0,0.0,0.15,0.11145709831200469,0.0,0.0,2022-01-07
0.15,0.09943759892101489,0.0009661897568579364,0.0,-8.886275657686573e-20,0.15,0.0,0.15,0.0,-1.0373917037932877e-19,0.0,0.0,0.0,0.0,0.02225921914145889,0.0,0.038979071925664244,9.805843069511933e-18,3.6752680034927474e-19,0.053132153284473155,0.07421434824678105,0.0,-1.6026154449308254e-19,0.0,0.0,0.0,0.15,0.11101141872374978,0.0,-2.1855467199747758e-20,2022-02-08
0.15,0.10593089994767793,0.006988560633894564,0.0,-1.6863947068093412e-18,0.15,0.0,0.15,0.0,4.612250369506612e-19,0.0,0.0,0.0,0.0,0.01468206292674876,0.0,0.037053025866369986,0.0,0.0,0.061115495715930855,0.06959412864907405,0.0,5.811443201516526e-19,5.764018066030254e-19,0.0,0.0,0.15,0.10463582626030402,0.0,0.0,2022-03-10
0.15,0.05924222457645552,-1.7947659918144745e-18,0.0,0.0,0.15,0.0,0.15,0.0,0.0,0.0,0.0,0.0,0.0,0.026180118999313603,0.0,0.10051733956940812,0.0,0.0,0.12461058412168985,0.015319777120662367,0.0,-1.202622872695978e-20,8.658208308973607e-20,-1.2382066050131668e-18,0.0,0.15,0.07412995561247047,0.0,0.0,2022-04-08
0.15,0.07372363869587459,2.9200560636338665e-19,0.0,4.1990408339680175e-19,0.15,0.0,0.15,0.0,0.0,0.0,0.0,0.0,0.0,0.016128057692128172,0.0,0.08207024547608223,0.0,0.0,0.12786136070793483,0.05524763838646645,0.0,-1.9531381330990702e-19,3.9350889519312285e-21,-7.916839298374457e-19,0.0,0.15,0.04496905904151372,0.0,0.0,2022-05-10
0.14999999999999997,0.10412800857949062,0.01940044872245001,0.0,0.0,0.15,0.0,0.15,0.0,-1.858287550410857e-18,0.0,0.0,0.0,0.0,0.01447139794130606,0.0,0.07103409137501322,8.516509044665958e-21,0.0,0.12979097846835322,0.04245734303380433,0.0,2.1887866279879632e-19,4.079265280923506e-18,0.0,0.0,0.15,0.018717731879582564,0.0,0.0,2022-06-09
0.15,0.08756293314551056,-5.219774876341679e-19,0.0,5.553217071352145e-19,0.15,0.0,0.15,4.958112966632006e-19,-1.441883375864601e-19,0.0,0.0,0.0,0.0,0.025097183549863507,0.0,0.07169619701983138,0.014666396305664653,0.0,0.15,0.041744017658434385,0.0,1.0385392353589658e-19,-3.348156040995889e-18,0.0,0.0,0.15,0.009233272320695447,0.0,0.0,2022-07-12
0.15,0.10293231119494432,0.0022822388425852535,1.4658086777637568e-18,2.8771089028782173e-18,0.15,0.0,0.15,0.0,0.0,0.0,0.0,0.0,0.0,0.005359843957878017,0.0,0.05016392825144932,0.0028194378584499827,0.0,0.13865318615034267,0.08589876467587043,0.0,-1.2431355461669516e-18,1.5168961862085086e-20,0.0,0.0,0.15,0.01189028906848,1.0649814939322367e-19,0.0,2022-08-10
0.15,0.09745244485506177,0.024796420721031692,-9.297877377000504e-18,-2.0482690091078797e-18,0.15,0.0,0.15,0.0,0.0,0.0,0.0,0.0,0.0,0.01575140582979345,0.0,0.03904878092676178,0.005035082524981684,0.0,0.14791888998968447,0.01976803491445032,0.0,2.2515484897135767e-19,1.7578474789758083e-18,0.0,0.0,0.15,0.050228940238234904,0.0,0.0,2022-09-09
0.15,0.07622111390584255,0.03543385053788484,2.1662038355354502e-21,3.04077804679128e-18,0.15,0.0,0.15,0.0,0.0,0.0,0.0,0.0,0.0,0.007872308498746237,0.0,0.025716458722622494,0.009394340475615104,0.0,0.15,0.04449515298240678,0.0,0.0,-5.11988284641529e-19,0.0,0.0,0.15,0.05086677487688177,0.0,0.0,2022-10-10
0.15,0.15,0.027253154579191623,-1.2117940201372683e-18,3.5269357821528565e-18,0.15,0.0,0.15,0.0,0.0,0.0,0.0,0.0,0.0,0.003118934240962667,0.0,0.02920631922325184,0.02224225612670386,0.0,0.09795795110437396,-9.555802255272842e-20,0.0,-2.700812305429693e-20,0.0,1.0124545513077545e-17,0.0,0.15,0.07022138472551603,0.0,0.0,2022-11-08
0.15,0.15,0.04545699332880632,2.9376371782772006e-18,2.9522216139461074e-18,0.15,0.0,0.15,0.0,0.0,0.0,0.0,0.0,0.0,2.528402994251497e-19,0.0,0.03199653068805503,0.018373365307111457,0.0,0.07635246383708305,0.0016313716236376378,0.0,-1.6310614151578926e-18,-8.793250236200606e-19,0.0,0.0,0.15,0.06089120676201096,0.0,0.015298068453295432,2022-12-08
0.15,0.15,0.040873822899929815,0.0,4.466403314369267e-18,0.15,0.0,0.15,0.0,0.0,0.0,0.0,0.0,0.0,-6.5913016018999505e-19,0.0,0.04927420674738714,0.010865182652718155,0.0,0.08583318491699524,3.4625741135720903e-19,0.0,8.41388529827576e-20,1.9614639370291464e-18,0.0,0.0,0.14588677729483224,0.05418670171985488,0.0,0.013080123768282638,2023-01-10
0.15,0.12478813026086259,0.029996986739738742,0.0,0.0,0.15,0.0,0.15,0.0,0.0,2.0957559985281126e-18,0.0,0.0,0.0,2.939869760830342e-18,0.0,0.04768724234565,0.011320491221422337,0.0,0.1351811483914184,0.0,0.0,0.0,-5.034814479110979e-20,0.0,0.0,0.13547556130635233,0.0655504397345556,-5.572462630572054e-20,0.0,2023-02-09
0.15,0.1346331054330236,0.05050972658360211,0.0,1.785833252163805e-18,0.15,0.0,0.15,0.0,0.0,0.0,0.0,0.0,0.0,0.015824389561497405,0.0,0.04476405286107059,0.011493579196822326,0.0,0.10905304750406755,1.1872917808870248e-19,0.0,3.2202021784607e-19,1.2430283065205919e-18,0.0,0.0,0.10144352392834832,0.08227857493156808,3.819708131676068e-18,0.0,2023-03-13
0.15,0.15,0.03439716281565178,-1.9336011974043693e-18,2.779604205273793e-18,0.15,1.4870415201269698e-18,0.15,0.0,0.0,0.0,0.0,0.0,5.884182959148708e-20,0.017282852223721466,0.0,0.03322361393587891,0.010656457684466202,0.0,0.10363096606536348,6.338734242068921e-20,0.0,0.0,0.0,0.0,0.0,0.09043952587265106,0.08103736938218867,0.0,0.02933205202007829,2023-04-12
0.15,0.15,0.025938034612008158,0.0,-1.97637483736683e-18,0.15,-3.2924427647141385e-18,0.15,0.0,0.0,0.0,0.0,0.0,-3.1349288724371486e-18,0.010671956910630902,0.0,0.02715339004248933,0.00797594464659037,0.0,0.06223596987631459,0.0,0.0,-5.211357147200905e-19,-5.0659047804409596e-18,0.0,0.0,0.11158174354439478,0.05996100176479595,0.0,0.09448195860277595,2023-05-11
0.15,0.15,0.10865848630019638,0.0,2.0776474107753877e-18,0.15,-2.1833024165974675e-18,0.15,0.0,0.0,0.0,0.0,0.0,6.383686514076963e-19,-7.142941735747625e-20,0.0,0.012727243786801474,0.0,0.0,0.018913871742574456,0.03002297495984439,0.0,8.186442175171261e-19,-3.2652164555175193e-19,0.0,0.0,0.1157355096532822,0.03188883664418159,0.0,0.0820530769131196,2023-06-12
0.15,0.15,0.08887320019097825,3.1697807218382377e-19,-1.147014964304357e-18,0.15,0.0,0.15,0.0,0.0,0.0,0.0,0.0,0.0,0.030393762184577355,0.0,0.009772664978931315,0.0,0.0,0.007685592496258954,2.113758712953223e-19,0.0,2.510527601271387e-18,2.6393721309070343e-18,0.0,0.0,0.09971762243339422,0.035411493284594406,0.0,0.12814566443126546,2023-07-13
0.15,0.15,0.09005064201687481,4.649823003371266e-19,2.8909384607236273e-19,0.15,0.0,0.15,0.0,0.0,0.0,0.0,0.0,0.0,0.030433051545669536,0.0,0.02280665201927326,0.0,0.0,0.0,3.103202988562365e-18,0.0,1.697396805463739e-18,-4.1977910898496985e-18,0.0,0.0,0.08581753611218082,0.0502102573270402,0.0,0.12068186097896148,2023-08-11
0.15,0.15,0.07777721618171289,-1.5361236761876134e-18,0.0,0.15,0.0,0.15,0.0,0.0,0.0,0.0,0.0,0.0,0.028247754365858954,0.0,0.05245631497165754,0.0,0.0,0.0,1.7772366502480673e-20,0.0,1.052277399677788e-18,-3.129412520641489e-19,0.0,0.0,0.08530667163592741,0.0628876286615831,0.0,0.09332441418326018,2023-09-12
0.15,0.15,0.10101726676763322,1.76219929078714e-18,0.0,0.15,0.0,0.15,0.0,0.0,0.0,0.0,0.0,-1.5076972871155746e-19,0.020417180751020714,-8.555599659883928e-19,0.058958422469641905,-2.1966917617947946e-18,0.0,0.0,-6.87007725744594e-19,0.0,0.0,7.316004743984289e-19,0.0,0.0,0.08445012175174257,0.029322969637880315,0.0,0.1058340386220811,2023-10-11
0.15,0.15,0.10375498999498672,-4.733097239089323e-19,0.0,0.15,1.848321617191072e-18,0.15,0.0,0.0,0.0,0.0,0.0,0.0,0.017097611785686563,2.6002059645295315e-18,0.05115224941689395,0.005560686386035793,0.0,0.0,-2.887193521743234e-19,0.0,-2.3691687065010764e-18,2.278879268149875e-18,0.0,0.0,0.0980360531621206,0.021479978887774934,0.0,0.10291843036650157,2023-11-09
0.15,0.15,0.04754225044025575,0.0,0.0,0.15,0.0,0.15,0.0,-2.000971379816084e-18,0.0,0.0,0.0,0.0,0.0073977569933137465,0.0,0.052235152730797166,0.007832949539125871,0.0,0.0,-2.3558191252415443e-18,0.0,1.6296953053458516e-18,2.032709463928164e-19,0.0,6.153939747138761e-20,0.1268639566606918,0.008127933635815486,0.0,0.15,2023-12-11
0.15,0.08844246558486904,0.043737783799455573,0.0,0.0,0.15,0.0,0.15,0.0,-1.770800409813727e-21,0.0,0.0,0.0,0.0,0.022209739680221996,0.0,0.06608537074926284,0.020476127778944912,0.0,1.5663572405823159e-18,2.0112797695698165e-19,0.0,0.05599205604215744,-5.350259885317626e-18,0.0,0.0,0.10305645636508812,0.0,0.0,0.15,2024-01-11
0.15000000000000002,0.07646678392974593,0.09879819374446852,9.811444981840352e-19,0.0,0.13910121325265917,0.0,0.15,0.0,-6.197164615100246e-19,0.0,0.0,0.0,0.0,0.004078811694785452,0.0,0.045166757885219365,0.015410612210487302,0.0,-1.1828319168653644e-19,-2.428421523042457e-18,0.0,0.02460938547368295,5.805112707186263e-19,0.0,0.0,0.14636824180895103,0.0,0.0,0.15,2024-02-12
0.15,0.08916438249519607,0.08432323229507875,0.0,0.0,0.15,0.0,0.14999999999999997,0.0,-7.537151083914822e-19,0.0,0.0,0.0,0.0,1.4559393159113792e-18,1.5965853629293593e-20,0.04246444127519603,0.01469694656115336,0.0,5.178942723435047e-19,4.132745121886446e-18,0.0,0.019350997373375745,1.635107511159718e-18,0.0,0.0,0.15,0.0,0.0,0.15,2024-03-13
0.15,0.08407932090489961,0.06845143755101338,0.0,0.0,0.15,0.0,0.15,0.0,-4.4994273504278715e-18,-2.4597514563534474e-18,0.0,0.0,0.0,1.004806336045681e-19,0.0,0.05631168377733594,0.009605163687624154,0.0,-6.507491872588922e-18,-3.770644513362251e-19,0.0,0.01874393295266775,-6.978792476573539e-20,0.0,0.0128084611264591,0.15,0.0,0.0,0.15,2024-04-12
0.15,0.09337257997652905,0.08261129888486643,0.0,0.0,0.15,-1.0520986351204553e-18,0.15,0.0,-3.2813937997636197e-18,0.0,0.0,0.0,0.0,-2.592875496654829e-19,0.0,0.06834662780384751,0.005669493334757019,0.0,0.0,-1.132951768025099e-19,0.0,3.101565383146704e-20,-2.009418696995506e-18,0.0,0.0,0.15,0.0,0.0,0.15,2024-05-13
0.15,0.07446103935578792,0.13493852238504989,3.7671106713919486e-18,0.0,0.15,-2.4876242921444392e-18,0.15,0.0,-1.5141644442544265e-18,0.0,0.0,0.0,0.0,7.896890535577718e-19,0.0,0.04060043825916197,-2.262082714445335e-18,0.0,0.0,-1.8888448947507804e-18,0.0,1.6399902237290778e-18,3.792186634563969e-18,0.0,0.0,0.15,0.0,0.0,0.15,2024-06-12
0.15,0.030080511135149875,0.15,0.0,0.0,0.15,0.0,0.15,0.0,2.2090004194695976e-18,0.0,0.0,0.0,0.0,-3.8686141565499756e-19,0.0,0.052847750974230466,0.0030430662389282033,0.0,0.0,7.226142635235283e-19,0.0,0.014028671651691417,8.5703141203735e-19,0.0,0.0,0.15,0.0,0.0,0.15,2024-07-15
0.15,0.018186693250157242,0.15,0.0,0.0,0.15,-3.7759058589962657e-19,0.15,0.0,1.9611140006984936e-18,0.0,0.0,0.0,0.0,-8.662483756821553e-19,0.0,0.04839525071440983,0.007472685846516029,0.0,0.0,4.4138734096259445e-19,0.0,0.025945370188916902,4.784773527724637e-19,0.0,0.0,0.15,0.0,0.0,0.15,2024-08-13
0.15,0.023007406440635675,0.15,0.0,0.0,0.12530824020885084,-4.60478332713585e-18,0.15,0.0,0.0,0.0,0.0,0.0,0.0,-6.658294730126418e-20,0.0,0.03366863295329825,0.01832629512775959,0.0,0.0,-5.266406864410879e-19,0.0,0.0496894252694556,2.540453269817648e-18,0.0,0.0,0.15,0.0,0.0,0.15,2024-09-12
0.15,0.07037291914313586,0.15000000000000002,0.0,0.0,0.15,2.7183271367251713e-19,0.15,0.0,0.0,0.0,0.0,0.0,0.0,-4.801855551576769e-19,0.0,0.02071088815197452,0.0010735248393280296,0.0,0.0,0.007842667865561492,0.0,9.66827689630253e-19,-8.355838490656319e-20,0.0,0.0,0.15,0.0,0.0,0.15,2024-10-11
0.15,0.007045690894025561,0.15,0.0,0.0,0.15,-4.5912356829281043e-20,0.15,0.0,0.0,0.0,0.0,0.0,0.0,-1.0475319915648785e-20,0.0,0.03525996074944349,0.019195252611223592,0.0,0.0,-5.147621511874865e-19,0.0,0.03849909574530741,-6.0067707952250686e-18,0.0,0.0,0.15,0.0,0.0,0.15,2024-11-11
0.15,1.0882995695711698e-19,0.15,0.0,0.0,0.14952338068814125,4.915711433981909e-19,0.15,0.0,-3.9496514739686205e-19,0.0,0.0,0.0,0.0,0.006208984107824877,0.0,0.017124797417997637,0.034486720871315116,0.0,0.0,3.4167453688764554e-18,0.0,0.04265611691472095,-3.986968979510187e-20,0.0,0.0,0.15,0.0,0.0,0.15,2024-12-11
0.15,0.006566525478535774,0.15,0.0,0.0,0.15,2.6154753580229945e-18,0.15,-1.4536581529721357e-19,0.0,0.0,0.0,0.0,0.0,0.013730610095403146,-4.4160694471311224e-18,0.008940448072386045,0.032386511448786584,0.0,0.0,0.0,0.0,0.038375904904888444,-5.887369613274001e-20,0.0,0.0,0.15,0.0,0.0,0.15,2025-01-14
0.15,0.0075045431667977065,0.15,0.0,0.0,0.15,-6.341414465082388e-19,0.15,0.0,0.0,0.0,0.0,0.0,0.0,0.0059088127453849094,0.0,0.0076184560209526945,0.027812415687612,0.0,0.022011307412748485,1.4316891701473452e-19,0.0,0.02914446496650424,-1.0154026385004797e-18,0.0,0.0,0.15,0.0,0.0,0.15,2025-02-13
0.15,-9.683825386125799e-20,0.15,0.0,0.0,0.15,7.731365706092256e-19,0.15,0.0,0.0,0.0,0.0,0.0,0.0,-4.809868892351657e-19,0.0,0.012982531738797288,0.03556750098240727,0.0,0.0,-9.622157794367837e-18,0.0,0.05144996727879549,-4.2717448309450516e-19,0.0,0.0,0.15,0.0,0.0,0.15,2025-03-17
0.15,0.0,0.15,0.0,0.0,0.11670766829827066,0.0,0.15,0.0,-1.1279953727208604e-17,0.0,0.0,0.0,0.0,-3.3623183045979493e-19,0.0,0.0,0.04382191161792419,0.025927669565474237,0.0,-1.5104294927287496e-19,0.0,0.06354275051833085,1.529929780363138e-19,0.0,0.0,0.15,0.0,0.0,0.15,2025-04-15
0.15,9.488676672965017e-19,0.15,0.0,0.0,0.06289277911038203,-5.912162527063392e-19,0.11302294218714103,0.0,0.0,0.0,-2.590986654487687e-19,0.0,0.0,1.211179208356085e-21,0.0,0.0,0.03959422429183443,0.0,0.09088910070748432,-1.0362282831325074e-18,0.0,0.052512437551057785,-5.135633628598718e-19,0.0,0.12148600518973747,0.06960251096236318,0.0,0.0,0.15,2025-05-15
0.15,0.0,0.15,0.0,0.0,0.06851347662184945,0.0,0.0708219480038794,7.502893560198681e-20,0.0,0.0,0.0,0.0,0.0,4.265475788658081e-19,0.0,0.0,0.03342829170399346,0.0,0.15,0.0,0.0,0.0509640082176732,1.4657738246670394e-18,0.0,0.12190476697668423,0.054367508475920256,0.0,0.0,0.15,2025-06-16
0.15,3.0955449317186204e-20,0.15,0.0,0.0,0.05636347538718904,6.12821356195514e-20,0.1233792760844947,0.0,0.0,0.0,-1.767424231855359e-18,0.0,0.0,-8.340365935121031e-19,0.0,0.0,0.033755980692789206,0.0,0.15,-4.948852993710865e-18,0.0,0.03551104766998302,4.5589655545203535e-19,0.0,0.11060609966858417,0.04038412049695999,0.0,0.0,0.15,2025-07-17
0.15,0.05443191566019303,0.15,0.0,0.0,0.02641109818877347,0.0,0.13293203182901356,5.605627135059903e-19,0.0,0.0,3.840045665174747e-18,0.0,0.0,-1.8215313607399284e-19,0.0,0.0,0.0359947130609518,0.0005519654799212118,0.1492827270109862,0.0,0.0,0.03753123181319041,5.999804073738193e-19,0.0,0.1028999693390634,0.0,0.009964347617907083,0.0,0.15,2025-08-15
0.15,0.06593598761680285,0.15,0.0,0.0,-2.0122739779696264e-18,-2.3115377471037358e-19,0.1343686603736141,0.0,0.0,0.0,-5.881212694535996e-19,0.0,0.0,3.533144131966686e-19,0.0,0.0,0.04330945771714321,0.0054437919433512,0.15000000000000002,4.235237673130535e-18,0.0,0.0523612100829387,2.656156382963752e-18,0.0,0.09457383730946607,0.004007054956683707,0.0,0.0,0.15,2025-09-16
0.15,0.02675134642483291,0.15,0.0,0.0,0.04117699562830861,-7.763514752839214e-19,0.15,0.0,0.0,0.0,-2.6669475857480186e-18,0.0,0.0,3.4066216080039245e-19,0.0,0.0,0.032015495644901616,0.023463725816624068,0.15,0.0,0.014577970139178208,0.032929697790779505,2.2359829800090803e-19,0.0,0.06939290895299068,0.009691859602384398,0.0,0.0,0.15,2025-10-15
0.15,0.07397174884811994,0.15,0.0,0.0,0.011615067758353812,0.0,0.15,0.0,0.0,0.0,4.598081646435879e-18,0.0,0.0,1.0121815391225887e-18,0.0,0.0,0.030003828212254096,0.02469822025470812,0.15,8.280902959056372e-19,0.00899564857000359,0.036751376869090795,-5.947402941629026e-18,0.0,0.04734548628159223,0.016618623205877453,0.0,0.0,0.15,2025-11-13
0.15,0.08121916419540331,0.15,0.0,0.0,0.024054496619871777,0.0,0.15,0.0,0.0,0.0,5.191240103069273e-20,0.0,0.0,-2.2048137751595336e-18,0.0,0.0,0.021305124546148854,0.03047049922317067,0.14470937036029125,-9.568972452385758e-21,0.0,0.029820156666225887,-9.62381981854683e-19,0.0,0.03691754581454461,0.0315036425743436,0.0,0.0,0.15,2025-12-15
0.15,0.10463180456691341,0.15,0.0,0.0,0.01596160496673112,0.0,0.15,4.271646641309946e-18,-5.996293821309994e-19,0.0,3.3246617498983297e-20,0.0,0.0,0.0,0.0,0.0,0.013305262138725515,0.03915171856711885,0.14450409243114637,1.4228507099011842e-18,0.00028639247100085166,0.016608188760585677,0.0,0.0,0.03081127442168416,0.034739661676094095,0.0,0.0,0.15,2026-01-15
0.15,0.09086510827956833,0.15,0.0,0.0,0.011867762622899316,0.0,0.15,-4.967602342855621e-19,0.0,0.0,2.8920992104571617e-18,0.0,0.0,0.0,0.0,0.0,0.014113107613157795,0.039054993545275946,0.15,-2.9274764235262484e-18,0.0,0.01931404180654841,-2.228210938055244e-18,0.0,0.04292833859140727,0.03185664754114297,0.0,0.0,0.15,2026-02-17
0.15,0.10665988142948492,0.15,1.1577474218085615e-19,0.0,0.05446655317927046,0.0,0.15,0.0,1.2712460714863246e-18,0.0,1.5649702416351039e-18,0.0,0.0,0.0,0.0,0.0,0.0004589534462714069,0.03881080868782903,0.1256452734549665,0.025011041141493783,0.019313389049921685,2.878139933975611e-20,-8.892528014499704e-19,0.0,0.0015085643155102182,0.02538761398007869,0.002737921315173671,0.0,0.15,2026-03-18
0.15,0.12154543076192786,0.14168820018782788,1.076800174688386e-18,0.011719023464862104,0.03596114317602562,0.0,0.15,-3.2596882985776212e-19,0.0,0.0,0.0,0.0,0.0,0.0,0.0,0.0,0.0008212620254904584,0.03751286603401046,0.12701253279012964,0.03205545561851686,0.029226819965197857,3.3622446749517685e-19,0.0,0.0,-3.092915346684595e-19,0.012457265976011222,0.0,0.0,0.15,2026-04-17
0.15,0.10513980652870863,0.15,2.050927784941018e-19,0.0,3.650194308534047e-18,0.0,0.15,1.622253336623247e-18,0.0,0.0,4.614400356028606e-19,0.0,0.0,0.0,0.0,0.0,0.01451924590706809,0.04589807308285626,0.15,-8.192373516638946e-18,0.008240561278729235,0.029759000286808494,0.0,0.0,0.029482125088603903,0.01696118782722551,0.0,0.0,0.15,2026-05-18
0.15,0.10376001061511193,0.15,0.0,0.0009715750818673038,9.876854002349183e-19,0.0,0.15,2.8404593003022833e-19,0.0,0.0,0.0,0.0,0.0,0.0,0.0,0.0,0.012856709849303179,0.05424253213304658,0.14136547874138802,0.0,0.010362768170444629,0.04707978687620382,0.0,7.666016017172049e-19,0.016242221451020153,0.013118917081614334,0.0,0.0,0.15,2026-06-17
