Date,1N,MinVar,NominalCVaR,FiniteRegime,RobustSIP
1994-12-28,-0.0034233333333332228,-0.0003246094830935409,0.0003730009742137774,0.0002078173491801838,-0.001183889465044552
1994-12-29,0.002766692978964702,0.0020218444810375935,0.0024958856806223118,0.0016814418887707294,0.005061972747855803
1994-12-30,5.0320618150578866e-5,0.000470772991931101,0.0005400451020882713,-0.0004242919757829755,0.0008749517160153708
1995-01-03,-0.002374984140501857,-0.004780706492161002,-0.005300914870686846,-0.003321750086990094,-0.008431543075931303
1995-01-04,0.0014394806781081737,-0.0024474824279205887,-0.003067053728586955,-0.0028118915353119167,-0.0012561647972167966
1995-01-05,0.00032080669275957874,-7.14970499209322e-5,0.0004544164791411287,0.000685044649435973,0.0018126484513163454
1995-01-06,0.00140854957268699,0.0006600503320572937,0.0004798596690056556,-0.0004239379589926484,0.004479966357345155
1995-01-09,0.0008280551203014852,-0.0007140824052520589,-0.00031691592692217885,-0.0012820732887109942,0.0026895023157846865
1995-01-10,0.0012026177165189722,0.0034363646479065313,0.0033230447794398987,0.0020088587451041473,0.007026605375036965
1995-01-11,-8.503955701588684e-5,0.0015999831460902225,0.0025232022338941285,0.001727660398646691,0.002846464182687969
1995-01-12,0.0016212193716200751,0.002752678332943903,0.0018320470477442008,0.0019226299252372847,0.0026087694916063775
1995-01-13,0.006882124796686595,0.0049384959787066585,0.004737067515068416,0.005143872016876161,0.005498300557515767
1995-01-16,0.005812322353135002,0.005186925950582566,0.005951256341136357,0.006534520641177988,0.005585154722308028
1995-01-17,0.002770743556235189,0.005105566373684534,0.005415630114951719,0.004807837763287637,0.003533371315523448
1995-01-18,-0.0009552272435233711,0.0006276814502106376,0.0011248843186484336,0.00044496632164414684,0.002711689102055548
1995-01-19,-0.005634270723901769,-0.002920539606727668,-0.0029709591303498373,-0.0027885896931819643,-0.004516797549946494
1995-01-20,-0.004276005249014503,-0.0022703982898076847,-0.0027354652031383875,-0.0010147386630022792,-0.00721555533153273
1995-01-23,-0.000939351367422625,-0.0007499610341040741,-0.0012523906571429988,-7.527137072194101e-6,-0.0035980410856762957
1995-01-24,0.0014676567944804653,0.0009888307273784314,0.0005654541751054509,0.0005151322472982667,0.0013639048022546785
1995-01-25,0.002224918488029637,0.002438221236236382,0.002683851848285901,0.00324999984130514,-0.001182580758147811
1995-01-26,-0.001560037229942357,-0.00018741304915814716,-0.0005259578096609152,0.0018254614229331612,-0.004143350066258988
1995-01-27,0.00138333333333307,0.001160320545867899,-0.00021767038761721924,0.0016736522996776415,-0.004035018450947114
1995-01-30,-0.004780305577285038,-0.002979929242507562,-0.003376752148937179,-0.002874226075387676,-0.010187012150445818
1995-01-31,0.001254220427132413,0.0009063854655906312,0.0005896496837192178,0.001162795193054178,0.0017523956635596694
1995-02-01,0.0010093923863985221,0.0007654343976177813,0.0012102823675539387,0.0011819166068081088,0.004482136857852259
1995-02-02,0.004730541957505441,0.004370577624688288,0.0043275434973437665,0.003971299490196367,0.00396338823066178
1995-02-03,0.010052247079869403,0.011240545520197598,0.01022297991921639,0.011502489268514049,0.012245519163969654
1995-02-06,0.005050844706040669,0.006066200751626782,0.005589227012101183,0.004793312859535437,0.004216338582873513
1995-02-07,-0.00022429078530450397,-0.0012073895507970223,-0.0012646688586330779,-0.0014197875570519658,-0.0012300116555016283
1995-02-08,-0.0006502803218633169,0.0009858956705490751,0.000932308083945399,0.000566042629158714,0.001807952218893849
1995-02-09,0.001186743486621289,-0.0020694318961402836,-0.001516893607060199,-0.0027068962962616405,0.002256665360119703
1995-02-10,0.004305585366003006,0.0012793102373338527,0.002063839050904237,0.0020495120542332046,0.0026438956111551892
1995-02-13,0.001309731574969053,0.0001129843443010703,-0.00013417637609802746,-0.0011881140692799885,0.0009899836885376434
1995-02-14,0.0014226926705753762,0.0018028207137947838,0.0019046235554627255,0.0025913534821082607,0.0023730490409572536
1995-02-15,0.004933973744263964,0.005413914991734714,0.0051112344030084245,0.005442592318606332,0.005311635611042087
1995-02-16,-0.0005257655505983561,0.000792274212879418,0.001669901845594346,0.0010895586025714277,0.0032779214469009776
1995-02-17,-0.004341562893895534,-0.001102366266253818,-0.0009762482074486822,-0.0017101684258752359,-0.005233341242618317
1995-02-21,-0.00035991916049016304,0.0024802179199194807,0.002501474994145214,0.0022358589460964584,7.624707520736962e-5
1995-02-22,0.002908618989213574,0.004626004200103173,0.005392608445292879,0.00526756671429629,0.0039287214744765375
1995-02-23,0.0047899361549605945,0.0025379745342117843,0.0016461141080823527,0.0023853059725502668,0.0016934667461283581
1995-02-24,0.0018819004049539512,0.0018144883529522815,0.0015447723374404365,0.002459155621252096,0.00022899577674806437
1995-02-27,-0.007702567999602228,-0.005865785665905787,-0.005916083261443328,-0.0064272688281648005,-0.006760513885779806
1995-02-28,0.00702999999999987,0.00713383998497652,0.007799622300574294,0.007374108308323635,0.008239936752764576
1995-03-01,-0.00453705616184874,-0.004635743117883395,-0.005063638359661171,-0.005274443589324385,-0.00591155440515212
1995-03-02,-0.0006808019719415359,-0.00023882443266654008,-0.000347352536313017,-0.0006221960560950368,-0.0016193110985812664
1995-03-03,0.0014829268485139213,-0.00014824284848058422,0.00012109529123227603,-0.0005733864204513495,0.002409387336337332
1995-03-06,-0.0005922747625601854,0.003929159149335115,0.005817967713191097,0.0043671873227491,0.000636290196553313
1995-03-07,-0.005866420886080803,-0.001960251342580932,0.0003104054090754538,-0.0011768467931421167,-0.003253888605174504
1995-03-08,0.0018252369164448723,0.0006789984381352365,0.0002534594600260842,0.0013160942954288934,0.002221949360103892
1995-03-09,0.0009020387813334363,0.0015015285699051528,0.001694939133381812,0.0011424030193420975,-0.0001282629571693894
1995-03-10,0.010795402626960104,0.008150944291073658,0.007961261454194846,0.0086600809976074,0.009419173471298725
1995-03-13,0.0017137010040051415,0.0013720242433423735,0.0014350039332577946,0.0005994656158425649,0.00035124476722736553
1995-03-14,0.0042438229028640695,0.004314683910605188,0.003823438975474991,0.0036202007624270838,0.0023189607753997254
1995-03-15,-0.0019318554961582635,-0.00046392513947424163,-0.00010888306246326085,-0.00039860647661238424,-0.00030861038347840264
1995-03-16,0.004767723337982588,0.005483816402350961,0.0052848072427837955,0.00572975522473862,0.005984763153738415
1995-03-17,2.9073952984459694e-5,0.00060970831951912,0.0008088029615727077,0.00014816127573524795,-0.002823128075881365
1995-03-20,0.0008534908494219895,-0.0005850990884506135,-0.0007089091546402804,-0.0006311635211101452,-0.002512196585508275
1995-03-21,-0.0009971618936766014,-0.0022714065630529134,-0.0018238953667751856,-0.0017170533611089445,-0.003264403340460742
1995-03-22,-0.0006492461213900569,0.0009274730623287653,0.0011856811026260683,0.0013521063403683087,0.004351003544440735
1995-03-23,0.0005715747311156871,0.0002012065038048405,-2.762741055661877e-5,-0.0003947994200120819,0.0006711894352635639
1995-03-24,0.009388766384225367,0.007202058213156226,0.006100863189925532,0.007022862827301024,0.008329408983248854
1995-03-27,0.00481232851119362,0.0032336035762736692,0.0023074972030674434,0.003742572234963326,0.004744886355745104
1995-03-28,0.0011663371157861757,0.0001710244154766727,0.00040033193150290636,-0.00044174754804360283,0.0007082697874660759
1995-03-29,0.0005166666666667208,-0.0009927766011518235,-0.0006364141960955028,0.0007599811118337296,-0.0012377561593497344
1995-03-30,0.004016755343072775,0.004588948684115524,0.0055918946628834565,0.004016695008077775,0.0074293229213313605
1995-03-31,-0.0016185662620346042,0.0021546377110721604,0.0026367484433651445,0.001064896510574842,0.0011812565667217445
1995-04-03,0.001127964333494269,-0.00017345355499365223,-0.00018320193053034117,0.0009066080600470539,0.0003556749013804428
1995-04-04,0.003207894668674216,0.005660295785371305,0.005121367661608867,0.00653960723088276,0.0006761293369677013
1995-04-05,0.0005052444513273802,0.005925138981184075,0.006082263017540335,0.0049894758133530726,0.005518564879682719
1995-04-06,0.0009252182201224812,-0.0006602982776974242,-0.0015567260708304609,-0.0008345379106394768,-0.003391247894458882
1995-04-07,-0.0009350279673616679,-0.0016967551638489287,-0.0012433766618169528,-0.001345965472747901,-0.00039195466380659294
1995-04-10,0.0010669335355337761,-0.0008397055754261196,-0.0012761820810329727,-0.0011900745025039683,0.0017905673739835315
1995-04-11,-0.0008636429596152739,-0.0012249101517769478,-0.0012676144557537405,-0.0016606689854195,0.0010580799654029693
1995-04-12,0.004032913746707889,0.0022485720583618196,0.0023933099981265915,0.0025032650280649715,0.0030672749635731744
1995-04-13,0.0015848259610529158,0.0002919898959719003,7.637192693810135e-5,-0.00015180509257683994,0.003869356068243013
1995-04-17,-0.005108090001950227,-0.0005257982645288095,-0.0005804442659886888,-0.003582609335783693,0.0016405317564069932
1995-04-18,-0.004306999534941736,0.0008444837679766337,0.0014138857753429601,0.000774265086781023,-0.0002073970570086736
1995-04-19,-0.001130453733730108,-0.0007968512371056002,-0.0010645553688509724,-0.002021364799983272,-0.006192428927967009
1995-04-20,0.0014233094574245264,0.002416135428475741,0.0016384813834291467,0.0004006943837719934,0.002230652395842192
1995-04-21,0.005045995626383082,0.0036180810735435553,0.0036605091162436043,0.004011778338475436,0.0035568652339268425
1995-04-24,0.00802530090710496,0.006326072144016592,0.006271321139619035,0.005600367339233081,0.008855925006741705
1995-04-25,-0.0014858309739808062,-0.000329068693688761,-0.00027676401104792525,0.0001629248197880795,0.000959666490305322
1995-04-26,-0.00161698733625959,-0.0025923619787132646,-0.00301008936183067,-0.0025486769375410168,-0.004731994624095126
1995-04-27,0.002869512771275229,0.002077848178780428,0.002269230730993943,0.0026040329853538324,0.005340635473712441
1995-04-28,0.0015699999999998493,-0.00014748788443108563,-0.0002289771669985452,0.000315611649784886,-0.00031561872730323515
1995-05-01,-0.0007603998389192901,0.0024366965811910557,0.002606029164418322,0.002800868819275548,0.0016738945685146334
1995-05-02,0.0012839776874722375,0.0015639628536865402,0.0010508955921513241,0.0015816767472662807,0.0015057665836701872
1995-05-03,0.00794520642176666,0.005526062371168816,0.004714068571461727,0.00622225471336546,0.005855457640502104
1995-05-04,-0.0024226051202276278,0.0015528477606820967,0.002170154020342041,0.002044300724492132,0.0008220665047034004
1995-05-05,-0.002415101580895307,7.5580851872647514e-6,-0.0007761390182212669,-9.027268060690652e-5,-0.0033785014870196806
1995-05-08,0.006145430600025925,0.003986755252606056,0.004924266567009727,0.005992380884381587,0.0067838543724709766
1995-05-09,0.0005051659224653005,-0.003243280677675431,-0.003305274510847722,-0.0021925006616491105,-0.00473573994448806
1995-05-10,0.0022303257475841942,-0.00015191058698871274,0.0011806190755714319,0.0016241441130617762,0.002977651769186851
1995-05-11,0.002807490091150777,-0.001441104927123238,-0.0016331649260798997,-0.00209553892811587,0.00027476872831067034
1995-05-12,0.004429807469582769,0.0009533993002961427,0.001645196763692569,-0.00036893858185449435,0.004928064880503236
1995-05-15,0.00580720032953197,0.006935407906810687,0.006393307381270752,0.00536340708933003,0.007494699874936561
1995-05-16,0.0020217272587530477,0.0039267838212488915,0.0035060190843996253,0.002011895859732382,0.0026784322140127603
1995-05-17,-0.0016275868278770034,-0.002415449170148354,-0.0025554575885154973,-0.0023912205872740344,-0.00024620244841822014
1995-05-18,-0.012773163033420243,-0.00837124105546716,-0.00861333935273001,-0.009597019282725161,-0.007850049713527762
1995-05-19,-0.0011463910448262782,-0.0028772054361891897,-0.0022094972336362817,-0.001238950328559807,-0.0024932022246617613
1995-05-22,0.007443944598301,0.004226104337026415,0.003994187975684627,0.004415557582940544,0.005040601697033464
1995-05-23,0.0072056641857651815,0.007553984728099428,0.008184256026591452,0.00766979379121846,0.010997859572646318
1995-05-24,-0.00015388368728397328,0.005767385317573037,0.004893781523747087,0.004758007202879444,0.002197386993381345
1995-05-25,-0.0014843094968806092,0.002033440488961702,0.0009738995418007157,0.0014596568757980766,-0.0013272040348949465
1995-05-26,-0.005950861682176178,-0.005951021248114974,-0.005618904616833009,-0.005149306924406294,-0.006886198732551918
1995-05-30,-0.0015199999999999658,0.0003740643984813108,-2.126905794985756e-5,0.001720100687598869,-0.0051834624296560605
1995-05-31,0.012913383008840373,0.012705587152962217,0.012484077727003662,0.013249493264668732,0.010648668387192028
1995-06-01,0.0009517864239523277,0.001554653899555447,0.0014285173767958348,-6.288739455317938e-5,0.005026237860191296
1995-06-02,-0.0029981288863304423,-0.002249590881770236,-0.0030415706845707824,-0.0017894518628953637,-0.003966751622550224
1995-06-05,0.006440101022168188,0.006389131990798713,0.005788826167831829,0.004486000868686446,0.008124667626350446
1995-06-06,0.0004531656994313238,-0.00020096785863876754,0.00013903560631489675,-0.0010895331667599706,-0.002249670433157047
1995-06-07,-0.0027389512145920003,-0.002426598108551725,-0.0021088825990870363,-0.0030313174149988464,-0.0015610325507868783
1995-06-08,0.0001979120228985387,-0.0026505171566247876,-0.0020737303567783805,-0.0015305257544474538,-0.001951249903680785
1995-06-09,-0.005971091958802632,-0.007660774954042271,-0.0073550332867102775,-0.007260136345564994,-0.007080331534961237
1995-06-12,0.006254683833168739,0.0033502950570964973,0.0030896836310387865,0.0036248388876056747,0.0029250595309489036
1995-06-13,0.005942143301737479,0.006838771845987468,0.00622963387132236,0.006922596815983395,0.006753700135941454
1995-06-14,0.0011667564351656168,0.00042665570926381235,0.000321957635473602,0.0008850910684286006,0.002849087602225131
1995-06-15,0.002141974361050014,0.004415282383272823,0.0034213393199256092,0.0025312891367295087,0.006192162260543865
1995-06-16,0.0030138638397352313,0.002653333911270872,0.002161451843232909,0.0030432264231876616,0.0014581115379892484
1995-06-19,0.0072116503049668434,0.007058317443050965,0.00691972511536787,0.006138072641856951,0.010398220738380592
1995-06-20,-0.0009453914250829865,-0.004642228395565828,-0.004656444610094179,-0.0035231645346948115,-0.0016720713221257677
1995-06-21,5.756775301235528e-5,-0.0025247534244071668,-0.0019492213787516421,-0.0006290044395462768,-0.003419359343315276
1995-06-22,0.009747941805111848,0.008190852234062573,0.009052970459741738,0.010099900149984409,0.009267571124222052
1995-06-23,-0.002432080536981962,-0.002017844862600593,-0.0007976982903975527,-0.0008624441529480054,-0.0009384840321957633
1995-06-26,-0.008661646638325582,-0.007524691732229027,-0.007289840731307562,-0.006988046385388413,-0.008632173831977896
1995-06-27,-0.0014765071545953523,0.0002502378531665794,-0.0005317667906400425,-0.0011287749545312309,-0.001091665729905933
1995-06-28,0.002769999999999939,0.0029210076749368596,0.002428349261274887,0.0027137181123024767,0.0016597750800748656
1995-06-29,-0.00019467275646434246,-0.000912345384310953,-0.00034884424604630926,-0.0019498645499446132,0.0019919444053471125
1995-06-30,0.005284901471177328,-0.0015748791845058285,-0.0012859981059144543,-0.0012412206028725725,0.001615625809027188
1995-07-03,0.0028881476347295543,0.0021394752244192627,0.00263219020947969,0.003010979405023484,0.004776727201892372
1995-07-05,0.004168038915020711,0.0005289572876672199,0.0005966614735510856,-0.0005965894057134991,0.006337995314919631
1995-07-06,0.01104186131495033,0.011111197970426367,0.012459121347095703,0.01119170420435478,0.015407829559302755
1995-07-07,0.008735522075104196,0.006327637537400177,0.006791535606286647,0.0034862576058676265,0.015241009152212603
1995-07-10,0.002760543093041301,0.001069910123339346,0.0016234599681932416,0.001317283771468114,0.0006172483972470832
1995-07-11,-0.0033981042526661787,0.0017278310689725629,0.0009915089530656562,0.0009360761676244778,-0.0015338624118375055
1995-07-12,0.008451268121738575,0.009099413788375532,0.01044114521020778,0.009821919633174359,0.014073940105376215
1995-07-13,-0.0011707395322577696,-0.002228904922190189,-0.002369927944574246,-0.002660994018100382,0.0005252594419511425
1995-07-14,-0.0016396089418584392,-0.0029993788573799973,-0.00216089108470896,-0.0033122913556178357,-0.0006549399582095328
1995-07-17,0.004132244737355295,0.0022540897052651943,0.0031306506257835487,0.0017540036136185488,0.0028731447689913647
1995-07-18,-0.008330545885608887,-0.005294579012914635,-0.006495021080712093,-0.00408344431987151,-0.011607436549187167
1995-07-19,-0.015843436247210407,-0.013297309203851526,-0.014213022260966102,-0.010493807411613432,-0.022557733727837315
1995-07-20,0.0065834272980140884,0.0018735830822560473,0.0024970227962655134,0.0021824037528199725,0.0054596029389824
1995-07-21,0.0015060116741549834,0.0012311938766795816,0.0005716713101502346,0.0006954303927673156,-0.002181728537709482
1995-07-24,0.00530098750153285,0.005288117011539084,0.005302541370188374,0.004375958914808686,0.010435460699875554
1995-07-25,0.006222833794395699,0.003914072970326421,0.0034980399547275276,0.003308690327085806,0.004674199628250886
1995-07-26,0.0014962621585317137,0.004750465433470241,0.004675522099313545,0.0044053634733929314,0.0025875038496969704
1995-07-27,0.006268676078835744,0.003092686949438095,0.002159046110640883,0.0018956099556457495,0.004541051979261468
1995-07-28,-0.0015400000000002079,-0.0007876327995145482,-0.0007413345558281437,-0.0005740037818336985,-0.0008753809871958618
1995-07-31,-0.0005225250218668931,-0.0002878322623520724,2.6446210210195886e-5,0.0009099039942976894,-0.0007508170856656005
1995-08-01,-0.0008340062830787254,0.0004185070048541295,-8.755812991589895e-5,-0.0008166837898735402,-0.0025924946616618927
1995-08-02,-0.001704488940483695,-0.0007584333875493288,-0.00042816518200661235,0.0002933626385257515,-0.0033638678237650765
1995-08-03,-0.0009618431209005296,-0.00042697231675459246,-0.00021308216131743496,-0.000490046252193399,0.0013905470078727777
1995-08-04,0.0017566618520459265,1.8843819997282907e-5,-2.1920515963724796e-5,0.00010530366430860916,0.0009350171787052552
1995-08-07,0.0052104322921999735,0.0009136537433263037,0.0007922207573527462,0.0007552077142358726,0.0021004982146692885
1995-08-08,-0.00017548100518960386,-0.0006492459527831507,-0.0006714697948084769,-0.00040338628300384816,0.0005142169739591473
1995-08-09,-0.001454683841861093,-0.0013440626462412064,-0.0010895733519739048,-0.0007887523091911763,-0.0014084635499915787
1995-08-10,-0.0026036870293609793,-0.002316860450719327,-0.002224764084562847,-0.001980353132662316,-0.0034445309698697413
1995-08-11,-0.004492673933472746,-0.0039587969579388815,-0.003910493020107153,-0.0042118355080345005,-0.0019692538926943115
1995-08-14,0.006649037487092002,0.0052389556009695415,0.005525378888901589,0.006127222339161076,0.0064481799794109396
1995-08-15,-0.0013750834636467868,-0.0004890051241809301,-0.00047309221503633037,-0.001009102690967989,0.0007118943552146817
1995-08-16,0.003638706318145779,0.000562593605051509,0.0003868388558847524,0.00029947124986096085,0.007030454993179891
1995-08-17,0.0006243904219958019,0.0011283625506033346,0.0011525789960271648,0.0006333156428999231,0.002632003196955335
1995-08-18,0.00046936910193351444,0.0014965004267970539,0.0013220985963222631,0.0009278694247085717,0.0004295502691307185
1995-08-21,0.001000484765201648,0.0030608219254149027,0.002979365523260169,0.00195980009512442,-0.0017376511040041454
1995-08-22,0.00012647337717486273,0.00017586561403115653,0.00022578498536640623,0.00015110717539212892,0.0025110867550053317
1995-08-23,-0.0030972426639388484,-0.0012237705546435107,-0.0013267037549314908,-0.001866794637696234,-0.0006199740452210722
1995-08-24,-0.0004939308003771847,-0.001394108834320229,-0.0010438364640238396,0.0003406781002905923,-0.0034962275257660602
1995-08-25,0.0035494878104114225,0.006607752581781812,0.00696261693329614,0.00767198052709972,0.003908963109202412
1995-08-28,-0.0023000000000001908,-0.0005630800082260246,5.67993810931533e-5,-0.0006865093810017875,-0.004350339237796597
1995-08-29,-0.0006769817246334853,-0.0016933176657255578,-0.0012012105871676004,-0.0006587277087227728,-0.001462546611926685
1995-08-30,0.0003455187525862602,0.0006231566481911255,0.000909671648148036,0.0016521514128844395,0.002066726180316669
1995-08-31,0.0013863782109182488,0.0022352063893333884,0.0019261518249951148,0.00203635708904093,0.0030323478642300117
1995-09-01,0.003849287026851611,0.00401525220085075,0.003927458273994766,0.004476359946903763,0.0042004386864149534
1995-09-05,0.00793502397367618,0.006845135310286521,0.006189876908460734,0.006050852484618785,0.009487902348488175
1995-09-06,0.004738368627401179,0.003474088913917317,0.0036403208524145025,0.0023419056687190576,0.002377140710799752
1995-09-07,0.000441603693817072,0.0010357184893698967,0.00035086526566674436,-1.0812768344470314e-5,0.001235404361506376
1995-09-08,0.003862820779557241,0.004584934731620027,0.004547662942993247,0.0030254513214236223,0.0037361671164950483
1995-09-11,0.002056593436624121,0.002857080221475128,0.002963528896343659,0.001998758509939691,0.002098165938473562
1995-09-12,0.002617906665505876,0.0059955414834877985,0.006256019732891582,0.007268281081254324,0.0049002847748822465
1995-09-13,0.0035317838042838723,0.0030676950323449415,0.0039492861850440875,0.005833815498106132,0.0032245206099952295
1995-09-14,0.005194349481387528,0.007446517769844174,0.008742459041354067,0.008228193196909261,0.007050163135048804
1995-09-15,-0.0018525689618267283,-0.0010973140025341,0.0006652639185373843,0.0013088028187671075,-0.0022575131977159435
1995-09-18,-0.0019394178881839697,-0.003180215372411088,-0.002739296248676748,-0.002405924194161524,-0.0031317726807705837
1995-09-19,-0.00027119546350717894,0.0007837335971854209,0.00022367990378446834,0.0016541196621389087,0.001778901273914446
1995-09-20,0.003077488870968592,0.0032627918563201685,0.004840095401405176,0.007424938400945713,0.005217206678622244
1995-09-21,-0.004065714303137624,-0.0046302602081831346,-0.0048181743493512785,-0.004894317519254954,-0.005242403404869922
1995-09-22,-0.0025379491074027927,-0.004404325684992938,-0.002975637548598198,-0.00106645382017867,-0.0038755656829390084
1995-09-25,-0.0019972887522188287,-0.0009609936176713241,-0.0010315263191413848,-0.0006142919929650326,-0.0003606139661586072
1995-09-26,-0.002247611419602835,-0.0016236782325336208,-0.0010510680240901626,-0.0015115179672866574,-0.0031041794225071806
1995-09-27,-0.0041799999999999615,-0.002253452523561905,-0.0012105332127391177,-0.0008331378743952067,-0.0019341013928162454
1995-09-28,0.006748712953478897,0.00592474067970139,0.005906080677456904,0.006316253612212774,0.009459996659013425
1995-09-29,-0.000183011004101008,0.00208987407558503,0.0021631532996768676,0.00043210105760183026,0.0019185954427485274
1995-10-02,-0.005421720214256465,-0.004177775445147636,-0.004934100463109714,-0.002653627338798814,-0.0072498991189544615
1995-10-03,-0.00365363605126634,-0.0010890297752560452,-0.0010541446372324126,0.002211151572268477,-0.004702743586258995
1995-10-04,-0.005558905320502294,-0.0025480584334459655,-0.001999563390562731,0.0018306183993324066,-0.006537898519238472
1995-10-05,0.002094218177183693,-0.0006446764946482775,-0.00031174677799772343,-0.0013180138781188067,0.002677433654906247
1995-10-06,0.001073390040830624,0.0015193194387623787,0.0016316857937606066,0.00043643659312686545,0.0008154593533360455
1995-10-09,-0.009116771375853983,-0.0044932558590020655,-0.0038574439179022146,-0.004508159829446745,-0.009452826086021715
1995-10-10,-0.002296807317354821,-0.0007115808429539738,-0.00017184143095871907,7.372817795703313e-5,-0.0011061315007516725
1995-10-11,0.003928453673932575,0.003780868982863339,0.00399719270161869,0.002440272495903617,0.008152773546411973
1995-10-12,0.005109427127788946,0.00236791157562255,0.0025362096752237218,0.0009081930677239392,0.0035638854824069366
1995-10-13,0.0051119014116962624,0.004933889302448202,0.004636940046227833,0.00435177367841777,0.005073740866083698
1995-10-16,-0.0019297911484082997,-0.0020838054486543856,-0.0028033071498395623,0.0005798043049813906,-0.0033937905396062007
1995-10-17,0.0022849054314106887,0.0005471427590177935,0.0008470030860603384,-0.0011746364608337112,0.00551466753085772
1995-10-18,0.0008793286534920508,0.0007991757146239564,0.0005782156713729503,0.0004032582167179388,0.0035940739030382307
1995-10-19,0.0006953523656534344,0.0016456704790490662,0.002779711298683596,0.0035306138412747323,0.000967865261330747
1995-10-20,-0.0032843514759136605,0.0011069161976366981,0.0010409954650019149,-0.0014593263541056167,-0.0016771593556678122
1995-10-23,-0.00675474161930234,-0.006416504310711502,-0.006881372872906466,-0.00675840471664213,-0.006737261297139474
1995-10-24,0.002790331917313482,0.0008847383638157513,0.0017150787778033028,0.0008243398680547465,0.006105559643329483
1995-10-25,-0.006143070615978408,-0.004512717650398956,-0.0037414529270443087,-0.0037829121601445914,-0.0035132626102700737
1995-10-26,-0.010549999999999948,-0.00996814912379751,-0.010079992861470988,-0.010000727200134896,-0.00911382984947251
1995-10-27,0.0037957043475331798,0.0016380161751383682,0.0018975070829281293,0.0016846963003231963,0.0044443844343284855
1995-10-30,0.005491018238455325,0.002657394634347554,0.0008920862694412612,-0.0006599309299203382,-0.0010405611680723847
1995-10-31,-0.001754141968204781,-0.003937720458056293,-0.004516598910032088,-0.003723339983344176,-0.00334465480975199
1995-11-01,0.002964610898359865,0.006281223725568497,0.005225906501810762,0.005916976915839367,0.00556368840231225
1995-11-02,0.011401206297966704,0.009134304573755081,0.010558156257762574,0.011388156960995266,0.00918280410713379
1995-11-03,0.003526379373868904,0.003045628028524039,0.0013262014792936316,0.0014323238636930746,0.003677525844197227
1995-11-06,-0.0007498239200636192,-0.0007108286521170237,-0.00019938193064594767,-0.0007525084503718915,-0.0018737437846211291
1995-11-07,-0.001716815927418014,2.652723183693695e-5,0.0022967552995605267,0.0009052649570482352,-0.0007568901339920497
1995-11-08,0.006364807977429443,0.007999422634341391,0.008678348730438046,0.008207635378326916,0.00858260207318251
1995-11-09,0.0022009687500692543,0.003674116760115975,0.003635535898504294,0.0039311790146856485,0.0009304638971754375
1995-11-10,0.00023461141464387048,0.0007047335407976973,0.001188005730712094,0.0003142084434821779,2.628737788246127e-5
1995-11-13,-0.0002008206436503457,6.104271363116531e-5,0.00031766809297950616,0.0001374411150945054,0.0015059853899599407
1995-11-14,-0.005016255275579917,-0.006028257644102419,-0.0048681737345024345,-0.003330530390488029,-0.002927489018450302
1995-11-15,0.005470659669751354,0.0056725119597154094,0.004854406342805984,0.006352829706070873,0.007049905792384514
1995-11-16,0.00568894561433253,0.007941170253377816,0.007631018208563711,0.007435261171938601,0.007719642227976831
1995-11-17,0.0038069439803616323,0.003991183362911377,0.0040343062539438534,0.003282978064147235,0.004157571084753231
1995-11-20,-0.0028833651247516245,-0.00440007159187128,-0.004282861317317699,-0.0045212428040715125,-0.002503910760992434
1995-11-21,0.004335648872530129,0.0025294603985914765,0.004077047742574447,0.0028296395170011035,0.003935132183960688
1995-11-22,0.001134335769265249,-0.003158737861430061,-0.0025195162367654955,-0.0018666754027949484,-6.88936663842954e-5
1995-11-24,0.0027625644823627837,0.003063179987095266,0.003456945033937675,0.003691643217190954,0.002882245570659858
1995-11-27,0.0029533333333333633,0.005629206438628964,0.0048015487377324195,0.00538392345355021,0.003637625500427566
1995-11-28,0.0050814637437435195,0.0038410444996750392,0.004279500179827256,0.0010918808094106947,0.0019357839053237846
1995-11-29,0.003985415582970164,0.0032487562399101666,0.002909731105561253,0.0033166379602607154,0.004443504127389142
1995-11-30,-0.003342309060280768,-8.644290341841554e-5,-0.0008156681039018787,4.265855238072547e-5,-0.0017249106217077648
1995-12-01,0.003906001006487747,0.0033403478894435956,0.005024320353428369,0.004632471422701068,0.0015218184797380907
1995-12-04,0.007200437525995751,0.00816979187095579,0.00779524507269147,0.006126931631972532,0.007379092955178468
1995-12-05,0.004887592060748958,0.007695328835111814,0.007306255776000414,0.006869363836090825,0.006243986149142788
1995-12-06,0.002668175807494233,0.004433463728200859,0.0045184116469847435,0.005093151473428703,0.004383640576860248
1995-12-07,-0.005987034300152461,-0.006295253043788196,-0.006797330850991434,-0.007496367645572932,-0.0037693214718123036
1995-12-08,0.0018558448457954846,0.0012600212760354168,0.0011203043815777303,0.0004585126659097938,3.3985426624916215e-5
1995-12-11,0.0021906877760007326,0.004621222238387235,0.0057217215322635795,0.0033274802179785734,0.0019432535901955372
1995-12-12,-0.0024572935341975466,-0.000756907048583888,-0.00010880303519400503,-0.000833185506173395,-0.002899120381855136
1995-12-13,0.005153139052809452,0.00427994726929537,0.00627183542543297,0.007064040813256289,0.00590860654700287
1995-12-14,-0.004297893303117917,-0.00497706404637932,-0.0067686797765470486,-0.0030379433997697047,-0.0050577842799540695
1995-12-15,-0.0016952330644555147,0.001196344301887864,0.00213062554863952,0.002384905554319472,-4.447930094009234e-5
1995-12-18,-0.016583963862801587,-0.01222649240860374,-0.011662030968307424,-0.012223902744007975,-0.012950490123568859
1995-12-19,0.006901912634253549,0.005465805396037249,0.006125023022570009,0.004847663744819597,0.006460201580873681
1995-12-20,-0.003612766145184909,-0.0017643485839572426,-0.0008205801397711543,-0.0022227149291902393,-0.004943724859486021
1995-12-21,0.005645621869283524,0.0012936728428296629,0.0011603374126221144,0.0021600532369367986,0.0031091319041709475
1995-12-22,0.00168786262380749,0.0023500889135310565,0.0011604426417630709,0.0005101087075434219,0.0014236558403868393
1995-12-26,0.002335993597684105,0.002528665341583247,0.002488149676492135,0.0017439036656723417,0.0037961042790770616
1995-12-27,0.000943333333333296,0.0011382754207736046,0.0012243822701301088,0.0017400193262742114,0.002209125826347913
1995-12-28,0.0002213468627927373,0.0024789115631833614,0.0029788966102892722,0.002287217980328382,0.00047505518582213746
1995-12-29,0.005550185702960064,0.0019855349666357824,0.00040442456320888276,0.0017554425921475492,0.004055968118682252
1996-01-02,0.009313368339353367,0.008856759081443455,0.011158736246509093,0.011743872643987352,0.00708038534194344
1996-01-03,0.001741272591826215,0.0027444357533494834,0.0033690426463703904,0.0029703099791758003,0.004202288761202988
1996-01-04,-0.006691374656001781,-0.006027258018115544,-0.005329210892193514,-0.005874281704635775,-0.005695888994733056
1996-01-05,-0.0016090036045462996,0.004001947092984626,0.0056934420955359055,0.0021296006651492227,-9.372938625240579e-6
1996-01-08,0.002998791996718042,0.006697701207361906,0.00775372112140138,0.006758156061749121,0.0026223335580823903
1996-01-09,-0.012936502362534408,-0.00801139967363318,-0.008506151608505763,-0.007776123023005899,-0.008585488357814586
1996-01-10,-0.015377871676706678,-0.011913422370725124,-0.011094868448638606,-0.01241173415815744,-0.014432145966617682
1996-01-11,0.005499399831626173,0.0015780681857255896,0.0010433181286924054,0.0007034904803431274,0.002303161450848412
1996-01-12,-0.00220177349029016,-0.0030982030787801706,-0.004155687694365251,-0.0013570618943782309,-0.0005901071503696675
1996-01-15,-0.004261433876033172,-0.0023953304617905236,-0.001630220043803976,-0.002309393040512364,-0.0005816041218650314
1996-01-16,0.005790072152567216,0.006734927468006191,0.007961995166547942,0.008437275322609628,0.010251548221918538
1996-01-17,-0.002414533203646818,0.0018224769382142458,0.0014099786702526096,0.0018470188997348203,-0.00283613734237409
1996-01-18,0.0045989754501178925,0.0001153353411598168,0.0011495951267930238,0.0013073451926577384,0.00143664484767414
1996-01-19,0.004805891605990764,0.0038429294326465246,0.0022378842014429967,0.003722778632706758,0.0019941289733809153
1996-01-22,0.005527910671865532,0.004241727094954628,0.0026609014021983235,0.002919212471900856,0.002739600605446979
1996-01-23,0.0002441648871092106,-0.0013280185681672219,-0.0036438041420409073,-0.004093780007419445,-0.0012029248899444456
1996-01-24,0.007534461249956159,0.002368475111067303,0.002930573235019329,0.004983243265640036,0.0063287641715341625
1996-01-25,-0.0017014248403650623,0.0002503668375191115,0.0011451544225113963,-0.0017437540975991928,-0.0023803162926976373
1996-01-26,0.005496666666666705,0.004977200346654831,0.00482230155229546,0.004885693562672877,0.005591882861141428
1996-01-29,0.00309746559743318,0.0034825086575323017,0.003512814588618296,0.003976966160723627,0.0030875254234294935
1996-01-30,0.00815398790244215,0.003808712328525976,0.0027917022107613043,0.0062448401552410715,0.006648213368378508
1996-01-31,0.00665418468274126,0.0067966266166124,0.006789675983835064,0.004264411334891527,0.00553851685729323
1996-02-01,0.005508474400868213,0.008525500205782688,0.009269928425145624,0.006167139192122084,0.004667110839080779
1996-02-02,-0.0015672868691893882,-0.0014832859487936556,-0.0009071359350678598,-0.0014544893820183091,-0.0043242289474080264
1996-02-05,0.006451998567439388,0.005599554855395761,0.006115255112952189,0.0071897519762709194,0.003599177886268512
1996-02-06,0.006634489978827762,0.004660415798731998,0.004217026974990379,0.0059086462117485805,0.0043180306261698664
1996-02-07,0.0022722820250131726,-0.0003339622348008664,0.00015727923622876894,0.0013109217315043775,0.002305467735486788
1996-02-08,0.007772721997602039,0.0051718077491968995,0.0037038757508880416,0.0036267844885076173,0.00764415869092816
1996-02-09,0.00038425474379599756,0.001320574670374608,0.0006761732086999483,0.0018013103657181784,0.0022229326833165253
1996-02-12,0.004484628296853144,0.004576132517136289,0.004618700385845331,0.0049119893426827765,0.0033640644623009752
1996-02-13,-0.00121137010666994,0.0009901989365761477,0.002479706164539186,-7.272074199593526e-6,0.0017638910428625643
1996-02-14,-0.0033076560090236073,-0.001480367022618001,-0.001804129733247395,-0.0022451459712079513,-0.0032065197625741337
1996-02-15,-0.002880124886187163,-0.003738463830051386,-0.004703432345433023,-0.00694213776863617,-0.0029863774853204905
1996-02-16,-0.0032201157889963916,-0.002395435386720046,-0.0038760313937359347,-0.003813330234923362,-0.004152554541854592
1996-02-20,-0.009277178588318447,-0.0118059142952337,-0.012424711633629237,-0.011099550573652195,-0.012708019926826908
1996-02-21,0.010756528918384634,0.008659021548255152,0.010440980732066674,0.008424449925659605,0.006118672084175492
1996-02-22,0.014452867521852042,0.009781150597341748,0.009326819272348352,0.00846016569163388,0.011987249236459663
1996-02-23,0.0002122782979510074,-0.0012371106634394557,-0.0016023870364231252,-0.000734529349252,5.483045564447231e-5
1996-02-26,-0.008398227965334404,-0.0067603820320472074,-0.008086575208902436,-0.006985511063351546,-0.006230716573394246
1996-02-27,-0.004253333333333553,-0.00431648496496162,-0.005078695456330995,-0.004438205147353491,-0.004433784839346311
1996-02-28,-0.0017999491169103932,-0.0022166492704476237,-0.001951778540632776,-0.001777910619614853,-0.001176168311168957
1996-02-29,-0.004061499605857222,-0.003926206331072768,-0.0032606192849622406,-0.005845737420415609,-0.005578974621394672
1996-03-01,0.004632200799205233,0.003860287554485753,0.003848932624075152,0.002111758622235671,0.006962500358192791
1996-03-04,0.01102852506919394,0.0038549675012495843,0.003175860632298688,0.006640243864992401,0.00871274633244723
1996-03-05,0.005109949261159041,0.00318389886214665,0.003176728690112096,0.00299317180956038,0.004653275942763546
1996-03-06,-0.0018997229800706839,-0.0002136218835538939,-0.00040171743173167407,-0.0008557790435922419,-0.000522698570473823
1996-03-07,0.0022953761005271023,0.0016190855153954686,0.0018136551261760392,0.0025101499608986,0.002504352376212493
1996-03-08,-0.02604212339642953,-0.026009381199246784,-0.02665116214021357,-0.024879943107560587,-0.026949355504672368
1996-03-11,0.012363706235167804,0.006240365946085902,0.007349637063484016,0.008621006306668066,0.007552623356839261
1996-03-12,-0.0015977873608573612,-0.004518531379291146,-0.00471081284620567,-0.004010160860504097,-0.003510511622378476
1996-03-13,0.003869938322943467,0.0031936482091334817,0.003367361464768681,-0.00027627239826832906,0.0017469272447179218
1996-03-14,0.0036733499053909213,0.003456671521969046,0.0041414837028761475,-0.0016430962187359288,0.0019532058568170196
1996-03-15,0.0010605847215401365,-0.0020555664993814338,-0.00287189277734734,0.0007513329843584771,-0.0007140448013813749
1996-03-18,0.013568279704859965,0.01439388422035126,0.016149384980349346,0.013538782752367196,0.01505228184998697
1996-03-19,-0.0008311492254581276,0.0036263480818257143,0.0053093460168704976,0.00251860588945485,0.002132571023003571
1996-03-20,-0.0017122042959956119,-0.000782811406947026,-0.0011520136091345279,0.0012136618839238,0.0004981652971702832
1996-03-21,-0.0015806832853024755,0.0005472685607237349,0.00015193455065487527,-0.0008090696320134372,-0.0016101738218472494
1996-03-22,0.0032650165148695454,0.004462718731590654,0.004689583981648315,0.00401307985013144,0.0023705795571364874
1996-03-25,-0.0022402185105502292,0.0027897584144782606,0.00284788763417132,0.0017693990474669796,0.0009108344497008591
1996-03-26,0.0038585774074397783,0.008070383387302593,0.008898450974741401,0.007297426080762559,0.0038238909920631503
1996-03-27,-0.003806666666666736,-0.0037610569536052907,-0.0037133244134427423,-0.0038231289439008,-0.004159000617414033
1996-03-28,4.865186811109368e-5,-0.0034872659472975354,-0.004915143101700936,-0.004079103954267915,-0.0010640136170817494
1996-03-29,-0.003647275028947017,-0.004946687024081298,-0.006795058561285372,-0.006366888696113682,-0.004528853618899764
1996-04-01,0.009135314105347847,0.00589800535644569,0.0043943638722538925,0.005372141514781381,0.007397040084391904
1996-04-02,0.0014065630177053645,0.0017885350459450056,0.0020163294204733617,0.0015043949561768244,0.00043940208602677444
1996-04-03,0.002429399276892008,0.003941420932936035,0.005393829397031702,0.004780317056201744,0.0025482361694217914
1996-04-04,0.0003743418412502919,-0.0007757562093528847,-0.001939578735715708,-0.001133219837393229,-0.0034471113630294425
1996-04-08,-0.014716015689548056,-0.014797911473789949,-0.013450889485761341,-0.012840398791137964,-0.01698311749047665
1996-04-09,0.0003066342113589027,0.00048404978244076524,0.00033703777597549056,0.000746011832508664,0.0005225803047754773
1996-04-10,-0.00950173396333609,-0.007639693785650659,-0.006979653161244825,-0.005273528415191464,-0.007494751453856918
1996-04-11,-0.00352606222363272,-0.0030803166927593217,-0.003349442694782101,-0.002602785466319424,-0.0034738369012038417
1996-04-12,0.006360596154370013,0.002822256114740629,0.0009605261160936518,-0.0007409256985458912,0.004661632301844021
1996-04-15,0.007194788825486187,0.006560881203059754,0.0070923553691328856,0.007777198694535636,0.006832126995259591
1996-04-16,0.006365704452369947,0.0011187662914042829,0.0016524413069232136,0.004809302997004661,0.006281039274272704
1996-04-17,-0.003819769441614107,-0.0036645778886490454,-0.003664184638981105,-0.004665664408354919,-0.0016415266971899767
1996-04-18,0.00412200256884776,0.0006975703874503303,0.0008773343106180942,0.0009910858279802426,0.0033933700226411734
1996-04-19,0.0010390541928317898,-6.469564120015203e-5,-0.0008913815858743179,-0.002453686860168336,-0.0006311459711464407
1996-04-22,0.004775876866440765,0.005435970455076156,0.006676004266781277,0.006711392470215127,0.005076662531128706
1996-04-23,0.0044086448629407915,0.006402740899474679,0.006612225332512489,0.006828709807467304,0.0021184245717189576
1996-04-24,-0.0008094292142821757,-7.302749168491829e-6,-0.00021903991656402333,0.001425820618520035,-0.00019488725906047222
1996-04-25,0.004431709910647896,0.00611880205119264,0.0067719150010492335,0.00800008935552965,0.0044412520776662134
1996-04-26,0.0016000000000000458,0.0007287318308324409,0.0004984399667016248,-0.0003255976039074904,0.00019045881259982522
1996-04-29,0.0008520923189563323,0.0014796003462582696,0.0012464850593933985,0.0018205628540541863,0.0016137958989803636
1996-04-30,0.0005346692698169342,0.0012606278541158478,0.002173757777361507,0.0003241577064425627,0.002123727351522886
1996-05-01,0.004010808246880826,0.000520474450521613,0.0005591105430673426,0.0013260502323957368,0.0028230130215998184
1996-05-02,-0.012611335313554517,-0.011874126112416339,-0.011526408426651424,-0.010158370765863123,-0.009998297536942369
1996-05-03,-0.00023844551181673168,-0.003319214475710819,-0.0033508724477645524,-0.001737869423582561,-0.0012152689271689443
1996-05-06,0.0008463627712012034,0.002514998778641031,0.003309751993365584,0.0043220876493268445,0.0031826343469709695
1996-05-07,-0.004072846784086925,-0.0031591004209542417,-0.002689454101915012,-0.0035478082491995355,-0.0024948032127999342
1996-05-08,0.0034737466887475588,0.007465632380203591,0.007658445722752649,0.00473721102477942,0.005528543663139818
1996-05-09,0.0032074335193628123,0.004178043533175746,0.005093254396629776,0.002601647383379646,0.0026699546677313446
1996-05-10,0.0085040457716139,0.007741956189775356,0.0070639290091627505,0.006733545253405193,0.006048363789347144
1996-05-13,0.011921460745241141,0.010845755276594593,0.010776625627132663,0.012165287837104355,0.010464126689958775
1996-05-14,0.006295070786851875,0.006293912442201011,0.006886025063749024,0.006811278309694524,0.007083707656088345
1996-05-15,0.00014160390177297977,0.0003508037166213285,0.000763888870319418,0.00015715058814946836,0.0005687321006666579
1996-05-16,0.001874408050598797,-0.0011233782752906318,-0.000210510250700513,-0.0021140240768863228,0.0024448542535882023
1996-05-17,0.006119944081375506,0.00417071739188124,0.0033454503965031357,0.004688165860532223,0.004535301252405866
1996-05-20,0.004778576546292657,0.0024948038701242403,0.0019265120240938849,0.0031129345284715004,0.0004743342686559515
1996-05-21,0.0016114318585238596,0.0017410001081228366,0.002127941124982602,0.0008233992547650448,0.0043267424224227025
1996-05-22,0.0059427231077713305,0.008014367419000745,0.008635643290644035,0.00595733216174299,0.005590356884805248
1996-05-23,-0.0016461928229751788,-0.0017584025421872873,-0.0027785209078672324,-0.002302962983516399,-0.003714192526790727
1996-05-24,0.00229222807170415,0.002020847353091826,0.001492200153460077,-0.0001614936684191104,0.0026048215781202533
1996-05-28,-0.009279999999999955,-0.007662623602174956,-0.0072962777348560826,-0.0068007795269617866,-0.009821926770254619
1996-05-29,-0.005647174109065345,-0.005679244475692458,-0.0062340075734773626,-0.006990302601614484,-0.006315724469882156
1996-05-30,0.006466340039789964,0.004909002425508291,0.005836054564266169,0.005745115213801499,0.007605657466747795
1996-05-31,-1.808542043268968e-5,-0.0017152059652154605,-0.0009565640452672275,-0.00057439405353088,0.003683042336687814
1996-06-03,-0.0011026933513189618,-0.0029262804145283594,-0.003646695773316555,-0.004607553970442546,-0.0017190872119168255
1996-06-04,0.005613228037325779,0.0030604786479881962,0.0018172699269047854,0.0024769191112166133,0.001934252740184883
1996-06-05,0.005349879208965236,0.001995297292121556,0.0014385405442494115,-0.0003836754325311498,0.0038774188908918816
1996-06-06,-0.006501110154852663,-0.007304692487486442,-0.008220616793279789,-0.009900238084347035,-0.010166021571270556
1996-06-07,-0.0010199084740249997,-0.0016255729377661066,0.0003847548384614541,0.0018289551045498342,-0.000537859272997987
1996-06-10,0.00016204812704301297,-0.0012465288436011024,-0.0002444738110547462,-0.0013030124197347392,0.0013168942272741013
1996-06-11,-0.0014567862609680127,-0.0023162801457372595,-0.0032832803106545017,-0.0031294501800775976,-0.0016109855044286192
1996-06-12,-1.72389019750252e-5,-0.002811950870684976,-0.0041323207762011815,-0.003363483964385794,-0.0012402088606280337
1996-06-13,-0.0021195378050209435,-0.0002093930625750584,-0.0007106777971801481,-0.0034690471855416405,-0.001836153818091213
1996-06-14,-0.004187609202393028,-0.003359120317316888,-0.003536765287528554,-0.0035520374826097934,-0.004288104365298362
1996-06-17,-0.0008123579109705625,6.820179448752128e-6,1.3938852067463259e-5,-0.0008228334708099139,5.2323364148287865e-5
1996-06-18,-0.006081574578367777,-0.00181538809191506,-0.00202811019170146,-0.00438600031342995,-0.00819034204424074
1996-06-19,0.00019512006633415346,0.0012372245694958206,0.0034526286770433234,0.0036613289382962932,0.005001535369462573
1996-06-20,-0.002544804485578034,-0.0015198938164383557,-0.00020843071622567155,0.0004565487824870207,-0.0036810732263332646
1996-06-21,0.005911095281220913,0.0048415701833792735,0.006281266757353299,0.005556898768993346,0.0053008852915712446
1996-06-24,0.003891194683442567,0.004041390629240693,0.004435649269066699,0.004450677360003263,0.00828868559412399
1996-06-25,-0.003480986335248293,-0.0016039408477855899,-0.000697696172436757,-0.002033164242150165,-0.0020660794301131657
1996-06-26,-0.006733333333333258,-0.005871838270127605,-0.006754454642297736,-0.007122070378545509,-0.005593266096512561
1996-06-27,0.0027331586012486753,0.003045151189171591,0.0023409594344709905,0.0038970752157427846,0.002060555451336432
1996-06-28,0.006391768183101831,0.006266194206563602,0.005475436127004407,0.006238369890407158,0.008793274604063095
1996-07-01,0.0061620519910594584,0.006278821584781102,0.006087954025951747,0.008587655157659357,0.006761292325420332
1996-07-02,-0.0019010839721349537,0.0007681926195337585,0.0016708615142591032,-0.0012035009394810725,-0.0025603377547986916
1996-07-03,-0.003395096448335022,-0.0016644768907589924,-0.001308005169753379,-0.0021090975372982657,-0.0055232387776659175
1996-07-05,-0.017362819837471344,-0.014198256142063825,-0.012548764447228633,-0.01232288173210061,-0.015813502900202447
1996-07-08,-0.007582877883807737,-0.0058076039260305246,-0.0047300637729881245,-0.00443916176649084,-0.0040199305738699564
1996-07-09,0.003740625299378353,0.006601793850657733,0.007209215431458249,0.0069167563127305876,0.004540029971020543
1996-07-10,-0.0021387072397999196,-0.0007314278994822176,-0.0010195902276957103,-0.002098534638807048,-0.0010020974243359904
1996-07-11,-0.01660703850383982,-0.012772939693547425,-0.01326929577495295,-0.01481471428633363,-0.017609031022453925
1996-07-12,-0.0011382403532991248,-0.00019416561862550807,-0.0010024146674997292,-0.001055210658278738,-0.002926382785431003
1996-07-15,-0.026540279790332022,-0.020047282875022776,-0.020472100315667374,-0.02231571686232192,-0.023760382465173757
1996-07-16,-0.009362448827952674,-0.01212774092215474,-0.013650586214604354,-0.009497545599902235,-0.0066019821412602875
1996-07-17,0.013387241788343385,0.002886075811510569,0.002846748387183684,0.006413580438484168,0.005374429073110587
1996-07-18,0.014278207217920391,0.011046006203892622,0.012216657990611557,0.012552811625749616,0.012831061363699048
1996-07-19,-0.006778681768012995,-0.004588646916414474,-0.0041294548425894195,-0.00489841183798756,-0.006799816442097151
1996-07-22,-0.00853019977923497,-0.007143636601214531,-0.007899001413566031,-0.007605813781458415,-0.006929251614440357
1996-07-23,-0.011143126604906017,-0.008048138924779735,-0.008869238271393298,-0.012062131398000053,-0.009375340425347045
1996-07-24,-0.005354172589341011,-0.005699090032651788,-0.005635043113252025,-0.003008804902483675,-0.007260028215749892
1996-07-25,0.008343561441178426,0.005495340646095137,0.0051053122480526625,0.008712616279116236,0.007556562124081623
1996-07-26,0.009526666666666683,0.006496167620256843,0.005920096183108292,0.005567113492439102,0.007126172464638314
1996-07-29,-0.0055224573892711515,-0.005523365854398055,-0.004985298341676714,-0.006836519474599956,-0.005881419380915021
1996-07-30,0.004621469529834554,0.00024768206507852497,-0.0003594264603287156,0.001167473527056373,0.0025091484595172187
1996-07-31,0.00835353781979431,0.00972962402873967,0.01037343489168907,0.01179731289585817,0.012518225061491917
1996-08-01,0.013572545573134365,0.011463883469403857,0.011273440292543624,0.012128305332135714,0.012552808808787619
1996-08-02,0.014804609881489794,0.012506450424974558,0.012318539684282426,0.011546144119535029,0.010668421497246117
1996-08-05,-0.0004790438296427002,0.0033745852763888973,0.004435498169856444,0.0038122287254276355,0.004577187865537402
1996-08-06,0.0020753291353898806,-0.0007179277001383433,-0.0012091578264518121,-0.0007911729907550402,-0.0012447121596285138
1996-08-07,0.003943810890944199,0.0007114676358153105,0.000276726108155545,0.0008072631293782884,0.0013584640358601519
1996-08-08,-0.001620038755315023,5.619787505573015e-6,0.00033447070145808944,0.0005808524749439936,0.0011348631747118976
1996-08-09,-0.007044011203985567,-0.004071689215741192,-0.004115733439359115,-0.004188125877262361,-0.002845331324598077
1996-08-12,0.005439257524012531,0.004467697605269327,0.005350051671616063,0.004232184923772753,0.005029736428513454
1996-08-13,-0.0064087925472494645,-0.0046980328949470795,-0.0037622362536232634,-0.005901748327856393,-0.0070413840546468265
1996-08-14,0.004078013114289458,0.0021932342903774327,0.002365166471793856,0.0017319977575247503,0.001672613178350213
1996-08-15,0.000831946620989843,0.0022278950714731405,0.0024261395403690766,0.0020578704590790142,0.002456738142870174
1996-08-16,0.0030943056969876537,0.004957138701434438,0.004094258748865709,0.0036105286043925933,0.0022226594506262742
1996-08-19,0.0017755167224917656,0.004927830632285524,0.005806195140719339,0.006585919834021237,0.005638765629009557
1996-08-20,0.0010757000875782907,0.0016162019227399238,0.002150963300441733,0.0023010689852145383,0.003825764297461731
1996-08-21,-0.002292256932449055,-0.0031956443286509373,-0.004098456149032481,-0.0034370154453668977,-0.0030875649444831454
1996-08-22,0.007161164403794107,0.0065467555409686184,0.006792367811744304,0.005743729905999473,0.0061415226247458765
1996-08-23,-0.0019456565921442959,-0.0036605358273711364,-0.003130861177538913,-0.003098182781955061,-0.0032110617873383207
1996-08-26,-0.0017933333333333135,-0.0008841728558639517,-0.00014755745965455702,-2.2190265379085083e-5,-0.0009177799556140398
1996-08-27,0.0035279163967378846,0.0024725852709108764,0.0024872859310212103,0.003030698818629718,0.0014201834252032253
1996-08-28,0.0015502087981598134,-0.0002653033574094854,-0.0004022627578901261,-0.0007069352402421236,-0.0008710858616913786
1996-08-29,-0.008542010697124347,-0.008070274440620473,-0.008883251526321412,-0.008257117299401595,-0.0072813081428875215
1996-08-30,-0.00530272399625642,-0.004238759903566813,-0.004146578680244595,-0.005474198180077883,-0.0046533592923918565
1996-09-03,0.0015604727928066886,0.00406293491002363,0.0046186289964322835,0.005189151929993363,0.0034174655324676895
1996-09-04,0.002323609962588735,0.0012093373258665885,0.0012117872307257915,0.001125109346189701,0.0011484882244177097
1996-09-05,-0.007661296444348653,-0.004805207881325546,-0.0049333315509817455,-0.003923120398269808,-0.005165502626412355
1996-09-06,0.008100410716365136,0.004209824749222824,0.005232981295283157,0.006072744756656201,0.005595496220288876
1996-09-09,0.008319123255216665,0.005568280651836899,0.003947257151599937,0.00476407113960331,0.0049425831345892846
1996-09-10,0.0006350067469746978,0.0015474638147512376,0.0012478891704423845,0.0009102223654979813,-0.00044946911645449283
1996-09-11,0.003941151920906494,0.006426562561951732,0.0067283690196293655,0.005600202838705215,0.0035768534957356657
1996-09-12,0.005573314700788368,0.0023559231490544175,0.0016692681746679483,0.0021900167122586023,0.003870224760119667
1996-09-13,0.010676035762142044,0.006919812413541893,0.007446079191984145,0.008912158306972895,0.00934740657720523
1996-09-16,0.004734196397784718,0.002461861360490758,0.0024574834651938104,0.0029442925339304704,0.0037138585613123443
1996-09-17,-6.193848214475217e-5,-0.002491192539693765,-0.002724435540655379,-0.000342917689959088,0.000936913455979349
1996-09-18,-0.0016414022704117626,-0.00018157170643184894,-0.0004190912908853539,-0.0006835043523285567,-0.0013830176778750758
1996-09-19,0.002152534724161548,-0.0004273020030989283,-0.0010594437336396423,-0.001155020481456659,-0.002345992451102563
1996-09-20,0.004019521527626857,0.0038656285038738414,0.003512096583304647,0.0027167471456541747,0.0019327940570603719
1996-09-23,-0.0026938668909435304,-0.0007653666523961267,-0.001061299966827356,-0.000993795706058842,-0.0013852519932328056
1996-09-24,0.0008548396824621385,0.0011454471035630132,0.0018418824467996142,0.003004878886447182,0.001629707004743297
1996-09-25,0.001023333333333154,-0.00020243357740235002,-0.0011908156911589751,-0.0006530086147518155,-0.0017195878694213906
1996-09-26,-0.0007976500714270696,-0.0007472012452600651,-0.0037641366851424163,-0.0015911800157396572,-0.0008793803086932783
1996-09-27,0.0013945854030641414,-0.0003520433551734703,-0.0009681807424407607,0.0015317087712076738,0.0011005654256215358
1996-09-30,0.0020635516868026116,0.0010018413434209616,0.000771906130867972,0.0010075270559770644,0.0021216367667533653
1996-10-01,0.00045206911175110776,0.002858687286548145,0.0021145207395540933,0.0016162557694314739,0.0034739837372852467
1996-10-02,0.006678838090172112,0.0064160919564009156,0.0068958488545101115,0.007157122123816029,0.008068548108011608
1996-10-03,-0.0018873187120256318,-0.0023509354272808203,-0.0024274577568472733,-0.0020695143736405575,-0.0023088655458342044
1996-10-04,0.008799790520610529,0.0098478894091798,0.009902374496514765,0.009015251842414918,0.008326501311915369
1996-10-07,0.0004645051995759708,0.0003345973155142179,0.00018494119793688313,0.0004213711081322291,8.799649814061894e-5
1996-10-08,-0.003932605833463665,-0.002980624847677027,-0.002626041629650522,-0.003770325926712781,-0.003034271371846864
1996-10-09,-0.004949576134716249,-0.004729762601976439,-0.004561738269706184,-0.0037478518693262464,-0.003406635121211976
1996-10-10,-0.00035147894843146066,-0.0005501016248983248,-0.0006328293415938102,-0.00015555750211726505,0.001351197782966107
1996-10-11,0.006087085390400038,0.0033068100056505845,0.0034828943921805244,0.003669269889094773,0.003917419141956868
1996-10-14,0.003121708592999095,0.002935648760056697,0.0023879247251787916,0.00381235939916702,0.0033939956904787127
1996-10-15,-0.0003772659855636462,-0.000155985611858811,-0.0012686307293311438,-0.00014411168968897492,0.0003364032347512591
1996-10-16,0.0011889352224390137,0.000459238859648492,-0.0001329813718872197,0.00016738337737098874,-0.0007238154839114275
1996-10-17,0.004221998428157958,0.003552311033553579,0.003617885909625418,0.002049353447165281,0.0021730104087047675
1996-10-18,0.00128934310308626,0.0036979988776899564,0.004067387379466991,0.003455437953058915,0.002935257077294029
1996-10-21,-0.0020023552765552344,0.0011079946903795879,0.0008510404664732185,0.001516981619426705,0.0022858959465690276
1996-10-22,-0.0045202985835314236,-0.0022990616573341782,-0.0015810947578942525,-0.0013062804694427,-0.0003904541165490327
1996-10-23,-0.0012297236982271587,-0.0015397313148081126,-0.001997000319904796,-0.0008695029336627247,-0.001515450678322483
1996-10-24,-0.003266666666666529,-0.0030318643765737674,-0.003336172591249409,-0.0042765219102169905,-0.0030476806720616256
1996-10-25,-0.0002953357634939424,0.001880363925273576,0.0033942326250684385,0.002947817352597859,0.002531578359949549
1996-10-28,-0.005115207374466579,-0.003946305221320112,-0.002581274789809962,-0.0023236767572640815,-0.002477598690142746
1996-10-29,0.0010316459047705617,0.002910903494255823,0.003592378222685211,0.003942033408832257,0.004568385297661015
1996-10-30,-0.0012691485528731894,0.0008477739053678324,0.00163164743098565,0.0010884158542423528,-0.00043926291764995185
1996-10-31,0.00424879586745841,0.0009122649240778102,0.0012330157864781643,0.0010460354000028094,0.0006472826011092447
1996-11-01,-0.0013931064844959762,-0.001656430995565672,-0.0030611802738790272,-0.0019003450775283426,0.0004139545680814649
1996-11-04,0.002926313395834601,0.002845499207241975,0.0021440928611189403,0.0019603069438798304,0.0038646375423052604
1996-11-05,0.006706212188931637,0.004036005991128855,0.0035165043957003927,0.003429055229246858,0.005308833132191104
1996-11-06,0.01190814555665698,0.0067412695434607706,0.007339134480251586,0.008260928984682225,0.007850116349319647
1996-11-07,0.005163743216807903,0.006654814914014873,0.006387276701404154,0.007832334582508649,0.0051747357653451065
1996-11-08,0.00299059656435241,0.0030796335840141964,0.004357401471052125,0.0028857478116106616,0.002911615520925892
1996-11-11,0.0032014881501074566,0.0028521603152527053,0.00327262269776063,0.004632966885664391,0.0042020021613180525
1996-11-12,0.0007099496154108209,0.00356089971614848,0.0030083996771808064,0.002500926289229044,0.002975957561549558
1996-11-13,0.002199382308486708,0.0037742880130080536,0.004405798138725769,0.004265485024506743,0.0029641917790708128
1996-11-14,0.005320694835031725,0.0034330629453052097,0.002590030432770174,0.0026528693011853566,0.0017836788950744698
1996-11-15,0.0006680058686527879,0.0016049315613912984,0.001014899328106278,0.002053395181192963,0.0011317720007311127
1996-11-18,-0.0017532938910060913,-0.0024737935524716814,-0.002037844564864333,-0.0018853993383911583,-0.0013542311739339619
1996-11-19,0.0029072320591081446,0.0029988479000542245,0.004234130934229752,0.006255374926861679,0.004855159254059771
1996-11-20,0.0029722531350711012,0.00509061606522665,0.005791204530359417,0.005030315814920527,0.006001322923255614
1996-11-21,-0.002489144005666133,-0.0039178439938093446,-0.0042650745225819575,-0.0037252940757918074,-0.003917047165198806
1996-11-22,0.004999999999999893,0.0025198901027325693,0.0024450916449652027,0.003480966215446024,0.0035056195605667195
1996-11-25,0.008219324378109238,0.007506234612387308,0.006705665941581396,0.006592789117406461,0.007456413158888342
1996-11-26,-0.002919341553951904,-0.0029042870803170917,-0.003063777990711114,-0.0021536601710719916,-0.003557135871892436
1996-11-27,-0.0003808670931136904,-0.0016990396288741882,-0.001956282773238782,-0.002118551893760978,-0.002232105009404295
1996-11-29,0.0025425025641043764,0.001057824883391012,0.0006717677400933653,0.0007614396915551769,0.0014565590960180508
1996-12-02,0.0010630838554688271,-0.0017780355608848497,-0.0014938792325376316,-0.0030349794744611858,0.0002475565339525865
1996-12-03,-0.004547795294190027,-0.0037808813626207805,-0.004465148085130877,-0.006033438037882699,-0.0025749047155376736
1996-12-04,-0.0013416766893004084,-0.0013444496900670844,-0.0004883744547196089,-0.0014454020695788827,-0.002760714156138988
1996-12-05,0.0022719798539898584,0.003996471633979537,0.005182549973780981,0.0030652466746430296,0.004686630358906596
1996-12-06,-0.008065901018159294,-0.007784558483352577,-0.006559074145291666,-0.005902522581906933,-0.007165685654627385
1996-12-09,0.0132725955214259,0.007047468544930435,0.006770330638901534,0.006477175956038028,0.009552040237620796
1996-12-10,-7.149866740885358e-5,-0.0009347670550367004,-0.0006577122463653495,-0.0017793834292813004,-1.5321455885453084e-5
1996-12-11,-0.009967266728433177,-0.011668433090477048,-0.012291365090718487,-0.010087021578176092,-0.011239087952757632
1996-12-12,-0.01155286594339966,-0.009994333414770518,-0.009981581296208075,-0.009904044409530188,-0.01220040910657283
1996-12-13,-0.002270661096067994,9.230554353756304e-6,0.0006469633813355191,0.0007325169467093939,-6.31888170189443e-5
1996-12-16,-0.007500573996756077,-0.001559393755134253,-0.0016425269717630364,-0.0014966125105998485,-0.005585526587172263
1996-12-17,0.002742349402086175,0.002156591280464193,0.0028724571158400547,0.004016700585164568,0.005048505716119145
1996-12-18,0.00599932498823752,0.002543017869218067,0.0020890216832187836,0.002527842263972291,0.000931347892852763
1996-12-19,0.013787033163862983,0.015875577324941048,0.015959143158541966,0.0156496677770932,0.01274253869949038
1996-12-20,0.0038973062180016615,0.007162318617575103,0.006739312314919532,0.007126775369457272,0.006379090552121491
1996-12-23,-0.003864008254484963,-0.0026798222591979393,-0.0021207607057234235,-0.000271274849418468,-0.0010048299072586975
1996-12-24,0.004186666666666783,0.0024859376180073056,0.0029334519530810343,0.0035305300690193775,0.004099132288159835
1996-12-26,0.0057286746156093304,0.0048586450921319635,0.005431715458415809,0.006655029103079135,0.005535942747851408
1996-12-27,0.002619000974862784,0.0021532694227401894,0.003540184966222437,0.0052082850998731445,0.0013667647868116362
1996-12-30,-0.0005589588553254199,0.000968167237457962,-0.000581328655570923,-0.0006839645372298531,-0.00023182235788243855
1996-12-31,-0.007328416799159965,-0.008262236579509419,-0.009428397824638779,-0.009577055834621095,-0.009795780571698054
1997-01-02,-0.006529021136118973,-0.008291497213666288,-0.006869873464770526,-0.006093257653217221,-0.0021460247029954083
1997-01-03,0.01170143591837891,0.008031703147563407,0.007017602721495653,0.006412479843039831,0.0062620738004464105
1997-01-06,-0.0003448537822733355,-0.0018765967089271474,-0.0035129351224045813,-0.004611153310167926,-4.0707725225686e-5
1997-01-07,0.005589159956069345,0.004742424825123992,0.006088809798480366,0.004397379152095038,0.004578564320031786
1997-01-08,-0.004391329653555154,-0.002609222931153732,-0.0046687544165630035,-0.005746645177753806,-0.002604547969970228
1997-01-09,0.005856134746002883,0.008840827589684075,0.010071100837141023,0.007855222940898132,0.006221244163559625
1997-01-10,0.004722772203116676,0.004383933209934243,0.005636305068141612,0.005550183710851808,0.007396847494447467
1997-01-13,0.0007692100716727435,-0.0006028976724875568,-0.0013444728607950873,0.0010771209446838181,-0.0014825861875417123
1997-01-14,0.008848783953498973,0.006336251766880574,0.006600299984037106,0.007086843904717366,0.008586411142667005
1997-01-15,-0.0016853021160836423,0.0004685504163937093,0.0005258069042790581,0.0006171671491477237,1.5600924426317775e-5
1997-01-16,0.00303072038005614,0.002076633980961473,0.004320921178595283,0.0030205203870896646,0.0017944357103232278
1997-01-17,0.008040245652439326,0.006391396900016222,0.0064147695825347295,0.006448503214197432,0.006045527002336515
1997-01-20,0.001895440578733476,-0.002027607262818809,-0.0010781666694040792,-0.0004918623641333442,-0.0007357618503079921
1997-01-21,0.0056246797160735,0.004842524785301228,0.005364782727261819,0.008007737724722519,0.0038591082346872696
1997-01-22,0.0017003906413401992,-0.0014974783800039138,-0.0023834670463224183,-0.004181652144299108,-0.0015142418442634087
1997-01-23,-0.006420247252188149,-0.004534917808318606,-0.004038160525130063,-0.006361403354943063,-0.007962551144226504
1997-01-24,-0.006909999999999861,-0.0067227243012694116,-0.004360249858347376,-0.00453824335507147,-0.002821702660048775
1997-01-27,-0.005009365381452469,-0.0025904869995065916,-0.0006268993236877574,-0.002741906344474687,-0.002760943089091472
1997-01-28,-0.001218648427207869,-0.005207058998325631,-0.008048765644090627,-0.006648012453786767,-0.0033039707722481992
1997-01-29,0.006521833843488922,0.004896638583902435,0.004889154998972689,0.0029571410666413556,0.005891390950939934
1997-01-30,0.008910733831858808,0.006019712782866726,0.006145904228902932,0.007247545983828152,0.004547755522369412
1997-01-31,0.001959278557573052,0.0014607179226664435,0.0013301758896111515,0.001264749714502189,-0.0009037071092271587
1997-02-03,0.002171091168443162,0.0019484055705007997,0.0022588304234749668,0.0016679192947470778,0.00392189695103351
1997-02-04,-0.000835894246097757,0.0006389749685800084,0.0004589789813194134,0.002364263721759574,0.0014754600818107644
1997-02-05,-0.01068450075693983,-0.007287032936694193,-0.008827867991608063,-0.009790929340574461,-0.008604336538411639
1997-02-06,0.0015122710968897835,-0.000974014659138045,-0.0021356438743606043,-0.002891388548237006,-0.001825271945239293
1997-02-07,0.008237568316837196,0.006390065786622268,0.00681492951445839,0.00869326655879954,0.008696652593775944
1997-02-10,-0.0030936521534348227,-0.004315376623846401,-0.002657782168483558,-0.0008330044699844663,-0.00036741468762269136
1997-02-11,0.00340225617086487,0.0037128272854727307,0.004542086312744109,0.003371879778328868,0.0012028015953149396
1997-02-12,0.014395031526268642,0.015641354440500743,0.017978770597141036,0.016632849098835445,0.015389221193874869
1997-02-13,0.007259458506861938,0.005927401372258556,0.003307655735374615,0.003867965302721821,0.005862652284230441
1997-02-14,-0.0009148806144779753,0.003200378584787167,0.002798996292946887,0.0030764481130498567,0.004044290103108583
1997-02-18,0.008839731259048689,0.00827749373070108,0.010222044683412701,0.009254423370818055,0.009590946725243965
1997-02-19,-0.0026149769051583283,-0.00274561514079652,-0.0025476466607737835,-0.003357063912393099,-0.002840852320239784
1997-02-20,-0.00755473573101495,-0.0034467190871716458,-0.0012510645695704703,-0.0014089976590976327,2.1881579198357315e-5
1997-02-21,-0.0024304103866026328,-4.4665548725508764e-5,-0.0004484695855572207,0.0019347516254246688,-0.0017840443763067482
1997-02-24,0.007516836637994517,0.0036930131330803473,0.004435702542986197,0.006178131325584202,0.009749581169651522
1997-02-25,0.0006499925658198791,-0.0010602013393579135,-0.0009647805788272068,-0.0007463138697737515,0.00037326188201891597
1997-02-26,-0.00706333333333331,-0.007869664321657144,-0.007941930323396185,-0.00667068223395928,-0.006502101258879622
1997-02-27,-0.007488017362638266,-0.004837084547044235,-0.0030743694718778913,-0.0026105902217684607,-0.0035019805706669738
1997-02-28,-0.0028576713049606184,-0.0009547171722145142,0.0008022614597702482,-0.00026516413713773,0.00046421611125424533
1997-03-03,0.0026918116082983445,-0.00041479917825182344,-0.003167114516900549,-0.003934995385572404,0.0008258203310549384
1997-03-04,-0.0031180752231202424,-0.0010950159527685077,-0.003161208319505171,-0.003454918803660445,-0.007400995610326588
1997-03-05,0.008147577073715162,0.004567764409665331,0.005245584723561958,0.0051110262789091365,0.0013333451002550678
1997-03-06,-0.0005707681495619177,0.0009251322636674164,8.549327721518729e-5,-0.00015331163719878305,-0.00019888771405496275
1997-03-07,0.005775767799713449,0.0040769863643732585,0.0037787760139813553,0.003525708877622602,0.005931767363892115
1997-03-10,0.00805388686559394,0.007882111712278927,0.007904765030294358,0.009241104457505367,0.010731297304751086
1997-03-11,0.0002451762534294577,-0.0017953120357715457,0.0005046940818305146,-0.0007839983386316307,-0.00023672704203370198
1997-03-12,-0.006084449583265261,-0.006398831527059112,-0.008113091279754236,-0.008399255288674135,-0.005603020872169573
1997-03-13,-0.01474767783377462,-0.01230690048001426,-0.012628933876231319,-0.012820475898283723,-0.01300306489478098
1997-03-14,0.004994530807410413,0.0043228068319387525,0.005569133390596059,0.005703867160289144,0.002830859344520542
1997-03-17,0.0006648558089774603,0.00011783983639301887,0.0025396943417070883,0.0025693084794937704,0.00016684907442043873
1997-03-18,-0.006642881756196206,-0.005556741325725256,-0.00472496742657591,-0.003610736708558604,-0.008091006607602758
1997-03-19,-0.006048401777030921,-0.0029222577799769,-0.002081585831241184,-0.001976810819836583,-0.004677285449369406
1997-03-20,-0.004121031937511455,-0.004272277430182991,-0.003084775171828147,-0.005311503610014867,-0.007307758755565996
1997-03-21,-0.0006962595114187176,0.003720470431696876,0.002553670065210234,0.002648524873678726,0.0008533173037208464
1997-03-24,0.004705481220735885,0.003760042121667473,0.004235768588279676,0.006537617707419674,0.0077095054431894905
1997-03-25,-0.0006716146705840753,0.0030154708330314417,0.0017003979354921483,0.0008720485162396763,-0.0004641804693966689
1997-03-26,0.0018663433882255553,0.0012533229591973338,0.002233419530718761,0.002891776535255852,-0.002843941629253055
1997-03-27,-0.0160300000000001,-0.017682387311815706,-0.018199751882411075,-0.01912492734684168,-0.015294628315343006
1997-03-31,-0.019216600438360265,-0.015735324747369384,-0.014348369598660038,-0.01418847003066015,-0.016995989890171814
1997-04-01,0.0020320124478772073,0.00041567961872379655,0.00039064243187070247,0.00012078850350039083,0.004120690225108081
1997-04-02,-0.008405891195821469,-0.00855553607021664,-0.007485951057154661,-0.007626180598132137,-0.006642310870540791
1997-04-03,-0.003935937084493357,-0.00946340532504919,-0.01133867860523674,-0.010673618919583183,-0.007307652888334459
1997-04-04,0.009452532188190643,0.004145231237667302,0.004202656531894222,0.0033027287701130614,0.003038194643468106
1997-04-07,0.005532631452034975,0.006596398177967089,0.004141026359948841,0.005117751978997109,0.005779994790203968
1997-04-08,0.003634823412569599,0.002437637727372932,0.003595531897736315,0.0023003105674188618,0.004823937158495273
1997-04-09,-0.0007548063922940829,-0.0023654221824928046,-0.0008463992922883579,-0.003721343724147008,-0.0021226869465165166
1997-04-10,-0.002175923212198616,0.0005564144634060408,0.001299831901303783,0.003048838569813306,0.002907178140446165
1997-04-11,-0.020439756973229084,-0.02095757512282337,-0.02070601753110579,-0.02268026088317221,-0.019256645042393883
1997-04-14,0.002506408249108416,0.0005219760564130205,0.0010343202583429356,0.0006648789328118632,-0.0019694143123731855
1997-04-15,0.011277262523975429,0.007412830910944024,0.007069926675825622,0.00906332186695269,0.006305117744305422
1997-04-16,0.013403706428371409,0.00574738608573977,0.007733438295085326,0.009481538007987345,0.012750241980551413
1997-04-17,-0.003824743827306576,-0.0020434757886872434,-0.002627024987573834,-0.003206330098221355,-0.0003218790590026055
1997-04-18,0.004571744552060997,0.004624824520787607,0.0041722242247026475,0.005727110450125972,0.0030954433180123697
1997-04-21,-0.009064198508643151,-0.007511911589519582,-0.007457038277000172,-0.008030907037617885,-0.008152727260335002
1997-04-22,0.00981694686372836,0.0073429299407601345,0.008920474372842602,0.010888302595206012,0.007014566557613566
1997-04-23,0.0001172177522006379,-0.0009246833626695983,-0.001914816874640457,-0.0036353764462966343,0.0008968887701426009
1997-04-24,-0.002800812919822593,-0.004528795745790681,-0.005685586830914358,-0.006110796685130149,-0.007021345462276063
1997-04-25,-0.008913016727630896,-0.005311823271775706,-0.004261314882142209,-0.002637958970855392,-0.004018669537134256
1997-04-28,0.004256666666666575,0.0017865519907427352,-0.0006695046169800101,-0.0001178073381017386,-0.0006643562487976817
1997-04-29,0.018044837807067893,0.016705577944966965,0.016059146591613338,0.016384179767200857,0.014715213528441184
1997-04-30,0.008183611312353234,0.0077850820468348125,0.006675429454955584,0.00684550602093692,0.0057593313528494505
1997-05-01,-6.056343812088638e-5,-0.0006655904747996377,0.0005824447060382987,0.0004561209644065034,0.0018320587973743585
1997-05-02,0.015746947894396124,0.015133778047615731,0.013272454740383077,0.013112438982430197,0.012136431216054122
1997-05-05,0.021194665507686006,0.016385166208077395,0.016336944527957975,0.019858297168592998,0.020189989604569192
1997-05-06,-0.0036187093022831407,0.001869588125465782,0.0020449994756646106,4.631933074494832e-5,-0.001252966438763936
1997-05-07,-0.00959573312031392,-0.008640326563737477,-0.007672703458158403,-0.008304783805169191,-0.010019311686016774
1997-05-08,0.00402255554731723,0.004067867952931126,0.004249390759442084,0.005199306640428336,0.004802505036547444
1997-05-09,0.0046260682427896604,0.005514117582205991,0.006107965050595077,0.005540353687442989,0.007060483849665067
1997-05-12,0.011279025413178267,0.010432932728842381,0.009906301200033774,0.010103546840892097,0.008128393065165884
1997-05-13,-0.002426734287762411,-0.0046461082900167705,-0.0035284565247875044,-0.004587351236101989,-0.005179626002128401
1997-05-14,0.0018209638882897838,0.0016000773821247538,-0.00027846532173814165,0.0005389498784407198,0.00023413535351446413
1997-05-15,0.005591676432619819,0.0016980043243910448,0.0035657393601729037,0.004008992881633366,0.0029036728333824424
1997-05-16,-0.008310019772543531,-0.0075692961875141185,-0.008944530863294498,-0.010065768193003533,-0.008035269860174
1997-05-19,0.0035214905842029243,0.002364671911573746,0.0028818846398175335,0.003211903307068331,0.00097208398780535
1997-05-20,0.0061973539094160035,0.0045455123871795955,0.005090496225380825,0.004382324704860441,0.006777272267850298
1997-05-21,0.0006362110934250431,0.00045544250649531826,0.0017765482557425827,0.003626618565228501,0.004387256807710349
1997-05-22,-0.001100433830064751,-0.002500655969308152,-0.0032277876506422443,-0.0013731106530987525,-0.0021895957413053946
1997-05-23,0.011642531648483612,0.010848842913004919,0.010196791460703958,0.011366632663308396,0.010293417765222523
1997-05-27,0.002392805272649401,-0.00021910873372932294,0.0016700424760645038,-0.0001085526819023519,-0.00033509297003941896
1997-05-28,-0.0010066666666664892,-0.000252296894515891,-0.00048621144085425616,-0.0005259846597767126,-0.0003599166355446881
1997-05-29,-0.0006513370125924567,0.0034202503100300152,0.003886980876729451,0.0028742725812425096,0.002733632801537711
1997-05-30,0.0025741603603917085,0.0035254476705597337,0.0014898575041413231,0.002026642272531909,0.0005902086968085918
1997-06-02,-0.0006707647725670007,3.718704780220072e-5,-0.0008935525626243557,-0.002608249438515564,-0.00306937331449475
1997-06-03,0.001360667403550897,0.0031451040976369082,0.0018541672762690808,0.0005413844845074678,0.0026471486143802014
1997-06-04,-0.00443908336565757,-0.0031531630032607394,-0.003304824792437988,-0.003369907141979489,-0.004023252687285539
1997-06-05,0.00390292982879048,0.004066861224262919,0.0036804509436723087,0.005628076354848632,0.006045781000058925
1997-06-06,0.010474182173826563,0.009692172613033012,0.010136824627242857,0.010554973874446816,0.008363794257802093
1997-06-09,0.004633944813501101,0.003936932976204455,0.00381871558514435,0.002955770024934301,0.0034606191292874122
1997-06-10,0.00321161829656047,0.004717382626499234,0.0033292762294601097,0.004085462450310162,0.004848411008489428
1997-06-11,0.0047472015853577965,0.003451343047419897,0.002761918772945293,0.00223602093705888,0.005603898763344439
1997-06-12,0.012353261978384378,0.012075773288287017,0.013112123392757358,0.0151756967844634,0.013394743850669855
1997-06-13,0.0091144891720778,0.006271362465573249,0.006054890878493424,0.004959937798564296,0.008609117702214952
1997-06-16,0.0004814822020828835,0.0015260268599552873,0.0011564152459062615,0.0001455288173561886,0.0013670809240495796
1997-06-17,-0.000401615829126567,-0.002753518835430624,-0.0035100686583864338,-0.0030422457370513634,-0.0017390438437574485
1997-06-18,-0.002846156586472026,-0.0019153481632931957,-0.0034597391000020794,-0.003395679168788468,-0.0011442144037598911
1997-06-19,0.008737102658294527,0.0046068527635645395,0.004972760735940218,0.006678870988674257,0.008199965351274097
1997-06-20,-0.0033835010184692926,-0.002958050939238177,-0.0033217911322787064,-0.0021525390074417228,-0.004662765418398163
1997-06-23,-0.016904940323203554,-0.014588049871838815,-0.015195714795126936,-0.016605552512615196,-0.01878461584342117
1997-06-24,0.012457887686621483,0.008820802303816988,0.0075983129647125836,0.010309851935057956,0.011397260825905864
1997-06-25,-0.00819116144327059,-0.006690522820095635,-0.006054613681732213,-0.0041453452222322,-0.008852907010441502
1997-06-26,-0.003189999999999915,-0.0023431664140999287,-0.0017131146024498278,-0.0015757196265498985,-0.0037346979789878443
1997-06-27,0.004051041489016471,0.0019807758733390024,0.0035220765686179156,0.004282388532033776,0.002834657113072847
1997-06-30,0.001414718713784291,0.003666189772322692,0.005555604660211433,0.0036780596973606805,0.002798365285090032
1997-07-01,0.003959610437501704,0.005701907398810269,0.004878345734329104,0.003728154687564267,0.003571897435641347
1997-07-02,0.008694851587296437,0.007735713135061717,0.008281979576996834,0.008647171370376405,0.008718856516709783
1997-07-03,0.009311672894180223,0.008606556682993372,0.007305539460146004,0.00877209333067075,0.008872554564324231
1997-07-07,-0.0041818997456919416,-0.0076198271589813515,-0.00850767393006946,-0.007548630007232271,-0.007611458640050306
1997-07-08,0.006587647546105968,0.005379741395774129,0.007677679539616067,0.009736385019274651,0.0060752705461772916
1997-07-09,-0.008602938173924213,-0.009886152931479097,-0.009181884411554653,-0.00965675778029118,-0.009803043831589142
1997-07-10,0.006909847996665386,0.006884378651828227,0.0073737882858300186,0.006625225196092321,0.009161132442278452
1997-07-11,0.003226121899376322,0.004608862586817475,0.0049784264406864676,0.003876527571447852,0.0021902639068682728
1997-07-14,0.0020858622202388766,-0.0013538189168884607,-0.0012236336123101488,-0.0010927096346020626,0.0014467087627156872
1997-07-15,0.007150630717000617,0.005919852887528831,0.006646876537764301,0.0071342340752602595,0.005329534490608356
1997-07-16,0.009648284642401084,0.008486405460598201,0.005327207123869693,0.0067798036448680765,0.0090568898308927
1997-07-17,-0.00577437806223724,-0.0039842509004655025,-0.0022002191640867474,-0.00628645190676369,-0.007682487242813951
1997-07-18,-0.011028089515490058,-0.008745536001912968,-0.008787875982783078,-0.010488557954588584,-0.009494224229454784
1997-07-21,-0.004162590043635284,-0.0040654287415540225,-0.0037451188665239554,-0.006202350171278792,-0.004104145733482389
1997-07-22,0.017657624043427855,0.015110568781478095,0.015038612316777389,0.017306383407407422,0.018237272467748644
1997-07-23,0.0034132026466506815,0.0017196630826834536,-0.00033990843617581756,0.00033058233879690313,0.00507073721980178
1997-07-24,0.002350396012977818,0.003219402658449777,0.0021381165748233233,0.002582187293487248,0.004402932348400945
1997-07-25,-0.000423598240876788,0.0002486431562296332,0.0011888086616500537,-0.00030206890851902646,-0.0019694802102604436
1997-07-28,0.0004333333333332856,0.0012926095812726413,0.0012469604446050386,0.001404593276947974,0.001920383511676338
1997-07-29,0.004218530969912981,0.004951968256802219,0.0040253775753724685,0.004568616662480762,0.007770348422667217
1997-07-30,0.010162354082251968,0.01024371367631205,0.011728989215554986,0.009359448615299248,0.009372394734468603
1997-07-31,-0.0001004963751702892,0.0018497559260335361,0.0013372772504769426,0.0012068793841342185,0.00178823385041893
1997-08-01,-0.003934543075470254,-0.004296230109835153,-0.0021649246739319228,-0.003376770095026016,-0.0035507523664276563
1997-08-04,0.002073462485367994,0.0008826324663597784,0.00017177160499981525,0.00033443836343494127,0.00010889101614020014
1997-08-05,0.0016352951347831102,-0.00036426683906309876,0.00047799760831290783,-0.00012805505989577082,-0.0015528410283685012
1997-08-06,0.007232656570301144,0.0067074036624077404,0.007306421029506627,0.008391049823890162,0.00964192231469263
1997-08-07,-0.0052575812600315075,-0.004238834131278346,-0.0037105331452218504,-0.0038676407970938964,-0.0018503179018627414
1997-08-08,-0.015527928007705971,-0.01317183895798757,-0.012898829540568313,-0.013613407751864814,-0.014303338158542678
1997-08-11,0.0032456352770244834,0.006036317974235539,0.006720370942442377,0.009305932288437457,0.007335926645430035
1997-08-12,-0.0076693372562427475,-0.00834115164077709,-0.008051559484389625,-0.009477100882985812,-0.009775608634680855
1997-08-13,-0.0023801778462436696,-0.004178249265896161,-0.0019115975982875177,-0.00394038986959544,-0.0018048785771180853
1997-08-14,0.001555277139262179,-0.0011688961121700814,-0.0022255118722901424,-0.0005142678921544741,0.0005957355544539134
1997-08-15,-0.0181246170522793,-0.01552506124670483,-0.01698151661864078,-0.018707610843759825,-0.018496593666008088
1997-08-18,0.005142988525150161,0.00475674767789247,0.0051911164417497435,0.002766448795965548,0.0019912720181076704
1997-08-19,0.010906415153870919,0.011162411391661742,0.01102956035679381,0.011345093985356103,0.010053460313551366
1997-08-20,0.011238645592505314,0.008821084212097041,0.009643795016900159,0.009818320740987652,0.010716875689663174
1997-08-21,-0.010041061462978673,-0.009900701441054927,-0.009617238801063022,-0.011002911089130207,-0.009831259081036103
1997-08-22,-0.0022724709261541243,0.0004442022330177764,0.0003556939942395143,0.0015206598368269209,0.0011359878268355494
1997-08-25,0.0014232863200256407,0.0005276289050994976,-0.0003892365277542442,-0.0015219532696488791,0.002632167071187963
1997-08-26,-0.003786666666666716,-0.0026666542801131454,-0.0028475396307438006,-0.001970217456602752,-0.0018403181156866344
1997-08-27,0.00090618441833068,0.0029017995299500665,0.0024412751816591527,0.0017829160124649412,0.003790577771371151
1997-08-28,-0.006239280147454229,-0.0036933255422899602,-0.004510080918150194,-0.004130358971415227,-0.0060064551002148026
1997-08-29,-0.0034199355073710747,-0.003146896208775285,-0.005058435009780093,-0.0055384099492531425,-0.006128305853696947
1997-09-02,0.020622951322457395,0.01815760976044123,0.017196603781886033,0.019569084322629937,0.022473214303271316
1997-09-03,0.002106801891051502,0.002326199221286185,0.0025038483491275354,0.0024661623595532145,0.002286132914689487
1997-09-04,0.00023689450424901892,0.001189008943777825,-0.0015327205728687954,0.0029316109782440147,0.0002054535284317094
1997-09-05,-0.00013202092349118288,-0.002709814762517304,-0.0033467853132536085,-0.0035271535230319007,-0.0024041679050386122
1997-09-08,0.002214291688253267,0.0021204299485950706,-0.0005803950454794649,0.00028179569830366624,0.0008824402934359821
1997-09-09,0.003158209565665926,0.002215883300686894,-0.00013261530341512895,0.0018589517982710024,0.005235644252626015
1997-09-10,-0.009404933550730799,-0.009293393260066729,-0.009892632861939976,-0.010386699688928691,-0.009986443889461682
1997-09-11,-0.0058558378821274015,-0.007495178298706606,-0.006882011833675539,-0.008881445520503628,-0.008256988254231157
1997-09-12,0.01099344811966696,0.012052301777123908,0.011459144543829236,0.010612303847235882,0.012018048643859025
1997-09-15,-0.0015857680650633865,-0.0005361980327505123,-0.0011178623331062898,2.3766415772508154e-5,-0.0013245278848946773
1997-09-16,0.017152000294281544,0.015133695387105295,0.013730495675186916,0.015208615825880178,0.01603421335084776
1997-09-17,2.556367152584116e-5,0.0007943765656068802,0.0021004693030488575,0.0014848573111554408,-0.0010321608305620122
1997-09-18,0.005062679147271432,0.00590535556493621,0.006808979236533563,0.006804132415939579,0.0058718496222509575
1997-09-19,0.001015600069033562,-0.003011227627976787,-0.003711986828659919,-0.003639048439442849,-0.002284148866088742
1997-09-22,0.0019361510219504385,0.0009874156377760457,-0.0017926003059403062,0.00030168782467776545,-0.0011113868413457073
1997-09-23,-0.002461128067097862,-0.00018612080050106616,0.001306865122566725,0.0009987126560440096,-0.0007573778974904188
1997-09-24,-0.0046383000752651116,-0.0021950467589871847,-0.0031578421429820924,-0.0016207409253721217,-0.0031820901704682214
1997-09-25,-0.003203333333333225,-0.0007712027829416268,0.0010499692250607318,0.0020084530800059675,-0.0019679635141395257
1997-09-26,0.0041369433418383394,0.0035482100618464685,0.002595288982958799,0.002402058388569772,0.0018300196336209495
1997-09-29,0.006937395510676181,0.006898527673056876,0.008744614729667033,0.009628579543239812,0.007389953725714937
1997-09-30,-0.0016709442705992172,0.0009591141986524665,0.0008800205612995438,0.0006153823707490957,0.00022898529418236002
1997-10-01,0.006237176481285411,0.005601278874848514,0.004869162162325358,0.005329907683145896,0.006379757679485953
1997-10-02,0.004432752122268235,0.002461541571408432,0.0019875967537132944,0.0029170170169030563,0.0030422892208847863
1997-10-03,0.0011776222495161193,0.001140341348070173,-0.00035435782612325273,0.0006843106783913644,-0.0002825974390184838
1997-10-06,0.004595016321844669,0.004722211526069664,0.005235824823746071,0.004829016174221712,0.004691814894087765
1997-10-07,0.0059148180446657594,0.004165780268939212,0.005165894181282882,0.003921860690168089,0.001493352856159591
1997-10-08,-0.006421676757006556,-0.006199558426239649,-0.004208464308160131,-0.00490700736315175,-0.006487692206572748
1997-10-09,-0.0012803603547854037,-0.0023717153822734316,-0.0023659964976137093,-0.004511595706553573,-0.001376486306175595
1997-10-10,0.00029073104787591397,0.0018291851943024184,0.00312646553448781,0.0017230438758342181,0.003248137239146631
1997-10-13,0.0010978300302630917,0.0006563369429479771,0.0007484927644434425,0.0008732829809972031,0.002481877114920872
1997-10-14,0.0005534211228561681,0.0013892051817663287,-0.0005671464422309924,0.001963570534164738,0.002814505779574983
1997-10-15,-0.001884176891125966,-0.000976983461571268,-0.0019035810289783628,-0.002611965771234237,-0.0031380145657726732
1997-10-16,-0.009686614995066734,-0.0064974352724006534,-0.009406590282507343,-0.007216317355182578,-0.006814053546728149
1997-10-17,-0.011117828709806155,-0.010810615112623156,-0.011322053892853678,-0.010753182215557988,-0.009943628551171368
1997-10-20,0.008864086215884193,0.010498676449739452,0.0100763690447363,0.009123691474084428,0.008021684023077569
1997-10-21,0.011853631169540968,0.00827566354103526,0.00719447694168962,0.010009306591048484,0.009435016351998726
1997-10-22,-0.003287626299429247,-0.004411933596434214,-0.004740026407951792,-0.004575092324876517,-0.008204643043924986
1997-10-23,-0.017011070576387843,-0.013407231366494021,-0.014997434017328337,-0.01344965775060536,-0.01377278885497657
1997-10-24,-0.008376666666666921,-0.008163949324172637,-0.012851077045637815,-0.011598081638302782,-0.010993370123562718
1997-10-27,-0.061017823635991175,-0.06164688406878538,-0.06248064464012082,-0.0659723574521397,-0.062461044748528094
1997-10-28,0.0326777746764757,0.0265250411900555,0.027698772649623393,0.028802883993312545,0.03068992974021678
1997-10-29,0.002031663285307239,0.0017488263411724603,-0.0011067964654494222,-0.00013487739972450896,0.003365044142172424
1997-10-30,-0.01458135028105556,-0.00911480640738993,-0.007679168811775217,-0.007966275900395559,-0.011515050753202138
1997-10-31,0.009128425314147037,0.008055038379129575,0.007082557374648468,0.004492728147978742,0.005966737110832732
1997-11-03,0.02145252368316619,0.016141782150582262,0.018678326990288596,0.01860759481938712,0.019190710441301828
1997-11-04,0.0016879774918689971,0.0010595220049072207,0.0008680344886373703,0.0007592731673806696,0.002332996388461961
1997-11-05,0.0015088346125577967,0.0008079328596144464,0.00011260696226478295,-0.0024234681920102252,-0.0024029674810283064
1997-11-06,-0.0017493314742638155,-0.002384071524071496,-0.004060218191934584,-0.0032402633585941754,-0.0014713399451006248
1997-11-07,-0.013745962906980491,-0.01385182834541987,-0.014550561159562436,-0.014158381333687853,-0.01333303293886634
1997-11-10,-0.0030288181693125527,-0.0010328514134644307,-0.003550398885939332,0.0012042554489526403,-0.00038015889233289357
1997-11-11,0.0006837138946977905,0.0006524389625632843,0.0011561341132140246,0.0011367617760587034,0.00031744483721452
1997-11-12,-0.017648619672979926,-0.014327028475471626,-0.016943659976676684,-0.013096852063107178,-0.015596469988196637
1997-11-13,0.0069443890759486315,0.003095485264074549,0.003540233338777954,0.002856417207352857,0.005236435518649829
1997-11-14,0.010244548456244118,0.008551813117120055,0.009199633972616139,0.005656418751281311,0.005897594632709113
1997-11-17,0.015462463930609793,0.016185380132976768,0.015432450783320562,0.015383559262299507,0.016837118955458807
1997-11-18,-0.006490631506966826,-0.005790790301488324,-0.007910769167121301,-0.007671550838903474,-0.0072593116750253595
1997-11-19,0.0025240308797576105,0.0019500047688438826,-0.0004937348082671988,0.0005820203071953411,0.001586325869534333
1997-11-20,0.011502998178080315,0.012365132117305278,0.014375934948452906,0.012442341821423675,0.010493011760610127
1997-11-21,0.0028684548778505903,0.0030207327189666344,0.0038254928076362216,0.00457535820849353,0.002619619195900258
1997-11-24,-0.013753333333333284,-0.012463368380623563,-0.014808706323123033,-0.01385648006580864,-0.01409334572490717
1997-11-25,0.00324327788180101,-1.2421286775254892e-5,0.0015824822073509104,0.0022516061671777887,0.006981894620679441
1997-11-26,0.0003268225551185111,0.00010260392724181777,-0.00048442408558502237,0.0018147816919040771,0.0026294331304679286
1997-11-28,0.0035822030085790324,0.0035121632456047713,0.00277813957917461,0.005367852450470556,0.003989532965187337
1997-12-01,0.011819456440022247,0.009904577638152556,0.005420831810240223,0.007424158461085684,0.011521401007527299
1997-12-02,-0.0003145651070974864,0.0021907282200057665,0.001571252435411008,0.0006589078152650085,0.0013717831075645837
1997-12-03,0.0045801953811619445,0.004702150713899567,0.004037261133864822,0.010771728165583694,0.010374201704238528
1997-12-04,-0.003849445062398704,-0.005093242167484191,-0.009016031515702516,-0.006947641224615997,-0.006124086162922704
1997-12-05,0.00934168560116344,0.010246157759884689,0.010904013686604541,0.009981596050381292,0.010723734715282873
1997-12-08,-0.0003485366909140586,-0.001458073332227583,-0.0037225595536020117,-0.002232548306575266,-0.002800495097937339
1997-12-09,-0.005773490461176034,-0.006648406717418065,-0.005134078155265676,-0.0071331113054033946,-0.002641009162423602
1997-12-10,-0.006814446247165429,-0.006434224188493487,-0.004755157336690408,-0.008557678184380912,-0.0060689408886871465
1997-12-11,-0.013985706259379782,-0.012346859744698846,-0.01318648985314419,-0.010050920197163582,-0.009869333120600565
1997-12-12,-0.00166723865291174,-0.0003548616359396739,-2.9425417602424453e-5,-0.002603593940253335,0.0002623808256190241
1997-12-15,0.0060002033000667865,0.005247292594058983,0.007416585875173132,0.00809377528087385,0.015387677274438794
1997-12-16,0.005053042718196288,0.006138835475590465,0.0053297268530392294,0.0071355232918342,0.005018296122815569
1997-12-17,0.0007991454241846885,0.004049275052820267,0.005680377874482501,-0.00018107167997394313,0.0038077763539834386
1997-12-18,-0.011031236273672085,-0.009072761453041034,-0.008135170799997926,-0.004921284607447007,-0.005831166242461605
1997-12-19,-0.007787939312328573,-0.009382801685325126,-0.007005315959442315,-0.009591568132570782,-0.005220276110784017
1997-12-22,0.005491097412197998,0.005343526942124699,0.006772908730016347,0.005051906811048612,0.007306804858093319
1997-12-23,-0.010109348019298747,-0.004821386722046905,-0.009060825982382004,-0.008127245744190659,-0.014574047908499477
1997-12-24,-0.0031037689568356175,-0.0013100905818412834,0.0008181850366004717,-0.0016447570420368152,-0.004668446144614924
1997-12-26,0.0006533333333333946,0.0012619462326362019,0.0008988276595289779,0.0015492858890648886,-0.0005790079365080025
1997-12-29,0.012909364548495006,0.012929055916146348,0.014148646827823796,0.0122256931073077,0.01291823792101221
1997-12-30,0.017959089823373908,0.014714332582134393,0.01582903086413401,0.012729420649235212,0.015225163015275323
1997-12-31,0.0026261610933910884,0.0027580590864404453,0.00011332724510215719,0.0027463174474198215,-0.00017641580348537467
1998-01-02,0.0022661595753765695,-0.000312046947780531,-7.679387990933151e-5,-0.002071770463801026,-0.0006278326776247845
1998-01-05,0.0013292720861368679,-0.005398626829621889,-0.005597039902673462,-0.0050279413723255395,0.003007151004987607
1998-01-06,-0.008367659937634886,-0.01141672335368471,-0.0106035931178734,-0.011890748061094358,-0.008487477543243416
1998-01-07,-0.0007958125774439884,-0.0014622508390362832,0.00018891850931979093,0.0011387003058962453,-0.0016161441969041457
1998-01-08,-0.009513983832926454,-0.011304365230863977,-0.009225150023195017,-0.010299010862157343,-0.004924170341513379
1998-01-09,-0.02775772882241223,-0.025441028694831558,-0.025585285217600062,-0.02285611914027874,-0.022059551844485825
1998-01-12,0.005961446713335761,0.0023633238665934364,0.005897334135511745,0.004213815003704546,0.008425791233647173
1998-01-13,0.013404899649567925,0.010646781341524969,0.011039947622896618,0.01200315064576385,0.008871012932503586
1998-01-14,0.0047655356652294145,0.006863583237556092,0.0043471783002342335,0.007614642938768679,0.0029150868132319374
1998-01-15,-0.006626289302345101,-0.006275053368837047,-0.005823352916511482,-0.0071791683807767015,-0.00926861756407027
1998-01-16,0.01126114979065429,0.010323751011370508,0.011336679995972654,0.010670758865692909,0.010919467437185748
1998-01-20,0.010813557033820809,0.005983303565876952,0.008400438635415286,0.003952797288123255,0.007972589983335832
1998-01-21,-0.003382257034522995,-0.0033956951924745127,-0.0029552317671250883,-0.00438882681448971,-0.004054003178286303
1998-01-22,-0.007475503222604374,-0.0072184121563722,-0.0052524082409207695,-0.006853570057966163,-0.0031517080116344465
1998-01-23,-0.0035927563495153914,-0.0029403568102683852,-0.0018525182089910164,-0.008807878335094665,-0.011438521367945986
1998-01-26,-0.002005802104851573,0.002116669866556009,8.407913305807924e-5,0.002342088654924579,-0.0016276941169008907
1998-01-27,0.007419876654747526,0.0050844171420691975,0.005947314046298446,0.004579823755682222,0.006665586713219929
1998-01-28,0.008633333333333049,0.007453353041289468,0.006738740108952035,0.004403212787813082,-0.0018101678642219454
1998-01-29,0.006499682408539487,0.0041446774374642725,0.0054972360315932445,0.0034604391932764322,0.0005120676451324524
1998-01-30,-0.004916368696184503,-0.005954919162258099,-0.005132849057388311,-0.006704959978275693,-0.0028931519959390917
1998-02-02,0.017812959121844107,0.01521570680124995,0.013902145858552206,0.013237882681921942,0.01199891832480704
1998-02-03,0.003314550564929908,0.0015096770975446816,-0.001411378681932307,0.00036865401072505577,-0.001264202747928378
1998-02-04,0.003447863356065728,0.003355229077355082,0.0020015713482506303,0.001541288786458317,0.002346877043513107
1998-02-05,-5.1556182304901554e-5,4.3217606991996504e-5,-0.0014936805155129074,-0.0019259695392687126,0.000996483954345262
1998-02-06,0.007391957285596273,0.007659254382074376,0.0073975570672402124,0.007841106634582706,0.009942934916443047
1998-02-09,-0.00026955397432415484,0.0002736150587829833,-0.00023908974183428633,-0.001441555195296429,-0.002673508986774986
1998-02-10,0.007319716837247192,0.007977651295069998,0.006905845114337117,0.008738982368899473,0.006202043307795835
1998-02-11,0.0020372262003225394,0.0018116837905803873,0.0016036740729368226,0.003733512729356736,0.007385487898944776
1998-02-12,0.004945137987131032,0.002470192815857697,0.003393343820825123,0.0029671279852063748,0.003253151947966826
1998-02-13,-0.0008795114749678978,-0.0008742136004480372,-0.0006603128986939488,-0.001953809635231396,-0.004008084370546006
1998-02-17,0.0019461949347030494,0.0011845447943525933,-0.0007554679036909651,0.0054719520744008765,0.003071145467058445
1998-02-18,0.004621763455402661,0.005900437183589569,0.005533995998283636,0.004619047903962281,0.0049791625464259415
1998-02-19,-0.0029137607374566388,-0.005194392938022929,-0.005568795176153496,-0.004886247180076686,-0.0034808299437131263
1998-02-20,0.0044912437055701915,0.004678461762676722,0.0032645166084621646,0.006639636319484277,0.010116305441846274
1998-02-23,0.0013650168602343804,-9.762594252915591e-5,-0.0023964107476213137,0.0032394166740772334,0.0015938570505147354
1998-02-24,-0.007471765084770654,-0.00610320036815426,-0.006078368854404159,-0.0072953875214533115,-0.008909201600316052
1998-02-25,0.011120010583319573,0.009814992756025154,0.009247559342387746,0.010876947656054847,0.008981109172845114
1998-02-26,0.008208960800990539,0.009582758907437539,0.010029420088105478,0.008871355491617106,0.0025266920600512943
1998-02-27,0.0033033333333332138,0.002949629652870156,0.002573728495959493,0.0009816786205678607,0.0021136767552007996
1998-03-02,0.0002680262865006888,0.001107296961309956,0.0010940975964510713,0.002148083668207512,0.0002959652977880811
1998-03-03,0.004371236626185215,0.0024438490467582064,0.002168224680811237,0.004967832314985321,0.0064842926845185556
1998-03-04,-0.0020661858565916846,-0.0016367371816159437,-0.001325313489006219,0.002187045225437778,0.0013545107051766703
1998-03-05,-0.00807445247372196,-0.006943141130330566,-0.006917718713377208,-0.006644023808239252,-0.00223297456051863
1998-03-06,0.01718006288671381,0.013770805718291923,0.015832162156494523,0.014593169539798057,0.016886372864096
1998-03-09,-0.0002447280541288954,0.0014451977571010577,0.003963475842139852,0.0010437332812478495,0.0017872949965083151
1998-03-10,0.008383337784750866,0.008655276994557148,0.007288838217391902,0.005956797264975444,0.007045853875137453
1998-03-11,0.0030278862745241053,-0.0004499107032972516,-0.0003104614139020079,-0.0022132429002515996,-0.0014781342684832
1998-03-12,-1.3554946349914054e-5,-0.001036587081914675,-0.002066560823528296,-0.0014720892323299983,0.0001470543527639645
1998-03-13,-0.0008457038663101102,0.0003951479842587702,0.00047275321858686326,0.0022353617098738177,-0.0011409004430551484
1998-03-16,0.006983213345953754,0.00667182081051565,0.007489581953185054,0.007421362391179409,0.01049436842442697
1998-03-17,7.797818036792137e-5,0.002885881460297668,0.003826820228329142,0.001818664194522368,0.0008281942701584555
1998-03-18,0.0037566977164700255,0.00423466019064489,0.0045718325177181995,0.00433365676505959,0.0068292463690782235
1998-03-19,0.001520112626530068,0.003096579894106055,0.004552876347539758,0.001774567691484652,-0.0011755526930935511
1998-03-20,0.0065443117572536735,0.007125681388664207,0.008433647199850514,0.011379883953333003,0.01171586169198302
1998-03-23,-0.001035406420538898,0.003050781657561785,0.0031003932083470964,-0.0005103965955282064,-0.002631756488776449
1998-03-24,0.007596500719237342,0.004871400429509398,0.008128876714404099,0.004067155535017131,0.006046173544695721
1998-03-25,-0.0011368603844822411,-0.0031564090153655133,-0.003402982827036216,-0.0011166092101088099,-0.0009550897645113077
1998-03-26,0.0015535442433256552,0.00022189923798277,0.0006050046016952138,-0.0008604022844636017,0.001510327047211435
1998-03-27,-0.001429710425160935,-0.0023056104789085374,-0.002589884941178955,-0.0043100100591848545,-0.0020120660827686043
1998-03-30,-0.0007866666666668243,-0.0026286864856419623,0.0021937445569106817,-0.0004987190230928418,0.005373049227449966
1998-03-31,0.004450701218291719,0.007267785642262048,0.0047069968321404865,0.005861601945501782,0.006085420015655263
1998-04-01,0.005650238895481774,0.005593875751735089,0.006486962031060806,0.005169609682323495,0.0076140057042928255
1998-04-02,0.008334297861777973,0.01001244708894733,0.00964504329206517,0.00808757863710885,0.006770901642350058
1998-04-03,0.0011557747829684661,0.0020752160230155248,0.000898449328458506,-0.0002914995757549166,0.0002510873651604406
1998-04-06,-0.005998313030875946,0.00011567225442465912,-0.004647871606939136,-0.002021092151744508,-0.003952704775899596
1998-04-07,-0.009706363551581498,-0.005197560205405072,-0.0022033481697480983,-0.005367465044489705,-0.008696751427259453
1998-04-08,-0.0011571590223814487,-0.0045463920346361375,-0.004640166397267276,-0.0010066115341467174,-0.0024508921314738696
1998-04-09,0.007553430072943845,0.005622822230920699,0.005838245064474501,0.008038597726503172,0.006934620605090869
1998-04-13,-0.0006735678211877705,-0.0005178948153091723,-0.00374363938029465,-0.0017270989633516587,-0.0019358436739752571
1998-04-14,0.008528267314141136,0.005807402550596752,0.006797666139579217,0.006338723870566332,0.0019636759328311992
1998-04-15,0.0047494008466022475,0.00021819759035279773,-0.000595335848003864,0.0006399567125559003,0.0009526573928371196
1998-04-16,-0.007300836406262889,-0.006333496037630226,-0.0060512132178025535,-0.008099054683939122,-0.010527753387182703
1998-04-17,0.008738004504747376,0.009557645381568891,0.009610853271529995,0.00850404005903127,0.010894813155780003
1998-04-20,-0.00044301391524059763,-0.001858605642926725,-0.0051499095867876266,-0.004041415435814488,-0.005035224330123045
1998-04-21,0.0041030548640199616,0.0017534497240991875,0.0008523921253975608,0.0015390756819357865,0.005410593843421463
1998-04-22,0.0007892454214764033,-0.001046902318472931,0.001521806521737945,-0.0027570870416222526,-0.0018082416802953638
1998-04-23,-0.00830361312820016,-0.009157501071397678,-0.007479882142498506,-0.00996852454674746,-0.009628528905826328
1998-04-24,-0.010918142473265058,-0.012203217883127282,-0.012614184950876073,-0.013365382280667415,-0.010745478637986361
1998-04-27,-0.01877128286983809,-0.019650595617194955,-0.018716372463552178,-0.016597340918551362,-0.015465308907590791
1998-04-28,0.0017368239223476412,0.004164131842615548,-0.00021551027180743976,0.0020851118078688557,0.0011814056516079585
1998-04-29,0.008636666666666626,0.007375537317410474,0.006123720784231512,0.007314095012921573,0.0077329745596868005
1998-04-30,0.012565937189143339,0.014531350509433105,0.014390834056043023,0.012948475071639987,0.017439467488737703
1998-05-01,0.005728312258008517,0.006447971464654811,0.007076574426941651,0.010461244154761795,0.003639302781871523
1998-05-04,0.0028075593768577267,-0.0006020777243380682,0.00258914999744686,-0.0022236197363860732,-0.00214330778366989
1998-05-05,-0.004897548748985403,-0.004144549619782167,-0.004066876609342018,-0.0043176941288815,-0.004708173823145478
1998-05-06,-0.006462476007325968,-0.005567150818382438,-0.006732254685054784,-0.0029047685938541346,-0.0065509634858591514
1998-05-07,-0.00791538342368825,-0.008230845253830443,-0.010156273996003495,-0.004313157827707026,-0.005101033865374194
1998-05-08,0.0092312834252668,0.008907783663056001,0.008617930181849642,0.011222098950186998,0.013137378712113401
1998-05-11,0.0007336135934250532,0.0031250662390425177,0.006849243674840855,0.002747925420552466,0.005221516459510189
1998-05-12,0.0029068233142055533,0.0013455101329140629,0.0010476272508668227,0.00346784085168772,0.005195021298617597
1998-05-13,0.002902991827688828,0.0018608228521497239,0.0021789139524841517,0.0036193719007995284,0.001468411457792529
1998-05-14,-0.001787851009608321,-0.0011773632474056939,-0.0004437144476483468,-0.0017633923639371885,-0.0035001031876075173
1998-05-15,-0.008398957460662992,-0.00403173013781799,-0.005479603648026132,-0.005349649249027699,-0.006006756291593085
1998-05-18,-0.005409288927731737,-0.004481644349029312,-0.0018789978216475767,-0.005380994137588746,0.0009256738744833903
1998-05-19,0.0034951400844576153,0.0025039864008713497,0.0016401931190328511,0.00393027259215617,0.004650760207573157
1998-05-20,0.005392953183995575,0.003255898183400552,0.006189355727152179,0.0037256066874351568,0.007054476201171278
1998-05-21,-0.0005543283751607841,-0.0005464039351616989,-0.0008628226118946314,0.0004366426711088778,0.00038666411495280606
1998-05-22,-0.005212525951210578,-0.0049598110353431535,-0.0032996455591959295,-0.004118388154745745,-0.006308570681786141
1998-05-26,-0.015083760535701152,-0.014594259756574468,-0.015408326504264047,-0.013892938806846167,-0.01588080031933703
1998-05-27,-0.005847505081107207,-0.008096709077769937,-0.005180419932633962,-0.008867102348419365,-0.006407166371122264
1998-05-28,0.0068932973457520585,0.007521192827662837,0.005812600678232638,0.007758454765801837,0.007134063270221924
1998-05-29,-0.0029200000000001447,0.0003831616950078498,-0.000712111636748447,-0.0010147464309850918,-0.0014342696629214835
1998-06-01,-0.0037501888848768816,0.0006228001757653256,0.0023129998161213194,0.0029346319872955995,0.0008457786576678838
1998-06-02,0.0012946697613034353,0.0007783453865648493,0.002434884435986273,0.005597247641097258,0.006205387584937272
1998-06-03,-0.00627780235132358,-0.00295008531903318,-0.002157775759919045,-0.0032735804398449364,-0.005611523781577699
1998-06-04,0.00498991500755297,0.002974959852620751,0.0021367748320093582,-0.0003323674501284346,0.002453473884685753
1998-06-05,0.015493586226925204,0.014429668596659173,0.015865673205439634,0.0191477189736875,0.01704775821744331
1998-06-08,0.0014211184942869437,-0.000695323518681068,-0.00295182789054671,-0.008604018478238884,-0.007760216236331496
1998-06-09,0.0015993237720972608,0.0007012063629077137,0.000705468907766793,0.005752704975063638,0.006085407552562705
1998-06-10,-0.009229051181831038,-0.00463936727338643,-0.004853201651630723,-0.001492482746228041,-0.001194435408904515
1998-06-11,-0.01520721698961458,-0.009743109883034395,-0.011765014362556392,-0.007600165729958586,-0.0076048381915885255
1998-06-12,-0.0016766359884532456,-0.0016079397098678339,-0.0006551913198551418,-0.003753488023977014,-0.0031382545807553397
1998-06-15,-0.01834285295558402,-0.01764706931366744,-0.016882716319622015,-0.017085260843480277,-0.017017094235768027
1998-06-16,0.008559282008331781,0.008841447295482974,0.009910304146575122,0.009089871769653257,0.010186035581666975
1998-06-17,0.01585549932882291,0.015092589526988887,0.015143016044703694,0.013729673361957628,0.013482535050030053
1998-06-18,-0.0030266253777279095,-0.003715411718776096,-0.0024829519748230666,-0.002535121130266438,-0.0029635565826635624
1998-06-19,-0.006634142517367603,-0.007736001695886063,-0.008903422789855897,-0.008632480003257337,-0.008817192903067927
1998-06-22,0.0028469959595271987,0.00026312877877265883,0.0013969513378342402,0.004683630065636546,0.004278048263427925
1998-06-23,0.010495287023037037,0.00873591642515592,0.010784971171841296,0.011020158063882457,0.012586034436284033
1998-06-24,0.007892235051230934,0.009677900553108687,0.007295974561603247,0.006682221969389168,0.010497384757885087
1998-06-25,-0.0017763650939968123,-0.0025762203530210748,-0.0025779044998834877,-0.0012770630407432648,0.00047051052458702003
1998-06-26,0.0029975641369950345,0.0016487003307188441,0.0011220891499752472,0.0003057331243669914,0.0007463384204016155
1998-06-29,0.004229999999999956,0.0034371754620019512,0.003782210838488842,0.004280463680184532,0.007786044327573238
1998-06-30,-0.00029707238381615486,-0.000277221023328722,-0.0006504882277629243,-0.005572476124811487,-0.004018248660342505
1998-07-01,0.009552967875473106,0.006793526393494176,0.0057333900506870705,0.002371780525209477,0.0036094682742766615
1998-07-02,-0.003789511274771895,-0.0026794878146660928,-0.003477835201433188,-0.00691634103837635,-0.007462162350330814
1998-07-06,0.00698866383889496,0.006227086385359737,0.007087652091538166,0.008933783918887661,0.00928554896531475
1998-07-07,-0.002611551823950675,-0.004406493222851582,-0.005462369976120374,-0.007093440622459091,-0.006730920584060662
1998-07-08,0.004504536836102968,0.00499081323467121,0.004276242005039288,0.006017861890883047,0.008706243855566953
1998-07-09,-0.005064675136880581,-0.00934070881784932,-0.009552327309028996,-0.006119129036274984,-0.004125908689783464
1998-07-10,0.0007019327040251877,-0.00026795890961273106,0.0006836372350622621,0.0006730123638407637,-0.001268290223749191
1998-07-13,-0.0009876931454033677,-0.0011909895428787731,-0.002000164553709549,-0.00036128093364873326,-0.001527377423878984
1998-07-14,0.0075479572750185575,0.006722429513794204,0.007430511036705001,0.004980661210772563,0.004003523622597038
1998-07-15,-0.0011135753439187601,-0.0006480815604548162,0.0004220141841955183,-0.001576961481766892,-0.004311984758871512
1998-07-16,0.006789959916041255,0.004645804150808175,0.004538166469009619,0.0018246997799218345,0.001933668338794714
1998-07-17,0.0015159696660720368,0.002706902615404294,0.0015664865855720134,0.003965433970524401,0.004414365567593448
1998-07-20,-0.0018686994192448347,-0.0036585398757714716,-0.0034327929206362517,0.0017962758991267869,-0.00042981859105395426
1998-07-21,-0.009472317638794303,-0.008163594711617761,-0.004712061259811939,0.005884097032674562,0.0013532595877989717
1998-07-22,-0.0038347881887677016,-0.0056724105957376425,-0.0033667170167769322,-0.00424954912532427,-0.007361804393877791
1998-07-23,-0.018245119449293523,-0.013386962583616713,-0.01172623125700012,-0.009382743022145479,-0.0119533523674491
1998-07-24,-0.002544088465797456,-0.0008151379367647982,0.0016034335991319537,0.005402463346257713,0.005085145593902718
1998-07-27,0.0013289044344106937,-0.0010831624900985437,0.0002838874150730142,0.0030015978643540553,0.005213532621950234
1998-07-28,-0.012021640671804779,-0.013340920045012306,-0.011820698998024959,-0.014419713809163404,-0.013858417977911763
1998-07-29,-0.003826666666666756,-0.0013968012329147461,-0.003487015384654124,-0.0006208192509302712,-0.0036724153807865534
1998-07-30,0.010957185496499822,0.0077628563540239615,0.0062498990979964475,0.006682314550624957,0.012745896604657192
1998-07-31,-0.019171567378974186,-0.020454525120481182,-0.022329794253319823,-0.021964940532654187,-0.0208116122675176
1998-08-03,-0.008949484540896724,-0.008817983503772164,-0.007992574402235442,-0.010887275159079612,-0.007177021874109735
1998-08-04,-0.032745934650359354,-0.029507325943031626,-0.02737293848185285,-0.030868373875552746,-0.03690898364866746
1998-08-05,0.002497836144774057,0.003104915779077233,0.0045109694971186,0.004123710319572149,0.003827524992185749
1998-08-06,0.009351145071025302,0.005378366443238969,0.006113513434476747,0.009215463653383438,0.014722216950013411
1998-08-07,0.00779547529541591,0.008008184776128857,0.006288416683770892,0.006848128967322564,0.0077719205330240015
1998-08-10,-0.005682442489897022,-0.002375143274046976,-0.0019704209481054002,-0.00047042849659728603,-0.004604576150415207
1998-08-11,-0.016213334114517308,-0.012963766287357625,-0.012777745547938979,-0.01079984758826813,-0.010604633013364895
1998-08-12,0.014748286312254777,0.015656403599668023,0.014987756124491547,0.01742229108218729,0.017232169339937542
1998-08-13,-0.010005059859248266,-0.005991548979285999,-0.006152234223535169,-0.006609549972469875,-0.008254599985932254
1998-08-14,-0.007570226899554444,-0.006890209291292915,-0.00781654964701528,-0.0072530678164419715,-0.008914505399686301
1998-08-17,0.009010374500958429,0.008674834160798506,0.008884768462314785,0.005077820604340477,0.0016129952812196091
1998-08-18,0.013115664098222402,0.008299750606459266,0.0076929417068967165,0.008716650030073492,0.008959074816948132
1998-08-19,-0.00376743424535797,-0.003643779467862207,-0.003924736928243688,-0.0037505721160588923,-0.004273356236187853
1998-08-20,-0.003166880981308573,-0.004280591129234845,-0.004205470467722461,-0.005259257689478325,-0.00483804773635399
1998-08-21,-0.010858267529745058,-0.00911640522201751,-0.0092639834715883,-0.008712860236903097,-0.009334139911740924
1998-08-24,0.0020540405040725407,0.006168520163067015,0.006990312973792712,0.006776069488094949,0.004400544307222809
1998-08-25,0.0006301092238281125,0.0016706394118826129,0.002786000417004164,0.003204439367888501,0.0019212342073322564
1998-08-26,-0.014496505068701593,-0.008065917721255533,-0.008670807282218917,-0.006135609342044712,-0.009638661808293092
1998-08-27,-0.03701333333333334,-0.029795786957934167,-0.03189145932747395,-0.030622706617739692,-0.03309293499693766
1998-08-28,-0.016279514081192104,-0.012792405236431548,-0.012430580311433514,-0.010858860971780238,-0.020684607490962015
1998-08-31,-0.05846455754238922,-0.04929668372995322,-0.05025532812289324,-0.05111667266798148,-0.05568113353284643
1998-09-01,0.03328238459760691,0.027599023274238244,0.030553268542002243,0.02885736108780157,0.03072148361058047
1998-09-02,-0.0029409598806420245,-0.0026128811937619068,-0.008266226607198002,-0.004538308872128138,-0.005951319118294496
1998-09-03,-0.01006518817341151,-0.004090479123005641,-0.006691623778010691,-0.015119296394257242,-0.015434001836898581
1998-09-04,0.0002485518299149003,0.0023901446434166917,0.004739291334802109,-0.00467047694411149,-0.0026313748459594333
1998-09-08,0.04340342231926031,0.03618865602270627,0.03610149491407455,0.047578986052022154,0.04179834570918195
1998-09-09,-0.018077185808493934,-0.016549427607953637,-0.018769039311385072,-0.020085134693344164,-0.019614988747351347
1998-09-10,-0.023253180229682258,-0.014758696752037004,-0.014657110817654972,-0.02428460047966885,-0.023159563687268014
1998-09-11,0.019866783074028893,0.01620206609664665,0.015698794611524347,0.01477200642695875,0.01792959174231501
1998-09-14,0.01583667633118968,0.013610019842953625,0.012378884220883402,0.012375397238213681,0.013454053193456605
1998-09-15,0.0041473540358445415,0.005140896718429877,0.0024619927862936652,0.005322311794643486,0.002311017226793499
1998-09-16,0.006818058207495037,0.005227453818485994,0.004999603324552293,0.006811124893591369,0.010641744668041131
1998-09-17,-0.020422309496921143,-0.016997494345036057,-0.018462562036210217,-0.02306957242772778,-0.0216065269686444
1998-09-18,0.006098755319700944,0.008158438040641203,0.009368258372740579,0.012960833703131058,0.009733965329945526
1998-09-21,-0.0023561667374983886,-0.0038081657262624136,-0.0066703506673568835,-0.003331194844143237,-0.006926082525705368
1998-09-22,0.005496340519978826,0.00578765374874024,0.0014046990967993,0.005415088257824552,0.003714007682093623
1998-09-23,0.028605729059994367,0.02756369364786182,0.03043517927534145,0.025931172359672683,0.0252236073002039
1998-09-24,-0.014354561343631556,-0.01468371738337726,-0.016185394886464866,-0.02191930225388994,-0.021761085471243113
1998-09-25,0.0005040137816771928,-0.0011333635272895437,1.2889141402627757e-5,0.0024305413293201905,0.0015269360347607286
1998-09-28,0.006036666666666246,0.009057297816888799,0.010407909739519328,0.006911876602783362,0.006396288084874691
1998-09-29,-0.0039756536375412654,9.472257157194797e-5,0.0005959556787915599,0.006973082704795575,0.0079501613944295
1998-09-30,-0.020738699417037987,-0.015828890389457784,-0.01743433814956774,-0.02122218559227962,-0.02181825451117314
1998-10-01,-0.0260186985756109,-0.01547069884723229,-0.01153977723281463,-0.013662016423802936,-0.013677790838149018
1998-10-02,0.014273908036286587,0.017881556683039923,0.019025889729001433,0.020206189287167442,0.021329761198825903
1998-10-05,-0.015233954459283772,-0.0024983444251452935,-0.002063864358571199,0.003176552384228648,0.0035502864444345583
1998-10-06,-0.0019854170965485363,-0.0010162605349319787,0.0012473839367113104,0.002834388456390391,0.005837521988401928
1998-10-07,-0.01005477522072551,-0.006999097155969136,-0.005086671802993492,-0.011082541987805339,-0.010954654367346217
1998-10-08,-0.021315312573827794,-0.01632650239781186,-0.014257982476620357,-0.01602483061931015,-0.016529376871485923
1998-10-09,0.019355000046012094,0.0036727245353056492,0.002211476438094717,0.007887319991225272,0.00734168092995513
1998-10-12,0.016050018414396128,0.0026933597797087483,0.0015617188270358184,0.002492349410640804,0.0039887406933465375
1998-10-13,-0.006721829984161376,-0.00884270401335241,-0.008509670924660262,-0.007859096438982638,-0.007274194713115523
1998-10-14,0.008647814541122623,0.009140865185055747,0.007944941093379843,0.008157328391828145,0.007896570836183558
1998-10-15,0.03641895696849473,0.02652694417602741,0.02529125601268145,0.022364515326048107,0.02415194709068169
1998-10-16,0.014593520010516947,0.0066503369478048135,0.004399590291608746,0.004993093131516524,0.003527282409109489
1998-10-19,0.009990162001215941,0.0038417596772288842,0.004238498896853571,0.00403287739103253,0.0015748972404225903
1998-10-20,0.007097827405606161,0.0034182177106194533,0.0054502718636055825,0.005561913581472622,0.005945192816611655
1998-10-21,0.006329653080163311,0.002398821876045787,0.002496399000609051,0.001901809124694509,-0.00043194898983389685
1998-10-22,0.006739252080920188,0.005473678500577339,0.00590382989931193,0.005084247439736345,0.0034400558455276453
1998-10-23,-0.005270067336749729,-0.004991467364401259,-0.007156618012745475,-0.007923010880289572,-0.007467596879636718
1998-10-26,0.00512035169123104,0.0017712934702371896,0.0026926708597938553,0.004504623770868577,0.0035886278054311216
1998-10-27,-0.0036566666666666414,-0.0005519634814201702,-0.00033539059887965905,-0.0002740366605151756,-0.0026159443339961452
1998-10-28,0.0005317052689335355,-0.0012249334335338036,-0.004208728296383302,0.002830936663945849,-0.0012977853507359915
1998-10-29,0.011698360853209078,0.00981404960246346,0.00963557485882549,0.0062887758999543575,0.008079293147786881
1998-10-30,0.012482787610515578,0.00944159043342152,0.010277045018333597,0.006842262895353501,0.009752523119394674
1998-11-02,0.019033270427455617,0.015828122638521736,0.015926423290637093,0.017162091463668094,0.01515543332448499
1998-11-03,0.002754040707994898,-0.00028339049473624645,0.0001406927766047783,0.003233933469749095,0.0067943271141217565
1998-11-04,0.009052353684180003,0.004738281836352387,0.003909557724611101,0.0047455619955472095,0.0033361777846048213
1998-11-05,0.012010549720777197,0.01167390027898385,0.012743790099935204,0.008541092682801787,0.010343633614665837
1998-11-06,0.004918169572898146,0.004083220441952973,0.0037954290971364824,0.002380260649334831,0.0009695262628868218
1998-11-09,-0.008550433123666434,-0.007899606614196086,-0.008389432952700449,-0.008342257946773457,-0.008172496342026103
1998-11-10,-0.0023520751149112007,0.0009120754149538612,0.0010696854858709415,0.0032006502800996373,-0.0029216840425935198
1998-11-11,-0.007374262426188549,-0.007394480204334197,-0.006541246907731391,-0.008588543311480512,-0.007611264003950291
1998-11-12,0.0016266404863640727,0.0039734062880805165,0.004207590344082357,0.005447876431457166,0.005740189413294683
1998-11-13,0.004291890296791889,0.0011573014565187112,0.0007254948644979109,0.004820945747126881,0.0042190229405922874
1998-11-16,0.00489532952355165,0.0013029336858425555,0.0005990503273296532,0.0017439305163922114,-0.0006213959777476852
1998-11-17,-0.000767468293440654,-0.003119774041029366,-0.003602936649843347,-0.004521848706316223,-0.002937895299553017
1998-11-18,0.0045716461432734334,0.0039338609564023574,0.002721047302054469,0.00041292008407123326,-0.0008464529108576091
1998-11-19,0.006482575910500055,0.009203625649377711,0.00875303711885933,0.006999896165354569,0.003059993687120288
1998-11-20,0.005651987472975906,0.002865398296046262,0.0027673447796425776,0.004352552225647566,0.005802151771987951
1998-11-23,0.013927441452089573,0.008112165267532001,0.009071346292775617,0.012998164485371833,0.011341018388744573
1998-11-24,-0.0034106397812204703,-0.004191976477478487,-0.005340506306439008,-0.002546678908805111,-0.0022547242557618974
1998-11-25,0.001183333333333314,0.0017091517094987019,0.0023074190177025944,0.0017863363479102556,0.0003517722772277132
1998-11-27,0.0024542761066070895,0.0026733319110572307,0.0023273688830924844,0.002948262529993473,0.004338828156974506
1998-11-30,-0.01896528828699906,-0.015989770354759014,-0.01741433702799744,-0.017498462538846793,-0.016928003685499626
1998-12-01,0.003908059673895403,0.0010354022942582475,0.0011832917004155341,0.000540087967251246,-7.617189915376521e-6
1998-12-02,-0.005943369105116836,-0.0033276934123144253,-0.003649384791356458,-0.005564560712806421,-0.0057067514981969936
1998-12-03,-0.014092424019485517,-0.011686134127418923,-0.010060818891197587,-0.012980363806883832,-0.013578450448054502
1998-12-04,0.01469616377324301,0.016368110795192292,0.01539550132117773,0.011927723146451852,0.011213992234924142
1998-12-07,0.0072150197834537355,0.004813861696572941,0.005481472397965481,0.0035328075782610213,0.004487837523504679
1998-12-08,-0.0046961959583097235,-0.004429014065756576,-0.005990153470925241,-0.004443702717070508,-0.006286419594997872
1998-12-09,0.0009500795369186132,-0.0002956497502809574,-0.0027459545890970993,-0.0010925032629286457,-0.0007341247979094634
1998-12-10,-0.014910613873258649,-0.010251439910338722,-0.006646046807625594,-0.01811832121236645,-0.016671483590988467
1998-12-11,-0.0035681424118133576,-0.004634051744187184,-0.006280520286894742,-0.00039605232088901765,-0.003098080662760516
1998-12-14,-0.0166264018129606,-0.00824579977791029,-0.005895696893696956,-0.008929076052757057,-0.007855016295071904
1998-12-15,0.01069902451440985,0.004797019135229119,0.007740145623969186,0.00455444082452372,0.0036910218574384146
1998-12-16,-0.0009130114473533402,0.001187378727545374,0.0011162973536211762,0.0006570550559423793,-0.00016666392795861018
1998-12-17,0.01245289563776053,0.006302053716799705,0.004906474463560739,0.007871696466019484,0.005887902040691895
1998-12-18,0.0027248262633472464,-0.001091386153634466,0.0008041717739917242,-0.000752088693431574,-0.0017989648290017701
1998-12-21,0.010165945695916667,0.005203275468706137,0.007476642551470514,0.005875649558835017,0.001965660001860936
1998-12-22,0.0006251674732977719,0.0037222259139484404,0.0031520315844828506,0.0024349163687440445,0.0015225274113885856
1998-12-23,0.01774427037081794,0.015402419909721354,0.01843085617848894,0.012976212637587414,0.011663464766960896
1998-12-24,0.0008942267920768465,0.0007573586906304275,0.0012296601679149255,0.0011988596169625332,0.0007063173666073119
1998-12-28,0.0009566666666667167,-0.0036809088695510805,-0.004038788837361307,-0.005080058885336469,-0.003448469159476053
1998-12-29,0.01131052792828191,0.013409568755055057,0.013079270750277816,0.009675532645607055,0.004890550448668707
1998-12-30,-0.002309600599231687,-0.0051947439469249845,-0.006484536794156948,-0.0007878639018812361,-7.87363595143864e-5
1998-12-31,0.010138142480825785,0.010428124600146527,0.008928755679478817,0.0032330278442920246,0.003219806540040171
1999-01-04,-0.003495738381845026,-0.002656081090792628,-0.0033522060899122685,-0.0038604700558062532,-0.001920246331229225
1999-01-05,0.010368358353842755,0.006046624453794003,0.00780614573719296,0.0032859360272341487,0.003918447925472135
1999-01-06,0.01766383947645922,0.010168207561149334,0.011144258711716093,0.014499233952890656,0.016144111016013873
1999-01-07,-0.0027019429861795397,-0.004225836192701005,-0.003533390485873422,-0.0018087008610461197,-0.004234387157318609
1999-01-08,0.00787623322793718,0.002911574454297128,0.0033151194154834585,0.005040315402403239,0.0055711181743776095
1999-01-11,-0.0038246309083647123,-0.011894490333386298,-0.010427323571733926,-0.010271636778840021,-0.009933143262842892
1999-01-12,-0.015064466546982347,-0.012031302205373073,-0.0122160990172816,-0.013726003729365277,-0.014048368729212224
1999-01-13,-0.007571100422911536,-0.005985199899936067,-0.006177856885454136,-0.00332427035079752,-0.006910078566682909
1999-01-14,-0.015709975401277276,-0.013343713496490883,-0.014405073372945831,-0.015144870759060791,-0.017070958017674
1999-01-15,0.018951055149371898,0.01607319134782692,0.015604044608910517,0.010721453967158512,0.009095840103283015
1999-01-19,0.00287302484737495,0.0038067211630621323,0.007285687484360315,-0.0013381377142677175,-0.008990933779541854
1999-01-20,-0.0006052810966501454,-0.0010008581326866883,-0.0018334082744732028,-0.010257127274551414,-0.014331522570757427
1999-01-21,-0.012264901598611044,-0.011740002093237556,-0.013543384989583629,-0.012959380070645454,-0.010984213844058344
1999-01-22,-0.0031203820421404904,-0.001762980158393379,-0.0010961391572268386,-0.0007338152613444171,-0.001388637140589677
1999-01-25,0.006665718831822431,0.00010749398272658084,-0.0021134710703439863,0.0017673843051757565,0.006020137531154601
1999-01-26,0.009059220337560125,0.0037093346745196154,0.003923752492206889,0.006391206088831147,0.003836695149785019
1999-01-27,-0.010418579633856173,-0.009765348948903907,-0.011823983563310048,-0.013412848154737866,-0.014424188586950715
1999-01-28,0.013093333333333401,0.010051825888681254,0.00930883799895832,0.010302331461369274,0.009763812347594714
1999-01-29,0.00525482383985687,0.0006824836168346504,0.0019279195983896713,-0.005314856795526457,-0.010697040389379464
1999-02-01,0.0005136153982834291,-0.0032534408838261752,-0.004341073569732012,-0.00682322462217233,-0.007928324101294626
1999-02-02,-0.005226976588025067,-0.004981554772751751,-0.005619805164066571,-0.002686753899251104,0.00010110587457901055
1999-02-03,0.010558008379092598,0.00874274137880815,0.007463031726085756,0.012422054572053032,0.011550030292072133
1999-02-04,-0.009413579697464813,-0.0066966857607446695,-0.004028766852273269,-0.005524617812635135,-0.003865096546493696
1999-02-05,-0.0032152362441316695,-0.0027363553221876336,-0.0020555448732207937,-0.0002791306314141595,0.002797404235386658
1999-02-08,0.002556425093983128,0.0036464924243830854,0.0036165897725672913,0.002958112677255098,0.0010084261055649524
1999-02-09,-0.015913057219865245,-0.016816201541021814,-0.015809016458608882,-0.011957875849939237,-0.01347592743363124
1999-02-10,-0.0017102127608997764,0.0006990179940262742,0.0032490248961176693,-0.00992079364734666,-0.00725533087432062
1999-02-11,0.013909009543680018,0.008768392956476134,0.006295949328149142,0.0030916369370543872,-0.0023692158394968965
1999-02-12,-0.014422686210049385,-0.01038479787163693,-0.009778661633641939,-0.011568215426504214,-0.010195063919287706
1999-02-16,0.0010107912398014118,0.004943361266839252,0.004017689011098335,0.002400601053142548,-0.0012842433869726388
1999-02-17,-0.012817229464106905,-0.009783673113786362,-0.007372734253114466,-0.008750344450386582,-0.007621675414976936
1999-02-18,0.008263567046002951,0.008486264568697166,0.008983095309665234,0.010595866936992104,0.005976862151337192
1999-02-19,0.004489076552140592,-0.0021919868887722016,-0.002178457024571978,0.0016392482521083718,0.0003498004128721366
1999-02-22,0.018663762876391043,0.01602125044774194,0.014914233178906056,0.01325576491738678,0.014884085046391826
1999-02-23,-0.0029276102205474386,-0.0072641854160555575,-0.009111476953831299,-0.0068617692442070055,-0.006648695480638622
1999-02-24,-0.008604030784057581,-0.0029940177660836564,-0.004230639665699143,-0.002945420355070838,-0.003377271905918189
1999-02-25,-0.00608843144995963,-0.008206330388229599,-0.006802740627349868,-0.008472908552544234,-0.0074200903379445515
1999-02-26,-0.004627344247743692,-0.002879455069343506,-0.004378174976075289,-0.0050566704060136525,-0.006297047976092096
1999-03-01,-0.0013699999999999823,-0.003824236612654963,-0.0040487446030359475,-0.00559384975977073,-0.004442796116504888
1999-03-02,-0.004925810360193461,-0.00414586714617704,-0.0032543217289093818,-0.00012780261079503585,-5.591215484812562e-5
1999-03-03,-0.00015118634882105297,0.002854536622356907,0.0022989888038775774,0.004013052424173935,0.0035197763259673387
1999-03-04,0.012866061193980594,0.011249167236283553,0.009896990149806717,0.013617901588226733,0.013843713686881198
1999-03-05,0.018263964045124315,0.015175092494215114,0.015500757995726477,0.015128712746317774,0.015370557084957603
1999-03-08,0.0022197302530577723,0.0015066675897446036,0.0008714353875776126,-0.002708014639404732,-0.003171090855255465
1999-03-09,-0.0035119424518211817,-0.004461808713529192,-0.004933059817748386,-0.005788821427404445,-0.00518361546049384
1999-03-10,0.006781650662854188,0.008240692603937783,0.008896187422631874,0.011496983242208936,0.015066181752332763
1999-03-11,0.0060460723578685815,0.004282284008605197,0.005087223197324908,0.006998994077952014,0.005933078110137435
1999-03-12,-0.0016448034758140828,0.001445012533931811,0.002111363124799537,0.00014207835325930063,0.003096865371795543
1999-03-15,0.005278105991487481,-0.0009360603369299447,-0.0015318238297086229,-0.004062840744199381,-0.0007471125435360992
1999-03-16,-0.0001674288522655054,0.0003704545009552973,0.001152737564975581,-0.0003327110379351961,-0.001623355674393645
1999-03-17,-0.0022731502747340704,0.00041449348263733476,0.00024247934902166257,0.0013961729824598645,-0.002552038778384502
1999-03-18,0.010482707727264451,0.007025212479028209,0.007235742748709306,0.018771040153718443,0.023606903424196357
1999-03-19,-0.00945150664568073,-0.00937802877212579,-0.008631182980773477,-0.011310852282903516,-0.014987641264401996
1999-03-22,-0.0033336222013407024,-0.0028187070391296754,-0.0014580295699885282,0.0012382432378312824,0.001936610801247074
1999-03-23,-0.024131461236898688,-0.02095979181622165,-0.0199682869495732,-0.01928728729366347,-0.019105540002094412
1999-03-24,0.006950428198562619,0.00992936068680672,0.009457544301765042,0.00819743921251015,0.004837651099517837
1999-03-25,0.014565319884008332,0.005134023880061012,0.005502492334903186,0.003075254152533624,0.003605953089445446
1999-03-26,-0.006642688320451451,-0.008625376185977474,-0.009435304737989036,-0.00677632078859236,-0.006829278122989835
1999-03-29,0.017057519747648797,0.01053286380383267,0.008133281411504933,0.012830828853698684,0.015974410075067835
1999-03-30,-0.009689999999999976,-0.010841784522316766,-0.013067087187741189,-0.018223998454719448,-0.01890388681881705
1999-03-31,-0.006996510856869698,-0.004230209028808107,-0.006655857469603288,-0.00992969448864034,-0.018624568973310662
1999-04-01,0.002673418489664403,0.002049006024025246,0.0021476326564096038,0.003390098208190251,-0.0015041758713330022
1999-04-05,0.01395679174569997,0.011625159273686014,0.012197835575177507,0.012987797430515258,0.013463186686275108
1999-04-06,-0.003490733064959728,-0.0027860617116407527,-0.004129008963901115,-0.007555913957522642,-0.010644953456572015
1999-04-07,0.0016082134299169049,0.00023673380070099448,0.0017281803163788911,-0.00027362066160196985,-0.0025424527353692383
1999-04-08,0.009997588040184802,0.010549096970623006,0.009086615390736963,0.01042675043891661,0.011547450499280298
1999-04-09,0.005859671965860125,0.003982986836374325,0.0012332261503578135,0.002388828060089887,0.00411107968233293
1999-04-12,0.013326907185719605,0.017717745742195312,0.015910113872002807,0.014547020934470245,0.014485556501089958
1999-04-13,0.0012003019447035523,0.001456803335190715,0.0009960713284531408,-0.0011246141956265943,-0.0019841707069035985
1999-04-14,-0.0016147308968551544,-0.0132582572524097,-0.00901147691084303,-0.008327552179053788,0.002557976965742892
1999-04-15,0.01113306230443789,0.005206107213193034,0.007538523069088976,0.006746441907371947,0.013442537236516339
1999-04-16,0.005528540043446606,0.008941785409908087,0.013295029800860725,0.01129973911039106,0.012457504805146957
1999-04-19,-0.0068992829289543645,-0.004780429414985576,0.0033289550359851816,-0.005166299271467389,0.0045320476405377175
1999-04-20,0.004057218998053447,0.007122807167700529,0.001149390360031033,0.006303027164830555,0.003249679151667406
1999-04-21,0.017196380891774776,0.015713212454289138,0.013167124959596599,0.012156940949454853,0.0033815133523138474
1999-04-22,0.004552793409912548,0.006599651742442703,0.0018064793303207427,0.0033867188263601022,0.0015451959016874461
1999-04-23,0.0005999358775532482,-0.0029472805157290116,-0.003855842130781939,-0.0012785144923074254,1.314482473135925e-5
1999-04-26,0.0030518076877075195,0.002673886019660454,0.0034885992456579196,-0.002076864604834916,-0.007637743797400898
1999-04-27,0.001330045650867362,0.00359534914963322,0.006207199656355966,0.004509117282220476,0.011787106156235794
1999-04-28,0.003103789488583919,0.0008838413428589043,0.00633270460062052,0.0022530554210025144,0.013852336168795887
1999-04-29,0.0012533333333333285,0.00431190796146419,0.005095422744083811,0.0027388387066300535,0.004102596439169215
1999-04-30,-0.0028758332889443627,-0.004671817907629938,-0.0060999495235349865,-0.005392551461551376,-0.007714807821051828
1999-05-03,0.013870566865719525,0.014858513536352369,0.01689302362435119,0.014750371941945506,0.021213121160438053
1999-05-04,-0.006779867218043023,-0.010058013347937655,-0.011027484765310236,-0.012321969344521788,-0.0010641749556554725
1999-05-05,0.007535758728532738,0.009871644062390272,0.007917102270089016,0.007166026034818529,0.0069909980092761614
1999-05-06,-0.004186575782057278,-0.00039116985270271076,-0.0009580189296480857,-0.0031270831801627486,-0.008377197371981726
1999-05-07,0.006832024382542157,0.000663128434070348,0.00011909846022772896,0.000817679473260613,0.00886006087096014
1999-05-10,-0.001573267772730702,-0.004605600293266732,-0.003507047447957823,-0.002990248340244417,0.0038411006484861954
1999-05-11,0.007366312259488694,0.008095835785078664,0.008491028417110247,0.011894752048790425,0.007742739289796408
1999-05-12,0.0014848339952147072,0.00376394990204143,0.0008438316972940729,0.0021765089601988308,-0.006885238998860954
1999-05-13,-0.0006262954247515662,0.0026624028306401204,0.0036970632390989078,0.003687230741431735,0.01004185344246511
1999-05-14,-0.01573097016816305,-0.012369947965061967,-0.011130659083474104,-0.01240226411714862,-0.013104257832626698
1999-05-17,-0.0018182336805034893,1.0923928134065619e-5,-0.0008383354119997355,-0.0005357003826217399,-0.001131332568778065
1999-05-18,-0.0055403350431927345,-0.009964145759891352,-0.008918819339164719,-0.006665982657990122,-0.008703585129505753
1999-05-19,0.008512366247376724,0.011412746927523143,0.011127633482855392,0.009809677255503857,0.015356435011143033
1999-05-20,-0.0018169282241745632,0.0005384348016721496,0.0016325499006049071,0.0006063706796226587,-0.0037447014954423707
1999-05-21,-0.002349752306673447,-0.0007836065530134606,0.001480676780913237,0.0011722191261380743,-0.0008082064622338958
1999-05-24,-0.01370424434412243,-0.01222484121821854,-0.01253804188394736,-0.013650448420215122,-0.008916103420859467
1999-05-25,-0.013925630009138601,-0.00902484047442853,-0.006340967501475614,-0.006003644710126044,-0.004778761858522884
1999-05-26,0.007078146955237674,0.008592860804864433,0.009886027066008829,0.010045315374522579,0.0060822240240967496
1999-05-27,-0.014593238813945142,-0.015065013571766595,-0.017558522252165698,-0.017047738098797227,-0.019072479227493444
1999-05-28,0.008229999999999738,0.007578765617448635,0.00562888942455575,0.00897625513976874,0.007308513788887305
1999-06-01,0.001522987479708915,-0.0020504926958049285,-0.00014593944061036535,-0.0011959172290219033,0.005740975561671524
1999-06-02,0.0010043137430817417,0.0016035658135566955,0.002065879403740478,-0.0011070656627761855,-0.0042464358793075085
1999-06-03,0.0012886638587670252,-0.00022613589632269893,-0.0001570108795496683,0.002184203565804177,0.004755901900346693
1999-06-04,0.014526871422416932,0.01119616182123595,0.01028342392442938,0.011246123474900838,0.012498438538504075
1999-06-07,0.005978571115174525,0.0034042172083001976,0.0030658853188854085,0.003960888035708043,0.0050926558635440156
1999-06-08,-0.010619513410250359,-0.006417327970310693,-0.006590019322422647,-0.006146391046765287,-0.013218742902944225
1999-06-09,0.0007876757062874606,-0.0016036274566343378,-0.0025337342697185905,0.002393750890598012,0.0034629125986052056
1999-06-10,-0.006907405587240789,-0.009167252636597678,-0.007670217771217902,-0.002144882370603174,0.0010049536382059632
1999-06-11,-0.007152706517541518,-0.00615353188243295,-0.0067125302239349205,-0.004133558900450751,-0.0014638850152209892
1999-06-14,2.5556773575186043e-5,0.0016700542622267722,0.0026005494625045422,0.0036340505653769117,0.010249514780198643
1999-06-15,0.0017012588798643868,0.006250092234547866,0.006761093428435894,0.0070267175743143895,0.007030223693880178
1999-06-16,0.012110785125624801,0.006851826748984768,0.0049783657516695445,0.0049129185353402605,0.0017715783834892918
1999-06-17,0.006178552184843422,0.004500177634849667,0.003931939508747151,0.0021214577753589925,-0.0013919625131206814
1999-06-18,0.002034525389803754,-0.0004977803512477008,-0.0017085923758922705,0.0016414550488024204,0.0020589245596869254
1999-06-21,-0.0021851274121367226,-0.0048061552335956215,-0.0069437633139881605,-0.005372812431732821,-0.00860265958528006
1999-06-22,-0.008753244079096167,-0.005194168165576052,-0.004291012373229597,-0.007142469106695248,-0.008112613027330129
1999-06-23,0.0014504632883292068,0.0036459054465292073,0.004770153384356934,0.0021584047325258204,0.0030820377159934687
1999-06-24,-0.01225732548796854,-0.011016871815193396,-0.011584611092688823,-0.014002557998138654,-0.014547523969680176
1999-06-25,0.001041352575782195,-0.0017847746598758096,-0.0021235508745418574,-0.0010488754176963822,-0.001984820412652466
1999-06-28,0.010239282504759695,0.008168420364786266,0.006413771250727951,0.006198491849676913,0.00596337213685616
1999-06-29,0.010723333333332974,0.010152761442053126,0.009505898269516644,0.010062894957779456,0.004219825010670197
1999-06-30,0.006342426710903348,0.005854890455316397,0.006514919203334246,0.0033663537281172218,0.0009868497304192925
1999-07-01,0.006682959183104797,0.0065282807966420275,0.006863528368270977,0.0034954130292834673,0.008555686743189295
1999-07-02,0.0038576912315175793,0.0017059670324783838,0.0009955367672638271,0.0026511859343381072,0.008734352330864725
1999-07-06,-0.0025426115467820365,-0.002906160576912842,-0.0051753340915565715,-0.002945105223203237,-0.0018686162386208904
1999-07-07,-0.00461850998888802,-0.009169752033303502,-0.014427202540249429,-0.017104635107523025,-0.008590334828937785
1999-07-08,-0.001427438689128091,-0.002619728977166891,-0.0019353224382869794,-0.001534948792455637,-0.0032291404190195605
1999-07-09,0.0076864414968604855,0.003181848414082644,0.002327281507378487,0.010352078576495671,0.005199742228164661
1999-07-12,-0.003048873716455347,-0.0016388852876147997,-0.0015680671956159742,-0.0012667012726143012,-0.0010915644845460593
1999-07-13,-0.003943829307478053,-0.0018828987425161259,-0.0011997867157049757,-0.0013857295143108184,-0.002955915125828934
1999-07-14,0.002511580943083347,0.003230324135214291,0.0037910326033696595,0.0018140366575642997,0.0024658836843898246
1999-07-15,0.005374272909203448,0.0022372416380664895,0.002206763701317449,0.0030265153922917065,0.001007134275603505
1999-07-16,0.0035779321310438483,0.0030009057833759734,0.0030345214834377465,0.002047298758323768,-0.002448862048088918
1999-07-19,-0.0070571705167619125,-0.004001495796073784,-0.0040346837386109335,-0.006697100188246874,-0.0036374437300005225
1999-07-20,-0.013046173868377031,-0.00898952234577799,-0.00831752636810934,-0.009785617262698665,-0.00883407185243279
1999-07-21,0.004031106562965681,0.004987462964372691,0.005172061036117226,0.003524520636101647,0.006124030245407974
1999-07-22,-0.007057536469001202,-0.007717150351599367,-0.006850987400049746,-0.006282756366327136,-0.0038664710082220166
1999-07-23,-0.0038684651913982737,-0.003089883817235961,-0.00331861582797921,-0.001703229729675293,-0.0022292206128328163
1999-07-26,-0.00839583063896765,-0.006938382936767518,-0.006350031661281119,-0.0033730462845577014,-0.005351499293331563
1999-07-27,0.007470188551663037,0.005632411066111898,0.005250984051349272,0.0017763571169249204,0.005601084970201953
1999-07-28,-0.0009900500349707686,-0.002477353627307166,-0.0031702241278664944,-0.0025534067762300605,-0.0022499450261403986
1999-07-29,-0.015543333333333353,-0.009798167683811143,-0.00904689313698459,-0.012667753602607634,-0.009281288965858447
1999-07-30,-0.0054845024497436334,-0.0013546960053244517,-0.002575849954166043,-0.0010995066569003953,0.0008850969164442279
1999-08-02,-0.0021407151276235936,-0.002881926482458108,-0.004507513356470372,-0.001370006458612072,-0.0021520613351350137
1999-08-03,-0.0043090322313440454,-0.00013394784832276851,0.0015190884855216247,-0.002498213728218235,-0.0030284660381652007
1999-08-04,-0.00906760247697136,-0.006929260773696266,-0.006371545082673569,-0.00866719996659493,-0.004483019278444966
1999-08-05,0.001179702194092691,0.0020931287108354457,0.003605729418115544,0.004157230560178693,0.005342114119217367
1999-08-06,-0.007319874082738154,-0.004479643143748491,-0.005260694149595624,-0.007301575691248008,-0.0051195239164513184
1999-08-09,-0.0015750786163000186,-0.0003892778548840736,0.0006313978283292165,0.0038936217473164447,0.003190601764091028
1999-08-10,-0.012145806587145924,-0.01097482073112288,-0.008247284733821414,-0.011442483872447062,-0.010351528895656159
1999-08-11,0.012878030527857076,0.0074620718570643785,0.007592675487023692,0.004711820203343153,0.007445695658256701
1999-08-12,-0.002926434508489395,-0.004793047439331954,-0.005374466775487141,-0.006329915490372762,-0.004945402180351222
1999-08-13,0.014653467977771228,0.008913813547901217,0.006624597092596662,0.00861436836264362,0.004066570202119424
1999-08-16,0.004374917864062189,-0.0026960996820695193,-0.004225585862423609,-0.0012517927748925128,0.00043233668448250384
1999-08-17,0.00915759106896119,0.006160457855663326,0.006434249912678824,0.00859097076385118,0.004778320805083336
1999-08-18,-0.007797726241880354,-0.009137745751193527,-0.009565945707844636,-0.004199002263369667,-0.004724469299350442
1999-08-19,-0.003132963989757709,0.001491002378705808,0.002099420474137581,-0.0018574485421226639,0.002459038286357851
1999-08-20,0.009453163335337189,0.007093369256014892,0.007238053313546988,0.0038944898190773625,0.005883365590246825
1999-08-23,0.011999687442107332,0.006291978030440903,0.0053315736642391975,0.005875750146241199,0.004927779363950835
1999-08-24,-0.004793746860122017,-0.007924529564697247,-0.007827167648877364,-0.0059868279584402995,-0.006659705811494776
1999-08-25,0.009648934462485714,0.008286514747704254,0.008067333756245354,0.012823461867295105,0.010869947114339862
1999-08-26,-0.009438459561293522,-0.004449576715805703,-0.0038512473986206386,-0.007592718740641602,-0.012795746522341833
1999-08-27,-0.009826666666666761,-0.007907097900861304,-0.008013863385008535,-0.007521924168852001,-0.009060919980036664
1999-08-30,-0.01542617689832082,-0.012496365278902077,-0.01387799026322356,-0.014339732857687859,-0.012010988388146404
1999-08-31,-0.00403744924162186,-0.001798883207895119,-0.0016440601097403862,-0.00228733691597216,-0.005629752159809098
1999-09-01,0.007030437640859422,0.008586363335777003,0.0072625711784952696,0.0031334811720691302,0.007254875709066466
1999-09-02,-0.006054551491683879,-0.0074464783393694,-0.006925216628172137,-0.008126849228881294,-0.009332435093130753
1999-09-03,0.020914871261537016,0.015018885641508328,0.012413078094852592,0.019834249322302044,0.023850240496861685
1999-09-07,-0.004150211583435426,-0.0021841826504100936,-0.0006093711560865023,-0.0027722422914812084,-0.01105984822893924
1999-09-08,-0.0029916353019260322,-0.0031569696705811,-0.0010367272102895786,2.5256161643394393e-5,0.0037799187935831924
1999-09-09,0.002656720374353716,0.00453064885512644,0.0027839964468858724,0.003242019881640301,0.004662134212254587
1999-09-10,-0.00046078725857878755,-0.0019751180521561107,-0.0025848089450789535,0.0010954975425672142,-0.004313725759665488
1999-09-13,-0.00388437764881,-0.004588805986184719,-0.0039984384370729265,-0.00042491689912382835,6.011303796737977e-6
1999-09-14,-0.010537229971705364,-0.00909351775445133,-0.008776807653375962,-0.007758828999252065,-0.012987592330823694
1999-09-15,-0.008033026442089475,-0.005500046112805412,-0.0064531909962922684,-0.007029640436605145,-0.0058847350089216155
1999-09-16,-0.0046409588451977735,-0.0009140798227122993,-0.0004146467128063325,-0.002454684539362484,-0.006740660583500757
1999-09-17,0.007885025363987497,0.007835950967998606,0.008638922916291536,0.0069929307724718726,0.005748469476493545
1999-09-20,-0.0023361749772567997,-0.005409951154863646,-0.0050558740476809305,-0.005401310485695143,-0.00325379132338266
1999-09-21,-0.016319069170997347,-0.01416643800275541,-0.013555182832221346,-0.011964721387568766,-0.018350696153551116
1999-09-22,-0.0012380011178663164,-0.0004042833100048604,-0.002909066799420379,-0.0020662420303119156,-0.00797303901968871
1999-09-23,-0.019398597173888477,-0.017005918522560393,-0.017026920495649467,-0.01272402388063465,-0.011860797468187245
1999-09-24,-0.004299938820011784,-0.00458562792050321,-0.004052883010494335,-0.004327458521610095,-0.005916454476143751
1999-09-27,0.009343805093210866,0.012494746304113402,0.01419545998659899,0.008140282037758961,0.0044068510080272905
1999-09-28,-0.006013333333333204,-0.006589852535206608,-0.0068703200805105835,-0.005853159209511238,-0.008553878847093355
1999-09-29,-0.0032241036097065967,-0.001024755582636927,-0.0015884326001799343,-5.313658947447841e-5,0.006683653717403315
1999-09-30,0.0073629606452674246,0.007044639263214192,0.00766992880901074,0.008278406626562429,0.006381901094568043
1999-10-01,-0.002366836260808469,-0.0014896805286025439,-0.0014457912807676054,-0.0022806245194973984,-0.003064805064086795
1999-10-04,0.013413822278079524,0.009546403424044225,0.011132624805083147,0.010176062031698407,0.011358915163418581
1999-10-05,-0.00263469519369397,-0.008709495748303597,-0.009520414371281705,-0.011645495316392473,-0.00721426110130341
1999-10-06,0.01358019459416604,0.013789491666888143,0.012862373138031513,0.011093841068056332,0.014798091333404262
1999-10-07,0.0004890317339536487,-0.005301076104930469,-0.0065181590650513765,-0.006186603021952952,-0.0016677546928893783
1999-10-08,0.006699661550231051,0.008145779152820776,0.005503032738225944,0.0060901724580539884,0.00525293243755276
1999-10-11,0.0018600066222502765,0.0008089591776889726,0.001568736750311217,0.0012654009904486951,-0.007130731525504919
1999-10-12,-0.013930884620786954,-0.011925616261334149,-0.010825897085532055,-0.010688518109693734,-0.009018518620421245
1999-10-13,-0.016501221308758418,-0.006666852148720426,-0.006092544115758658,-0.008441365847078552,-0.011633439236530263
1999-10-14,0.002512085990478141,0.003492057130002335,0.002235844971195222,0.0005559650312356723,0.004849285746128418
1999-10-15,-0.02508497507294627,-0.02003641656830557,-0.01916694057372481,-0.019642683469302757,-0.026976407177175532
1999-10-18,0.0007693607999905705,0.0063049781312027875,0.006121431687302392,0.006533740428485535,0.009504698898010533
1999-10-19,0.004102103786836064,0.0007677170527931043,0.00032537792900710905,0.003474503706749177,0.0027981132656644814
1999-10-20,0.009295581387903429,0.00989412509092813,0.010073003729499375,0.003757126399260402,-0.010275681484666177
1999-10-21,-0.0045060610444058735,-0.003314242857235472,-0.0040484695057178,-0.012054520461572737,-0.009957680981295791
1999-10-22,0.013660517915361492,0.005273854919036314,0.005046553732393599,0.002436009691736407,0.014238241619306535
1999-10-25,-0.0017329218026633786,-0.0032116686053051957,-0.005232166772235924,-0.005277994851480505,-0.0014996429594544836
1999-10-26,-0.01098704586146304,-0.011006719279553767,-0.009923775438970384,-0.009063948516931819,-0.007990465885047926
1999-10-27,0.008896666666666775,0.016584990023345014,0.014954261530859103,0.01386326083448508,0.015515431761786713
1999-10-28,0.02573219887071332,0.024081589077648236,0.022944315518486524,0.024066994592888857,0.017390788283559333
1999-10-29,0.011742663069383097,0.00971030133612616,0.009244205130054972,0.006668916839408068,0.003137626670408622
1999-11-01,-0.007193890854934937,-0.003956759664844545,-0.005118950662802657,-0.003367336828851375,-0.019212614576930798
1999-11-02,-0.00102899313265159,-0.004347418331489217,-0.004952647144301214,-0.00541903153179657,-0.0012875670044786292
1999-11-03,0.00630690587895355,0.0007146556162693773,-0.0005046758465422352,0.004910015617000996,0.01883642058144952
1999-11-04,0.0002692011988474352,-0.0010820868544842988,0.0014485918723030622,0.0011442612000565067,-0.007967168253972257
1999-11-05,0.003012441689586476,-0.001211335538555014,-0.001082265125933124,-0.0007577124651528822,-0.004943023129671098
1999-11-08,0.00399890939655001,0.009210973646782916,0.010959769977340272,0.01194135372125893,0.008165819137068597
1999-11-09,-0.004531022218669745,-0.006795678146739648,-0.0061023492100182875,-0.006719279581773319,-0.003065519942460626
1999-11-10,0.0013477318881087719,0.007052934571600611,0.007201360280139291,0.004447634807617007,-0.0007372412248498605
1999-11-11,0.0027156989624752548,-0.0015245772809157065,-0.0016745835178517687,0.0018798661012657814,-4.479357653808247e-5
1999-11-12,0.010238112675908573,0.00828502150183863,0.009553313546675213,0.0104248244248768,0.00872540834083968
1999-11-15,0.003292817036667728,0.0027084548083484705,0.0008895751776640815,-0.0002648376561785737,0.002241184582141953
1999-11-16,0.013204296095031376,0.007607503576284147,0.006787896614798061,0.008232823135963407,0.016721730378604693
1999-11-17,-0.003849334605720567,-0.00254743629694143,-0.0021365129226130763,-7.297095131597597e-5,-2.3254540837736037e-5
1999-11-18,0.006308291701047963,0.0021469241373768266,0.0014244399852174627,0.0026624500983876143,-0.0031750753313400937
1999-11-19,-0.00475296115992907,-0.008143088922772046,-0.007809046992862445,-0.006810120914945483,-0.010401124426835162
1999-11-22,-0.002623973836956117,-0.014486272627116548,-0.014555198756464938,-0.007776782683852845,0.0022831403565779507
1999-11-23,-0.009713424912835444,-0.013586117371879314,-0.011702430251695928,-0.014641162242264194,-0.0173945716338344
1999-11-24,0.006492025278826086,0.010658192420665236,0.007208327753705834,0.008218598653117137,0.004514029619698601
1999-11-26,-0.002946666666666542,-0.004002602790578291,-0.005968911670682919,-0.004323725894574637,-0.00710407359404952
1999-11-29,-0.00648430241110487,-0.007812669468912348,-0.00867955464216763,-0.0031346735643511536,-0.011909411380723656
1999-11-30,-0.006022767785017091,0.00011675950782263911,0.0012040389213385794,-0.0011680583199494832,0.001645694499596173
1999-12-01,0.005314987707444319,-0.0011964771876534774,0.0016335032195649024,0.0034116876568517363,0.012404833706546547
1999-12-02,0.004247938970937559,0.0048874804807848005,0.002588930797516431,-0.002271157764237808,0.0011592656222116915
1999-12-03,0.014690162785645722,0.010356151966951721,0.009677850896995466,0.010595566982611881,0.008731604993157838
1999-12-06,-0.007050919494193453,-0.005912560488712693,-0.006996636597954686,-0.008208089938814167,-0.0044330163903105735
1999-12-07,-0.00853447250556505,-0.007480894266585492,-0.006176603511225065,-0.008335033487841259,-0.00592345511104353
1999-12-08,-0.002312325104295576,0.0002495451149606698,0.0007195548871004043,-0.0027791633532585625,-0.0035847966972610834
1999-12-09,-5.688896818334399e-5,0.0014136546398635375,0.00012561016063972197,0.0009090509883593612,-0.0022569131029509526
1999-12-10,0.003536339764162122,-0.004247128629587316,-0.002143171923356335,-0.0057420750389647335,0.007597157890833817
1999-12-13,-0.0021534415735734447,-0.0048277455040532935,-0.0052577897509420435,-0.007429088842664799,-0.004733520745517805
1999-12-14,-0.00035702405048099184,0.0008251894780404445,-0.0009873257756984888,-0.00514246351336789,-0.0012202932167745262
1999-12-15,0.0025971769188031235,0.005101153557927063,0.0033338849576147744,0.0017772167206124845,0.0013469678321968992
1999-12-16,0.0005550782539491816,-0.00481750043586604,-0.003270742942544036,-0.0030484959810180845,-0.004266630638039559
1999-12-17,0.0028414940230361285,0.0018259430597917792,0.0038136091460383437,0.0016046066502837242,0.005542894685174771
1999-12-20,-0.003794720011677577,-0.004978947054142702,-0.0023370029987013208,-0.0019795573022519664,-0.0085131805158416
1999-12-21,0.006433798768111343,0.002294545146127147,0.002765124102642069,0.001179753453567578,0.003936788175317174
1999-12-22,0.0033608715589907856,0.0034396844450645947,0.0001616039791472179,-0.00012096849943643573,0.0027268805261246865
1999-12-23,0.013842937839711356,0.012901220175719486,0.010442679952068934,0.010496920899188744,0.01439158234967386
1999-12-27,-0.0009961633649475665,0.0029027842803766024,0.00546001540811325,-0.0005365702923378901,-0.009274665788936542
1999-12-28,0.006246666666666512,0.00660807213150405,0.005103442764204047,0.004408360945958867,0.0065100917988933915
1999-12-29,0.006340115412390324,0.0008785749464026438,-0.000481804278687048,-0.00046445560146424203,0.008666186343365023
1999-12-30,0.0011660983446757367,0.0028045043779925116,0.0014933864041350997,0.002253658926376856,-0.0029990027072345216
1999-12-31,0.007120250908130732,0.0069779789972419515,0.006227162514179874,0.00675295028220102,0.0054503793570508385
2000-01-03,-0.015207390744292226,-0.019975434692121263,-0.021250522351903944,-0.0193379518791702,-0.02206793063923762
2000-01-04,-0.027372445308498694,-0.023185371348635964,-0.02237814924952175,-0.02208692391516054,-0.017257846335813065
2000-01-05,0.006364626322403755,0.009736520346571576,0.011676332329675576,0.01334902937808069,0.017093271737290694
2000-01-06,0.0060303048050001085,0.012014767785815783,0.009543697507087945,0.009741159504015107,0.01560226461190628
2000-01-07,0.024453791189573693,0.01262760160562526,0.012302979847802709,0.014224601055932817,0.020489326030324273
2000-01-10,0.013720375119942396,0.026926552406512094,0.021728669552252944,0.011282170981809836,-0.006362983823726576
2000-01-11,-0.0084219987022911,-0.006172777482522762,-0.003989521450904698,-0.002691334002167811,-0.005912486294787356
2000-01-12,-0.0020168821195007958,-0.004923731739701176,-0.0037369866421961273,0.003716885747405474,-0.002719357804780387
2000-01-13,0.01114159664926917,0.012532053594088044,0.009564432926044253,0.010959464430154942,0.01098834433333451
2000-01-14,0.0015376454943831774,-0.004092570903209802,-0.006693356905646541,-0.0005126927748817511,-0.011450704575065362
2000-01-18,-0.0026776514790742834,-0.0029580338747652313,-0.002262008298572371,-0.0024118540775635022,-0.005550192971547796
2000-01-19,0.00450201135051409,0.006538683606722495,0.007224287107286731,0.004870384073923484,0.004615868906653553
2000-01-20,-0.0076735997496863995,-0.002889123361672352,-0.008510199219356696,-0.0016912785319876944,-0.010474140943581789
2000-01-21,0.003524070737270568,0.006439947099780019,0.005350857289317501,0.009576079632228174,0.0047927078215856955
2000-01-24,-0.018328077832457046,-0.019576807004121233,-0.020031131498571053,-0.02080383434937072,-0.015570610565758813
2000-01-25,-0.008829556692018792,-0.015542826459112424,-0.011891101761267286,-0.012340815513459558,-0.011440658750815902
2000-01-26,-0.0026414355812508505,0.001697083094355678,-0.002016270972586165,-0.008742437020032079,0.0052759735975009825
2000-01-27,-0.00017268785971047418,0.001089683488260551,0.0018434841325420948,-0.0022005974888658075,-0.0066217168719079345
2000-01-28,-0.023729999999999918,-0.02080888063894848,-0.02265224336861671,-0.019922609234734434,-0.025512596732315873
2000-01-31,0.01293447031388184,0.01880053596998721,0.013042793737047864,0.022592963171840674,0.010545566481102053
2000-02-01,0.005106606787794732,-0.00584785555306,-0.002819300790247614,-0.005338572830629329,0.0016571178770163897
2000-02-02,-0.0014614500419277698,0.0021628134954077005,0.002145394852881344,-0.002590535821542894,0.005325647418638946
2000-02-03,0.007133037696931632,0.0065789945766714375,0.007907946419750012,0.005312435719394326,0.007983341798301069
2000-02-04,0.00019534694359135685,-0.0027121579136224483,0.0026434285810148506,-0.004031492145894933,-0.005254505766160822
2000-02-07,-0.003604334574512369,-0.00557799838112738,-0.007262197149627836,-0.0024977893942311757,-0.008485666051177065
2000-02-08,0.003065114693892479,0.008602639601653639,0.004493006709982206,0.009161252801024977,-0.0026442479034426425
2000-02-09,-0.014170323994538436,-0.009844258864135869,-0.007560632558249125,-0.014262377394328563,-0.015426446492553425
2000-02-10,-0.0031358274911469364,-0.004030065270487104,-0.00496950601931212,-0.0031132051857185594,-0.002738348971894844
2000-02-11,-0.016078114215084538,-0.011475105828606669,-0.012266760515460495,-0.012114326375075368,-0.015530556502282189
2000-02-14,0.004504045164324344,0.0004894331309228672,-0.0026637203596360237,0.0004932169607665404,0.012586434263855972
2000-02-15,0.009127831144624121,0.007864248298881327,0.009899581232947874,0.007274716516680879,0.01523525185050878
2000-02-16,-0.007878130569673902,-0.007766843225672115,-0.010829977976086536,-0.004511315998412924,-0.007092469042620397
2000-02-17,0.0027486400626013374,0.001660845896729768,-0.00062939063290679,0.0018723109121776549,0.0042785446586268705
2000-02-18,-0.022280633836052277,-0.02032965384396479,-0.01860655844832404,-0.024111948517693826,-0.019596185656802767
2000-02-22,0.004553782392547445,-0.0015779665612808413,0.002000049651439628,-0.0032533918890862434,0.005907682938673275
2000-02-23,-0.0018342721061829215,-0.0049450324080545505,-0.004900379843175484,-0.004638473838453838,-0.005424054015391588
2000-02-24,-0.008738541283117573,-0.013257628728002069,-0.015910661496648326,-0.016510744530683685,-0.011262561744203148
2000-02-25,-0.015486483701228293,-0.01637861604109514,-0.015388836244060733,-0.012320921745645363,-0.014846590779067359
2000-02-28,0.010385804556694245,0.01516494101850907,0.013605960709502929,0.015120970101268671,0.014280378080212097
2000-02-29,0.013163333333333416,0.012089158365675035,0.008862099270140256,0.013720287219076477,0.008391722095824505
2000-03-01,0.007533895160043214,0.006292394528446987,0.00726868538857528,0.006782043661261339,0.0038502326134999265
2000-03-02,-0.005495124397119411,-0.0050497507231208605,-0.006260548337638894,-0.0025119302283702627,-0.0035990697680350348
2000-03-03,0.016153367781090555,0.009498569869267781,0.008567711803484368,0.009549823456429296,0.012838663922564608
2000-03-06,-0.01320751745600901,-0.013755580354578245,-0.014384861173701968,-0.014674212089558325,-0.015404904490427085
2000-03-07,-0.021618156506366448,-0.009071060070863668,0.0011300600989478937,-0.003023290649842636,-0.007420603408061943
2000-03-08,0.002807909817397203,-0.0009800239396290378,-0.0005379877366997743,0.00145396375817608,-0.0007830101635202258
2000-03-09,0.015477761243034571,0.0153252348764914,0.014579099521862426,0.018316051595254068,0.014500251539644182
2000-03-10,-0.006167374764519007,-0.007417413874870271,-0.008319198228715963,-0.006249439700695469,-0.009830695103196896
2000-03-13,-0.005858365498623175,-0.00752352750509655,-0.00657899048729671,-0.006738789897628661,-0.003166249526803222
2000-03-14,-0.01672912924548653,-0.007865125744590418,-0.008084649614275574,-0.006633937393900724,-0.006117635977980429
2000-03-15,0.030493597509334336,0.02239527771371974,0.02121660272191117,0.021957117482513278,0.027735226581856898
2000-03-16,0.04755090016701735,0.043839701523217256,0.04311181647236095,0.045443803766105795,0.04661778239049941
2000-03-17,-0.004164042327780226,-0.005995631482888952,-0.004291220493583325,-0.005354602845362821,-0.008589752326579658
2000-03-20,-0.005302521775829572,-0.002841903590315109,-0.0018255819323605982,-0.002378413354295561,0.004037951943509865
2000-03-21,0.01587702455237583,0.009986904369465588,0.010553001567643161,0.012250754882926262,0.013754275096358404
2000-03-22,-0.0016692176624257815,-0.0014784738262335617,-0.006331351181445788,-0.0012793896051047637,-0.0035149997916479325
2000-03-23,0.014016695852429484,0.008537784585215258,0.008630480606575563,0.005515594131360491,0.0173474235027673
2000-03-24,0.001482035164660278,-0.0013473226481515166,-0.0016955806197773704,-0.0004087392967222492,0.00016782596427566965
2000-03-27,-0.005235544325447372,-0.0005989021449678278,-0.002331099659654501,0.0015372812455791696,-0.00626457646283618
2000-03-28,-0.008898340495498425,-0.008556413503707172,-0.008475231780447956,-0.006663908967755927,-0.007483185205057419
2000-03-29,0.008360000000000145,0.0070154328301228475,0.008366127817874158,0.011073381325569898,0.009149312248116326
2000-03-30,0.003990495788541271,-0.0017721261824635848,0.0023319586079468824,0.003497404459472886,0.01047526754446415
2000-03-31,0.00915309829744615,0.017020780023093485,0.015085507132720277,0.015727674996964147,0.012243545439373671
2000-04-03,0.0052061299609447165,-0.007184912931475496,-0.0040166226791163995,-0.00038067111027895173,0.0054667933135696956
2000-04-04,-0.005687763457988493,-0.009414792099117664,-0.006130437739422567,-0.007817783645893805,-0.0066894104182188
2000-04-05,-0.0034441313444908417,-0.0010207626950560211,-0.001037448529040974,-0.0016629739253748443,-0.007130476438297784
2000-04-06,0.007005148195811772,0.005714901407774642,0.003179162729310292,0.0025670152129693147,0.009013357641378894
2000-04-07,0.0027651580913747864,0.002398490266515063,0.0002842631254045269,-0.00017172841119428295,-0.0007600642760532406
2000-04-10,-0.003805314227074197,-0.004075576757156085,-0.005386678690421309,-0.005344441262255195,-0.0028668348171515534
2000-04-11,0.005386718413770142,-0.0013960180943111133,0.002684282875756505,0.004065949096513588,0.0053170138873832595
2000-04-12,-0.008113297198685143,-0.003592726851944228,-0.003040049788086363,-0.0026792729767063372,-0.0003900245584465001
2000-04-13,-0.00958003224853432,-0.0022133840118329084,-0.0060314737187604495,-0.007482477070956173,-0.005507790999650708
2000-04-14,-0.04793893440082364,-0.03802089020329513,-0.03452269100289074,-0.0377835752882556,-0.039234103823709954
2000-04-17,0.018281004013891655,0.005121789299142865,0.00541879793516431,0.0010312339932452286,0.005226258380095716
2000-04-18,0.011045326018775503,0.01228036778344177,0.00971879545559906,0.010127920716649808,0.0037551557927175683
2000-04-19,0.003981208675764458,0.00912594464487082,0.007730488376592071,0.010217499999651158,0.006259202956889531
2000-04-20,0.011290014430445972,0.0010926964607653744,0.00489114272303115,0.007140853561696359,0.004621039722574549
2000-04-24,0.001357286617321929,0.00025968773399887013,0.0043721777784389015,0.008355679995976528,0.003177001322759665
2000-04-25,0.023444989678856665,0.026007695321823343,0.021574949572525037,0.022850677793257335,0.02388180397784856
2000-04-26,-0.008421437921021901,-0.005157730533041471,-0.00308359621054366,-0.0023882416512615023,-0.005484158476397494
2000-04-27,-0.0009252987787107259,-0.006412702035117235,-0.005292079704441344,-0.006434102151410492,-0.003788838920801285
2000-04-28,0.0011066666666665892,-0.004299216505572079,-0.006085935524962949,-0.010649178911227408,-0.01064948116095732
2000-05-01,0.010858140324707444,0.010408599137418095,0.009287519006026868,0.008611377933226194,0.01781977480590724
2000-05-02,-0.007767540265044115,-0.006074649533927778,-0.0008815999655306106,-0.0026472559859135325,0.002598487148741002
2000-05-03,-0.017229393647052893,-0.005320208333377319,-0.005592666065056151,-0.003563223935564408,-0.009587759449609434
2000-05-04,0.004541183756253453,0.01156093269735936,0.010651979253123445,0.0077676688221248735,0.011343543140883261
2000-05-05,0.01104702549706249,0.0006687156941316275,0.0007005616449224927,0.0004966145847677961,0.008381061881216123
2000-05-08,-0.0025386569362407796,0.00211894736288909,0.0029235824032978197,0.006495104692608722,0.008106363697008234
2000-05-09,-0.001742761119278402,-0.002246904917657222,0.0009550262062172354,0.0029211907222945754,-0.007989965553201861
2000-05-10,-0.01120182882138987,-0.00545981587976907,-0.0027995053786343815,0.00494255040907432,-0.0026650090730406806
2000-05-11,0.014954062197201523,0.016195101848670124,0.012754888331824477,0.011939943419098986,0.011934845826122586
2000-05-12,0.002995350913214123,0.0006832730228172323,0.001528164807264476,-0.00026389085808120605,0.010178944085434516
2000-05-15,0.016950447650464273,0.017669048880476046,0.01984969659595448,0.020473877268618823,0.030152702600065195
2000-05-16,0.010171906746373693,0.0018253433966146648,0.0007439532608253252,-0.002475948550066498,0.0035114253461621114
2000-05-17,-0.01214074531059095,-0.01353513797675343,-0.013680133408993433,-0.012858623838090666,-0.009918183764937138
2000-05-18,-0.008166329996709965,-0.006387544274027657,-0.006960349613269301,-0.0054378740342777565,-0.008579223761731258
2000-05-19,-0.013775139630808342,-0.010836227994608039,-0.008661730280544622,-0.0060885975459507025,0.0008118408968018631
2000-05-22,-0.0069177506027032765,-0.004130429187202078,0.001005126066959905,0.002119332834376486,-0.005614593349293484
2000-05-23,-0.01215754997695695,-0.00867182944298095,-0.00612632645607003,-0.004235345074578345,-0.007868381190460738
2000-05-24,0.010827148339765058,0.0074866936824942165,0.012502195170383201,0.013565414850387425,0.016839946645166304
2000-05-25,-0.010436060951834136,-0.006776544658664507,-0.008326530486053585,-0.011028258347817621,-0.010575341888243717
2000-05-26,-0.005135188992709816,0.001126159464447829,0.0002969306445856912,0.003785754930781149,-0.006644659501773398
2000-05-30,0.023646666666666594,0.018165988045931947,0.016144015678057233,0.011545537150015273,0.010510314977410173
2000-05-31,-0.002502436387555651,-0.0006773436718038317,-0.0037189289278726223,-0.003811167230981738,0.004811912392729711
2000-06-01,0.012352647272511064,0.002839057086357455,0.0029707002956749218,-9.844609449916053e-5,0.003283532094428221
2000-06-02,0.013063404130504663,0.0026596169259573976,0.0042765506875845904,-0.0013877980207742668,-0.006193744793267397
2000-06-05,-0.005707978926362212,-0.00957724037699259,-0.008030214291486648,-0.007935900241200389,-0.008695192036617172
2000-06-06,-0.003909982062250572,0.009044109567610592,0.00596959147012166,0.008811729428009674,0.013179642452430862
2000-06-07,0.004021363557510593,0.004388936481214412,0.004298150639995946,0.004294960864436259,0.0026598654061404936
2000-06-08,-0.008054468010018967,-0.003356103841404501,-0.001799687990029164,-0.0009089712396025407,3.120612908080744e-5
2000-06-09,0.001532312280593695,0.0017373078133171571,-0.002409866375253311,-0.0040768609960463165,-0.0032088859504070255
2000-06-12,-0.005711303932979361,-0.001452095254463659,-0.001972755939891324,-0.0016670775735906362,0.01606972144217589
2000-06-13,0.006026116057042508,0.003890000119726178,0.002630847737373765,0.002873548443277363,0.004204644475174435
2000-06-14,4.4040143538426335e-5,-9.929167696798302e-5,-0.0002800068223998142,0.002733942059436556,0.003311368426306416
2000-06-15,0.006339808606617092,0.005467342086834304,0.008003546151211127,0.008541278945562558,0.006823471265143155
2000-06-16,-0.008501685397348191,-0.0026631699752824867,-0.004579749087738616,-0.00394956255238621,-0.009196283409017791
2000-06-19,0.0006897289190928024,-0.002114646572976886,-0.0030076840363860713,-0.004748545003741889,-0.002405067240375036
2000-06-20,-0.00820366784872062,-0.00011984290622513161,-0.0022720716413218156,-0.004101001684902683,-0.01315622095148139
2000-06-21,0.00109573822591158,0.00018721524319853522,-0.00038689331451136066,0.0015762740048645973,-0.005443178592921316
2000-06-22,-0.016026065110218646,-0.013158040658441728,-0.012420756075609773,-0.008758998215064984,-0.016579223057872072
2000-06-23,-0.002092838266681496,-0.005146663405418028,-0.0017696463901061277,0.0012006033991003306,0.00265860189314604
2000-06-26,0.013715765637689392,0.0024007986500726997,0.008376628072006564,0.006680463163196038,0.028209652808667718
2000-06-27,-0.0005286754310477315,-0.005444429153922847,-0.007071386889768494,-0.007480652083572736,-0.00025089780753417834
2000-06-28,0.004103333333333126,0.006221598613718182,0.006303413127880297,0.0028163339647915286,-0.0029601225806451525
2000-06-29,-0.004897679189724724,-0.0035755268698899334,-0.006789733856613633,-0.00487679557758125,0.0004738255319791662
2000-06-30,0.0008522724165529461,-0.0038751423825199582,-0.00036673996900193906,-0.004230109751596101,-0.008276013233860957
2000-07-03,0.013570035963957894,0.00960401230221164,0.008313983402755687,0.00933858531974563,0.01712111407009953
2000-07-05,-0.006739364399447112,-0.012612910167922653,-0.012587465207578363,-0.010132401657927614,-0.011010998367911307
2000-07-06,0.005318304679714059,0.003501489163586946,0.004962435518696351,0.005147274843845917,-0.0023050024083794973
2000-07-07,0.00956113616565668,0.005006632741361816,0.006859446313725259,0.004622234201965281,0.001787652649917204
2000-07-10,0.002405879778295983,0.0029345317192712717,7.984880118505622e-5,-0.0034944626304334037,0.0020609533835220795
2000-07-11,0.006066888113315905,0.009056691264300643,0.006681499052288764,0.006436991317137597,0.010112125010966144
2000-07-12,0.003314213405518185,-0.00193669043597966,-0.0017599142550047686,-0.003986921144562117,-0.007021563735027714
2000-07-13,0.0016501574779226313,-0.0005820523025746871,0.0009233381876980751,-0.001417072953786569,0.0010978406273101093
2000-07-14,0.005222512516444233,0.0008205579228470761,0.0013151656704142312,-0.0004341104987264366,0.0014618019580761032
2000-07-17,1.4981776054634466e-5,-0.00044928439534452913,-0.0004972928217250594,-0.004596041037043808,-0.0071217341504026255
2000-07-18,-0.0059970984903434665,-0.001778339462346068,-0.0016691581448535775,0.0023107880013637505,-0.0008327313969647143
2000-07-19,-0.003429670658960715,0.001208597647004872,0.0027797822775419423,0.005801995837515284,0.005217628195837376
2000-07-20,0.005009887316856254,-0.001320613953489258,0.00017665501255414995,-0.002539021310508427,0.0014776422847182502
2000-07-21,-0.008851683947009081,-0.00761954652085417,-0.01107233183300671,-0.010659325216879734,-0.003262171746466036
2000-07-24,-0.012336192758838127,-0.009714038845718975,-0.01161987122255237,-0.012203109289508296,-0.022061538471669473
2000-07-25,0.005232959790540503,0.0004268769286057683,0.0037359023636538424,0.0032964118781355634,0.011272483807902578
2000-07-26,-0.008003356078115087,-0.007669616185590367,-0.0035962312131280205,-0.00136180946251796,-0.005311248598770524
2000-07-27,-0.002523503022521245,0.006206628999037456,0.0029642436145831397,0.006373380940004614,0.005740574594249592
2000-07-28,-0.012473333333333225,-0.007939845183730476,-0.0060128190833046435,-0.00042033512847661214,-0.01360697747183981
2000-07-31,0.005451715734258622,0.001484516190398466,0.0019977372527337778,-0.0007692998448065591,-0.00010877846038648276
2000-08-01,0.010267567122902221,0.015504625800777383,0.01419545967523339,0.015604213266886768,0.010502412772934733
2000-08-02,0.004732321388715821,0.0072549310601692785,0.008008481229725417,0.01068495342485698,0.01059751630524386
2000-08-03,0.0036171285249368967,0.0002780655598848547,0.0009466474069379505,-0.00036698045709104843,0.00568060887253341
2000-08-04,0.004768071680114838,0.004781534791360897,0.005564838223598656,0.004424660154552118,0.009849961421272146
2000-08-07,0.012155456458069702,0.007721432996273592,0.009725817520128022,0.007140943974982772,0.020686762381646018
2000-08-08,0.007087896002017757,0.0014186338687107725,0.0017950445632604062,0.000450252311630317,0.011822403719199182
2000-08-09,-0.0063114709394874735,-0.002704427664418474,-0.003949495367701394,-0.0056382198880314816,-0.007754803724772663
2000-08-10,-0.003492016757665528,0.0018857892896773087,0.00274871616247907,0.004931328777830313,0.0020945525588333958
2000-08-11,0.01488366224177895,0.009971611365283017,0.014584976944056027,0.014028858651395248,0.021292866059253512
2000-08-14,0.010704760388078327,0.01076362454684232,0.009206843545152887,0.008130170776503132,0.011720967600852727
2000-08-15,-0.004670866483835856,-0.003923593608222253,-0.004599943153785868,-0.005952374012609618,0.0021660923067656768
2000-08-16,0.00041999961689387355,0.001812328576549893,0.001387925936872092,0.0006021735451093857,0.007443977320959139
2000-08-17,0.005904792749568122,0.0030977442211179707,0.0007147641457863063,-0.0010004083180528145,0.013818553902113617
2000-08-18,-0.0026721837781725766,-0.0019031367833228785,-0.0019133704032692211,-0.0034935581914905534,-0.009910976794240245
2000-08-21,0.0001822413100664999,0.00013167364288757533,-0.0006566905833124137,0.001104226258446861,-0.0018428728796964222
2000-08-22,-0.00037418617999984694,-0.0024731769474074516,-0.003174738790086451,-0.004767151169537853,-0.0023570139397596224
2000-08-23,-0.0006611004846133195,0.00706050209302167,0.003686324962793641,0.004648539308822475,0.0012387078030240417
2000-08-24,0.0018403904007018301,-0.006291264358160742,-0.008070207849382616,-0.009258005865116159,-0.0026099975452215096
2000-08-25,0.0011082118376062322,-0.0010866023152498183,-0.0019010181833010176,-0.0023126716964063654,0.0006689295333617284
2000-08-28,-0.0007533333333334946,0.0017416578817288642,0.0005130306778620142,0.0007597185562375763,0.001827221830240644
2000-08-29,-0.001506969917337564,-0.0023461445265177128,-0.0012181682037487596,-0.002133666379959598,-0.0076903614084301575
2000-08-30,-0.003739480929820016,-0.004172620328587562,-0.005469785761604284,-0.0058894695598192826,-0.003894905729948106
2000-08-31,0.00430065924915346,0.006340381834569309,0.005343748164170936,0.0019535366852800884,0.0015963878880089766
2000-09-01,0.00524685067525632,0.004701323147604963,0.0036175273945111552,0.0043707966055390735,0.005094301216625352
2000-09-05,-0.00066435538029741,-0.00027574300087152004,0.0008480991438069019,0.0022048761550801377,0.0028430118686779693
2000-09-06,0.0023744337565889673,0.0028413819616817104,0.002505066260136468,0.003334459767525999,0.000912827776490932
2000-09-07,0.00011558047595272569,0.0007165452713095988,-0.0004084639480643748,-0.0005428428473044367,-0.0033563547209913835
2000-09-08,-0.005173616103205658,0.003540297188884489,0.0013049204159232275,0.0007380837951942443,-0.007660918154562046
2000-09-11,-0.0009442626339185578,0.008784856732565016,0.006526963915110651,0.0071989837676091906,0.002780992297274576
2000-09-12,-0.0016578785672781704,0.0004598777702498058,0.00033968379153948014,0.003300062990436281,-0.0038411675094183195
2000-09-13,-0.0007421102930974532,-0.0013669054498862687,-0.003951711272291547,-0.0051679236753185975,-0.00547732852782834
2000-09-14,-0.005451672145267095,-0.005477526106236419,-0.008178583826824681,-0.01019618715411097,-0.005618937200260521
2000-09-15,-0.008534413644119443,0.00228787153568355,0.0011514643585066597,0.005600470167955507,-0.0004606914940331608
2000-09-18,-0.011525433244393368,-0.008398688270515597,-0.008284987535214672,-0.0055263301646872875,-0.01376576430904175
2000-09-19,-0.002415297743338485,-0.012549684424756125,-0.010324400951019053,-0.011946015613658822,-0.004483458166679055
2000-09-20,-0.011970831310019303,-0.012447203390343553,-0.014348662814911761,-0.01569364825402675,-0.01325458750509756
2000-09-21,-5.0471677310537366e-5,-0.0010804898302881893,-0.0010826097079988939,-0.0002718618343496848,-5.64256744040037e-5
2000-09-22,0.012112345075493192,0.009476342319596709,0.011995652613715713,0.015151252621764755,0.015063347299871577
2000-09-25,-0.0033567463943547926,-0.0019356508378606252,-0.002933097374787086,-0.002267314907538065,-0.0005343897769565231
2000-09-26,-0.004845144091657927,0.004383359934697406,0.005311037179132505,0.007230988803071492,0.007053895590834136
2000-09-27,0.0020399999999998197,0.00914657563353738,0.009196399688834234,0.008788939742298219,0.008193543104899836
2000-09-28,0.016631945497851186,0.009250076144921904,0.009862698325732833,0.008469213888055327,0.012318021713252358
2000-09-29,-0.005564507834303067,0.00018170868422062725,0.001309436426028654,0.0014434179803684,-0.0003198257222650769
2000-10-02,-0.003650784937081264,0.0030627514844097092,0.0030980475969462073,0.0053735109908925605,0.0016826388673583104
2000-10-03,-0.0013972687359526947,-0.003870099686910544,-0.005841154409201632,-0.004357798253523115,0.0018321715446345532
2000-10-04,0.003562570742603244,-0.015165457101253166,-0.01233260940700398,-0.012811688002348331,-0.0009674491628227644
2000-10-05,-0.0007633397385614638,-0.00023759577568671642,-0.004232719967255938,-0.00026372093658399987,-0.0070068261603819515
2000-10-06,-0.014933785639537511,-0.006372806837712686,-0.00850538921208821,-0.0063958686991479885,-0.01078876209475721
2000-10-09,0.003717692739470646,0.007713307300308392,0.010238406877822515,0.011776003936075918,0.01204095232516078
2000-10-10,-0.004852329146969536,0.0022624737782490634,0.002067777250527092,0.005571488462380314,0.0005589688412086513
2000-10-11,-0.01161813712785531,-0.006610701841412325,-0.007142689632457899,-0.0042955123704906395,-0.006423204262181681
2000-10-12,-0.020269991860563996,-0.00859379205832489,-0.0070318733527792165,-0.0066160392832551596,0.0010464792039437398
2000-10-13,0.01548943465906416,0.0014649205406809251,0.002412754036621667,-0.0012075994350937425,-0.007753648795950863
2000-10-16,0.0019738231004238216,0.002702019167679204,0.0005480170897798065,-2.3468351538102894e-5,0.006832108917529611
2000-10-17,-0.015829131722945533,-0.007090233935241108,-0.00890712608045896,-0.00578764743433402,-0.0008060146077610852
2000-10-18,-0.0015494524138075505,-0.006977727014187196,-0.0053838902093246155,-0.005303266291675546,-0.008250830697206779
2000-10-19,0.01853586670536811,0.006368583728779242,0.008828419883354588,0.004900785717110834,0.005543658243396088
2000-10-20,0.0040812336415709805,-0.0021355449664927084,-0.0006196718977753424,0.0013401960082561892,0.008381803522154785
2000-10-23,0.004377548999522141,-0.0006700930580346709,0.0055255449843534254,0.004235400663853195,0.007714507790987257
2000-10-24,0.006211154336447144,-0.0022944659687333946,-0.003088773233121289,-0.003080031247073456,-0.002732065950585727
2000-10-25,-0.01480451560609497,-0.009236636420858368,-0.009516114094744066,-0.007610284343220641,-0.01692599305336684
2000-10-26,0.0023333333333330764,-0.0004193133579798447,0.0006298484660176573,0.0012409675927580466,-0.006913797958175483
2000-10-27,0.010336595610242583,0.009876664084864206,0.009871604659680067,0.01108665753263871,0.01329157311961171
2000-10-30,0.016549543317696758,0.016724388438029036,0.01613303215723061,0.018668293223199628,0.018189135932092926
2000-10-31,0.01845299220428953,0.006478335702450266,0.009094341376783444,0.0012695826672994848,0.008954080316356583
2000-11-01,-0.003386161415165012,0.005392579322266222,0.0028600256081983133,0.006514153444816317,0.004303257253476911
2000-11-02,0.004702482451114376,-0.004820654653460488,-0.001678414866491007,-0.005206563296716427,-0.01077881879235243
2000-11-03,-0.005181156552416688,-0.005619334981022073,-0.0036557860414814236,-0.007170234495368466,-0.006236863642583024
2000-11-06,0.006549168300379105,0.008975635799782777,0.006190752177332115,0.005027846423729887,0.0019580891127415345
2000-11-07,-0.0011130740918802173,0.00047090192541121567,-0.0015670534321508,-0.000716951407426003,-0.000848219675601336
2000-11-08,-0.002290874380781238,0.005633349996070791,0.0036509210273076853,0.010044388975969598,0.004610159615353826
2000-11-09,-0.006760109616103294,-0.00271465986288022,-0.0010167113485363144,-0.001929129124789375,-0.0037136309913564647
2000-11-10,-0.014491527260013348,-0.0036215038148034173,-0.004441813576710807,0.002607025614543179,-0.002594875386537021
2000-11-13,-0.006808743673205941,-0.011977550593803676,-0.00870376098985437,-0.009917410306386043,-0.01403845477694976
2000-11-14,0.014278116920978245,0.0049396489075235195,0.006516476699539142,0.0027890292685437412,0.012164971244893463
2000-11-15,0.008421577520086654,0.007870927453922816,0.006450184508844936,0.008234369839487776,0.0132593459727397
2000-11-16,-0.009213276823342165,-0.002356224550118191,-0.0037685055102504306,0.0001516987314182927,-0.009735288928780172
2000-11-17,-0.0003191151347794463,0.0012158108038937687,0.002162172230240955,0.004044825911076355,0.004534913307540078
2000-11-20,-0.014595486347761755,-0.004230889787684822,-0.005627520404600128,-0.003015850972855283,-0.006174247538087374
2000-11-21,0.004749809616897194,0.00676433186317027,0.007630326024370193,0.00903708028511252,0.014504690419943067
2000-11-22,-0.011251548483470208,-0.009259949216232966,-0.007116344672265185,-0.0035979703075623704,-0.014894439803604387
2000-11-24,0.012227602880642063,0.003500412996821689,0.004593636480348495,-0.00011205326489205358,0.005303337796646046
2000-11-27,0.004116666666666768,0.0038354928572994496,0.0013092092517925646,0.0005453854095711641,-0.0008443043296598729
2000-11-28,-0.009492153966172534,-0.00018729656948190954,-0.001593747179476579,0.0008493626273873289,-0.000397473727080766
2000-11-29,0.0045892724753044956,-0.005981233676684683,-0.0030051938592436933,0.001025046544153918,0.004128392408891068
2000-11-30,-0.013262236345781164,-0.009405913390523102,-0.009285181228338102,-0.005140111773764611,-0.010443118222066339
2000-12-01,0.007622301426683631,0.005242295324094259,0.0037235861340225718,0.0017069234826103674,0.004813392430847774
2000-12-04,0.007971037444233886,0.010219001565741737,0.00981398186473803,0.009639902920902,0.018638000684491507
2000-12-05,0.024134790274554563,0.000923805949246459,0.002576638518807739,-0.002335830376375192,0.01677339177089676
2000-12-06,-0.011578035608682313,-0.0029232103457872416,-0.0035068178024776353,-0.005313487392660354,-0.007805080627539485
2000-12-07,-0.002203550618096961,0.006428280263050645,0.007084433193073725,0.009995095780819474,0.004143010727378993
2000-12-08,0.016881532648926,0.006091754643059444,0.006057572410180345,0.004192029047936474,0.016618512845487654
2000-12-11,0.0026616673603001573,-0.0035121159095444776,-0.003817491725399469,-0.0077142282203465085,-0.0020387686354268464
2000-12-12,-0.004202994474544641,0.0012183812147548156,0.0022899531072915202,0.0043451284511020205,-0.007568256774179716
2000-12-13,-0.0063161772664246385,0.0007253037971257648,-0.000435589663867475,0.007528844792147105,0.009989786657750965
2000-12-14,-0.010756838767560728,-0.007107110747476275,-0.006949652664587358,-0.006051003177310443,-0.01020974265026553
2000-12-15,-0.015606437856807931,-0.008248061660508732,-0.009981939225268799,-0.011891377348940857,-0.01276690155911897
2000-12-18,0.009484609187967452,0.015811360194105895,0.015143459527392933,0.019133436459250364,0.014722841041037382
2000-12-19,-0.0041269961504936115,0.00397266648709893,0.004133843863022291,0.00843370948924349,0.006910449204738489
2000-12-20,-0.02229924106197867,-0.00783345281698744,-0.008151855345583381,-0.006083282831347514,-0.013717247423932433
2000-12-21,0.009709391720908123,0.004389725809952116,0.005236174326902265,0.006633238318212609,0.001755179514212113
2000-12-22,0.021119784037849643,0.013893373062032088,0.01309532006652847,0.009523442214410593,0.0161740423813026
2000-12-26,0.012496465703269566,0.018046644244300136,0.015236269563650762,0.016682367694054845,0.016594792814208725
2000-12-27,0.018046666666666766,0.011492828654190657,0.010743798593932263,0.011608862959877397,0.005467008599350454
2000-12-28,0.012152823708146743,0.01234192861919281,0.010821537005217818,0.0083969203032781,0.0061801230673235175
2000-12-29,-0.005890045576629865,-0.0023837670753256157,-0.002856049774450975,-0.0020775911463203345,-0.009796082215939306
2001-01-02,-0.023650662594154936,-0.02045653276318915,-0.019677940685229767,-0.00999933140076037,-0.012821266179200319
2001-01-03,0.025776538905451396,-0.010171551885506558,-0.007375593405011482,-0.016369851906734234,-0.016893174846767223
2001-01-04,-0.0034369337662774058,-0.020858482334411454,-0.022075594841955426,-0.018823174071194604,-0.021586379815438317
2001-01-05,-0.017000665535478743,-0.002761739279907194,-0.004119620351869746,-0.0025049661877636353,-0.008019211098160062
2001-01-08,0.0019366809125687112,0.0026942905235862735,0.004872774125413093,0.007760470247810458,0.015527450861016368
2001-01-09,0.001967637915663456,-0.0019013949884211234,-0.001172641712391398,0.001350028697697736,-0.004047068613618032
2001-01-10,0.008603201609023392,0.001098585352147019,0.002057072291957729,0.00103050984061559,0.008989006067706695
2001-01-11,0.0058689238901321605,-0.005089386089850101,-0.006952647080935237,-0.010617635968860784,-0.016185752391890795
2001-01-12,-0.002849432928928586,0.002225303344529417,0.004379830103176552,0.005088885715613056,0.006243940909814283
2001-01-16,0.011631991808207731,0.00740020803242647,0.007589717317891598,0.0091012125115284,0.010424095200007866
2001-01-17,0.0019180378848022706,-0.001390024278984714,0.0012404611864207382,-0.0014693435314609982,-0.00037257087732800453
2001-01-18,0.0047688355948580785,-3.878252647071534e-5,-0.0011906825586563974,-0.003941315573690596,0.006527657561387956
2001-01-19,-0.011786874147535653,-0.007528406762983719,-0.007275248735326256,-0.005891846051454763,-0.0065272661479496286
2001-01-22,0.0009636446629417428,0.005594444100152085,0.006511692665347235,0.005729329270524941,0.004922504438599651
2001-01-23,0.01260343318081536,0.011235471650485662,0.010448242318396916,0.007399864799610967,0.00813840106354391
2001-01-24,0.00023589997621908942,-0.0013235798121166154,-0.004766445851028145,-0.004561093665705118,0.001092218812639878
2001-01-25,-0.0022130843518186616,0.007646217825184598,0.004590037456980056,0.0067958366310691964,-0.007639282926958035
2001-01-26,-0.008243096409919826,-0.005042413962761061,-0.005366302966138381,-0.007612717257935997,-0.010521263935960756
2001-01-29,0.005993333333332851,0.002123229018848427,0.0036656197075242147,0.003643387340224402,0.006560773651635543
2001-01-30,0.010144390618890942,0.006147279350910528,0.006787710292387228,0.006076903839417946,0.01212378642233114
2001-01-31,0.0021918506242477598,0.0030978930228773294,0.0019979264506109207,0.0019152180776746963,3.3072075856344085e-5
2001-02-01,0.009032392710783377,0.007576417370096289,0.007655743017129568,0.00809677221230376,0.004278208628516023
2001-02-02,-0.010321631524955466,-0.000645409217839954,-0.001181665885348293,-0.0013099963202055642,-0.004961878532524722
2001-02-05,0.0049785854706487775,0.00890818538677518,0.007896317270276176,0.007947204171190325,0.011391746436257844
2001-02-06,0.000973119864943417,0.0018394683203364348,0.003989014713249084,0.004329682291168924,-0.0007078145827187354
2001-02-07,-0.0013892990407557981,0.005912915470182689,0.0035876930949121366,0.0049714549582269285,-0.0016698335829817834
2001-02-08,-0.004941395139402727,0.0009621710412102136,0.001065507380916042,0.00170107052010815,-0.0014321109252506403
2001-02-09,-0.010272357648075103,-0.0017133533620836694,-0.0006865216280609321,0.0021262001543751463,0.0037182268836839505
2001-02-12,0.008722281163004109,0.0045594891290297035,0.003972718430178768,0.0029834379820958823,0.0034850276944222713
2001-02-13,-0.001620566704114923,0.0005985180309808769,-0.00035809013791998634,-0.000729432380807471,-0.005115239700406171
2001-02-14,-0.005559698645920097,-0.01093012968253737,-0.01087850170482585,-0.012996154472283084,-0.012943406563539206
2001-02-15,0.00961263998577655,0.0019237957875437584,0.0023098006114865566,0.0025757543978093267,0.005597172353179136
2001-02-16,-0.010140130302584982,0.0038666075052702364,0.00461033513769471,0.006349827638542083,-0.008688024122765814
2001-02-20,-0.0045767852961521305,0.002164908372362051,0.001997143498518872,0.003917650372816661,0.002166974071553751
2001-02-21,-0.01184732691594903,-0.005715344468535832,-0.006399031177129921,-0.006981818636378145,-0.005577373576948541
2001-02-22,-0.004170115167064226,-0.004230217978710482,-0.002954817098403617,-0.0016740921083112648,0.0009091432656493925
2001-02-23,-0.004667885064379651,-0.006841343662041366,-0.0054233852530096716,-0.007021641531693046,-0.009899328303719312
2001-02-26,0.017155549453159447,0.011867835524472792,0.013684165825341044,0.011119250745925457,0.009585296492847117
2001-02-27,-0.005680900869584171,-0.00023875341873180744,0.0005625462322857988,0.002924336650903969,0.0007451770305999528
2001-02-28,-0.011759999999999993,-0.006392650645621556,-0.007055884017693859,-0.006540271563305167,-0.004847643385373801
2001-03-01,-0.0006701506381714406,0.001832442487539554,0.0035259057971270824,0.002712692642775627,0.009779894676165357
2001-03-02,0.004621284655834446,0.009299333017376288,0.008934722444800647,0.007747428234478715,0.008475077730390801
2001-03-05,0.006785328975436045,0.0020861486921370798,0.0010850048603823215,-0.0002310784895175333,0.007399061384165018
2001-03-06,0.005435742848452385,-0.0006628127453975896,0.0003426458354904849,-0.00016953635207561657,0.0010575883847834255
2001-03-07,0.006966881212031595,0.00416593308111346,0.004090041899845076,0.003939063869112802,0.0079405780717412
2001-03-08,0.006776504070524103,0.01092511231712745,0.012712109949455153,0.011793687529698671,0.005674073383605371
2001-03-09,-0.014029373533885003,-0.008982418299164796,-0.005980712518743991,-0.005825395909024311,-0.006313338147663883
2001-03-12,-0.033049383248010544,-0.025428023482053308,-0.022978550348288884,-0.024662575397986664,-0.029935264588394572
2001-03-13,-0.00122404537013443,-0.007893742311345098,-0.00889425322229942,-0.007547683521484161,-0.0031380602593885643
2001-03-14,-0.021562416122230754,-0.014717858822200669,-0.015428107546684666,-0.015030762328730907,-0.019654676909525715
2001-03-15,0.0003565022460929601,0.002979128049682034,0.0018138420322622029,0.0009463664503674973,-0.0012214197784521375
2001-03-16,-0.019315544415281827,-0.017253139675341367,-0.014351190444183093,-0.012075266421553876,-0.011015691484994927
2001-03-19,0.015643855574372534,0.006208696756222487,0.006772497703716462,0.0035399552149051328,0.008720574300828288
2001-03-20,-0.013513431610657545,-0.005527460863687161,-0.00770965110556876,-0.008413106501474088,-0.01349050990288947
2001-03-21,-0.01655689547914818,-0.016344104832387796,-0.013422259078683108,-0.012160506221083223,-0.015872877125110763
2001-03-22,-0.011816210206997746,-0.016286423761416646,-0.016721462930409325,-0.01682703933472729,-0.021633812470087888
2001-03-23,0.01368306996528057,0.010937783969855452,0.008311849529632598,0.00886563869528767,0.009069040940356876
2001-03-26,0.015317970052656671,0.01707660212334261,0.016950637514899114,0.015538383078098406,0.019009686708681972
2001-03-27,0.018301026937370457,0.011643247749963725,0.012402479664521238,0.015257423739611475,0.019242313016092583
2001-03-28,-0.014434962070981272,-0.005911730162538542,-0.005726079784087679,-0.004486259692332073,-0.01660029714140654
2001-03-29,-0.0024399999999999977,0.0014588472170060651,0.005233920859637697,0.002764330219747757,-0.0031482866357546158
2001-03-30,0.009695077321999035,0.014422781269274765,0.011626969343901505,0.012680456341657154,0.015836792034078506
2001-04-02,-0.013201183735509714,-0.010879676562606133,-0.009193448772201851,-0.011213486090737801,-0.012570080845569764
2001-04-03,-0.029083755568988012,-0.017333645335519732,-0.017853615850085935,-0.016581917062232665,-0.02235206208169882
2001-04-04,0.006917706857768602,0.010525297878356321,0.013062608688607646,0.012917734868553188,0.015720716653458755
2001-04-05,0.03285248350363168,0.018482057042171984,0.014964792561985796,0.015198976043474977,0.02302722937740298
2001-04-06,-0.016178375140667778,-0.016305431937177817,-0.014394533633932394,-0.014382150430589102,-0.015394122349340233
2001-04-09,0.011966436007232462,0.014086327899045958,0.01409887954417055,0.012375120802299966,0.014360242414182212
2001-04-10,0.024581654834190392,0.016435343409525904,0.01540007604364102,0.014089427952482358,0.02326815977695218
2001-04-11,-0.00986559070942572,-0.015092134663950652,-0.015812628043861188,-0.017289253040512653,-0.016432540089189707
2001-04-12,0.012341911492899316,0.0075608581683286324,0.007042964801447171,0.008182067866585152,0.008068008671629379
2001-04-16,-0.00024973687722151805,0.006254247381950462,0.006370511984734151,0.005466364456470307,0.0052442963646597285
2001-04-17,0.009169443213419282,0.009549018859641878,0.010407827060643138,0.011669343660515752,0.010513939453036913
2001-04-18,0.0271335183159227,0.007574515280282412,0.00860069677265396,0.004250707610885751,0.006244887366773089
2001-04-19,0.006319578688125382,-0.003624777298472215,-0.004283687871449615,-0.0037117021194063016,-0.004972720258151209
2001-04-20,-0.007420479462266427,-0.006436132274455719,-0.005364148983256545,-0.005542321011094642,-0.0012337269423793318
2001-04-23,-0.00904650330334622,0.005624263714059774,0.005256817406699366,0.005477221211103833,0.0012938794281378563
2001-04-24,-0.004115717037072808,0.0032885098832686754,0.0047847231147502,0.005583280591431761,0.001916820145666076
2001-04-25,0.014905417844926383,0.012012635178975106,0.010464577990274115,0.01339040748152942,0.014606936431058815
2001-04-26,0.00887720641932388,0.010410302611818079,0.008945333242102782,0.00909303226839353,0.01425002366688144
2001-04-27,0.009294603308704907,0.004221757931299752,0.003170709879467326,0.0035528931619339676,0.001909046654407831
2001-04-30,-0.0015499999999998293,-0.0028147022101582264,-0.0020576833210020906,-0.003660449151718259,-0.006461652417210972
2001-05-01,0.0118925404376784,0.008316865497580261,0.008004986008309789,0.01005793315687975,0.009047731757130695
2001-05-02,-0.0002806368079666388,-0.009367251718255698,-0.01030943173963872,-0.010533749010031901,-0.008542682689055114
2001-05-03,-0.012845216464369535,-0.009106758235514656,-0.009689546023447626,-0.007766792013764734,-0.008730468057392526
2001-05-04,0.012209562763599191,0.011777857433279859,0.011493420824663092,0.011716256612513076,0.018101804982688652
2001-05-07,-0.0017725641091370647,0.0015359656018991696,0.001636328870965098,0.0015736499578826724,-0.005430938533833363
2001-05-08,-0.0019104304580541687,-0.0002765346438494687,-0.0007066908095575419,-0.0006488075018009631,-0.003560278642634196
2001-05-09,0.0008292142125756463,0.00906656470142142,0.008940986837811637,0.009161030948186655,0.0055532954605415075
2001-05-10,0.005217436301089506,0.0042731597968836965,0.004149173755159996,0.004904457077888447,0.005260899668772412
2001-05-11,-0.005229903753690923,-0.002154283742478169,-0.001715073211262963,-0.0025227271433686527,-0.009533536801424103
2001-05-14,0.0033673782557825938,0.00579123491410205,0.006185508027405806,0.005345440601221663,0.004626755381196945
2001-05-15,0.0015619703058702417,-1.2830876483294062e-5,0.0012415136856172015,0.0009300439019883644,0.0002663056690135335
2001-05-16,0.026330035393584916,0.016792553594239257,0.016241746559369608,0.01752175820272517,0.025184929986655558
2001-05-17,0.006486982325805357,0.0022351727931690935,0.003906223057812852,0.0029805177827346707,0.0012844951970114593
2001-05-18,0.004265787297049961,0.00793101557044329,0.009251366527983196,0.008314301250157197,0.006387353454469613
2001-05-21,0.011036275073768032,0.005336814402828072,0.0054269432354316915,0.003919945033502348,0.0016995743461529766
2001-05-22,-0.005116200061696219,-0.004267103816718021,-0.003635518765677803,-0.004596736516615074,-0.009652971905835361
2001-05-23,-0.014704708006492595,-0.008792759182959298,-0.009994010269328224,-0.008240546655157388,-0.009319287423702693
2001-05-24,-0.0009494777807453891,-0.002338747383622941,-0.001650253979350258,-0.001461753726435755,-0.0030158060875860038
2001-05-25,-0.00662031920861661,-0.0034870777728639446,-0.002481247390799135,-0.0019702359249521573,-0.004715120472681744
2001-05-29,-0.004202540769768781,-0.0004045261390077659,-0.00042811734373260357,0.0009164116819402324,0.0013757333490782564
2001-05-30,-0.016793333333333327,-0.009033344978938374,-0.009685589791430083,-0.008952118719590563,-0.008892556185250755
2001-05-31,0.005720531797316353,0.0013922482014379067,-0.0007808871714767296,0.0003108237002429348,0.006694710043922969
2001-06-01,0.0038578899869419203,-0.00031768525662378977,-0.0004079360228270712,-0.0005293257728705703,0.0007841005022339864
2001-06-04,0.0026585161095467047,0.003972885960705996,0.0023791206497096873,0.003481609319430312,0.005691968982065809
2001-06-05,0.009794324577653502,0.003479012555285932,0.00309304245075559,0.00349452135037831,0.004804463771781231
2001-06-06,-0.011332459436896314,-0.013596250006348787,-0.01501043138410707,-0.01465963549458471,-0.014976509703353402
2001-06-07,0.0007550897000092593,-0.002198560242665959,-0.0030275450190878628,-0.0034938681090178614,-0.00590958133125663
2001-06-08,-0.006329771154871211,0.0009514550434068791,0.0011595540713587038,0.001244943691147249,-0.003252647511135298
2001-06-11,-0.007830477523226298,-0.0016271186576382046,0.0005436509830207825,-0.00012215953365268817,-0.003344387019406425
2001-06-12,2.8628118907247924e-5,0.0016191582772975277,0.0019770779600785104,0.0026067743276747546,0.0008558433880887506
2001-06-13,-0.004858692530042896,-0.0036725954163978614,-0.0024475868027730163,-0.0037101873848902622,-0.008650973920427796
2001-06-14,-0.018918918970880605,-0.013958019396291488,-0.01354229206191071,-0.013394518514174614,-0.018057427133294723
2001-06-15,-0.0060912472447257615,-0.0029168661341878455,-0.0037152532534345806,-0.003681102749651388,-0.004081263779625033
2001-06-18,-0.0056922267657930625,-0.005878417693804483,-0.005287276130629737,-0.006705562965184653,-0.009520498880741468
2001-06-19,-0.0026858950988649655,0.0012544136620074031,0.0003408692264454949,0.0012723155406586528,-6.631403247803203e-5
2001-06-20,0.008187354456494988,0.005535445313372023,0.004555997143022683,0.006210611392185594,0.009835163111557632
2001-06-21,0.006173249195268848,-0.0013379324516864521,0.00039148831345570123,-0.00021469628354764403,0.004473852541728718
2001-06-22,-0.008764382019066597,-0.003978737753212558,-0.005074281424790272,-0.003936516017133185,-0.006356900119992015
2001-06-25,-0.005702176998544695,-0.006347191560359899,-0.004952007666208624,-0.0046954490061720255,-0.006247011780284306
2001-06-26,0.00017199504075460226,0.003176862562817462,0.002084218885513689,0.0026238848672919257,-0.0032263918973749472
2001-06-27,-0.00030708273106472284,-0.0008656668530179212,-0.0026512428825860024,-0.002811847592051331,-0.0005718182415798134
2001-06-28,0.011259999999999826,0.003866234290350823,0.004419813473625078,0.0023433928595941733,0.008127348079405516
2001-06-29,0.0053802375254634605,0.00485797289846901,0.004480524235908501,0.006130761935642548,0.010872653865122706
2001-07-02,0.002152930838021483,0.0016344617055130684,0.0018863669023372331,-6.035999221798427e-5,-0.001327377735016122
2001-07-03,-0.00040110419643946127,0.0011266485552385852,0.00019130532187761062,0.000499565470457819,-0.004071819001064236
2001-07-05,-0.007426127738789257,-0.00101328056830996,-0.0018287070627097668,-0.0015412530805068991,-0.0032424606560180758
2001-07-06,-0.019239118955791334,-0.010223228888325608,-0.011257518010369783,-0.00943466091987688,-0.01112605527930366
2001-07-09,0.0014043679766662098,0.0005723378054722783,-0.000267337072484497,-0.0006083972790660308,1.1421696558100436e-5
2001-07-10,-0.006929853286677279,-0.0011699024202094233,-6.836443154123462e-5,-0.0007081880403357887,-0.002510852741492875
2001-07-11,-0.002055977408565779,-0.0036093969667800874,-0.0032934617559707835,-0.003951092445328763,-0.004137259494246259
2001-07-12,0.019690558758592713,0.010221464984907946,0.009387745027671368,0.008345363414714813,0.0058953484428605485
2001-07-13,0.004499747191929471,0.0027661319009149032,0.0040016769589326096,0.00316283929061556,-0.00019685162518645605
2001-07-16,-0.008152704197697092,-0.0024953284188169444,-0.003440612035600754,-0.004299949231475253,-0.012125965242746006
2001-07-17,0.009376569497861587,0.006667356463430085,0.006349717532581067,0.007433970286754077,0.00349080942621649
2001-07-18,-0.002133049004494736,-0.003952034654783665,-0.0030861700634203793,-0.002739003478706703,0.003725637555133554
2001-07-19,0.004871895663030701,0.0044053374842096815,0.004554787482554001,0.005652787599333964,0.005192550158937159
2001-07-20,-0.005775838132406896,-0.004354318605095386,-0.004249510681271773,-0.0029276411242556977,-0.0027142433724631765
2001-07-23,-0.011933794976991208,-0.012749176686030594,-0.01197516868338444,-0.01228793749723156,-0.01473669589466664
2001-07-24,-0.017866593029945754,-0.016662116177966757,-0.013927134749683767,-0.015041337980233549,-0.02345914599998178
2001-07-25,0.012543123793412603,0.012750097613259515,0.011714386111226549,0.011733123804321677,0.017480245335346867
2001-07-26,0.011318706178218951,0.009437902241438145,0.0064018667190848255,0.008940036830856313,0.010722382746745973
2001-07-27,-0.001901194356456637,-0.0012906454291308211,-0.002834916473513971,-0.0007073393136495243,-0.005166279700216547
2001-07-30,-0.000580000000000247,0.0006559843327185177,0.0013855235668045474,0.0005482751579726219,0.0032608886653253677
2001-07-31,0.005815833850299823,0.0020304775517439033,0.0028748541811218775,0.005426037409743456,0.004672782072872694
2001-08-01,0.0018692731699629928,0.0010829471664104418,0.001776828607110481,0.002147556934155581,6.294921945904086e-5
2001-08-02,0.0023101708560218093,0.003027941752951513,0.003822724526097776,0.0034044087628750663,0.004179408344511026
2001-08-03,-0.003184945621766855,-0.004309717736041829,-0.00462186454597624,-0.0054578057326748475,-0.0056330962343652535
2001-08-06,-0.01135438831436264,-0.010582908147567904,-0.011777503742060325,-0.010981981497703464,-0.0113150316016698
2001-08-07,0.0009805700094529524,0.0010643205045264281,0.0011161823900527335,0.002566115808718683,0.004041762821010986
2001-08-08,-0.012363183677281508,-0.00995884291083926,-0.009213037582183836,-0.009307434051428087,-0.01380614373921396
2001-08-09,0.00024603394130995326,0.003742344274169085,0.003991757766531823,0.004482892128918614,-0.0006086416012176521
2001-08-10,0.005946269385293412,0.005017769012176432,0.003744176265721544,0.002843174077927113,0.006386563126798306
2001-08-13,0.0030373118982205405,0.002499952459607213,0.0024643654643226043,0.004246584014865773,-0.0008979245491208543
2001-08-14,0.002134906208570264,0.004470123312033891,0.004417820365463232,0.004105107936463126,0.0002701680766552528
2001-08-15,-0.003678347627065648,-0.0034103298716184893,-0.001569486088104033,-0.003416485972857264,-0.005643899645450867
2001-08-16,0.0035861659270322033,0.0034422241824549893,0.007090773797035155,0.005079516431381492,0.00330959057077318
2001-08-17,-0.01041719909303318,-0.004792417423554962,-0.004537477132853129,-0.0011495782627000128,-0.0020565878665990134
2001-08-20,0.005499097266509212,0.004511876817284932,0.004217885869741478,0.007879755813197109,0.009277477943655743
2001-08-21,-0.007341453458154623,-0.0020278532354359724,-0.001888126127592371,-0.0020262021206817193,-0.004878447334648484
2001-08-22,0.005038013102566019,0.00387354571894849,0.004183368382744135,0.003354401082256153,0.005644343668701923
2001-08-23,-0.0003625102048162576,0.0005513218787702723,0.0013449478692977301,0.0031964804964661475,0.0037400647536862675
2001-08-24,0.015279089194992324,0.00868425320773647,0.00840642246105916,0.009284576794537092,0.013722501256386632
2001-08-27,-0.0027120578663879513,-0.0014846576124872835,-0.0029817666679161636,-0.00160856823242006,-0.0004320278875662442
2001-08-28,-0.011170000000000124,-0.00791272292297096,-0.007432146366914583,-0.007901398657691794,-0.007236717527629222
2001-08-29,-0.007826227629285865,-0.003918289635661765,-0.003382637451451842,-0.00349889298364503,-0.006666910982056851
2001-08-30,-0.011509521582583448,-0.007489941034073633,-0.0073898403452242745,-0.005425735910287721,-0.008922154133292781
2001-08-31,0.004868776671767883,0.0017287165923727255,0.00197067433238729,0.0005183375293251746,0.0012440899939236694
2001-09-04,0.004442339733799372,0.008252843998093562,0.008707385788105704,0.008130119887813203,0.007881425527708208
2001-09-05,-0.0016327954990631444,-0.0003397658618586874,0.00013266495151498248,0.0021250403897792314,0.0004307721674807752
2001-09-06,-0.016280376779827632,-0.009748974669404609,-0.010230454690189128,-0.009454339934521605,-0.008671104704186305
2001-09-07,-0.019618765592968823,-0.011981385445924975,-0.012479485034035509,-0.011889501753094223,-0.012841296430546212
2001-09-10,-0.002684033424359078,-0.0024092088293977687,-0.0035819039123008434,-0.0009697619708406435,-0.004264633525229322
2001-09-17,-0.057926611933019845,-0.03447322429463795,-0.03800941293903459,-0.028705085356490412,-0.03547479124666042
2001-09-18,-0.010036335370982252,-0.00913021410304049,-0.008304901209789106,-0.007741834861163088,-0.007257494803730835
2001-09-19,-0.020805525950055914,-0.016977550555123178,-0.01644498233401115,-0.014181339288296013,-0.016780067365187668
2001-09-20,-0.033321671761364136,-0.02273818621025947,-0.02503721485906063,-0.023401486922754233,-0.024823488961485007
2001-09-21,-0.01739793634616915,-0.02004521884470367,-0.01738955255489516,-0.020688817874833343,-0.017988974327215912
2001-09-24,0.03439977515045811,0.014269350751845433,0.012749346717503052,0.013484808247899993,0.01799266359728846
2001-09-25,0.0028889662256783577,-0.001094270140356679,-0.002689074800441338,-0.0013028818009225285,-0.002624445946294074
2001-09-26,-0.01065265355956646,-0.00659409123315291,-0.007322437632707346,-0.004859611728141533,-0.008820081410792158
2001-09-27,0.011456461484581348,0.01670245006897897,0.018439358323250055,0.01922209970127553,0.021446521460625423
2001-09-28,0.023474752039242874,0.021355646949742013,0.020322800827032195,0.017128047582493755,0.019421428934105922
2001-10-01,-0.008008033214388921,-0.0071909406961352396,-0.008964117000546112,-0.006821646860287522,-0.0015779971383347302
2001-10-02,0.011813274741811153,0.00934419417680643,0.008727904107826756,0.007580902574394255,0.011262122226419757
2001-10-03,0.022726666666666562,0.015560006132969262,0.01395790579500611,0.009532867998517602,0.007165671397062479
2001-10-04,5.9504983410452184e-5,0.0031435820011807003,0.0058482400411403734,0.004552776086542032,-0.0015562407347338159
2001-10-05,0.003823214881595094,0.004332849731427668,0.00626002372771528,0.007580533541150514,0.006304703024940794
2001-10-08,-0.006888461979263627,-0.007204282360253722,-0.008328996735151417,-0.006945269497477979,-0.008641608504292408
2001-10-09,-0.0011352883653690249,-0.0020243400369311937,-0.0003557121150057352,-0.004190041578781556,0.0024349631486402235
2001-10-10,0.02591102823919811,0.018882964472938024,0.016441699018866274,0.0130541904864645,0.018347319960616337
2001-10-11,0.01890183115723043,0.006642112927701893,0.008140709119845768,0.006386646635923254,0.00925635431617744
2001-10-12,-0.00943819647291555,-0.00596038867856763,-0.006589787456900531,-0.0032517389822229736,-0.004532170784723899
2001-10-15,-0.002914112762537724,-0.003594492095362778,-0.0023048833107562894,-0.004291440481547504,-0.007001275851495792
2001-10-16,0.008479436221393355,0.013317121819736322,0.013041456370791682,0.011081160295779213,0.00925087729960139
2001-10-17,-0.017765334812764544,-0.010212396523667233,-0.008405192745355339,-0.009643355191502279,-0.008612642542267346
2001-10-18,-0.00825838946779145,-0.011730331208075984,-0.010687011445087657,-0.008596041563260548,-0.01399857771883184
2001-10-19,0.006910703062815715,0.007059405989922274,0.00815657875827891,0.009101339055006541,0.00475967026810209
2001-10-22,0.015324882637042903,0.006804398008417145,0.009838568835720318,0.00852675785796042,0.015303583738093263
2001-10-23,-0.0044914925506331915,-0.010030035165724316,-0.007859091091609982,-0.007354188348627,-0.005581395087857155
2001-10-24,-0.0018040648024368888,-0.007279538775669558,-0.004392595017658207,-0.003575749777463666,-0.005479812968318232
2001-10-25,0.01202426547774249,0.009208570118075965,0.008743875346850949,0.008681913334365188,0.00923246351945406
2001-10-26,0.007827552823216788,0.0032268009350902016,0.004855283617813511,0.0028990177961032426,0.006300137941465556
2001-10-29,-0.020783448817309536,-0.015283033045335292,-0.013954742761856043,-0.013541641058331333,-0.008869467818205967
2001-10-30,-0.018843241662217625,-0.014521049352536508,-0.015367401511552248,-0.01265156666055045,-0.016879863323742805
2001-10-31,0.003570552502474289,0.005276905554646216,0.004384811123100407,0.0028363148551182604,-0.00396198654762836
2001-11-01,0.016229999999999745,0.008582719735712896,0.010031600742127944,0.012102294532381208,0.0136867279808075
2001-11-02,0.005222487035415391,0.0015338120104897435,0.0032160492757660197,0.0030417903882569153,0.002831690275463483
2001-11-05,0.011372336608620914,0.012178541811316057,0.008988541277910489,0.008705553806658273,0.005675226248063492
2001-11-06,0.011150503051044813,0.005080730451033633,0.005584131639738921,0.006083548858160759,0.008513910956873483
2001-11-07,-0.00245349377564541,-0.001950030583828477,-0.0004595146058006261,-0.0006415505025568757,-0.001068873726076336
2001-11-08,-0.001135227524432847,-0.0008219625776733075,-0.0006710957483713198,-0.0012469694975150158,-0.0033863255777305534
2001-11-09,0.0011289071986206878,0.003526366440300688,0.003623577060390293,0.0044280083959435945,0.005046155288510823
2001-11-12,-0.0022369278899108114,0.00036112889212391863,-0.0010615487599178186,-0.0012424371883320573,-0.00394336068896084
2001-11-13,0.01886289791587381,0.01126390698314772,0.009489204186536426,0.007467390368961713,0.013573856637727477
2001-11-14,0.007196374180651333,-0.000266060805351076,-0.0017052812845971266,-0.002453290588331991,-0.0004879435874173277
2001-11-15,0.00031903024835644445,-0.005359024622525577,-0.005162979841597526,-0.00482080953020414,-0.006424788022327599
2001-11-16,-0.0011566132862167455,-0.0031299650610003837,-0.0038640852055394914,-0.0024705253639509817,0.0029537260661616216
2001-11-19,0.010191878501007112,0.004522704606144012,0.0018082054981789497,0.0011257717877519724,0.00475733471614781
2001-11-20,-0.007814831322565996,-0.0025815271584392896,-0.000211572965228779,0.0003915068240065711,0.0021439649152701357
2001-11-21,-0.007298966404227336,-0.010251985185818269,-0.009729866351237515,-0.009213891232331184,-0.006324650908799412
2001-11-23,0.011854010128374837,0.008235859462152773,0.0078663753903645,0.007147030470588733,0.010814248391050274
2001-11-26,0.0017474037131326448,-0.0025271476687925842,-0.0029329517290942464,-0.0032700699440204595,-0.009159707301017117
2001-11-27,-0.005379314734281548,-0.005239032091552409,-0.004696821490994152,-0.004586379964487075,-0.0038072518071984307
2001-11-28,-0.014390784007886182,-0.009965644981995925,-0.00656716407896174,-0.00673601275345026,-0.011157821907934906
2001-11-29,0.009609111527814074,0.008042858628882987,0.0066655462489928485,0.009030113592222389,0.010404387348709188
2001-11-30,0.002533995152239843,0.0018230286165332732,0.0032714202102439582,0.004028105680451866,0.0030159844947521552
2001-12-03,-0.005300000000000082,0.002802365786800376,0.0035264420860114942,0.0032110191327721083,-0.002771015867283011
2001-12-04,0.013682817599946606,0.010086430332280738,0.008381973098623652,0.007193704750654728,0.009050502121568771
2001-12-05,0.02122801441706068,0.0136960469694416,0.015108795843471468,0.013296112368899493,0.016617972060684494
2001-12-06,-0.0006233860633396704,-0.006356117022586649,-0.006836062423236977,-0.01012256839899861,-0.011938543609729235
2001-12-07,-0.005740280108994078,-0.0014089054193463513,-0.001894847781543807,-0.0005658218683358696,-0.0035001102567531195
2001-12-10,-0.01276537786526366,-0.010279200713735226,-0.010382527248793738,-0.01110149161779539,-0.010053721328266096
2001-12-11,-0.003098028342440995,-0.00866362744089888,-0.007920543313801431,-0.008010442425509412,-0.005322359067979177
2001-12-12,0.00023002920949921624,0.001387541058901709,-0.00027960421731232366,0.002070186817093811,-0.0004819113145037024
2001-12-13,-0.01103498148569415,-0.005489762204051396,-0.004848820313371971,-0.005357887560111241,-0.013060533328909107
2001-12-14,0.004219640581777151,0.005731823628499777,0.007647501771848697,0.0060566811275537535,0.0050509947156520685
2001-12-17,0.007131970647483943,0.0023261045091833576,0.0015230698141086574,0.003529489313366385,0.004936827914090891
2001-12-18,0.012132270671869394,0.012483199564385927,0.013358045468779833,0.01302623526611213,0.01401930688536046
2001-12-19,0.0014922227214013706,0.006457280520406616,0.005865560380512447,0.005647726286137633,0.0014103994257723684
2001-12-20,-0.006296971205238089,-0.003165285858641065,-0.0024112767017654413,-0.0027272343599559212,-0.003038202946037849
2001-12-21,0.006386085695562649,0.005298232510690726,0.005386562651922944,0.002163605140705238,-0.0017271427155114427
2001-12-24,0.004044376789805515,0.00684895129149643,0.0065116206775857055,0.007685385515919574,0.00782342511230616
2001-12-26,0.005892149492770171,0.006249976014505165,0.006486052377450147,0.0063591996466807466,0.006521128672141829
2001-12-27,0.005541672641672157,0.005490175191106728,0.005554144470375499,0.005684458510212709,0.005415876070733461
2001-12-28,0.002336579157729002,0.00038238364027898264,-0.0005675234357075398,0.0001668390540872089,0.0012259572325359347
2001-12-31,-0.007204426030249067,-0.005418224290632878,-0.004495244154700484,-0.0040521493172700485,-0.005383302389620259
2002-01-02,0.0011566722037816835,0.0005082302280283724,0.0007386074547537369,0.0024614031886529553,0.004573058779708816
2002-01-03,0.008506666666666662,-0.000981728033429663,-0.0009545368029612034,-0.0012447322993097698,0.002576962604337929
2002-01-04,0.009310430934186265,0.0019960094466051626,0.0029542258962269585,0.0004630136915517724,0.006663582419222491
2002-01-07,-0.004450626698729421,-0.0015258306781837927,0.0002403515875990525,0.0019760484102486764,0.00039767625683895247
2002-01-08,-0.0008786554826556436,0.0005031660103396174,-0.00039490879079040475,-0.0007787425863436948,-0.0026126170279480165
2002-01-09,-0.004673651651862065,-0.0038516453330839084,-0.003438737247580259,-0.0028436266500833085,-0.006769401094058991
2002-01-10,-0.004590487744304039,-0.00010113674608591694,0.00042941994708134423,-0.0006177686564016183,-0.004898798512751101
2002-01-11,-0.008832173025940748,-0.006075446359321668,-0.00651437445811609,-0.006379597328227571,-0.006069125085081506
2002-01-14,-0.010361323399443068,-0.001873589884591076,-0.0023932103700506913,-0.0004386764629353834,-0.0062344024044487245
2002-01-15,0.005700049195298984,0.009154799698374738,0.009192615691435257,0.010076569012999359,0.006894888042701552
2002-01-16,-0.015503738014172264,-0.008270314314477112,-0.008615378873675472,-0.009642465923792365,-0.018179997852581953
2002-01-17,0.0090652459403322,0.0007865747274893309,0.0016835015180862722,0.0009381892108177858,0.004277714292062473
2002-01-18,-0.005642999305995211,-0.003470207513081802,-0.002890009298155971,-0.003908427670657355,-0.0034710254892670322
2002-01-22,-0.0025264108089826376,0.0008096200653715524,-0.000789188780556116,-0.0028361245551954406,-0.003908342167225354
2002-01-23,0.00807632566971539,0.001958576745901608,0.0013507772666787599,0.002777692558748601,0.011518665569969277
2002-01-24,0.005591814540452988,-0.0008519612751511918,-0.00175204916353211,0.00015431571262758403,0.00483017891757509
2002-01-25,0.006042523831368829,0.003342929501747527,0.002610440135667913,0.003959372513586024,0.005017162353016857
2002-01-28,0.0043844382454267805,0.0012072275895442797,0.0012976405280376024,-8.2628024586473e-5,-0.0010424421231485237
2002-01-29,-0.017207213094244223,-0.011872449413863229,-0.01028651694250704,-0.010716517473857268,-0.016094518420464943
2002-01-30,0.00966363937726955,0.006358092616171485,0.005686481172351376,0.0045739018628720984,0.006465830921513094
2002-01-31,0.014125263777027497,0.01334974672036493,0.012814640836491975,0.013672105525736722,0.01607417359807206
2002-02-01,-0.00442555842956327,-0.00013111244231989172,0.0003281743897656231,-0.00013056347158002524,-0.004702526859881484
2002-02-04,-0.01721333333333319,-0.009390303319014692,-0.007573237286606638,-0.008229984308775307,-0.014342146913932985
2002-02-05,-0.0030552968429906624,0.0027545861561470986,0.003947094203677004,0.0027354944461406294,-0.0059116967436285695
2002-02-06,-0.005319155420549504,-0.008199201381566823,-0.006449272104677606,-0.006766989851909044,-9.385152705432276e-5
2002-02-07,-0.0041290542069872815,-0.00032872596985633606,-0.0007214096237323497,-0.0007151703152560307,-0.004501402826218248
2002-02-08,0.01193014720425345,0.007704290658782309,0.006974663746713627,0.007022083708639659,0.012711291653076273
2002-02-11,0.015897437724905705,0.008538935693557681,0.0071722582304654114,0.006097856688493719,0.015288953600320898
2002-02-12,-0.0028131095019309216,-0.00044643015783474294,-0.0017484064366809493,-0.0012825814972087235,-0.0020815877037448915
2002-02-13,0.01026083752385576,0.008211317214704028,0.00927326651842364,0.009612194648562555,0.006907694342275006
2002-02-14,-0.0022141440235262655,0.001116490714777818,0.0023268758466119532,0.0030077311910048365,0.0001367908565352849
2002-02-15,-0.003472069016528412,-0.0018930708172284483,-0.002293920088292656,-0.0018790773718035947,0.004397691531486725
2002-02-19,-0.013458326598933867,-0.0102192703581927,-0.01008408309769182,-0.010007076404314863,-0.01063654184141738
2002-02-20,0.013101240162220362,0.010489803412688792,0.009507116063188104,0.00897985546532798,0.010234099744416358
2002-02-21,-0.007444794796406917,-0.005981589271654375,-0.004557493736575213,-0.00390097697298486,0.00034909314807518577
2002-02-22,0.012200648059789376,0.013423561282533969,0.014670498235887175,0.013417857538653433,0.014418387156374557
2002-02-25,0.01360014615893812,0.005887261175056224,0.006370226398558554,0.00796154699379703,0.009249608873947546
2002-02-26,0.002607768035584934,0.0037617341658271464,0.002000316820790937,0.0020135411153285876,0.00018606156159139964
2002-02-27,0.0015668146725531518,0.0004542760629540066,0.0002818507476725074,-0.0011705267681756393,-0.0010095558758896894
2002-02-28,-0.002707437521009437,-0.0010726596514676334,0.00015055393562013464,0.00043129991983104077,-0.0008395313987298314
2002-03-01,0.01932216165608347,0.013075542733385515,0.013248031321679399,0.013621145107336474,0.014755968873112923
2002-03-04,0.020668880782066967,0.009721115602739694,0.009907839563222387,0.009454912013303174,0.013504842900159852
2002-03-05,-0.009525316163412567,-0.002892754462291869,-0.0011653121695526236,-0.0016373157231238666,-0.007055255981683772
2002-03-06,0.014479999999999826,0.011899611661534415,0.012270555921677362,0.012565922699501186,0.01397996887995645
2002-03-07,-0.000978911363456847,-0.0016106195750046348,-0.00203685085822336,-0.0021482670749901622,-0.00025695121827962186
2002-03-08,0.0024841453839432592,-0.0016100046835662019,-0.0021972452367229334,-0.003356415649482969,-0.003560943644210446
2002-03-11,0.004282494038797546,0.002609941789090797,0.0015502266184783675,0.0009904324008775944,0.003069201506868735
2002-03-12,-0.0008308927825557699,0.001682956382595524,0.0020600373897952107,0.0023938417080653362,0.00024268193813936634
2002-03-13,-0.009548679043995811,-0.0074801053996730316,-0.0079871536846019,-0.007436432196593512,-0.006664501875347062
2002-03-14,0.0009693411930580265,0.003525585598604719,0.003784684475897526,0.0035552301404546682,0.0024887291571482617
2002-03-15,0.009419672269114443,0.008596322717416172,0.008421267804072041,0.00830376393783161,0.008680584129810986
2002-03-18,0.0012895952697702384,0.0032566052154847647,0.002988083042587908,0.003195875953829974,0.0016660550783749173
2002-03-19,0.0057459542789981555,0.004846886482411383,0.004945423244687275,0.004849693715106795,0.002905357520897933
2002-03-20,-0.010245239887607949,-0.005961705872620571,-0.0047208847355946215,-0.004322186031707198,-0.00542806118306749
2002-03-21,3.5489682930878175e-5,0.006459913992313826,0.006455386185380885,0.00690089011268169,0.006106109197082876
2002-03-22,-0.003878555722377719,-0.001990133423583562,-0.0024948684324105352,-0.0020716320717225623,-0.004901945152650078
2002-03-25,-0.0121493640214404,-0.006465069517245126,-0.005790547830251014,-0.006920309606161079,-0.010640166046531396
2002-03-26,0.009245102884136935,0.005836797462048127,0.006809880219242226,0.006619541048352051,0.012153600703598721
2002-03-27,0.0073101999931852735,0.010540233898787665,0.011298809480151162,0.012059765492087093,0.0091696106425736
2002-03-28,0.0014247217103704468,0.0003119012269994226,-0.0002573667630427767,-0.0005095126134292416,-0.0020217783412989077
2002-04-01,-0.001288277723768494,0.0018095889537923515,0.0017258875353955982,0.002091796173693261,0.00012084752623975348
2002-04-02,-0.0049446611372278015,-0.0031784680365084528,-0.0026136058349464086,-0.002979342431229104,-0.002701517074706894
2002-04-03,-0.011052110678968052,-0.010696552834946416,-0.010787140637812387,-0.010674988178513312,-0.010100080336327033
2002-04-04,0.0038732380183990056,0.004921304337359933,0.0052759759697709185,0.004844889506016692,-0.0011583337539337046
2002-04-05,0.000863333333333216,0.0004358399778694455,0.001169870090867331,0.00016429712276133657,0.001486734792394584
2002-04-08,0.005505803323130998,0.006162165111761819,0.006438631047647858,0.006270237627166386,0.004231668005834299
2002-04-09,-0.0013156958670367258,0.0002678203234369736,-0.00014585378421572148,-0.00016369678476169103,-0.0025991255092067123
2002-04-10,0.014159682220329595,0.01372675847688698,0.01297306242395857,0.0146514739980812,0.01662757705976392
2002-04-11,-0.015281382339743965,-0.009417708675207526,-0.008445185910557762,-0.008507628180997595,-0.008405654782686067
2002-04-12,0.00487079325576012,0.0020042918498743845,0.00046951797612004853,-0.00042280438521835606,-0.00464711591654543
2002-04-15,-0.007207031718963308,-0.004051659064519875,-0.004213661719526862,-0.003050298672587215,-0.004042522888499933
2002-04-16,0.0193170259362363,0.006793633996845294,0.006425008645619901,0.0042462415507296125,0.01322461451663437
2002-04-17,-0.003737220603716618,-0.001132442235546871,-0.0005909987006642581,-0.0005261492323721528,-0.0005641091845802748
2002-04-18,-0.0033750218337929017,0.002241923507095178,0.004428887640641754,0.0036913559254350137,0.0002284060944868216
2002-04-19,0.004092898478431861,0.007641495370094731,0.007282042650150311,0.006379530397060629,0.004302351400919724
2002-04-22,-0.010429563232293937,-0.0037004889852506606,-0.003642942972066354,-0.004469119450519865,-0.011686881769698787
2002-04-23,0.00034615115069147606,0.0017849756932166727,0.003454297407515794,0.0033640782191886043,0.00019594455946658762
2002-04-24,-0.006093324134728295,-0.004318381037485053,-0.004022821259317966,-0.004391566953082737,-0.007105755827156557
2002-04-25,-0.000653422865638742,-0.005432285090457012,-0.004819931768396568,-0.004913707891217145,-0.003221037641143454
2002-04-26,-0.009540221808171379,-0.0058925102773559335,-0.005358866700325149,-0.0047311684068055415,-0.0076633437481571365
2002-04-29,-0.008713975476833613,-0.004165282445317442,-0.0028562905189346566,-0.0034274106503334734,-0.005561631892913033
2002-04-30,0.01061317118344407,0.002910949044488076,0.0008404429240120859,0.00036979023388061805,0.007042425339103486
2002-05-01,0.008545320407187917,0.009575750078029577,0.010000045582319261,0.009195805296752457,0.008503074832477031
2002-05-02,0.004123692476771135,0.004142986800464321,0.004355205356812997,0.003891180736673716,0.007870151878462739
2002-05-03,-0.003257934522784889,-0.0010960959661237002,-0.0002861724812368571,-0.0009013078368469429,-0.003555533733295757
2002-05-06,-0.014333333333333198,-0.009875798634095045,-0.010692085514221406,-0.012263248409363547,-0.012328666272835909
2002-05-07,-0.0019711870138653387,-0.007557126820472826,-0.005401868981263491,-0.005678032745098371,-0.0026976002603004146
2002-05-08,0.021928482099107027,0.0069679488090783614,0.0054514273216745845,0.00823165473211196,0.011001287558862094
2002-05-09,-0.009700163278283491,-0.002993022969609127,-0.001539688243589299,-0.002208587466702827,-0.002779258646014582
2002-05-10,-0.01250730480286355,-0.007388341045487357,-0.0056204916383362225,-0.005368104785634542,-0.007474477837407512
2002-05-13,0.013466298371465513,0.009001347146658345,0.010108079119732327,0.010873189047174492,0.009607424705729395
2002-05-14,0.016366996615277296,0.004091426938011011,0.0024638147465316784,0.003116916529331215,0.008583915278271625
2002-05-15,-0.002410320266454713,-0.002550916510152046,-0.004496690147364646,-0.007519448325479905,-0.010145289240707123
2002-05-16,0.0005564406251081788,-0.0013728796214306227,0.0008120810189631289,0.0017587715329243636,0.0011941256701937242
2002-05-17,0.004427689742120489,0.003562778531125188,0.0015449512567842216,0.0017520685406964276,-0.0013978633594117218
2002-05-20,-0.008050367379686896,-0.0009535646459238878,-0.00044316010897915703,-0.001085579043400231,-0.004320565750934202
2002-05-21,-0.009932046592299848,-0.004234648788783102,-0.002478437036347092,-0.0012595747553547643,-0.0004417495243752567
2002-05-22,0.0036050834935061893,0.00669640316329656,0.007327492570921912,0.007647742634834476,0.009051495206429783
2002-05-23,0.009399415996568461,0.005560590121826081,0.00592085238584894,0.0065297251986569105,0.006223246706293928
2002-05-24,-0.009258747561724734,-0.0075947915295006,-0.0065198025329452625,-0.007397958800741011,-0.008199123528774277
2002-05-28,-0.0069239195479711135,-0.002941581685394268,-0.002634227223530017,-0.0017049681214508228,-0.004884941792622222
2002-05-29,-0.006947805953233632,-0.007156173920862874,-0.005541910079626566,-0.00455677165978885,-0.002524389139482275
2002-05-30,-0.0035293086901356796,-0.00456465187532995,-0.005985198681450421,-0.0068263562426050806,-0.005238978500807234
2002-05-31,0.005412788831770321,0.007604292570151161,0.00922307399894895,0.008999915756243482,0.006760378796259348
2002-06-03,-0.021237465619660445,-0.016785621393254457,-0.01563001805623887,-0.01567463543391545,-0.019653407171689286
2002-06-04,-0.003530383532862502,-0.0010375949249857852,5.291128746653939e-5,0.0009967587213755014,0.001513484219586747
2002-06-05,0.008393333333333475,0.005770275723312235,0.005441459442519614,0.004391264998998334,0.0036057564610099124
2002-06-06,-0.01667167309052675,-0.014201681374235386,-0.013963699424738185,-0.014271180784465765,-0.01921943251601388
2002-06-07,0.003000719441217603,-0.00037543622125946197,-0.0012499955072881042,-0.0012995561521068622,0.0037479542739475846
2002-06-10,0.0003593191643571636,-0.002811289650642479,-0.003850398098047103,-0.00358414516921457,-0.0030039464757707357
2002-06-11,-0.010771850919984893,-0.004474884498212539,-0.003368314161328989,-0.004563443623644359,-0.0071431944742054165
2002-06-12,0.0035773572469388615,-0.0009767641286173578,0.0006968107379308197,0.0005913948604316932,0.005556112356730258
2002-06-13,-0.008544697838718363,-0.007005661513184491,-0.00602594208890217,-0.0064684204486363805,-0.007394260408957409
2002-06-14,-0.0040006260466382,0.0004513676677666556,-0.0008029414705350568,-0.0008279179153449778,-0.004829594778960833
2002-06-17,0.022357077016353255,0.015932836411040485,0.014580556652639798,0.014943910903546964,0.016692396188227265
2002-06-18,0.0029822455729215935,0.004418640708999444,0.00461218019816978,0.004393415860566963,0.0026695177324478347
2002-06-19,-0.011032421751082988,-0.005174812490480019,-0.0050350311917803925,-0.004396457621741456,-0.007648668416584625
2002-06-20,-0.005924202628110553,0.001947075400461129,0.002132472151016529,0.0009588546261349862,-0.000556505968976384
2002-06-21,-0.012166876291899609,-0.013267346455746343,-0.013853969370776209,-0.016072043685326887,-0.014370878402504395
2002-06-24,-0.002197617050053724,-0.008209371197890447,-0.008246409807711075,-0.009285394460190055,-0.011599102253453397
2002-06-25,-0.015877306807595915,-0.011975700257389699,-0.01154990727634031,-0.011947080930565956,-0.010974054923548748
2002-06-26,-0.0023251862741030527,-0.003984274946757349,-0.004034108358144994,-0.00367851561508159,-0.00531649592048955
2002-06-27,0.011862859320027841,0.004789053289635747,0.0022320759404068635,0.001560227047713747,0.004527113297658314
2002-06-28,0.002314017519254419,0.001082269808615477,0.0017017988653336147,0.002444324356355665,0.01249079428200317
2002-07-01,-0.015984422002377596,-0.008312929943508185,-0.005371208236996994,-0.005653289170581499,-0.0026974887776657352
2002-07-02,-0.02258164705446164,-0.024150211275578704,-0.019755257850374686,-0.01991359599417164,-0.015846531135636277
2002-07-03,-0.0010465271941406673,-0.007305031237790138,-0.008846737248699665,-0.00831714418215912,-0.007287071800961109
2002-07-05,0.03119666666666676,0.019455844889198604,0.017284943201066882,0.015795868663272872,0.021009639881558684
2002-07-08,-0.00895359210496538,-0.0011607348403623874,0.00020692957311463367,0.001169195032826309,-0.0015696764681856212
2002-07-09,-0.017057500377580914,-0.01678803936796991,-0.014862234053555246,-0.014173190373625855,-0.019696028517963926
2002-07-10,-0.02771017278061605,-0.021829675308370655,-0.022649908979224476,-0.02187377255693812,-0.030758677786578592
2002-07-11,-0.005650271195841938,-0.010166688051792883,-0.012009933930056116,-0.012554756731817496,-0.010254638093756374
2002-07-12,-0.008691401925435271,-0.01102425161375864,-0.013304598523778632,-0.01334443548154629,-0.014994833109178929
2002-07-15,-0.008800715376021007,-0.0073398847031327374,-0.007454524080939606,-0.006472576409446873,-0.009730949406144607
2002-07-16,-0.019965466428795042,-0.02684646871908447,-0.02437722586407909,-0.022903412061524575,-0.01657351759786052
2002-07-17,0.005665615194762941,0.005199739358710209,0.004396733617030302,0.00401204711669112,0.01221945948873504
2002-07-18,-0.019882898217499223,-0.021004051588433992,-0.0216601381767646,-0.022759470427928585,-0.025864583921919815
2002-07-19,-0.041570708969347225,-0.040612342119974554,-0.04430947939079821,-0.04180988052275669,-0.043456538782029264
2002-07-22,-0.0263574033746643,-0.021723728922483976,-0.022199205520142207,-0.022798363683706024,-0.02919668512101503
2002-07-23,-0.022491790768283226,-0.029331897342589563,-0.025811935887863124,-0.026070986501467774,-0.012933878259479892
2002-07-24,0.04924320896926826,0.052516720773571945,0.05303400844459727,0.05456292208432667,0.05091953965750928
2002-07-25,-0.0010638137789368285,0.013214588382267856,0.010362403797824049,0.00966336760451636,0.017424491633557748
2002-07-26,0.010563446340739135,0.00236624328994961,0.006072188686283342,0.005177737376564684,0.00920989831293717
2002-07-29,0.0502841197195627,0.041419382484702894,0.03957934100699756,0.04017426271226854,0.036900385289404536
2002-07-30,6.129400871945911e-5,0.005166797196651141,0.002740797841503717,0.0016878926199843658,-0.00780744604976491
2002-07-31,0.0012312756442520723,0.009400018118809195,0.011827317965985573,0.01408585171394594,0.004944112071357365
2002-08-01,-0.01992073630022584,-0.013857832782620982,-0.018117652116468652,-0.01893754843655915,-0.01961900486370316
2002-08-02,-0.02782077328614596,-0.018002698082268176,-0.017094794296818705,-0.014744086772848553,-0.019261723539045872
2002-08-05,-0.028770000000000073,-0.021784820240382308,-0.016471703227689538,-0.015827768989414404,-0.015852270755788322
2002-08-06,0.027972608959772716,0.02233091887867711,0.01872160583866167,0.021445337848566393,0.02643674609868274
2002-08-07,0.01589610413135012,0.016004972160802877,0.013470667343794762,0.013867784536404137,0.013876976946083808
2002-08-08,0.02478356185755981,0.01446269924186061,0.012822159547531298,0.017817923904152932,0.021020938267737987
2002-08-09,0.003955369804603981,0.010706790909858599,0.011897214382617483,0.012062399235880594,0.01353790724103443
2002-08-12,-0.004476429876582477,0.00019884946001136328,0.0008173950461769497,-0.0009210705695108512,-0.0027729942608949454
2002-08-13,-0.018243676912490403,-0.014290218757142759,-0.013583895710446603,-0.01131994565098493,-0.01191715555462003
2002-08-14,0.02744809686870342,0.023238978101512098,0.023516263715652075,0.02658890732465191,0.02458883248367294
2002-08-15,0.013769794371499833,0.010498714569888712,0.011576044392181295,0.005652289181721226,0.004834003320743463
2002-08-16,0.0005237734788190451,-0.0017946739262442168,-0.0038971747009827196,-0.003219382002656146,-0.0035454417962752505
2002-08-19,0.019829836051149297,0.00822681490033994,0.00950691559676975,0.0071947944822272625,0.0069761026936510095
2002-08-20,-0.009334301994364136,-0.0053506236445584054,-0.005880571739402818,-0.005954247167740512,-0.007622662819769421
2002-08-21,0.013183120863041298,0.0049466405236253674,0.003457575170824123,0.0017160296669380681,0.00419772159019538
2002-08-22,0.010627647264003004,0.008896139848016515,0.008024876625421173,0.007686430038203795,0.010435336979059517
2002-08-23,-0.02109232282215001,-0.014053609370774045,-0.013502725113196501,-0.018124995623834184,-0.020999466914062848
2002-08-26,0.008586985423929328,0.013269732688160785,0.01245067776948483,0.012993189204786537,0.014568557816486027
2002-08-27,-0.009631895523726008,-0.005931653474904763,-0.005624798392763974,-0.003267638186727373,-0.0017644115669337435
2002-08-28,-0.017151400203531564,-0.012474814930172107,-0.010285324386039019,-0.007624634531333996,-0.011403543697679042
2002-08-29,-0.00027019705823094764,-9.299057121980869e-5,-0.00014489324000788173,-0.001596724347895595,-0.0016210745142721805
2002-08-30,0.00048743681887875034,0.0011365179269202663,0.001779887393398516,0.0039356815911053555,0.004362730413185911
2002-09-03,-0.03350501649223636,-0.026103005143094493,-0.02624559565620299,-0.025766506350274776,-0.024725214465585732
2002-09-04,0.014680000000000026,0.004496746376501992,0.0012897402280682702,-0.0005266996157844428,9.149597582447377e-5
2002-09-05,-0.01492775456301454,-0.002253222647694897,-0.0018795269111038237,0.002100769131726743,-0.007480349027305211
2002-09-06,0.01723074012294523,0.007173443131472723,0.004880175831653233,0.0022010849776357144,0.005571934397949896
2002-09-09,0.007969254676165383,0.0061119466524865995,0.006693641347586876,0.008437868715362118,0.008101384836909364
2002-09-10,0.007246450005558014,-0.0018125963738229167,-0.003706703225724861,-0.0023906899216600275,-0.002488879814326772
2002-09-11,0.0016382399047771834,0.0014613155033416092,0.0005322863099688213,0.0020446895536663234,0.002746780973545526
2002-09-12,-0.02118787821380852,-0.016286254376186804,-0.017024330493990325,-0.015700955502857994,-0.017764992100980703
2002-09-13,-0.0013509362787194057,0.007412682343410637,0.007267999909037481,0.008002824607678205,0.005153883528210779
2002-09-16,0.0029939631962343505,0.007201202677210805,0.009061841195457276,0.008367293717611357,0.0051184872915042146
2002-09-17,-0.021371564690762956,-0.029744033070705056,-0.030377779331457022,-0.025779248806592214,-0.024546957809161274
2002-09-18,-0.004812510607500209,-0.0008511887206907875,0.0008984487767764726,0.001825848243702577,0.0005056777031291482
2002-09-19,-0.024711415915508295,-0.021213666682041943,-0.02240250756660045,-0.02291771532217579,-0.018713443225381265
2002-09-20,0.004739853821726925,0.0040848360560274966,0.001231362209808795,-0.0015214337464580785,-0.003082401146630498
2002-09-23,-0.017934024672273896,-0.012456993884327638,-0.010386243480764112,-0.008726627917518437,-0.010708222492800457
2002-09-24,-0.017643202577686146,-0.013360502532917429,-0.012495902041240403,-0.014808906304636937,-0.017533754320068207
2002-09-25,0.022272206700774344,0.01388510681660593,0.012181348459768149,0.006987622346656508,0.008873052603851406
2002-09-26,0.01855114959539894,0.018230092838360967,0.01831645013419103,0.020895441298630635,0.02449794541747674
2002-09-27,-0.02743432050779382,-0.02073237130402683,-0.02371332715537966,-0.031539866053988175,-0.03557023811488813
2002-09-30,-0.011360074304255785,-0.005854650447761345,-0.004703826615885087,-0.0011522935155979797,-0.0021264425817693056
2002-10-01,0.03211816363002762,0.021444485333420804,0.023753669688830303,0.02345244371730182,0.031138965816524866
2002-10-02,-0.022407745070394336,-0.01721387412948361,-0.015655666177174954,-0.017838380524550335,-0.02739864396335212
2002-10-03,-0.00598999999999994,-0.00472500928372499,-0.005933180421698658,-0.0048514579409918435,-0.0025225358323969216
2002-10-04,-0.023092324020885013,-0.02212791740364639,-0.021261292069545523,-0.026749910084099993,-0.026358009060326926
2002-10-07,-0.01971074523183458,-0.012953978484038453,-0.011122877897533523,-0.003937304632632976,-0.00656733429911327
2002-10-08,0.004741384383482039,0.005725820785781988,0.0029710839375733933,-0.0053136953216023075,-0.004389937390363641
2002-10-09,-0.0299372778848338,-0.02811690662506261,-0.02626463555314762,-0.021207486533841746,-0.026500680235088003
2002-10-10,0.02698017044442902,0.01527923032977263,0.011346298602616045,0.01708829366029252,0.021840491786027094
2002-10-11,0.0365100785964787,0.02439538351061743,0.022636909805274774,0.02259121489153193,0.022439341041034178
2002-10-14,0.0020660328718276055,0.00528684559180892,0.0076262691327051435,0.008659402466966615,0.00493841496333669
2002-10-15,0.04234730402474307,0.019804434649974834,0.018444503094243725,0.020901399451709324,0.032734412748275155
2002-10-16,-0.028271418139731552,-0.019967311855569547,-0.024877723355254178,-0.01717220608797898,-0.020940580661003794
2002-10-17,0.02579406786946903,0.015517603195138063,0.014703905049646249,0.01883195788813774,0.023663085955697216
2002-10-18,0.00268858117287607,0.00189772747997341,0.002592347316489718,0.0018690812319772654,-0.0030926358315772617
2002-10-21,0.02576844536297429,0.02573527650438212,0.02736191285729439,0.023813860083039762,0.024464324411008986
2002-10-22,-0.011692215077496515,-0.004540392697021001,-0.0021883088099204917,-0.006248187150208806,-0.006176646431273469
2002-10-23,0.006609675205980103,0.001775295451424519,0.0020126759020189233,0.0024446510737039517,0.0033347966516787952
2002-10-24,-0.01162133836476631,-0.008648455243141173,-0.009075745454034778,-0.007903770212135508,-0.006631131650423283
2002-10-25,0.014879574857361133,0.010483826337714941,0.00991721274264079,0.006191542759260704,0.004935822510155896
2002-10-28,-0.011637327857910718,-0.011020072621796162,-0.011551485100866676,-0.01203152206776581,-0.009371356741965098
2002-10-29,-0.005734221378499105,0.0010304672293663941,0.0017075136539235203,0.0015281945865137647,-0.007067863002051755
2002-10-30,0.00842017713348886,0.006595769381217531,0.004218160681708216,0.007029172198083522,0.010438984427213027
2002-10-31,-0.003057856709572704,-0.00667261836298616,-0.006827114610442941,-0.007788612124857153,-0.007347613074186854
2002-11-01,0.018060000000000187,0.013701702558039042,0.01414129162893718,0.016563229458206763,0.02186908712859026
2002-11-04,0.00459046421625442,0.002472984104394227,0.0015073753478984653,-0.0017156881014008807,0.0020372961102186338
2002-11-05,0.005602539367230319,0.004849982474087522,0.006910002456923081,0.010579757198795336,0.009875774085815081
2002-11-06,0.014529557790687653,0.006209744733035372,0.005668063395926737,0.004331060974174239,0.01054860765328991
2002-11-07,-0.019231268062404938,-0.011646393218034623,-0.01001450423409267,-0.009551968741725592,-0.015061696058403462
2002-11-08,-0.01056394127637661,-0.012701100826358669,-0.012485679095673996,-0.00820719121746194,-0.008515780115530669
2002-11-11,-0.02056705525340119,-0.011291184513653962,-0.011075427619901546,-0.009871629834464102,-0.012154857953510678
2002-11-12,0.0027991002659033537,-0.013810805534087311,-0.01914862007090745,-0.027882851854724944,-0.02622233948616437
2002-11-13,0.003048073193339107,0.0048226040044574425,0.004901561423964029,0.0035166830601864874,0.0021669054212185568
2002-11-14,0.02114658344523379,0.016651112463712314,0.017001120488967958,0.018106434645392522,0.02130752773731892
2002-11-15,0.006918551023801678,0.011180087438095399,0.01057973664701195,0.008760377185409673,0.005953952132651041
2002-11-18,-0.008466967435615813,-0.00987245817503013,-0.008643260630143312,-0.008469199884741818,-0.006286256407878166
2002-11-19,-0.005236535721360958,-0.002669156165359232,-0.0006132993541373422,-0.0008908313237462329,-0.0032595271065608555
2002-11-20,0.014240431086486316,0.00701584567436031,0.006589252058244455,0.006469836615781599,0.006564237978339715
2002-11-21,0.022521550069453555,0.00393775055415313,0.0048415452685453,0.00038495358817125513,0.008470006905133998
2002-11-22,-0.0027896735167429743,0.00016371440470219767,-0.0001423838713119352,-0.002050678163129427,-0.005446638314844043
2002-11-25,0.005366084352595779,-0.0010184483133777178,-0.0011305355219303204,0.00024844237315235773,0.00491011156502652
2002-11-26,-0.016614987807582304,-0.012601994594466759,-0.012168126874258722,-0.013030722755899338,-0.01360907210294826
2002-11-27,0.02811223968047405,0.016182989663515723,0.015407471753041913,0.014005474940729457,0.01821252013501029
2002-11-29,-0.0009531710700753093,-0.0034724290260162993,-0.0033421667276806177,-0.0018854812140429722,0.0013849855511771647
2002-12-02,0.002278455709252336,-0.0038751085225620097,-0.0037235114449715168,-0.004970844060972146,-0.0026091697325164587
2002-12-03,-0.016186666666666794,0.0009543702735230752,0.0018375709154623276,0.003031552260746473,0.0044970416160390325
2002-12-04,-3.558906838718734e-5,0.005394083898484281,0.004946961421583795,0.0067484805292648,0.0042251925490179865
2002-12-05,-0.008650653929959007,-0.0022562192697460626,-0.0017247102849697882,-0.0013126714578040044,-0.0005391747164168459
2002-12-06,0.0059462382994652785,0.008953548488193963,0.008896082851111764,0.00968910812830348,0.012162753890977651
2002-12-09,-0.020837927084582875,-0.009877880735554179,-0.009591453686458973,-0.00824129205463442,-0.008723462786998315
2002-12-10,0.012247724466620147,0.007313733250367438,0.0073867458223735305,0.008481742111870139,0.009756023532367042
2002-12-11,0.001756589231567851,0.002718295894517553,0.003214578281943936,0.0019472220117178196,0.003659384988598191
2002-12-12,0.0018847247129571976,0.005420986734882005,0.005174802915187238,0.005711861418614683,0.0035597676658238875
2002-12-13,-0.007951753506470816,-0.0005428990030225123,-0.0005622481536469159,-0.0003916308379502409,0.0006759964133806751
2002-12-16,0.019460513075535202,0.011337431641957663,0.011080211748390134,0.011730248146188726,0.016812660699461635
2002-12-17,-0.009715917945853692,-0.011153079868972515,-0.011733077215486776,-0.011180673348105019,-0.00870668412977016
2002-12-18,-0.011074045459243176,-0.001975539734974441,-0.0008198838191126878,-0.0006399888787879116,-0.003807922568205502
2002-12-19,-0.006117745788595141,-0.008388899589272136,-0.008612901607812251,-0.009133754475778688,-0.006130437669889743
2002-12-20,0.012529790481731862,0.011750663154519003,0.012227436867735753,0.013108893945074085,0.012158160753851233
2002-12-23,0.00041562372415104853,0.0051409673765139274,0.004972541630866356,0.004874534325530089,0.00441704596270065
2002-12-24,-0.003992130597733734,-0.003127338071830077,-0.0032472071653800727,-0.0035648917579956807,-0.004009601097166859
2002-12-26,0.0022179737094585317,0.006766828634819255,0.006687854545456506,0.006755535704438431,0.00657526452723789
2002-12-27,-0.014302825384651552,-0.01235265037383182,-0.012324400417894843,-0.012144389532070421,-0.01279117718518985
2002-12-30,0.0036052235590515735,0.004364701085116662,0.0046496821364410135,0.003160576147222205,0.003570399717085282
2002-12-31,0.0035925918305887983,0.002005359758663783,0.0014312423500901783,0.0003670182127826216,-0.0014484185946457284
2003-01-02,0.02853892069491759,0.02253691283223369,0.02206781339906394,0.02091718600228165,0.01805504725044571
2003-01-03,-0.0035366666666667435,-0.0017676015421250746,-0.0024358843181102596,-0.002339145902233497,-0.00046569770257565146
2003-01-06,0.01584986335004812,0.011584396900706118,0.011632004359405368,0.010614937646815203,0.010908709092032565
2003-01-07,-0.008185274317796254,-0.013300156899580973,-0.0136745028035139,-0.01436673697168056,-0.011556427804570335
2003-01-08,-0.014158876157584377,-0.0023630206149470867,-0.0017366494248913789,-0.0023937204012391966,-0.004764648483778555
2003-01-09,0.0163404551639188,0.007657262981579427,0.007626550710389868,0.007800022569550702,0.009879047571227817
2003-01-10,0.002149945906993578,0.00037125027584061776,0.0007723820714728991,-0.00011957517293081921,-0.0020757071583801245
2003-01-13,-0.002212820872498744,-0.005666862402249118,-0.005683671507516919,-0.0053936318560203755,-0.00504763230539762
2003-01-14,0.002892929661759025,-0.0018931328137404835,-0.0018609420309079194,-0.001783118817982876,-0.0010100455564401312
2003-01-15,-0.011754929770223743,-0.007459935853870614,-0.007327547129636458,-0.006155933422983706,-0.006702777874800558
2003-01-16,0.0013227584460580033,0.007814468249732753,0.007467114705218103,0.008865858455637143,0.008985305892837303
2003-01-17,-0.012927947515534388,-0.008638448883424577,-0.00883573963970985,-0.008139211740675223,-0.007639383745649542
2003-01-21,-0.016405648393777783,-0.011725300276653527,-0.011999942509108408,-0.013476731499501238,-0.015159950672472555
2003-01-22,-0.009974528483217227,-0.004045273230858126,-0.0037548236018581926,-0.005404059664357974,-0.008429121913869575
2003-01-23,0.00893816115315893,0.0027058162373931882,0.002394959727433754,0.0014290226375968107,0.002335833457615344
2003-01-24,-0.024123382316295627,-0.01319991235322504,-0.013102537798497349,-0.013341845425909438,-0.016588744820627443
2003-01-27,-0.018485485579315397,-0.01823850832365903,-0.01813447243997046,-0.018238563645429196,-0.018153084274174502
2003-01-28,0.01055745431915267,0.007920896405857691,0.0073641922301710405,0.008449625516948167,0.008354414837880908
2003-01-29,0.002933977113391384,-0.0020297348387957603,-0.0019008296763497468,-0.0015841830881974106,-0.002707244793061281
2003-01-30,-0.01856700999663341,-0.011887523250824872,-0.011683945360072334,-0.010664288193791727,-0.010862927502342301
2003-01-31,0.011046135106747457,0.014033880243817576,0.013987976038256855,0.01422937923450096,0.015292534456142981
2003-02-03,0.003038479171758368,0.0005393303107321668,0.0014849049574940931,0.003237610664507562,0.0038500468007676147
2003-02-04,-0.00835000000000008,-0.0014915098563902385,-0.0010276497569936538,5.118144752547238e-5,-0.0013157061873307896
2003-02-05,-0.005814365283450029,-0.010143490916398212,-0.010547161029466179,-0.009897147754529434,-0.008071358254964411
2003-02-06,-0.006941245755839542,-0.00861675158390729,-0.009094821042338164,-0.009120715141832658,-0.008607266867197705
2003-02-07,-0.010279605559508465,-0.010321787431415985,-0.010032509481578966,-0.009577999742039545,-0.008590623224090321
2003-02-10,0.007975936604714962,0.003987240723542618,0.0040301234037747324,0.004269913503175626,0.00389302354854415
2003-02-11,-0.006446104913163442,-0.006559779640447627,-0.006514132416555962,-0.006176525837356395,-0.0072751724808061136
2003-02-12,-0.011707756071175024,-0.015946551145017196,-0.01468209488078287,-0.014840375058006061,-0.016378554195598527
2003-02-13,-0.003692139381415216,0.0025269108904788506,0.0028865218229188194,0.0028970681620781313,0.006076647242264421
2003-02-14,0.0156860902420064,0.009299682686930932,0.008386830154706537,0.008478358549258047,0.008013217108848503
2003-02-18,0.015708519630681206,0.006854025042237533,0.005622489800965802,0.005449826094553023,0.008329598318984388
2003-02-19,-0.007804963860868264,-0.004758224578385262,-0.004827992105808088,-0.004898518428421039,-0.00536062366300516
2003-02-20,-0.007185979744097515,-0.0036255171171719613,-0.0038075587386446896,-0.003924795895952182,-0.0037383594479860616
2003-02-21,0.014397297724976887,0.008588920592069504,0.00846535204752863,0.008312112684824235,0.009288991403370694
2003-02-24,-0.01654299582806107,-0.014070939965845297,-0.013803818583513094,-0.012549282588109278,-0.011543705128113535
2003-02-25,0.007641269578985588,0.007349983844852748,0.006866766360959398,0.005612567399148727,0.004278113175465892
2003-02-26,-0.009965484091479904,-0.009815618425035866,-0.009504356612045406,-0.007570701747191655,-0.0036102356547075276
2003-02-27,0.009524377610675705,0.005341255660962441,0.005410969943904664,0.0045480803411646065,0.0027824858484224446
2003-02-28,0.00405602693557916,0.0017623829357031884,0.0028155877308591037,0.0021307915305575076,0.002509417251119972
2003-03-03,-0.006393194887173603,-0.0050600578435461285,-0.00549582898279144,-0.003473339846808199,0.0021052904858258614
2003-03-04,-0.01577467609118277,-0.012635626057004967,-0.012815355330500489,-0.010872871247945448,-0.009062273226134732
2003-03-05,0.002955800348636961,-0.001052306814459003,3.7716708969348645e-5,0.0015021993602422068,0.003020739351535573
2003-03-06,-0.009516666666666729,-0.006253771418876286,-0.005745959408618773,-0.007989118887204438,-0.010835948758249336
2003-03-07,0.0059978179003519205,0.0007502755589072763,0.00203200622749522,0.0003277995201658168,-0.0031700884922868378
2003-03-10,-0.021407163339151714,-0.020496619037968955,-0.019857975400030536,-0.01927825904480651,-0.019823257383738357
2003-03-11,-0.0062590153789332525,-0.0008657603928542423,-0.00036024227308950607,-0.0003842769810195046,-0.003736659189929048
2003-03-12,0.0006081137772893097,0.0015923488213831494,0.0017779795256271935,0.0018892917948689636,0.0004383762894102361
2003-03-13,0.032227678576902674,0.020228185475477334,0.022524674648809917,0.01923287593548073,0.01663447509720606
2003-03-14,0.0012622113130218438,0.003055371755926295,0.004683117232805234,0.003010172233874897,0.0006050536161239517
2003-03-17,0.030674279705453333,0.024243444639668876,0.02396082153631851,0.02185762342702291,0.017863059129935355
2003-03-18,0.004235737487511715,0.002738320149576534,0.0021194830987749658,0.00201351850540199,0.002129016389186944
2003-03-19,0.005936016864345861,0.006438910900572914,0.007157257431608555,0.008186653657854093,0.008084615649184279
2003-03-20,0.003219475251411641,0.00015006734202582805,-0.0002931087642764618,0.0009598799865899732,0.002916293921254809
2003-03-21,0.023439240262587813,0.01974139012917786,0.01924157353452105,0.01838190120135197,0.019750621282139003
2003-03-24,-0.033582370367244097,-0.027380258519711487,-0.02778538936968078,-0.0267214110511953,-0.02715682731218405
2003-03-25,0.010423011469413712,0.009772044671354951,0.008384771028867144,0.008391367198488098,0.008646708741967712
2003-03-26,-0.006541875100152028,-0.005692059764456636,-0.00521378448464993,-0.003949948238222367,-0.003623026130733731
2003-03-27,-0.0015180314675756756,-0.0007522499579148967,-0.0006278784166600104,-0.00034016867492614455,-0.0029531994449559784
2003-03-28,-0.0025516493954846897,0.004207871131453711,0.004607414168325885,0.004006576632936465,0.0019228038082443888
2003-03-31,-0.015171755664340925,-0.011302818577940132,-0.01136243306025675,-0.012640534409272375,-0.018574589712989087
2003-04-01,0.006208734689419515,0.0003952053557634283,-0.00039993699533902305,-0.0013186873707331515,-0.00036322411660805187
2003-04-02,0.024514386799337595,0.014839696693689008,0.01483456743377154,0.013969251026771046,0.01517279625275747
2003-04-03,-0.00547538350481791,-0.008000782859775346,-0.008436258502099392,-0.009064280774127464,-0.009367574669646883
2003-04-04,-0.00010333333333334416,0.00317470798225572,0.004620873735489139,0.0018294693101941206,5.669024888943497e-5
2003-04-07,0.007812330274128421,0.004719414978201719,0.004801332480643072,0.0011016124844782649,0.005660498370838818
2003-04-08,-0.0024474170505146553,0.0019769257746029556,0.0023397462265091207,0.0021384294068980125,0.0009468364689109166
2003-04-09,-0.008805269076808231,-0.004019238745865739,-0.004153528702117937,-0.0012114743492004365,-0.00037973116136369445
2003-04-10,0.0049149230722436155,0.003773351513043144,0.004130791727595673,0.0023751191458079024,0.002699042207701119
2003-04-11,-0.0017122924268326845,0.001963706834462897,0.0021420259224798066,0.0014326462237543858,0.0015358468519670598
2003-04-14,0.018507578031911942,0.014896371330758162,0.014894098393559485,0.013581838575367433,0.014691694256555143
2003-04-15,0.006484985147080513,0.007648078455002372,0.007670287485634031,0.007923671236692131,0.013756838571285623
2003-04-16,-0.011015851208619698,-0.011441251047508483,-0.012922569698829767,-0.012002406622174777,-0.009652572063500564
2003-04-17,0.014365829717207346,0.011592689066809436,0.012189173117077345,0.010831148440026528,0.012763916516269624
2003-04-21,0.0009462608793229244,-3.859776398373871e-5,-0.0003889472501283908,0.0003761174795458011,0.0009533057113313426
2003-04-22,0.01785206076661794,0.012275404051163008,0.011405929302487072,0.01342640320480104,0.013001746356147814
2003-04-23,0.00521113832886666,-0.0011075055131507527,-0.0001030868801907836,0.0001278406070288618,0.0030642999017558292
2003-04-24,-0.007293400635616232,-0.005019373130568883,-0.005510359987347058,-0.006327303915560467,-0.004601759284745155
2003-04-25,-0.01395439537584442,-0.012180196000118548,-0.012106246798266329,-0.014371347222421726,-0.017893465343959192
2003-04-28,0.01839514557318478,0.015523791614495464,0.016253367097883054,0.01342435102054318,0.012476722378915062
2003-04-29,0.0037571257571618055,0.003270873682293285,0.0032778866591798295,0.0004983485246898844,-0.0027043276883671474
2003-04-30,0.001044581058748273,0.0018191515581207351,0.0005238751288969556,0.002976207227818106,0.0062544274616755935
2003-05-01,-0.003679650452059424,-9.949231494243982e-5,0.0006095749067296374,0.0006867011295712544,-0.0005978062623971381
2003-05-02,0.01535470350526058,0.009788718997435053,0.009634283318770587,0.010010120645706833,0.013099311829795734
2003-05-05,-0.0008474376692246821,-7.863095326332559e-5,-0.0005019306065497942,-0.0007380849473713758,0.0010425337478841001
2003-05-06,0.008350000000000302,0.005506003187874198,0.005733308116332658,0.004114421428010884,0.0037571165009659957
2003-05-07,-0.002405055784201804,0.0005266190757280409,0.0016102584754456029,0.0021117598015931716,-0.0013204582775657725
2003-05-08,-0.007694117575718917,-0.004042801481874858,-0.003842171991887078,-0.0035138758657442537,-0.004034438936823648
2003-05-09,0.014661803810479102,0.011436024242126086,0.011328812322131565,0.010246676789441356,0.011764134504471002
2003-05-12,0.013533728024927472,0.009736064438617964,0.009506600224092665,0.009149986291994372,0.01314497971021189
2003-05-13,-0.0024774436589534155,-0.0019873771120983985,-0.0021074648978650634,-0.002041820540321093,-0.0012134567659691786
2003-05-14,-0.001519311629470943,0.00164745161107005,0.0015522071972291496,0.0008832158997382766,0.0004043185540416605
2003-05-15,0.007634604012526136,0.008880835248074703,0.008456753935989658,0.007135732926284666,0.005749778763105784
2003-05-16,-0.005038552779978889,-0.0005196233365672986,-0.001166936098088045,-0.000646126092642807,0.00024025858899756614
2003-05-19,-0.017444346794247556,-0.008130021651781338,-0.007113610200412346,-0.006595568978833177,-0.00935208479881644
2003-05-20,-0.0007260377673999896,0.0024080054146704555,0.0019668705634954264,0.00585990941574277,0.008894237201091393
2003-05-21,0.007198701832773713,0.010939733673987373,0.009192191688646822,0.015447240875517743,0.021991673932922007
2003-05-22,0.0111716085465563,0.01056557229410604,0.00921950807891636,0.012001095791897232,0.01599625596450016
2003-05-23,0.005036276518588734,0.010100487316207385,0.009335524248442306,0.008870811435458315,0.014172546081171244
2003-05-27,0.017581007881180888,0.01250406809962823,0.012462032565015102,0.013271038729065321,0.0129847640902081
2003-05-28,0.0008287951927996584,-0.003687996118074466,-0.003253906251872274,-0.005556562829904466,-0.007684363450975229
2003-05-29,-0.00024061567926036975,-0.00032939380840546484,0.00015700230964466044,-0.0016919706169594706,-0.0029092104107776295
2003-05-30,0.01815051894877251,0.013365883570662929,0.013417916907191962,0.012740958616947795,0.01287190163779317
2003-06-02,0.007039734692163124,0.008731440875670016,0.008558137078189532,0.009119282419386643,0.011380802153526437
2003-06-03,0.0013885913419169338,0.001464112275081586,0.0015627313218413708,0.002989487107395661,0.003257242541189642
2003-06-04,0.015378562171106891,0.010346526328963046,0.009621391956530223,0.010890349629013363,0.0133032039565113
2003-06-05,0.00545333333333331,0.0029327499742974883,0.0021045622305326805,0.0028773389226237622,0.0020533676096208264
2003-06-06,-0.0019422303703799937,0.0010952902098320116,-6.272840567000948e-5,-0.0008662146378071167,-0.001653610220416435
2003-06-09,-0.012393956937376105,-0.0072288746453206265,-0.00600435126309562,-0.006296071004253667,-0.007951870161325036
2003-06-10,0.0088923845875446,0.003528611607349408,0.003333901849952081,0.0026005227885887994,0.004999523683461682
2003-06-11,0.013376274651106135,0.007577562867367993,0.00747173983900673,0.009985480896624654,0.01165891928919871
2003-06-12,0.002583410082278137,0.0030168715785392486,0.003217866907454736,0.0023934671270642305,0.001158896748631566
2003-06-13,-0.01197089919090466,-0.00487883104808795,-0.0045581303580868315,-0.005314225263247985,-0.009129487110078105
2003-06-16,0.01893649666605035,0.01724633294569089,0.016475450162305227,0.01515887855431508,0.01513587668748495
2003-06-17,0.0006299187343743462,0.0013991661074324035,0.0005975836450784477,-0.0010514896045272781,0.0016622582488980964
2003-06-18,-0.001631059354217812,-0.0018197852572314765,-0.002463850362275477,-0.0002376452685878272,0.00210096072585908
2003-06-19,-0.010880616802399379,-0.009015048847031082,-0.00928950942383433,-0.008871847272348798,-0.008486240519755994
2003-06-20,-0.0027793793686338164,-0.0021515293495217858,-0.0023623767920546435,-0.0028141400694681185,-0.005164788444254942
2003-06-23,-0.013834066345340679,-0.009049627643995861,-0.007953735686247243,-0.00765742390352675,-0.009294046124391886
2003-06-24,0.0030661618188989603,0.0016759285433876059,0.0013842799974610465,0.0027491996640682803,0.0018455607821128428
2003-06-25,-0.006307312120789277,-0.005621109056725415,-0.005686258447112125,-0.007048068518506478,-0.006410682926958344
2003-06-26,0.010271840694395129,0.0063695815496289665,0.005574335801524333,0.0054232960725728585,0.009703499194042786
2003-06-27,-0.006086843630715433,-0.002813252949465661,-0.002548813747634826,-0.004831710397109945,-0.0025933426886178834
2003-06-30,-0.00033323407420049467,0.001128616942865257,0.0010876621693474142,0.0006925294320228037,0.0008035789028235651
2003-07-01,0.004650966526425604,0.004831218231920786,0.00470674667653137,0.006392450669678862,0.0062363682265045295
2003-07-02,0.011355591942766363,0.008851352567028847,0.008078765838833046,0.006564636130544921,0.007599671517026119
2003-07-03,-0.006354411837680041,-0.0066998239171188745,-0.006579413831230618,-0.006863560407550207,-0.008551136308567187
2003-07-07,0.01579666666666668,0.006853771995247726,0.005637264216256321,0.00720175378457566,0.010976553001162737
2003-07-08,0.00410446414800858,-0.0007859127903105945,-0.0014785790853575342,-0.0008523886109008671,0.0006508066252652878
2003-07-09,-0.006132138539296728,-0.00660696255839166,-0.006569735326504289,-0.007992476243574798,-0.009224900824057025
2003-07-10,-0.012398952787733064,-0.006657284416248577,-0.005621594486802772,-0.005480908590386302,-0.010126918830234977
2003-07-11,0.006053499451691868,0.0036007189126321393,0.0032427983023155527,0.0020099771210464468,9.814828630139161e-5
2003-07-14,0.0037358873541206705,-0.0009604526630537791,-0.001563916869447013,-0.0005112153852945278,0.0017548988962208245
2003-07-15,-0.006269505016724297,-0.010519059001336317,-0.01086656284934473,-0.0099262748174056,-0.014267683661039698
2003-07-16,-0.0050066110182660495,-0.006006409229566634,-0.005890812609863794,-0.005653399177357965,-0.007302680988025778
2003-07-17,-0.007194072056399992,-0.0037325426405051543,-0.0026782662369940757,-0.0022345889551685927,-0.004388230615760769
2003-07-18,0.011603011275742592,0.011344433766123707,0.011849069595813111,0.010633981946313709,0.01276457722792923
2003-07-21,-0.010901474514673604,-0.007284678968635605,-0.00701254705280796,-0.005816459457971268,-0.005623560159075058
2003-07-22,0.009913587726005924,0.007326401760645362,0.007277140103229662,0.005865263085130801,0.008006688721662325
2003-07-23,0.0023431122257606685,0.005197516532483792,0.004781167627159855,0.005600475993617904,0.005464432277321185
2003-07-24,-0.003889227971777487,-0.0022905104787326325,-0.0023568921260102016,-0.0029885627968584405,0.0003771972261077394
2003-07-25,0.013131412283075239,0.01111629887614507,0.011214337523228313,0.012532387936014189,0.014406283029880784
2003-07-28,-1.59496022444916e-6,-0.004940668200909437,-0.005251858864725567,-0.0057498115183790555,-0.005275486329414547
2003-07-29,-0.005058283026917798,2.6483788604148017e-5,8.557051115132275e-5,-0.0029460490568099518,-0.0028122123793518083
2003-07-30,-0.00260421946158762,-0.0001193849295196836,0.00034018448979322713,-0.00013596212011512954,-0.0030993484292645146
2003-07-31,0.004779757105207727,-0.0003329264453102443,0.002169650964623182,0.0011086660645378554,0.005660956031485531
2003-08-01,-0.008208789234627312,-0.006724409483645166,-0.006898282072130724,-0.006853914321175214,-0.0072160574651719545
2003-08-04,0.001073553427374918,0.0019738285542216794,0.0018096402279417223,0.0036033693550414636,0.002584888042265865
2003-08-05,-0.01607000000000014,-0.011504283488353084,-0.011585803536567685,-0.011141572834238223,-0.013917436504748748
2003-08-06,-9.225859563188887e-5,0.004230721902622747,0.003958968604002466,0.0062961200179771915,0.004918823513305748
2003-08-07,0.003939668807918739,0.003953729661923644,0.003969467076653466,0.00463775333294314,0.0034537955438420642
2003-08-08,0.006914038653374366,0.010538833742451015,0.011065939653338797,0.009796704841103399,0.009016360964315684
2003-08-11,0.004776057212138474,0.0026755951554233715,0.0018239138142492894,0.004049753095366926,0.005884902294100769
2003-08-12,0.008979100319702393,0.0036967206847555723,0.003280183064525488,0.004116513649609965,0.003969184318229013
2003-08-13,-0.0023279373141561477,-0.0010932926717359681,-0.0013360267109127077,-0.0012535200629951726,-0.0010954599964037026
2003-08-14,0.007157721867352862,0.005298419449125902,0.005291713217584482,0.004931941301226761,0.005807386518582147
2003-08-15,0.0019368307362466197,0.0004191546274450175,0.00016565290572856384,1.63987732115789e-5,-0.00027491635246157387
2003-08-18,0.008421190257229538,-0.0014954800808648638,-0.0018919919199770208,-0.0026728301738087046,-0.0016461702797442301
2003-08-19,0.006607832433314087,0.0035901155387636496,0.0030342281714039743,0.0024776459105222415,0.005248986241487286
2003-08-20,0.000599267448005536,0.0025789522470314186,0.0028285313187947914,0.003075620870788498,0.006450547724122346
2003-08-21,0.006011288882434185,-0.002089031767164129,-0.0027119980886705086,-0.0016325341094589607,0.00047030348752685747
2003-08-22,-0.010580977986978657,-0.012977281247582462,-0.013005129649969915,-0.012551190079044927,-0.014574623756204996
2003-08-25,-0.001988204156915807,0.0012375542094789083,0.0017949629699292036,0.0019727986542137366,0.00030886291662035603
2003-08-26,0.0031634239772597716,0.00515228524356659,0.0052124822156742745,0.005198780378971257,0.0042343653688532434
2003-08-27,0.0041063017783877775,0.00617914167749567,0.006554063001053434,0.007309715084005797,0.007654500775975404
2003-08-28,0.007636321981772332,0.004111050712574116,0.0036422845997072795,0.005820092396858323,0.007638313246904005
2003-08-29,0.006400822269323925,0.005650612573369962,0.005506253656077265,0.004603697726066169,0.00526841894420671
2003-09-02,0.010790117897690132,0.00789956521493207,0.0074540572149790485,0.007700737125527768,0.007497009979174685
2003-09-03,0.003251692457740596,0.0024974875859358203,0.002446877091809352,0.0027894760819859865,0.003052793138838439
2003-09-04,0.0009366666666668078,0.003683001072571024,0.0038881210692323087,0.003949085218895476,0.0006123337582120136
2003-09-05,-0.006633577216007658,-0.0046703208801301965,-0.004720674948050951,-0.004791515945299807,-0.0038693464879459016
2003-09-08,0.008465854671390494,0.006406399990385836,0.0055594231905478075,0.00666870219296789,0.0075178626306697804
2003-09-09,-0.007260935810860625,-0.0028625318614819983,-0.0024998549193094854,-0.003728302401681649,-0.003995969757036422
2003-09-10,-0.012397271313152936,-0.004321279772191433,-0.0042751316938871575,-0.0038727967848349865,-0.006995901923380621
2003-09-11,0.006115335156305912,0.004923741031134021,0.004965691429749786,0.0038654629989389733,0.003355223925955997
2003-09-12,0.0027609572591125175,0.0006036787300054414,-7.057598147863775e-5,0.0001463282570794977,0.0015715579948545333
2003-09-15,-0.003052946835889192,-0.003254408142757792,-0.003265864788885353,-0.0029187952506295467,-0.003396063910923619
2003-09-16,0.011258282447520696,0.0074298646609542995,0.0070060222422208,0.006281800882308453,0.006801109329051869
2003-09-17,-0.0009771189370602062,-3.559708328337852e-5,-0.0014611296523293626,0.0025524280903825858,0.007587565995898382
2003-09-18,0.00979225930803751,0.00940588368218731,0.009964080706722278,0.007686933867240953,0.008992735972034538
2003-09-19,6.938024015190614e-5,0.0031376787173267306,0.002919760945756744,0.003301079906117943,0.003297987723119178
2003-09-22,-0.011196601932193184,-0.004104390850492412,-0.004031456558436952,-0.0037336751789392997,-0.006123344488049298
2003-09-23,0.005946294107352257,0.007638570464872929,0.007959466809214444,0.006615890909726252,0.006286154911052222
2003-09-24,-0.0140476472102542,-0.006195540905999608,-0.0060687636014366,-0.00493291358995962,-0.006708699128434525
2003-09-25,-0.010202287627647744,-0.009764555416072573,-0.009777334692696926,-0.009927978560046458,-0.012471773206958692
2003-09-26,-0.009770779025530918,-0.00924698783786193,-0.009288366588548369,-0.010132761193930917,-0.010155433925212565
2003-09-29,0.009211089791477223,0.007987613089881052,0.007948667586737956,0.007752069594739286,0.010217983941748887
2003-09-30,-0.007537743535701802,-0.004114033189030364,-0.004616572448302048,-0.0034116946166563578,-0.005177934821415153
2003-10-01,0.020563969810584393,0.016517810910997577,0.017344783792437646,0.017001702514362504,0.016606673483737344
2003-10-02,0.004880485087016773,0.005867674306448967,0.005915549329992942,0.005395492884517461,0.0052578249339874095
2003-10-03,0.010023333333333273,-0.0014843079373398904,-0.0014452237982984784,-0.0009140537241995039,-0.0007855987850124979
2003-10-06,0.004773057388113067,0.004855156692031848,0.00498501093917314,0.0057822307351014235,0.006079737203121827
2003-10-07,0.00574051904556061,0.006431625535445962,0.007459486299432605,0.006444771436030949,0.006716897966063673
2003-10-08,-0.0030747642939944475,-0.0021785482105539655,-0.0025776185169514854,-0.0015535229130504424,-0.0017526973360894038
2003-10-09,0.006705435712732077,0.0013395310592589915,0.0010466517252900598,0.0009605155926954989,0.003530575601743413
2003-10-10,-0.0013495267530388988,-0.0001863305500735546,-0.000842651067041067,0.0008718825532252339,-0.0019264301711963139
2003-10-13,0.009446730409424786,0.00967002500459646,0.010132328765807053,0.009001697222290606,0.012197497479703445
2003-10-14,0.004378192641849354,0.0023964394158593194,0.002486632682439094,0.0025604226587090384,0.002847468400584141
2003-10-15,-0.002913507205247634,-0.004103210197544116,-0.0033952309549453163,-0.0033026286836469465,-0.0020719570083460592
2003-10-16,0.0039972102239675955,0.0042575478654716115,0.004286141748520045,0.004236978614406972,0.003387673007727132
2003-10-17,-0.010834754048384965,-0.006998928577166108,-0.006370739505698109,-0.00716976311156281,-0.010508514489899201
2003-10-20,0.003497138885061979,0.002064410328785904,0.002251467207638136,0.0023803351286040275,0.003832512619225348
2003-10-21,-8.63700569293524e-5,0.004040785058923468,0.0037149877137041543,0.005746782010932261,0.004277757298535301
2003-10-22,-0.013159869054012119,-0.006186809484898914,-0.005676032641893536,-0.007206589215743353,-0.011259557339336479
2003-10-23,0.002395580328780733,0.0014227257547867467,0.0022310681949002653,0.0009692718060110295,0.005892003137216717
2003-10-24,-0.0027903800042139437,0.0014055657010028089,0.001221509395807674,0.0014061261475428743,0.00010029390399135529
2003-10-27,0.0052232006697940925,0.00195410400625029,0.001645089376180131,0.0010334524349631113,0.003799982961269377
2003-10-28,0.014906883295108253,0.00823662869001085,0.008739538610163855,0.008800885320315643,0.012056839202007064
2003-10-29,0.005610093300995267,0.0044517713808363,0.004791507438477893,0.004448968313844004,0.005699067638806676
2003-10-30,0.0020562805194961342,0.00030326376490452667,0.00014905500060247157,-0.001798491403356195,0.00124967523922348
2003-10-31,0.00221842825696994,0.0032892580592096543,0.0038068116498086724,0.004855562326345986,0.003641207693797499
2003-11-03,0.008176666666666721,0.003892682699700112,0.003982349272354746,0.0015190449295139352,0.005764095557891258
2003-11-04,-0.001267953367961261,-0.00011063578342052072,0.000585317997223056,5.966539540658289e-5,0.0020820868683764093
2003-11-05,0.0001394648102306384,-0.0010361434456741536,-0.0009158742738383241,-0.0017593494884731165,0.0017816391418778998
2003-11-06,0.00486532907550008,0.0030018296304623604,0.003612370201886872,0.0034912109036393524,0.004032093264777492
2003-11-07,0.0003835941262426701,0.0027782318063673817,0.0033523198836560297,0.003681114352893866,0.0049088199925508835
2003-11-10,-0.008962386399117839,-0.005436014907259867,-0.005219638253920356,-0.005737510879189056,-0.0067269079153413625
2003-11-11,-0.002448258609039633,-0.0010286558700028925,-0.0007884444410182212,-0.0014933957970574285,-0.0022619076825851625
2003-11-12,0.015311991707721129,0.014827488278802647,0.015417269476000639,0.014813764184780087,0.01842075222055839
2003-11-13,2.2687738943538704e-5,-0.000485216278186984,-0.0010151586093507525,4.8947009363864424e-5,2.4241091614030097e-6
2003-11-14,-0.006699632436722669,-0.0027488975932288273,-0.0031365607602584777,-0.002358384395647839,-0.0034967633394500375
2003-11-17,-0.0077189478247373655,-0.007276492290526071,-0.0074525138936683,-0.006081821291093914,-0.007282366582554656
2003-11-18,-0.006806790171984933,-0.0021541375432869714,-0.0017272474023324325,-0.0010805147473910148,-0.0015772951834761573
2003-11-19,0.00554099589565582,0.004130524447838679,0.0030945525899706006,0.0035667230153717533,0.0040825591835889075
2003-11-20,-0.006406767333263286,-0.005847533735086952,-0.005994414573354145,-0.005810308949065757,-0.00614605767948162
2003-11-21,0.0025201988188170432,0.0026797368847255587,0.0032877966132753844,0.0012687225165763927,0.003214764097339451
2003-11-24,0.015332790807607966,0.010209688248812299,0.010709670652342851,0.008570080588964357,0.011888436455526508
2003-11-25,0.0068174010516135475,0.007756092227986233,0.00793404652083729,0.007527310691013422,0.008139326789630363
2003-11-26,0.00437452871986177,0.006554468469545771,0.006279644995892175,0.006749992682957728,0.007777544819531634
2003-11-28,0.00264435309139599,0.0038016654671713113,0.0038559815170511325,0.0029968594648039915,0.0035168279076613906
2003-12-01,0.013234711179657133,0.01311333338286147,0.013570561198438025,0.012637599156976487,0.015630093651401777
2003-12-02,-0.002921609335627018,0.00017303710998062272,-0.00026534014818679896,0.00017139007263811123,-0.00016954822280756954
2003-12-03,-0.0007233333333334091,-0.0012967582389438181,-0.0012448186040020515,-0.0011026212166517224,-0.0011012214026485667
2003-12-04,0.002007102470787281,-0.00048484169895723905,-0.0009654104498455496,0.0009430816394306873,-0.002138543350103661
2003-12-05,-0.004331911736493943,-0.0015780772872325821,-0.0024246449743571263,-0.0003787866095519288,-0.003488940067064683
2003-12-08,0.009920649289702599,0.005855777172282917,0.005939109918208674,0.007279063331601332,0.007840504312754293
2003-12-09,-0.007747485067470028,-0.008132844274422402,-0.007609421675166872,-0.006860519945441124,-0.008938222542723917
2003-12-10,-0.004704901860711375,-0.00774566279781197,-0.0077229750867034985,-0.007360723209755116,-0.007291408476639227
2003-12-11,0.013753164605170731,0.009401530791711465,0.009647483197308793,0.00881481776708326,0.013173920929176797
2003-12-12,0.004733187942377315,0.005484261733095908,0.005178051598849764,0.006785501877419442,0.004612777352137831
2003-12-15,-0.003827635821662456,0.00020163010882057186,-0.00017278246502339112,5.971358757683731e-6,-0.0016669292532133229
2003-12-16,0.0042024822242185955,0.0016455592766555505,0.0022923432216834794,0.005059918424631382,0.0028371324640557027
2003-12-17,0.003097085862861615,0.0008236774816945402,0.00038395308350902546,0.00177995159279698,-0.0005291127549631458
2003-12-18,0.012492626974401677,0.0066127943970806236,0.006634257711653602,0.007107196273831828,0.008526496680249185
2003-12-19,0.0012704568445434106,-0.0052733733346546074,-0.004969036478427169,-0.0048910792825314076,-0.0034533256088733477
2003-12-22,0.005479067900540313,0.003564389944878732,0.003937154183783376,0.001929222554257315,0.002646001873633841
2003-12-23,0.0017530595078536493,0.002717222897852034,0.0023232209636587786,0.00089390583263671,0.0023264187153804183
2003-12-24,-0.0036355501168782167,-0.0026537769551499,-0.003210956200579762,-0.0005875609655422442,-0.004785497540006234
2003-12-26,0.003514837647363267,0.004981792685608166,0.0050960130778550106,0.005363106819123553,0.00536392617020498
2003-12-29,0.012395441035180532,0.012766434409082317,0.012869949877709841,0.013199180051767012,0.01436771325524977
2003-12-30,-0.0009650280691094748,0.0018485331522160031,0.001783177556936355,0.0010260356446278873,0.0007006015246779906
2003-12-31,-0.0011374391675813555,-0.0026285419982644553,-0.001763984098499649,-0.0012711907039431036,-0.0030539991394054056
2004-01-02,-0.00264322674379458,-0.0034889163652921384,-0.003504218689554195,-0.0037918953402616973,-0.003432850392174114
2004-01-05,0.01246333333333327,0.011395821952969731,0.012067917270281336,0.013727398904811228,0.010547925603495045
2004-01-06,-0.00017375937894048565,-0.0024569789494546246,-0.0023872808361995457,-0.0037389673908763132,-0.002359275060846322
2004-01-07,-0.0003165700607639099,-0.005392231833738714,-0.006612500946904243,-0.007464378270857663,-0.0029626548501819894
2004-01-08,0.004305112903117081,0.0015823711505951188,0.0009715576970290574,0.0011623936406721658,0.002689538319660345
2004-01-09,-0.007092399214295941,-0.0035985967509551964,-0.004627299954373387,-0.003174176248068483,-0.0040982912518474635
2004-01-12,0.0034596485210094396,-0.0002650742028030839,0.0002046810490736739,0.0006697734519081067,0.0009454046357184609
2004-01-13,-0.005148024677200991,-0.005842215733654732,-0.005745928114566756,-0.005073905869840356,-0.006227929617167005
2004-01-14,0.006891367452742214,0.0009435385153535591,0.0007972603372989884,-0.0004649750181697776,0.0030563048337552967
2004-01-15,-0.0023513416689524558,-0.007987092866525103,-0.008265326780942495,-0.009713761907856777,-0.002362752409484248
2004-01-16,0.005793249441027548,0.0010341308673913474,0.0009555233334692659,0.0009555509046328403,0.0029305342959287106
2004-01-20,0.0019959820448101073,0.006401524706749262,0.006018135039139061,0.007038022300104085,0.002987401953187252
2004-01-21,0.0067071886808347525,0.006913402616205655,0.0061608914562578665,0.006002245808088169,0.005777390768233026
2004-01-22,-0.0036420225055905364,-0.0019648153178999372,-0.0022327562034646364,-0.0014066362214365524,-0.004618274766746366
2004-01-23,-0.003585670738105007,-0.0014419535361201996,-0.0012055028821795766,-0.001533890346133382,-0.001147492376685988
2004-01-26,0.007130479321937555,0.003314875315615806,0.002733566828418077,0.004681202169312115,0.005818281766201139
2004-01-27,-0.006393292979501308,-0.0020039876574083904,-0.002058595000229868,-0.0022825267900511426,-0.003635665358287299
2004-01-28,-0.016018671371669346,-0.007971177271178687,-0.009056193008181945,-0.01004195832933108,-0.010773512230701443
2004-01-29,-0.0002408781269505056,0.004624434265217747,0.004648620460182773,0.005258645871181855,-0.0005525965624678664
2004-01-30,-0.0004638184758953834,-0.0009809967710467937,-0.001652940394991309,-0.00281383346721642,0.0009396391537359605
2004-02-02,-8.113984042812383e-5,0.001976042293846625,0.00221944174360611,0.0012903468048366395,0.0005338116500204215
2004-02-03,-0.0012229964965244644,0.0008495809399018395,-4.448840785320485e-6,-0.0006547107203065394,-0.0005875884759620753
2004-02-04,-0.007793333333333541,-0.0052405700430778746,-0.0045303407713128685,-0.003435814173125329,-0.008624593211611686
2004-02-05,0.006158764639087488,0.004183916865844184,0.005259670451756238,0.003980985549822513,0.006602557270589227
2004-02-06,0.015754568807720526,0.014063495194527986,0.014487950883045553,0.013028357168761273,0.013779773498257653
2004-02-09,0.00209044392366331,0.005428094720228316,0.006402608512605434,0.006628557157607018,0.0025368383637212055
2004-02-10,0.004546834071895045,0.004051225012730031,0.0029969198043928724,0.004165170439159871,0.004724013821674866
2004-02-11,0.011063610684682423,0.01017331343333927,0.009936669507808471,0.010809144235932377,0.01141836310297295
2004-02-12,-0.0033491959779731184,-0.004429831682420393,-0.0035671341260308242,-0.0034544388020927297,-0.004226913690982048
2004-02-13,-0.006421997546247948,-0.004757215508486623,-0.004518691883911075,-0.004992474994220619,-0.005359587182416359
2004-02-17,0.011353302496833528,0.011133671586740501,0.011458876626780912,0.011143843728664393,0.010478320075195668
2004-02-18,-0.004463491761888649,-0.006276661239217662,-0.006607759625148146,-0.007428755252233743,-0.007295002106634141
2004-02-19,-0.003974610587135885,-0.0010042850692206784,-0.0009566594531345007,-0.0002925644004438954,-0.0022729726323196253
2004-02-20,-0.004804731957886776,-0.004854763062343115,-0.00470309643149347,-0.003855120370057419,-0.006137220909863683
2004-02-23,-0.004160395803313954,-0.0013710148824759294,-0.0006471672468617573,-6.230683309105256e-5,-0.003326576543634885
2004-02-24,-0.0009949422587344214,0.0019134797589677177,0.0021016067680315054,0.0009305470320009057,0.0018157123574429335
2004-02-25,0.005164003521062499,0.002000262385565721,0.0018217362050556574,0.0016232439828862688,0.004214098160032931
2004-02-26,0.004734461411922464,0.004898562845350618,0.005815414847325728,0.0044682642492397395,0.006750779602816781
2004-02-27,0.0036367507644268215,0.005081923356025975,0.005261942593745017,0.004488782526451018,0.002471443792245953
2004-03-01,0.01324626645725302,0.009892826530748522,0.010468470563533172,0.011807132611185711,0.009668984690092364
2004-03-02,-0.00585593582158872,-0.00786232758910177,-0.007723007282280592,-0.009317134962818385,-0.0075818144437341806
2004-03-03,-0.00017547294572539673,0.0005226190734757274,0.0006463804031799913,-0.00013253170170468564,0.0009566317500886434
2004-03-04,0.004007482470759216,0.0015735195853685546,0.001677658907192292,0.00012326034603749036,0.0034205612592690393
2004-03-05,0.00465333333333362,0.008526326032288978,0.009525337832134939,0.00887447745644021,0.010012352496141075
2004-03-08,-0.007239972992342136,-0.004254754833456054,-0.004077908245545214,-0.00344248739685149,-0.004844651494301577
2004-03-09,-0.007040394250319104,-0.0013613056869286044,-0.0020529262449578978,-0.0014361259681380245,-0.004153004834999141
2004-03-10,-0.015767342686427765,-0.007722689464779053,-0.008859246912993779,-0.0068918737877888825,-0.011866032377625402
2004-03-11,-0.012587083765409957,-0.011160155947538608,-0.010520456819789303,-0.012549737672068795,-0.011771530992494506
2004-03-12,0.01234516596572055,0.006297925355735812,0.006590789195697999,0.005770255554165438,0.00799289458146979
2004-03-15,-0.016052551186090835,-0.012828241024134157,-0.013637058252490508,-0.013305327275095702,-0.0132149469634405
2004-03-16,0.003941435156868067,0.003285160586574465,0.0030712779514558974,0.0032874141832999193,0.002952785121470791
2004-03-17,0.013675709175507755,0.013048337206779115,0.012626912269988688,0.012563152954572221,0.015033621091017801
2004-03-18,-0.0021725699802771503,0.0008303580906581232,0.0007063970979768186,0.0032075024248801043,-0.0009272599396129566
2004-03-19,-0.007261085040494719,-0.005120576160140833,-0.005598702652673593,-0.007104486513270225,-0.00667988720321766
2004-03-22,-0.014942397931405949,-0.009949292426356782,-0.009897567316214828,-0.011055763985766132,-0.012615520296162974
2004-03-23,-0.0003964146399560997,-0.0007338144916048117,-0.0006576586013177232,-0.0014621623031021436,0.00043543328053852193
2004-03-24,-0.0033368675798483016,-0.00625477346051051,-0.006723082559038418,-0.008226463545222273,-0.00649981908812447
2004-03-25,0.01703759084548051,0.011553481088936834,0.012189113552443676,0.012574166735562109,0.012735335095446887
2004-03-26,0.001833272602454361,0.0017224445904238106,0.0012254408901999359,0.003018766737173273,0.0025324829111590397
2004-03-29,0.012768044501000775,0.011211950507549417,0.011549463669044968,0.011026375280608569,0.012229971672360618
2004-03-30,0.006690109519418286,0.00721618778641564,0.007824979126476839,0.008306013469569828,0.006629291131069692
2004-03-31,0.001207740230191101,0.001454187988285005,0.0015462476639307443,0.0022886135148685316,0.0005922510887890198
2004-04-01,0.005532847667242935,0.0067459298140679635,0.006912359965793424,0.005059974262092259,0.007420310545420694
2004-04-02,0.01073366079604332,0.003194032203236219,0.004570982554788383,0.004401073572981584,0.005827587435317305
2004-04-05,0.006649999999999823,0.000927368871735279,0.000850645554620888,0.0005988790410920153,0.003658019117875444
2004-04-06,0.00016779748009110307,0.0010620895215822657,0.0010791295707379689,0.0023361310461764706,-0.0007135922677247164
2004-04-07,-0.005902481497185863,-0.0027952851163889347,-0.002807760677574822,-0.0025154405407595837,-0.0037651805424508966
2004-04-08,-0.0024209636048699856,-0.001209500493444593,-0.0010349629004242633,0.00030291389085101983,-0.001296893156812584
2004-04-12,0.004711458931046186,-0.0010350916467573024,0.00025682889810574316,0.0027081835928557396,0.002108240084494062
2004-04-13,-0.016176704617881565,-0.016560358138563824,-0.0168895995856444,-0.014945389364284356,-0.019095391091905833
2004-04-14,-0.0022588468687551044,-0.0003686285813827572,-0.0007139233893387331,0.0026767820182134194,-0.0025128128561219265
2004-04-15,0.0013059451326451477,0.0018597547950984783,0.00155420266406181,0.002929730401219688,0.0013558829805877526
2004-04-16,0.0075237418293139235,0.006237795900826404,0.006931270214318053,0.005454486635366518,0.009332108917655457
2004-04-19,0.0017858246358855023,0.0014350553517348263,0.0012258513011609296,0.002658785113292206,-0.0007715994101530343
2004-04-20,-0.013202808261363885,-0.01595815958912994,-0.016760106205438996,-0.016982966827349677,-0.016822762266635483
2004-04-21,0.003944285256870739,0.0007983756452119017,0.0003731695998498985,-1.9441934445030284e-5,0.0018409435453417
2004-04-22,0.017085156183182404,0.014180740794274005,0.01602171791736029,0.013315709843200185,0.017118663288144154
2004-04-23,-0.0004992053772960858,-0.0030914444691603205,-0.0030022420395318106,-0.0031255451871369244,-0.0049337021043061036
2004-04-26,-0.0028657451091480546,-0.0014531002231769063,-0.0017099002124097984,-0.0013570520412530263,-0.00231695349531158
2004-04-27,0.0023740133479988046,0.0006354503614485196,0.0011671742960595033,0.002885351227578159,0.0015167682171375318
2004-04-28,-0.01733752685186396,-0.014683903465471881,-0.014942767549645186,-0.01707507100004435,-0.016361817460936567
2004-04-29,-0.009838965790745169,-0.0035970682629629103,-0.004313779017735331,-0.0036122260693346453,-0.009420878251244047
2004-04-30,-0.004569141516004627,0.00038277844588008314,0.00031175168764852046,0.001319862755580159,-0.0035453389636843635
2004-05-03,0.009121767243900791,0.00739631359712134,0.007974715113080455,0.009815336639680039,0.00872584488856254
2004-05-04,0.0015780130606766196,0.002279950334391767,0.0019945245698340663,0.0017044300808337631,0.003156663912145863
2004-05-05,0.000903333333333256,0.0008116166633131972,0.001166201186004967,0.0014945936087138456,0.0005936779619761801
2004-05-06,-0.008638853901975274,-0.005444438642465355,-0.006072886855701953,-0.005196601494665942,-0.008316335250786233
2004-05-07,-0.019580312646839237,-0.020082956748861625,-0.01989282844068907,-0.01888374411858207,-0.020751064812843167
2004-05-10,-0.01411537607611002,-0.009591890901659572,-0.009699258338984995,-0.011711516344861894,-0.009514795976298451
2004-05-11,0.00903723587704719,0.004229039069308715,0.004813933125271008,0.005647819139525723,0.0028560733334825894
2004-05-12,-0.0012739825451529851,-0.005072946150861624,-0.005063006697454631,-0.005172825585363361,-0.010134773741740655
2004-05-13,-0.0020280725928654153,-0.0040056222017148535,-0.004058347962071052,-0.004656745435857479,-0.005738632619055717
2004-05-14,0.0007358022723138458,0.00703546125755472,0.006774720134008705,0.007814452614675949,0.005821203054421131
2004-05-17,-0.012249077909466388,-0.007166372785757824,-0.006476117571143747,-0.005271054756276761,-0.009780685435271774
2004-05-18,0.009162313559303525,0.006076663119994219,0.006249271555119007,0.00400585104367579,0.009630642538043022
2004-05-19,-0.0022730186660550045,-0.0032985151216063935,-0.0033221315540024055,-0.0032286484639373336,-0.0025610666049871167
2004-05-20,-0.0010813915505502036,0.0016974347956804081,0.0012400805375676338,0.002065215325089742,-0.0015539981527307178
2004-05-21,0.00575691564218439,0.004513723282928428,0.004824094853405958,0.004248654886939596,0.007126972675648435
2004-05-24,0.004716827970556059,0.001353217896579606,0.0016738142703922598,-0.000276757571503361,-0.0051148130313625195
2004-05-25,0.0198620688548512,0.017206845487369504,0.017504337186639685,0.01887085515728293,0.019498214710313988
2004-05-26,0.0015882654219354642,0.0011416589773558528,0.0007386174493198006,0.00023141902627843436,0.0037578646392337767
2004-05-27,0.005816115493200602,0.005831476738381136,0.005531626273856727,0.004530228412756632,0.006986815611825348
2004-05-28,0.0005732320865745599,-0.00012313796915019992,-8.5982085022418e-5,-0.0011912729074938788,0.0007850919981393645
2004-06-01,0.0021071761432629454,-0.0005437661223286483,-0.0007082290678120939,0.0017017787568602838,-0.0007274488153212744
2004-06-02,0.002808065306697527,0.0028529302181696803,0.003611399522367442,0.0028484180160444073,0.00200079239078943
2004-06-03,-0.009847389801447504,-0.006462014775999947,-0.006444009545559903,-0.006789251507070215,-0.00656237680465821
2004-06-04,0.005390000000000006,0.005377041304475139,0.005696215988371112,0.0041607592217745015,0.006181065096098504
2004-06-07,0.016176113746904086,0.010262612816889005,0.01031480462667278,0.011909984105247684,0.010630689956196315
2004-06-08,0.0008999754117828829,-0.0017918894317151546,-0.001192532789694667,-0.001584651803862136,-0.00044201981441516214
2004-06-09,-0.010198438816313438,-0.010852472803278612,-0.011239761249265179,-0.010522440247148213,-0.01358717052722791
2004-06-10,0.004201484463462801,0.0035067496094927098,0.0031515291586396987,0.0032005514240280863,0.00299092460377981
2004-06-14,-0.010430897315918175,-0.008947286560050727,-0.00899349998607768,-0.008952330039779799,-0.008989596028811775
2004-06-15,0.009320568494756154,0.007828784963528346,0.007940261135954252,0.008431569631416558,0.008219634007305077
2004-06-16,0.002653310063600589,0.0022022108727797196,0.002718037640235149,0.0036378174741458214,0.001982860889495841
2004-06-17,0.0010985524424393933,0.0026632704296640775,0.002450709872766854,0.0025272276156531603,0.001399066259027526
2004-06-18,0.0035109219897002664,0.0030814775048961796,0.0033622599125977537,0.002996414677199244,0.001971921903200835
2004-06-21,-0.0020426635494177336,-0.000938532494360822,-0.0011485294057774764,-0.0010069169108840592,-0.0013995283570492623
2004-06-22,0.0042825403465927,0.0027821115639508065,0.0028124545048888727,0.003946904696405795,0.0022149973722249694
2004-06-23,0.010355444721336093,0.004531881260486426,0.005163272086060822,0.00575137500358025,0.007036646656550127
2004-06-24,-0.001095399289183674,-0.0008320938105974562,-0.0012977809845031718,-0.002100275794165052,0.0007407017001950233
2004-06-25,0.0004378319668993935,-0.004383448648281996,-0.004161430953718237,-0.005505569595466664,-0.0018490924180304402
2004-06-28,-0.003763670021570409,-0.001231477422084848,-0.0015603443787709503,-0.0005155310330682283,0.000375394001626006
2004-06-29,0.005199572721254153,-0.00045215385308072786,-8.687398667750479e-5,0.0015215715871683688,0.0023030044455276677
2004-06-30,0.004758576554906524,0.004281309819735624,0.003761518822433363,0.00405885483143309,0.0037066494614625967
2004-07-01,-0.011673284732114597,-0.008669419735086614,-0.005919673641136436,-0.006227578894014485,-0.008622551894384434
2004-07-02,-0.0028316670426363766,0.0023243788303612956,0.0016668235723609204,0.0018088542080996195,0.0008241369025014933
2004-07-06,-0.006903598906024433,-0.0022123605094371834,-0.002122292280574145,-0.0016051699831240995,-0.005562139605441052
2004-07-07,0.0036333333333333773,0.004672729601210124,0.005314431125273078,0.0046333605605199946,0.004448199994428359
2004-07-08,-0.008338002922713805,-0.0011198077858222133,-0.0016656920354053417,-0.0013326667878373888,-0.004510960899822836
2004-07-09,0.004334234230359613,0.002080322398302359,0.0027833266644048393,0.0032709005620743525,0.00406802117210181
2004-07-12,-0.0006797879284694552,-0.0014359330931198455,-0.0010586344148192373,-0.002328274594621038,-0.0010838306430011047
2004-07-13,0.0004989798482717411,-0.0012166074655367565,-0.001504081905172483,-0.0021703497716577536,-0.0018345801495915914
2004-07-14,-0.0007527436410561528,0.0032105269028828154,0.0034447240409645197,0.0018075779556427918,0.0024608316353378346
2004-07-15,-0.0004139129473763603,-0.0013158349369617461,-0.000840395694227003,-0.0026543303675640173,0.0004517655781020036
2004-07-16,-0.003089125972757789,0.0018284985049439317,0.0011170702220861806,0.0022425289222689493,0.0010676762958166108
2004-07-19,-0.0026149583248150643,-0.0017844700377062095,-0.001783507193326983,-0.003038214789710225,-0.0012573259252250946
2004-07-20,0.0064428571484473895,0.002692601343859291,0.0027693221819218294,0.002049846469254657,0.0041507305167372
2004-07-21,-0.016348001962391168,-0.015998059084843863,-0.0160070600626524,-0.01669444364240058,-0.015660666763837594
2004-07-22,-0.002554269441108148,-0.0036497198721047175,-0.0036142710929052413,-0.002503471875427543,-0.004544211941275855
2004-07-23,-0.01053564859103906,-0.014947346807859696,-0.01581650672656909,-0.015540388329239763,-0.01402606347932267
2004-07-26,-0.006899097593558001,-0.005913680308495262,-0.006172518659248616,-0.0055344681220157455,-0.007381666622409022
2004-07-27,0.01129644687104503,0.005785032569214588,0.006488330640211926,0.006662439652707297,0.008649984996055293
2004-07-28,0.00152146404758291,0.0013330490652556648,0.0014128155912187523,0.0011068292615106223,-0.000725014431093296
2004-07-29,0.006639605500236012,0.003571481132679244,0.0032997913002217327,0.003274984820321958,0.008271101006319004
2004-07-30,0.0032517747802673913,0.005131430325683084,0.005174446985199088,0.004365192966942599,0.004770919870696888
2004-08-02,0.004171748427409083,0.006072933145353732,0.005474462103187694,0.006217477435794372,0.0029926985063228884
2004-08-03,-0.007189151057206189,-0.003954040413360227,-0.004156268499779681,-0.0021585830129199346,-0.00480979092822853
2004-08-04,-0.003500401845548007,-0.004559997672397009,-0.006155402598758575,-0.007070335481846102,-0.005518163111282948
2004-08-05,-0.01633333333333331,-0.012363878816253782,-0.013131302198383987,-0.013275986126047301,-0.0125495462765004
2004-08-06,-0.015981235513385372,-0.00582357198146688,-0.008223685379095347,-0.008110302179767936,-0.008293005885529614
2004-08-09,0.0003901255870910614,-0.000643211586033976,0.00015333254543281605,0.0014679640087542634,-0.0012347893191753112
2004-08-10,0.014217798835653106,0.00949895793570077,0.010024947771625214,0.009405338490994675,0.011831454631030969
2004-08-11,-0.0026288815586199554,9.589750899308136e-5,-0.0005376998063987282,0.0011423029218873282,-0.002818920862686647
2004-08-12,-0.012246946218055443,-0.007290115994674995,-0.008338414031310304,-0.00733750543446321,-0.008414924311069383
2004-08-13,0.0007316116506868031,0.0016043694862477587,0.001978838682035189,0.003126321536001564,0.0008477660727457259
2004-08-16,0.016212374617173175,0.010565475231500088,0.01210152349328908,0.011625287678019403,0.01289283462926294
2004-08-17,0.002191077972135025,0.0009240485090935557,-2.7225363866012486e-5,-0.0024473631610841817,0.005000727012984818
2004-08-18,0.01214577266969119,0.009893963091152536,0.010314502857060814,0.010177261649450653,0.011747207279542593
2004-08-19,-0.003436326960845837,0.00041018143848425836,0.0007719653940700955,0.0008714726377128112,-0.00017384205854764634
2004-08-20,0.008173393814820296,0.00762468600669397,0.008137134394567092,0.007608460520153626,0.009003391433345165
2004-08-23,-0.004075432209190821,-0.004707483005132906,-0.005106183064881531,-0.004607006926489965,-0.004653312148269362
2004-08-24,0.001039133089811406,-0.002205077780891629,-0.0017011660327546085,-0.0028515587005063514,-0.0008767539596625795
2004-08-25,0.0068226929499768385,0.0066031995313244884,0.006438369753961615,0.0067125715740512515,0.007259475327526355
2004-08-26,0.000871182088051814,0.0015811031256467434,0.0018662040856516349,0.002034874559411648,0.0013627020921305188
2004-08-27,0.003895871141647911,0.0026291291088587077,0.0026247575100182274,0.0030736457875963907,0.0025322289751164018
2004-08-30,-0.008706540784673922,-0.004912137695242014,-0.005357777509309436,-0.005288748352754502,-0.004955120424273707
2004-08-31,0.005664389217257648,0.008342962698135725,0.008358932536401742,0.009012106540355225,0.006378698575461028
2004-09-01,0.004870117627459258,0.004385170123625715,0.004780864356671355,0.0048975612131503254,0.00397108886911024
2004-09-02,0.0113916760431223,0.007357432932482366,0.007880562154960025,0.007877110837867463,0.007217444167319398
2004-09-03,-0.0029933333333336254,-0.000926389581513809,-0.001018100157938684,-0.0010955628090025815,-0.0024038182461700863
2004-09-07,0.008428218801612708,0.004015681271763771,0.003948360271974316,0.004332288874216772,0.005060088316098277
2004-09-08,-0.00712526195270069,-0.011996469263873433,-0.010481079191988707,-0.011085111816651394,-0.008745718519553969
2004-09-09,0.0031057250716053364,0.0043224833290571585,0.004229559084797163,0.003920640645200146,0.004398812455212342
2004-09-10,0.0015114465537990895,-0.0016934287812110371,-0.001255615212152672,-0.0014892326401345635,0.0008960847511034764
2004-09-13,0.0025698194677978847,0.0006169597973693097,0.0012014823237394001,0.001641005682935237,0.000904796792318141
2004-09-14,0.0007225192292403815,0.003582717185465656,0.0036096048908935696,0.003943167381004198,0.0024400020981085735
2004-09-15,-0.007484160811370377,-0.008454972068495992,-0.008206290004150185,-0.008815780624425118,-0.008256707563877086
2004-09-16,0.004315249438199942,0.0009311468918029586,0.0011299454187334579,-0.0002439370475298963,0.003372705453075886
2004-09-17,0.003367938914112134,0.001372984251081899,0.0024164703555644707,0.0029272917839846535,-0.0009579140653035445
2004-09-20,-0.0052205341454961696,-0.008254233736651906,-0.007906787557368844,-0.009862766970973658,-0.007851690765990904
2004-09-21,0.006533230052897299,0.007598342388748902,0.008786681738770508,0.008936340993804803,0.007740315628611993
2004-09-22,-0.0114830003879558,-0.009169531568660294,-0.010221422660519286,-0.009398890603927734,-0.012269933902933294
2004-09-23,-0.0034760493696510686,-0.0020638112492026295,-0.0025429814211473944,-0.003262446931907248,-0.0009196130750273035
2004-09-24,0.0025128058176060453,0.001733217483448568,0.002831148612522094,0.002117239280289951,0.0008611036232810676
2004-09-27,-0.0065030665398077,-0.0025048975980382915,-0.00280930938733448,-0.0029761626992969026,-0.0031708621874065868
2004-09-28,0.009743151677897854,0.010999191728597202,0.01162639188480763,0.012269428810532723,0.013229626673679107
2004-09-29,0.0033419731408486086,-0.0004946951762064833,-0.00014652449496832531,-0.0008573519508420224,0.001754009863216277
2004-09-30,0.0053498765237103285,0.008093768706639581,0.008086237967202425,0.00776451617234275,0.00839855678383139
2004-10-01,0.012916931355796413,0.008800317988510331,0.009039377013758454,0.009632410084110976,0.010932080964515256
2004-10-04,0.0018606465933470595,-5.9870707393439027e-5,0.0001539801630936477,-0.0006323292534402558,0.0005193612197949005
2004-10-05,-0.0011466666666665182,0.002836125634414266,0.0029887115456814772,0.0029650347735492577,0.0016917296167482387
2004-10-06,0.007917106949301811,0.00592478501998861,0.006916658717665225,0.007419398721778769,0.007356585231848234
2004-10-07,-0.01216550596406396,-0.00930917927225594,-0.00948948093873192,-0.010388592855510526,-0.009455377786960595
2004-10-08,-0.00671131159631988,-0.0011163175641242251,-0.0012658650668451177,-0.0018539307671224803,-0.0028836154946577652
2004-10-11,0.0002569841831301378,-0.001154977839333271,-0.0016022181839236982,-0.0011695759267528194,-0.00045775619340937546
2004-10-12,-0.004460912266112116,-0.0068831333370263925,-0.0074461928313105386,-0.008513751009386894,-0.006615469585713796
2004-10-13,-0.010500422714520119,-0.009646228677392177,-0.009893178454901896,-0.012580309625507158,-0.0077346347403272064
2004-10-14,-0.005045534634314897,-0.0016498351873526218,-0.0006082248996454043,-0.0003827349001402913,-0.003348363093052309
2004-10-15,0.006452313982998614,0.006522452533053613,0.00684714185102453,0.007089355379012563,0.007148859963040488
2004-10-18,0.002427950839272164,0.0009213305611617262,0.0013845618089967093,0.0002246189836239143,0.0013333710950840238
2004-10-19,-0.008838815828644986,-0.006611286387520177,-0.006879459116725162,-0.007246007081806893,-0.008051615610353613
2004-10-20,0.003142820624645104,0.006385789764820071,0.007330618717558579,0.009100729980575428,0.00585998569728674
2004-10-21,0.007831930659003561,0.00336952096900367,0.004153191186395011,0.004948361971269355,0.003981273411293174
2004-10-22,-0.006609213473374065,-0.0053727513979562325,-0.006072695844011711,-0.006554540993292113,-0.006576504965298824
2004-10-25,0.0024817966245831435,0.0041235778958264024,0.0035705179798566355,0.0025785612251929546,0.0042624556828119164
2004-10-26,0.012930907700740235,0.01118320105640258,0.011562668471312376,0.011682931407405173,0.01257721544552659
2004-10-27,0.010391764906936718,0.005243938137529325,0.004455931446190942,0.003428862992258086,0.008968482869573746
2004-10-28,-0.002745149408695191,-0.002590175448719423,-0.00339310826395145,-0.003965973083624341,-0.003881727763741849
2004-10-29,0.0035858194379743136,0.004791215587078845,0.005172790132663252,0.00470219066483657,0.0052365481945737535
2004-11-01,0.0017213749805200518,-0.0014209773338902387,-0.001816687339023293,-0.0029890375963639304,0.0005019765944593857
2004-11-02,-0.001419653136569221,-0.0047866159546435805,-0.004673928916312353,-0.004121896996278185,-0.003139195500853509
2004-11-03,0.01418666666666657,0.015208520444380591,0.01594858778686281,0.0166130771438886,0.015336194386342816
2004-11-04,0.01938263074516189,0.021221370319439714,0.0214672088324257,0.02260218377894163,0.026289408118845614
2004-11-05,0.003910479699528402,0.004640916625978875,0.005029314932547324,0.005069904505469847,0.003835603609942062
2004-11-08,-0.0014775297707116941,-0.0022741818967887406,-0.003170618762358024,-0.004032246752467161,-0.0006534455159179497
2004-11-09,0.002184589262028247,0.001318051319657343,0.0007477690520101277,-0.00016427969808097131,0.0008437207433145133
2004-11-10,0.0007092050331494182,4.959389144776338e-5,-0.00026751198160657186,-8.085884878328287e-6,0.00015636754257997154
2004-11-11,0.008620616581489049,0.006098956092929653,0.006321746928884764,0.006663406262167548,0.007878969008063619
2004-11-12,0.00962845865937556,0.008778680011233497,0.00917769083125397,0.01012684750961057,0.007816811621927489
2004-11-15,-0.0015927066540060153,-0.004805208629103719,-0.005494983518027907,-0.006577316826222757,-0.0045273049980334434
2004-11-16,-0.0052203220119575455,-0.0033612326380260127,-0.0035564420141535047,-0.002920925000371888,-0.0038274639353351736
2004-11-17,0.00844285434027281,0.005052605223145656,0.007125880219895908,0.009703282617813835,0.008819506520813203
2004-11-18,0.0017015242445106438,-0.001548060605854884,-0.0014611354380957842,-0.00045921121866021597,0.000274104326271285
2004-11-19,-0.009169702809404656,-0.006811709559267354,-0.005786681210720124,-0.004927350050120793,-0.00760687731840759
2004-11-22,0.008112342982647958,0.008130936198088357,0.008851788966227625,0.008043184087509925,0.007985098072218255
2004-11-23,0.0003074416172677008,-0.0004684770061534893,-0.0006819715028892892,-0.0022330399999827,0.0003316121158274399
2004-11-24,0.006379313555756161,0.0038558762501692545,0.004389305640777552,0.0039301137020648635,0.005259238637666641
2004-11-26,0.004438633698008898,0.0048594737885416794,0.005387550909995209,0.005522773853487095,0.005582299694394388
2004-11-29,-0.0023607018228505305,-0.0012180886613548658,-0.0007539955191478986,-0.00043286287178190275,-6.764120717961397e-5
2004-11-30,-0.004506382356284422,-0.008744951470521123,-0.007701720912318799,-0.00730905766637191,-0.007450858055361831
2004-12-01,0.011318548740353318,0.006425490767873798,0.0063835349437721955,0.005593975149630559,0.007011153891681499
2004-12-02,-0.0042695762609265,-0.004553482823441257,-0.005873282553632286,-0.004880377338305264,-0.0072448572208205775
2004-12-03,0.002383333333333404,0.0015508617403638958,0.0018726507211286325,0.0020065803799949045,0.001989037824141171
2004-12-06,-0.004350767337845007,-0.003990254626261236,-0.004940781173744413,-0.006013265295408909,-0.00199030864916927
2004-12-07,-0.011898614809265018,-0.009156477134327545,-0.009757490895030974,-0.009823099758035858,-0.010267343332601264
2004-12-08,0.0037016125599507177,0.003166207591629444,0.003933167969663698,0.004615763988057742,0.0034955836160039944
2004-12-09,0.005808396439561214,0.007262068867951443,0.007191940848602085,0.00846612970069982,0.005564684432672662
2004-12-10,0.0007996503710232528,4.299600809831716e-6,-0.0006635115909847666,-0.00043757654539067214,-0.0004249474430656486
2004-12-13,0.010223215046017753,0.008942011283256779,0.009308639440657407,0.009236051405256518,0.009638936733059378
2004-12-14,0.0044939643122448025,0.005149686208380855,0.004693398301862439,0.004464724329108716,0.005737044010298176
2004-12-15,0.004298477166239767,0.0033379698656241796,0.0029086209225190895,0.0023524549535862693,0.004370079694393958
2004-12-16,-0.002764974868827652,-0.0038935851032544377,-0.004518058266900771,-0.004966532096903453,-0.004111108504965544
2004-12-17,-0.0026667836316188742,-0.0030068874542275026,-0.002608767476741214,-0.003724949130427424,-0.002429510150707026
2004-12-20,-0.00030665993790701673,0.0010724388683869268,0.0010714699163252295,0.0023295977785984245,0.0009522933639949382
2004-12-21,0.00983366527643681,0.008912503310033681,0.010144987831841146,0.010163065334567678,0.010977995151818298
2004-12-22,0.002027406901785822,0.0011113900292374357,0.0004264268273630467,-0.0005284337151909568,6.0259163001674665e-6
2004-12-23,0.0004541059797615876,-0.0003016742510120185,-0.00014861576827607248,0.0006013089507195257,0.00021922656300055188
2004-12-27,-0.004750461651397697,-0.002565238110702417,-0.003431978027893079,-0.004187317594548046,-0.0037089091195776636
2004-12-28,0.009926813693990066,0.006732490934903801,0.007381623333321707,0.007104000945226563,0.008174285241647095
2004-12-29,-0.0004432047092236546,-0.000494934479924658,-0.000133479220086552,-0.00020064626997151613,0.0004783200706404145
2004-12-30,-0.0006404945583391441,0.0009856845480784582,0.00010770096922385619,-1.2578570240173725e-5,-0.000134749537484935
2004-12-31,-0.0006590210726031831,-0.0016655156461887755,-0.0011201822369480974,-0.0006459545566976921,-0.0013349656467940285
2005-01-03,-0.012874209280640536,-0.014784377929212278,-0.01585758410768212,-0.016608272471483443,-0.01693994712609248
2005-01-04,-0.013306666666666911,-0.008992850280103548,-0.009264796701878852,-0.010204000999252227,-0.009912955482843211
2005-01-05,-0.007808228493824454,-0.005605451538045592,-0.005747531045694254,-0.004599620491696599,-0.0073857103573417016
2005-01-06,0.0038130559312554713,0.004193679229573588,0.004376790413974874,0.004642972435175308,0.003987937786410711
2005-01-07,-0.0017280267404127247,0.0004799009917184627,0.0005108882577524732,0.000940936665914549,-0.001414141412980685
2005-01-10,0.005751092023890347,0.005250243705287261,0.005119056846993875,0.006528896452050681,0.00422417901029859
2005-01-11,-0.00585376566616802,-0.00258871494955204,-0.0027524508983161056,-0.0022202477657163877,-0.0003243666556445035
2005-01-12,0.0038706921844828823,0.0020502596659981442,0.001831090880856312,0.002612855491960886,0.0014647335992377108
2005-01-13,-0.0037184348227540243,-0.0032480561964486343,-0.0032203596779373234,-0.0034451328296674077,-0.0018495019501144627
2005-01-14,0.008503743787000806,0.0051962438141575085,0.005516122402075219,0.0058923779670234655,0.007595665764189796
2005-01-18,0.008082740785081421,0.011507399996778744,0.011607249492435967,0.011213080635203543,0.010906935287983144
2005-01-19,-0.006953234626527527,-0.003213329945624621,-0.0034357150951001003,-0.0031709699037755223,-0.007135338209498854
2005-01-20,-0.007224241965832712,-0.004286153442488394,-0.004990966073874392,-0.005195862607752066,-0.006289604831443252
2005-01-21,-0.00507358412638137,-0.0010879643723142873,-0.0011085379907755932,-0.0015764171776389002,-0.0015839744183265836
2005-01-24,-0.005532363658496631,-0.0020120283246454207,-0.0021944833776222916,-0.0027216537861771695,-0.0036160888031809835
2005-01-25,0.003499352074459061,-0.002042154535243479,-0.0008249341229700224,0.0002129917493212119,0.0017388277957364195
2005-01-26,0.005478462464183709,0.004740205836827549,0.004220618361976625,0.0030069551934865935,0.006505081311196204
2005-01-27,0.004224641348923308,0.003645805142356462,0.0044430229643876995,0.004745611237193081,0.0027865107677773615
2005-01-28,-0.0012943110994467766,-0.001768927637089246,-0.0021827836013734725,-0.0026297958667570454,0.00023780352000213334
2005-01-31,0.010547244931847999,0.007112596785347147,0.0075831874353673445,0.007154022843877783,0.011304815087209263
2005-02-01,0.005878879867014852,0.003736642239814625,0.0034119591569550245,0.005522702983812522,0.0058470813245337094
2005-02-02,0.005221528118467766,0.005945144549045045,0.005642239427032347,0.007084845188965128,0.0044911427429059625
2005-02-03,-0.0010466666666667512,-0.0026052587011134998,-0.002330329299430778,-0.002500025534938888,-0.0005147905465762159
2005-02-04,0.01095330178920606,0.009908563816064753,0.009892822264335077,0.009717710838193838,0.013970512053929296
2005-02-07,-0.0013243431595812982,-0.003476273637316396,-0.003266730608750712,-0.004422618013027346,-0.003661947422223366
2005-02-08,0.0011028630626015445,0.0013395720139888212,0.0013096388229079103,0.0012730139415477737,0.002015770005542983
2005-02-09,-0.01065598162230319,-0.006475796430296499,-0.006742834946316223,-0.006851498027866665,-0.009724050217458036
2005-02-10,0.005240371066714378,0.0054845541627870364,0.0069672122855128915,0.00813333342800382,0.006410426600319763
2005-02-11,0.00816659527203445,0.007782232870997552,0.008650067396358985,0.008200639680225663,0.009040329509294454
2005-02-14,3.193010517876793e-5,0.0023047697376252785,0.0017186679216587564,0.0015390151729628432,0.0010837771277814046
2005-02-15,0.0022683863163297513,0.0004227468920237065,0.0014688620153404663,0.001025468573298216,0.0005907159749769519
2005-02-16,0.003999675748630693,0.004179922481185372,0.004408879088465989,0.007187761625627509,0.0030743554463366074
2005-02-17,-0.007230094518914987,-0.005671679592843648,-0.006520295698743572,-0.006568330148744916,-0.00721737996422489
2005-02-18,0.001759785132852576,-0.00048279570892073576,0.002236976402542723,0.0037817477877570838,0.0013180461487070083
2005-02-22,-0.015498693452920098,-0.010482654659074275,-0.009431403508272873,-0.01032577986902572,-0.01174157768367956
2005-02-23,0.0071285799926099624,0.005342509596506728,0.006496496652796058,0.008449829785394547,0.007739979284404841
2005-02-24,0.010677933717033516,0.007579390206356118,0.009009233879840872,0.010643238326417004,0.00990404920027843
2005-02-25,0.010706818191857037,0.0086531015408855,0.009429288271267211,0.010230846628164425,0.010159108912651593
2005-02-28,-0.0051427188833456094,-0.002764993418674422,-0.0019151342198331367,-0.0025159683038993297,-0.001849351395700971
2005-03-01,0.003294750244461131,0.002098149091524837,0.0009129735299220343,-0.0013031037180388783,0.0011903847805843082
2005-03-02,0.0003129788490721097,0.0015926231145526604,0.0023648752217242386,0.002207082031031149,0.001592469815250297
2005-03-03,0.0010044983856698497,-0.0003654762047369253,0.0005632735734084626,0.0014043361685418532,-0.0016984302995994849
2005-03-04,0.012188267712142542,0.013242757210117473,0.0134976682125032,0.012993931702952155,0.015630643222831253
2005-03-07,0.0012066666666665782,-0.0010879058305255374,-0.0015335009137767974,-0.0024403079875791045,0.0003054056608216005
2005-03-08,-0.0060391460970429245,-0.002712380566247008,-0.0025545257973822455,-0.0013706852389133717,-0.0013535747396418163
2005-03-09,-0.009488541250091131,-0.012454373757357029,-0.013235525005641957,-0.012485521939288202,-0.012765062307744102
2005-03-10,-0.0028156158558686473,-0.001712564134929928,-0.0038642041840777352,-0.0038847373122584683,-0.00436272500020185
2005-03-11,-0.0008453374486736553,-0.0023712333525188756,-0.0004960184617912589,-0.0009823463777224317,0.00015031791491249002
2005-03-14,0.0050616282346485075,0.006577891606231567,0.005406114576789189,0.0047311079849994275,0.006268452709873973
2005-03-15,-0.004389814428556793,-0.0046974996879788344,-0.00565879246015244,-0.0061031878721088395,-0.006255895459033711
2005-03-16,-0.009713893763475978,-0.00647378592739567,-0.005911178381595827,-0.00601397469447329,-0.007442778773711467
2005-03-17,0.004144459683478319,0.0027705113721012697,0.0029870594859557897,0.0045227958717730665,0.0032325928400180892
2005-03-18,-0.0015561872919596098,-0.0004393266299812515,0.0004675660630262257,0.0007543755213283987,-0.0011357596723228225
2005-03-21,-0.0036084181685740457,-0.006014514917589309,-0.006393154015006397,-0.007260204314484042,-0.00600572112286335
2005-03-22,-0.007159318212574539,-0.009034923940537176,-0.007747510219524911,-0.007660779879850366,-0.006343499051965296
2005-03-23,-0.006358582500129106,-0.003966048201816341,-0.004764267277128531,-0.004266926744837307,-0.00628416725925629
2005-03-24,0.0021722708941298574,0.0006340294901376886,-0.00028341363100714556,-0.002016592180761889,0.0021090430763781587
2005-03-28,-0.0004854945720997872,0.0014806551182067196,0.001539974382237963,0.0009495366689440399,0.0010581005022030077
2005-03-29,-0.012206132086587163,-0.007745643070685482,-0.008007881618831036,-0.007829875718667889,-0.0106437585610073
2005-03-30,0.014110496616460688,0.014248177810273432,0.01464101720549893,0.014809701645119855,0.013347167194181386
2005-03-31,0.0019119541254219996,0.0022037400851890876,0.0013594970729062794,0.0025814344935870537,0.002162620358085343
2005-04-01,-0.00436913207274614,-0.0019538886028002134,-0.0014930846247024343,-0.0006939179311953314,-0.003210870466447302
2005-04-04,0.001025402111201501,-0.0001236281035964515,-0.0006993152295006189,-7.133298546735389e-6,-0.0018711950208587513
2005-04-05,0.004226661481821381,0.0031717959725245937,0.0020130058834280096,0.0013265827824846532,0.004166213969045929
2005-04-06,0.0013666666666665162,-0.0009200292862681092,0.0007017475167472309,0.001126261656760219,0.00238497888483713
2005-04-07,0.00597802836123984,0.006089925067917612,0.0051274500285496405,0.0050451887440972065,0.005176483650420671
2005-04-08,-0.009622188921290298,-0.006367810704104415,-0.007574422405071113,-0.007845988174965401,-0.00939590035994009
2005-04-11,-0.001664280906466753,0.0012649092321581623,0.0009143955127799419,0.001411905679595371,-0.0004441999725715018
2005-04-12,0.004331433953182806,0.005756989750327568,0.004296437355042482,0.0031993807336347935,0.0036322090899472137
2005-04-13,-0.013924864202363385,-0.009458119537373966,-0.01083829492222399,-0.012699955875784208,-0.010207979814313206
2005-04-14,-0.015184728867530861,-0.008615310184933889,-0.009198736646925276,-0.008604259389436208,-0.013693783188359121
2005-04-15,-0.018466803059929315,-0.014030318560501742,-0.015898417159007416,-0.017002445364675545,-0.01788655903176728
2005-04-18,0.004131637725430348,0.0020704288944422,0.002636442909687675,0.0037756735351508475,0.0034568898054023744
2005-04-19,0.010754801851627471,0.008638302454749391,0.008779179082377908,0.010317798645719467,0.01111693753098364
2005-04-20,-0.014302326981074809,-0.01302741595660828,-0.01414354995684941,-0.014686160690625227,-0.013983428968343814
2005-04-21,0.02130590727524284,0.012668966032458373,0.013456858080947987,0.01722165589363689,0.016748020546616393
2005-04-22,-0.009755371306558014,-0.0059081106491921664,-0.006538197221922171,-0.00714042592080899,-0.00750474796388112
2005-04-25,0.009715859760349055,0.009848051037828931,0.010318873311012,0.01080321769184267,0.010572008320123283
2005-04-26,-0.011143928915020473,-0.0075778064794946864,-0.008292592773624485,-0.00923069518391606,-0.014452065145945214
2005-04-27,-0.002075825979122481,-0.003545058862441275,-0.005451148987695831,-0.006607351802889516,-0.005552655150938279
2005-04-28,-0.012803520965221082,-0.009552485123244137,-0.011187562848047339,-0.01116016684914034,-0.014599468133525417
2005-04-29,0.009714216355140026,0.009386212888779388,0.008482018709688122,0.010699429368440594,0.011788915176172754
2005-05-02,0.006538223425935907,0.004413746563589838,0.00528820078942327,0.006181629152122836,0.006786512018661428
2005-05-03,0.000981461137218309,0.002474039147317697,0.0021170164582540174,6.616500603162656e-5,0.0037372946399918394
2005-05-04,0.015287244722421933,0.010894678706883987,0.011999575482011027,0.011526055546849046,0.014503030322748245
2005-05-05,-0.001980000000000204,-0.0031082811479303807,-0.0022156888199300617,-0.0009301989352302753,-0.0016981531680154704
2005-05-06,0.0017151573448759283,-0.002787593404105948,-0.0030338761928494495,-0.0026426211576724423,-0.0019593931242709584
2005-05-09,0.006107112968573247,0.004452051070236607,0.004468313856091033,0.004394437824707831,0.004531489589276072
2005-05-10,-0.011298808218406342,-0.007809146254479038,-0.009055767134936832,-0.01004717568404856,-0.010055666337372426
2005-05-11,0.0035309886996772732,0.0005193872163413715,0.0008220164696668419,0.001232523426714316,-0.0002314768097310127
2005-05-12,-0.014489378811584741,-0.009589349357208565,-0.012220903851387854,-0.015200061499945572,-0.011626323808404893
2005-05-13,-0.008058401694840511,-0.009117464016042631,-0.008922177534232079,-0.009797300370810724,-0.008056524488331496
2005-05-16,0.01055547553431646,0.007298106459700193,0.007640749622520149,0.005999759398995108,0.01153147619683681
2005-05-17,0.008107264797456715,0.006265077486736548,0.0067513875467715145,0.0077976080139214865,0.006596839411850963
2005-05-18,0.015974732324459895,0.011354504857540082,0.013298295287753392,0.009588005550565715,0.012978307272834666
2005-05-19,0.004132235836737719,0.0029686615471733457,0.0034830877792833004,0.004925992123943956,0.0027342379104515757
2005-05-20,-0.0018205633563148638,-0.002370796057091118,-0.0027344604181426257,-0.0035919549750534907,-0.002935779849139286
2005-05-23,0.005676560267183106,0.0032644587041630313,0.00471466305642787,0.0047919204577542285,0.004457262839521192
2005-05-24,-0.0005342044962138859,0.001774418271104361,0.0019376397194457162,0.0030674232861154227,0.00215920237032452
2005-05-25,-0.0056876972893498134,-0.0030019227075014365,-0.0029511136305405694,-0.0016765600801541547,-0.005235818419985772
2005-05-26,0.007903402221397737,0.00404338387932035,0.004976900292695596,0.0036835749888060043,0.004583965430769554
2005-05-27,0.0023871404624240533,0.003897889172819413,0.003890432004706179,0.005599582270221282,0.0036212063408562756
2005-05-31,-0.004109045080290197,-0.0050323256727098364,-0.0059097698572708746,-0.006383273260134326,-0.0041570831674768716
2005-06-01,0.009433709888840847,0.007663701259048583,0.007823323934998072,0.008938646436596143,0.006105269591263562
2005-06-02,0.0022474947109381027,0.0012542916290481099,0.0019093974775472589,0.0012697654005366932,0.0022851080111743194
2005-06-03,-0.00516497454577991,-0.00414212794428781,-0.004350982121210101,-0.0032336393637869554,-0.003872861361854496
2005-06-06,0.0010499999999997733,-0.0007767926717280327,-0.0005108141285817824,-0.000162390234914489,0.0002708369842776559
2005-06-07,0.00038170054775843454,0.00021197264683969763,-0.001020444821323574,-0.0003069631351976243,0.00011046837016848166
2005-06-08,-0.0027633183103966674,-0.0033915278357118384,-0.004545627795604745,-0.003656591860658809,-0.0035016808659040777
2005-06-09,0.004163734936695418,0.0017784597177434858,0.002675844653550863,0.004554034976527177,0.0027514608107448435
2005-06-10,0.0014799263396274576,0.0025998976786856254,0.002502062150386397,0.001794234343107215,0.0018329844996434197
2005-06-13,0.004172415863236356,0.002288596377075125,0.001702698606421027,0.002706987347245393,0.0040636039647532485
2005-06-14,0.0030136578009474224,9.063465593994735e-5,-0.0004302966641632766,-0.0007878960568771243,-0.0004820455274056057
2005-06-15,0.00307967279819521,-0.00014714410339955464,0.0014523460881021855,0.0027991760932146725,0.0005355984209964859
2005-06-16,0.005912351726785836,0.007222020769101389,0.009162513951368467,0.009643971436503307,0.00983982617287027
2005-06-17,0.003327422812264391,0.004389003300556915,0.004301002122940378,0.006126292904280239,0.004047162631562351
2005-06-20,-0.0026444414798266758,-0.0015196522012750346,-0.002092397408356317,-0.0018914092191040233,-0.0024576511513660915
2005-06-21,-0.002586569728055932,-0.002270243109561032,-0.0030992210174721757,-0.004875369631145987,-0.0015849506680513104
2005-06-22,-0.0006656640630291477,0.0005265745087728035,-0.00015839686962715316,2.6297255097951222e-5,-0.00019092559103295326
2005-06-23,-0.012913743955795698,-0.007959954836344596,-0.010640295434012237,-0.009569056557128919,-0.011368772118816706
2005-06-24,-0.010406126461763532,-0.007853086044199653,-0.007859642566932279,-0.007942356933645311,-0.0069455345182923844
2005-06-27,-0.0009596992790589232,-0.0006443082998428551,-0.0010162897990415587,0.0012027483745264966,-0.003577114545850968
2005-06-28,0.011848115183845431,0.008392199475338646,0.007972449192341191,0.005912842794336015,0.010098041454495776
2005-06-29,-0.000496344312894581,-0.0001725084901808005,0.00028867591361847467,-5.509809714776548e-5,0.002871715812849729
2005-06-30,-0.006608799135501275,-0.006021887603039788,-0.0067452033388324395,-0.007767688598801947,-0.005813489018572704
2005-07-01,0.003928091734746175,0.003960356477017646,0.004064595418233674,0.0063116193724810365,0.003267856708883521
2005-07-05,0.00790577081154642,0.001408348340503851,0.0024574002904615977,0.004882131317827776,0.003236595161724365
2005-07-06,-0.007239999999999802,-0.00796537361514138,-0.006976813517446279,-0.007554860446652878,-0.005694523925843686
2005-07-07,0.0020621603744443995,-0.0002958835564222939,-0.0005104932375908922,0.00018430969226890248,-0.0007174774989652244
2005-07-08,0.013631970547455685,0.01280835517692136,0.012570782576469153,0.010546777793290163,0.013206706366569287
2005-07-11,0.009068941282640353,0.008419993057386721,0.008743047222804945,0.008529354987335758,0.008189448522816
2005-07-12,3.1460949916795045e-5,-0.0006534693266868619,-0.0013988673599231172,-0.0009161128096563109,-0.0033447391634988666
2005-07-13,0.00046777758682603476,0.0014072472817976411,0.0011164261815113097,0.0006189728526861948,0.0006949296586653553
2005-07-14,0.00045238114295931275,-0.0008406361490672642,-0.0008399472492500726,-0.0023097433809059487,0.002526668312158309
2005-07-15,0.0015694587918368974,0.00044158730844112704,0.0005118916548458863,-0.002015503025925791,-0.001196091775602981
2005-07-18,-0.003584207600513034,-0.0037420759384139135,-0.003411813936282093,-0.0038256543269364895,-0.004412505835665104
2005-07-19,0.010649434438844585,0.003959749555747294,0.004254620332150516,0.005700355930095435,0.004881578032578604
2005-07-20,0.009025786147840886,0.005806674324479344,0.008138932764175877,0.006949389950525076,0.010710685416200239
2005-07-21,-0.0057176149843056745,-0.0036725068994190035,-0.0024211972260010928,-0.00275822861562236,-0.0029927045858704204
2005-07-22,0.008212108889853686,0.00629415017827939,0.006831630081927775,0.009317165881468137,0.007290730418571867
2005-07-25,-0.006747825138750607,-0.002679082047836401,-0.0028857237488200127,-0.0015748365393637442,-0.004870111088992157
2005-07-26,0.0021469145766543907,0.0016023995921026213,0.0015039826125593514,0.0009841800781906773,0.00243776680367902
2005-07-27,0.0032710387754837367,0.0015431890959280992,0.0012456066211743444,0.002510326022250986,0.001919468215012099
2005-07-28,0.00956782222255792,0.00891321302752357,0.009667393799327684,0.008986159898962676,0.009298638776247037
2005-07-29,-0.005802496211252839,-0.0049533427562663546,-0.005334812026055902,-0.007646795953607954,-0.006286155859228315
2005-08-01,0.0015891330472892484,-0.0019950866762767916,-3.77493789009975e-5,0.00043014838111976594,0.00032090057792832916
2005-08-02,0.006826417876258928,0.007341551083436038,0.0058819577298627745,0.007054173409698494,0.006054565001446965
2005-08-03,-0.0007232784066356635,0.003965987336300936,0.0033907316481900374,0.0034207203222058613,0.004090825978023016
2005-08-04,-0.007706666666666417,-0.006355423371951829,-0.006342432122839137,-0.0051688626117109004,-0.00634735920782703
2005-08-05,-0.008409511972266137,-0.010007814354944466,-0.009266440296763268,-0.008976957081529346,-0.010132333423892192
2005-08-08,-0.0017779320095682172,-0.0035866705601507176,-0.0005042368869856428,-0.00018874438683169625,-0.0028498207950883314
2005-08-09,0.005194342001607843,0.003503292727473406,0.0028838780596236457,0.0022030674907982384,0.003519288275476651
2005-08-10,0.0009094893268073445,0.0030955008023416664,0.0038616492951044634,0.0054097674292865605,0.002594349809459162
2005-08-11,0.008697708224826739,0.008785011269163645,0.009515048470749576,0.008257487290955101,0.008761240666474324
2005-08-12,-0.005449742807418612,-0.004485373536843196,-0.004803630183501717,-0.0029610606129039097,-0.004451616500692812
2005-08-15,0.0034510728433758686,0.005129477960222895,0.004414171472211015,0.002810643609561403,0.004919103925725032
2005-08-16,-0.013349218699382326,-0.010678175691161251,-0.01128597299977141,-0.011735223625272462,-0.009616559931187929
2005-08-17,-0.0011600850781772198,-0.002548901690494043,-0.003106764282806096,-0.006001206354926514,-0.001178349725876493
2005-08-18,-0.0010923682552729241,0.0029736367297839017,0.001726103863066264,0.002979991716013597,0.0016742430250500373
2005-08-19,0.0016675595222528372,0.003483763965791642,0.0030108661943404336,0.0049201434157331025,0.0008756036276991175
2005-08-22,0.002095471655163772,0.0035877762686034043,0.0030524726790097656,0.0037076368772148705,0.0030020835223671938
2005-08-23,-0.004383787684014262,-0.0012445241170622179,-0.0029383094083464956,-0.002693826467506266,-0.004838404321517276
2005-08-24,-0.006654334226442682,-0.008984417003621847,-0.00909047633636395,-0.007160219546723745,-0.007876876704305702
2005-08-25,0.003098900599576737,0.0033622445617531582,0.0031349861007794466,0.002905021339100644,0.003230858805967962
2005-08-26,-0.005827787103769078,-0.004972105437164975,-0.005412442507135462,-0.006404216525239925,-0.0064013837565620735
2005-08-29,0.006821034168469131,0.007204483919280413,0.006651696385120864,0.007794075673179135,0.006685843135636027
2005-08-30,-0.0031660792641837743,-0.005549823705083279,-0.006158890395744909,-0.002354383490971168,-0.005167905779374871
2005-08-31,0.012533543293124838,0.011510133320371319,0.01272649500963463,0.014983173644402825,0.014279539602964242
2005-09-01,-6.4675880038223e-6,0.003885742282127902,0.0031859940932319475,0.008012788015147043,0.0018548406741540902
2005-09-02,-0.003890000000000282,-0.0012465998737005712,-0.0020382280545793163,-0.0038031577904615865,-0.0022271701040083025
2005-09-06,0.010990658327560743,0.009211869175042686,0.008991846870228803,0.007485414724618167,0.008464648532272134
2005-09-07,0.003909309489576573,0.0020944661917541296,0.0028716639360923946,0.0008364186580389621,0.0010760603927362222
2005-09-08,-0.003846780835394803,-0.00484411152620301,-0.004454517607318631,-0.0031839692833746103,-0.002668217066746359
2005-09-09,0.00808176779924552,0.008979592714772888,0.009306705665890869,0.010779789008458218,0.005930236427747149
2005-09-12,0.0008866013409791762,0.0007198035775621836,0.00043079568366666265,-0.0006185069307254043,0.0034814857250393683
2005-09-13,-0.008604047037132911,-0.011601818305356781,-0.01261348046224886,-0.012297149922698924,-0.011609954980405512
2005-09-14,-0.0036479827520955466,-0.000817814692400165,-0.0008476516286965996,0.002165091392237306,0.0008267182801144912
2005-09-15,0.001514013267570169,0.006150735231672533,0.005944511564570876,0.005348333143994077,0.005298578119652841
2005-09-16,0.007798122822412434,0.007575388356777513,0.008622252236321959,0.0086143728760526,0.010143235285995145
2005-09-19,-0.006457150725242333,-0.004736146292457666,-0.004457060202189278,-0.00047437558679319647,-0.006196796145751637
2005-09-20,-0.010133394652647065,-0.009498867957477342,-0.009950349641858702,-0.009068106568947742,-0.008366564424071576
2005-09-21,-0.009065197234881972,-0.011342690738294303,-0.007822383923333343,-0.004897907777540067,-0.007313191359427096
2005-09-22,0.003991576238704608,0.004067855311173485,0.005761921484609633,0.002449274892083686,0.003462092761181035
2005-09-23,0.002760774783836295,0.0020645732682504914,0.001169848464776857,-0.0010367842445947462,0.002672953198785244
2005-09-26,0.0032888613603581085,0.004414253523316258,0.005384800717997074,0.006375256210508162,0.004417984282763632
2005-09-27,0.0009265231254611539,0.003860747347285365,0.003243787758175909,0.004292905132630809,0.0035410761138738867
2005-09-28,0.0018025884977355133,0.004277650871986616,0.004349633478131443,0.005991173100179603,0.0038928805324394133
2005-09-29,0.007434951842888005,0.008203847709624235,0.0081647670505407,0.008288725440947609,0.00899267145464866
2005-09-30,0.00395901750858596,0.004887559780119011,0.004530584110457925,0.001761779997221602,0.001802727858175368
2005-10-03,0.0005978333969387517,0.0014886212730147452,0.0002504770060138828,-0.00032957740963523996,0.0005603020123519098
2005-10-04,-0.009919999999999929,-0.0090834546380536,-0.009999631398187825,-0.012152512115998881,-0.006632981332460375
2005-10-05,-0.01936596167313087,-0.016820003260509808,-0.016490324357175568,-0.01950985290864571,-0.015473747673716343
2005-10-06,-0.005516019294643293,-0.0019328937941569535,-0.0005189227650137518,-0.003933519027920052,0.0007192061118808102
2005-10-07,0.005561015604752972,0.0023384287521337477,0.003017721704430265,0.005506679972333561,0.0037090658765726037
2005-10-10,-0.008716753714250736,-0.008375617667972235,-0.007524954955078211,-0.008864787740086921,-0.007421659094116628
2005-10-11,-0.001770439365138321,-0.0016956117052443487,-0.00042478260894807107,0.002177137772765958,-0.0023500070768677217
2005-10-12,-0.008426553711152973,-0.009270184001578197,-0.00991932772292925,-0.010255552062745088,-0.010174455491419154
2005-10-13,-0.002850561534125551,-0.0032504983700215595,-0.0020063160951835357,-0.005787144922040688,-0.002937024533729571
2005-10-14,0.009991603059815946,0.006878957768615246,0.006906287384848664,0.007909082472586482,0.009300847859073924
2005-10-17,0.0065781311149570865,0.0055621822156226575,0.004592471018828315,0.006737687688277871,0.007734199795506047
2005-10-18,-0.013002164080878287,-0.009774746119452726,-0.011015022568593213,-0.014323724894202527,-0.010041258519304708
2005-10-19,0.012613666886720276,0.007191296739806008,0.009890602273921356,0.007412308290142278,0.010273499968521227
2005-10-20,-0.014176071002230284,-0.015213120002032787,-0.015824985017768745,-0.01815131381072177,-0.012302356887768817
2005-10-21,0.0022580567533241336,0.003585650240977234,0.0036970927892450156,0.0033052647625488873,0.0032159673859455395
2005-10-24,0.019189581931067456,0.015199423228838382,0.016021881769678892,0.017460160888515208,0.017526630133426258
2005-10-25,-0.0026388827478029953,-0.0007044779182778793,4.830319666315752e-5,0.002289628868208826,-0.0024898556654741055
2005-10-26,-0.005672284957266349,-0.007305480400764175,-0.007654390316262805,-0.006484764556123457,-0.004392411547076924
2005-10-27,-0.016179178311129694,-0.011901678951928285,-0.01378113337701492,-0.012656114658114004,-0.012138786992525685
2005-10-28,0.01519457632367227,0.016205002501346932,0.01634647147194257,0.01608072601895194,0.01445142675252531
2005-10-31,0.00804123506794241,0.0021462260357119067,0.0018425435563347303,0.0019155601519014187,0.003919777463717633
2005-11-01,-0.002052423462474584,-0.00434648412133376,-0.0015358095095644453,-0.000828162116519926,-0.0006882400734482541
2005-11-02,0.013390000000000013,0.010887712739506394,0.01319464009610849,0.012881703871877592,0.013666311910346174
2005-11-03,0.0044263337247587575,0.0014324589418621692,0.0027778705806680293,0.0028914746323913665,0.0001418522683402923
2005-11-04,-0.0020517055157949216,-0.0017064424957039526,-0.0022953888093458774,-0.006603471220391843,-0.003595978083935192
2005-11-07,0.0033299469883736332,0.0008905138719104144,0.00152147281794357,-0.0006310408485795671,0.004401809362287734
2005-11-08,-0.005194012055651842,-0.004949999469108124,-0.005002390699059611,-0.0028500478086139758,-0.00474938461449026
2005-11-09,0.00023142086920846516,0.0041965773339880386,0.003652878799615067,0.0033405523792680025,0.004693413991299744
2005-11-10,0.0059271622282310865,0.006784463508935579,0.007268708369709165,0.0023958099662748644,0.009294183494854114
2005-11-11,0.004410957780634384,0.001395635943546969,0.0030290600933171596,0.0034711252153947214,0.004506892982608202
2005-11-14,-0.0017463118498650676,-0.004565480143894907,-0.003916034675925162,-0.003759993241973625,-0.0033385507293919314
2005-11-15,-0.005156410262116773,-0.005711863795987204,-0.007277995441846485,-0.005831176427384177,-0.0072017410702162055
2005-11-16,0.0018491552273487422,0.00493284966591423,0.005441859177657049,0.008816038617137645,0.002981377841439814
2005-11-17,0.011114581034822768,0.0064950758839221745,0.007674836610018554,0.005788735935107425,0.008232849627825889
2005-11-18,0.003945523479131907,0.0019711038996281793,0.0029735183472048288,0.0024706146991722022,0.0024352578085591325
2005-11-21,0.007466044894080204,0.004425743359303347,0.005283874997909166,0.006917974686060813,0.004661703157912367
2005-11-22,0.004636750833844072,0.0027592686804145394,0.0028795788387796506,0.004555791704261791,0.004884260739400403
2005-11-23,0.0030310426696456005,0.0020918923418418167,0.001245280753756628,-0.0004429324952187619,0.00103659731127137
2005-11-25,0.0024932761554001814,0.003786630392855317,0.003411600861198627,0.004330622284587138,0.00413339039084204
2005-11-28,-0.009494002466214901,-0.004150470166230713,-0.005003177167920425,-0.008680334448919469,-0.007056445015806712
2005-11-29,0.003640208118609989,0.003296609831517472,0.0028765679328557336,0.0028951527959011347,0.0030294482532120526
2005-11-30,-0.003055384528612759,-0.006999316849529591,-0.006199458275059855,-0.005805339023972844,-0.005383605217001541
2005-12-01,0.015033701213230444,0.013377560240408926,0.015034882765206703,0.015797257168180368,0.012737065193128672
2005-12-02,-0.0011666666666665382,-0.0017826379595212716,-0.0021919827068531683,-0.0022352683450794775,-0.0018821289273310837
2005-12-05,-0.0028621945603203303,-0.0024930222652942424,-0.0030754851379637405,-0.0011843843471828208,-0.003909631022135818
2005-12-06,0.002718167869960153,0.0008792817454716939,0.002571803344389334,0.00290931439340425,0.0031842683387832693
2005-12-07,-0.00414789347358302,-0.002248992063327848,-0.0019077812191975463,-0.0027032301295083494,-0.0016567528916859864
2005-12-08,0.00028140091987016724,0.0010411506409042648,-8.91818608373951e-5,0.002581927544504481,0.0004238942874525975
2005-12-09,0.000724920177856081,0.0013967244545858293,0.0006025950312176231,-0.0013196807937413402,0.001939786843990543
2005-12-12,0.002302834154936484,0.0005764916125294839,0.0011400071600400352,0.002753418890842685,0.0016218827706153682
2005-12-13,0.004833392649842727,0.008620890407900816,0.007711267566461455,0.0065625580870649625,0.005376075008022063
2005-12-14,0.0031427868557543093,0.0036809449789834137,0.0030373941150905193,0.0035163228482515407,0.00010393441652167823
2005-12-15,-0.0015544822206221554,0.0003354449601928877,-0.00015029512011921486,-0.0001151357773016004,0.001779086261822549
2005-12-16,-0.0025616493583811017,-0.0001294906272640839,-0.0008049825858233994,-0.003591107620580014,0.0019633100894642652
2005-12-19,-0.007856922827768287,-0.005706689671389209,-0.006088106112219771,-0.0050415932710197175,-0.007830660214376617
2005-12-20,-0.0009546557845487857,-0.004573967748565444,-0.004816469219805053,-0.003923870347404712,-0.003713784321457636
2005-12-21,0.004751539167495933,0.0036329114033530896,0.006891552664444411,0.006381681289222341,0.007889384799788068
2005-12-22,0.005280636186720589,0.005066259208418966,0.005718189857646827,0.0048394185553550795,0.007171836074636451
2005-12-23,0.001023384449644782,-4.6010276767316505e-5,0.0001946891114712468,-0.0001858350735162162,0.0011083504272968447
2005-12-27,-0.009712597278410007,-0.0060534164993132356,-0.006943322900276994,-0.009236558729940003,-0.007871197303207511
2005-12-28,0.004493135252332081,0.0031991101158241886,0.004337051523981561,0.005687861437535746,0.004759868963663205
2005-12-29,-0.0015862450484698254,-0.00025817140620176815,0.00024286457163280595,-0.0009176537561892406,-0.0003306666689979476
2005-12-30,-0.005671698522963564,-0.007265429817068347,-0.007711131071910793,-0.006293270883864555,-0.006959718255521663
2006-01-03,0.01455137438247256,0.015440554803479056,0.015184683141401312,0.019739256863627652,0.015168027646174531
2006-01-04,0.006106666666666705,0.006662387186044283,0.007911857973460501,0.007451144812549826,0.007773126058522761
2006-01-05,-0.0017527757162926205,-0.0058269693338680595,-0.005974122883406929,-0.007411105383454464,-0.005312569724028382
2006-01-06,0.00948785144455222,0.008167022262256296,0.007971096123515542,0.009482427242322622,0.007997725948670542
2006-01-09,0.00562186525573094,0.002803616230732997,0.0037308800340631887,0.0030577630146852997,0.004060107627024356
2006-01-10,0.00015238296015174235,-0.0018262374876077958,-0.0017652250596669194,0.00021041190706116986,-0.000452092794610115
2006-01-11,0.0012267340761922263,-0.00023790001664514282,2.1691145492885866e-5,-0.0002874320640718908,-0.0006176969989171166
2006-01-12,-0.006980107678135727,-0.005541019087682231,-0.0068487815353175385,-0.006478373242771895,-0.0061987322306417125
2006-01-13,0.0026594207960601857,0.006027394831152888,0.005957464119970668,0.007919697872434961,0.005013392159788799
2006-01-17,-0.0032567335978683776,-0.0009478057617010593,-0.0022168498954679983,0.0011459320324576083,-0.0031187265086346505
2006-01-18,-0.003209739302469039,-0.0020437313860482975,-0.002118116383073354,-0.004304598610369026,-0.0020912924210299
2006-01-19,0.007550501865933645,0.0035277481070485894,0.004835868012907918,0.006505910954727634,0.004429959385587656
2006-01-20,-0.015602598646299537,-0.013341532036149961,-0.014062427232761743,-0.013259110804506369,-0.015978885855566283
2006-01-23,0.0033777849452027997,0.0028401189583964204,0.0037249662206046974,0.004755677126190294,0.00422931709519192
2006-01-24,0.008161384682310313,0.004447881439297197,0.005300596488062359,0.0037730421601915864,0.005734824619214596
2006-01-25,-0.0012558235172974719,0.00012708076215428576,0.002095937663929126,-0.0007636806825765952,0.0021761964372544185
2006-01-26,0.007822653377266064,0.005306539681635192,0.007614636215408588,0.005998394899674908,0.01031746700731162
2006-01-27,0.008602084727892478,0.009267184519862193,0.009349765148822353,0.010380329530178312,0.008255872724005187
2006-01-30,0.001984831514791896,-0.002037671429522603,4.994015050252543e-5,0.003873021574024804,0.001932576828420851
2006-01-31,-0.0017043800654140684,-0.00042574769450465233,0.00022466620655481329,0.0002141736470662181,-0.0010145199657038972
2006-02-01,0.0038060223915081792,0.005467308723011932,0.004756701571941635,0.001515610556088065,0.004238803609941222
2006-02-02,-0.008531984552123673,-0.005848954700234832,-0.004779490267860509,-0.007203292621691615,-0.008208321019184117
2006-02-03,-0.004153333333333231,-0.004808508506624398,-0.0046872357701394085,-0.006213380486638553,-0.004633748068091248
2006-02-06,0.004158645239896508,0.0017963214779024295,0.0035563682795787255,0.004612523962132853,0.0025889302480424092
2006-02-07,-0.012638296812009342,-0.010056984152914228,-0.01324347480939747,-0.017385575048502577,-0.013592905590130488
2006-02-08,0.005015325695707951,0.0025340310473913608,0.0024797079629135244,0.002279829499529429,0.004125220531773444
2006-02-09,-0.0007648436548598481,0.0038643728898615226,0.0036230169148834257,0.0011260279971863074,0.0034676893888585525
2006-02-10,0.00016685422341944367,-0.00286706981783702,-0.003661793928077972,-0.005089378568445491,-0.0028473688722558954
2006-02-13,-0.005911662369571746,-0.005465043075206122,-0.006432975941928931,-0.006174173431975238,-0.005626958795391435
2006-02-14,0.011304408641195307,0.009050309613954699,0.010281703950427934,0.010274455613920486,0.014295872408566446
2006-02-15,0.0023254782506030303,0.0028796807360631504,0.0018521310275716463,0.002260903960752625,0.0033419535818637325
2006-02-16,0.007476711158815652,0.007613758025608375,0.007849206181224755,0.008574864688281503,0.0056697726176868635
2006-02-17,0.0001478294066978858,0.001115256692785227,-0.00010321352370301629,0.0018254581100167755,-0.0014330375671378626
2006-02-21,-0.0008274379221118178,-0.0005532576158902014,-0.00043532396538159546,0.0019948155898124043,-0.0013443996055200191
2006-02-22,0.006986678462599594,0.009343021579866884,0.009136533887753595,0.006774481620716255,0.011844713191526246
2006-02-23,-0.0021665417126726094,-0.002913946598527617,-0.003462518858904251,-0.004258781404627432,-0.0037985955400166027
2006-02-24,0.0023999686994926606,0.0030000628235355986,0.003636482078077208,0.005183545283248936,0.0034608207368307387
2006-02-27,0.0006165207235167003,-0.00018784259701121186,-0.0023272696801973636,-0.0040177619313468416,-0.0010677455183698559
2006-02-28,-0.0105490482788555,-0.012048687401657543,-0.0127626415708737,-0.012603943304998477,-0.011639489802758307
2006-03-01,0.009468229257280969,0.004640868278418697,0.006177674040772185,0.007736794309903816,0.008373798770918484
2006-03-02,-0.0010251207524881734,-0.0006375553796247324,-2.620232789740662e-6,0.0022110520163758363,-0.0003392457554839412
2006-03-03,-3.737003739412437e-5,-0.00028081861479090087,-4.487917983486689e-5,0.00034246434183105023,-0.0005418822220569774
2006-03-06,-0.00851335772544648,-0.00853012954533805,-0.007882612136323464,-0.011512193245390212,-0.009231932827505451
2006-03-07,-0.005669999999999731,-0.0033117800970463573,-0.004122273525984155,-0.004811740689454003,-0.004562666382774916
2006-03-08,0.0005738051418207046,0.004215531095862479,0.0032248667181409285,0.0023888913875780293,0.000495420001462854
2006-03-09,-0.002660121850872277,-1.5182679391601006e-5,-0.0001396898434393723,-0.0013189002514649717,-0.0024197015183219373
2006-03-10,0.009457331888082177,0.009312305454960645,0.00951698401094414,0.009572551768480153,0.01066926548792857
2006-03-13,0.001812042212391729,0.0007274048517436071,-2.0866739459224348e-5,0.0031077063870088573,0.0012491254503042004
2006-03-14,0.009559700261570603,0.005486674221180765,0.005664526964088479,0.007204391574046287,0.011135307807169426
2006-03-15,0.006270722491519942,0.0037714706817488786,0.0057283139651236326,0.005889690178278784,0.007843808048292766
2006-03-16,0.00205757162064768,0.0007378756679286003,0.00024637843261499093,0.0008912838484227414,-6.5760582002027945e-6
2006-03-17,0.0012751139275137824,0.0007622798278124066,0.0010323744019169467,-0.0010705545897711222,0.00039992337783401055
2006-03-20,-0.0021385427021015646,-0.003986415427702394,-0.0035949664427131767,-0.005200108023078465,-0.0020977953779013347
2006-03-21,-0.006490731619906431,-0.006911401543198581,-0.006158643497384042,-0.006539194910211266,-0.008810924591498015
2006-03-22,0.007852912271705481,0.006084492190683521,0.005864060098211832,0.006633206130583824,0.006780376437548474
2006-03-23,8.970587552759035e-5,-0.0028869882507591704,-0.002612848168194737,-0.0007768818791944465,-0.0017518858394327541
2006-03-24,0.0035530137182340216,0.003065108909626746,0.0033905252944377295,0.004224779084148089,0.002803821659598027
2006-03-27,0.0004839196251920086,-0.001149778158297865,0.0006019015536244954,0.0018046685868609025,0.001592259731032275
2006-03-28,-0.004915240817802924,-0.005636975704794045,-0.00554609527275729,-0.004614724337729248,-0.004706095370560215
2006-03-29,0.009365175760989386,0.00971383830381578,0.010114637742393073,0.010618124610139557,0.01066846760033835
2006-03-30,-0.000726453804871463,-0.000663375085454665,0.001117731883596873,0.0006504289458122425,0.0002838447457347293
2006-03-31,-0.003171276376644494,-0.004550678999652669,-0.003627884424522887,-0.004940795904654571,-0.002513924597412731
2006-04-03,0.0025428748622389197,0.004054485887114545,0.004122282831086066,0.004821502946238843,0.003831260455545049
2006-04-04,0.004526547168580253,0.003333963884931457,0.0035662729198617793,0.005066292006998152,0.004811895821792644
2006-04-05,0.005473333333332997,0.004900670720281219,0.00410531654508306,0.006834854796316625,0.006724984595474215
2006-04-06,-0.00012746335059432568,-0.0023201287335827825,-0.0012341320288766777,-0.0005057696709583892,-0.0014928038531302201
2006-04-07,-0.009392440213461861,-0.011111618964689485,-0.010323944027718523,-0.012833674146726648,-0.01283371674244227
2006-04-10,0.0004896467469324151,0.002051906719158003,0.00203005888707386,0.004328380594115,0.001533156967473026
2006-04-11,-0.008480210114056752,-0.010090251044346354,-0.010028993510760476,-0.00992596594527373,-0.011422085305006768
2006-04-12,0.0027595392033203936,0.003258026643227163,0.0033448017298556287,0.002917546956256567,0.005884987434076727
2006-04-13,0.0010487661952376381,-0.0006241581911046179,-0.00013985979474528953,0.0005696577300411398,0.000900792541798312
2006-04-17,-0.0006360539927465769,0.00011138537261978776,-0.00017145798191964268,0.003450357320796016,0.0013183280017310395
2006-04-18,0.019965231932648653,0.013637719372902035,0.012667180256745736,0.015639000687316384,0.017163855615725643
2006-04-19,0.006766132905191569,0.004533622180226571,0.004012990886446355,0.005487231015799177,0.00209656252641488
2006-04-20,-0.001259715035052178,-0.003115014670191374,-0.0035608467535415134,-0.007522287959128904,-0.0065679009904664465
2006-04-21,0.0027757966773234166,0.004121748278267168,0.003021049423875821,0.006832619974935117,0.0017273452883659335
2006-04-24,-0.0005036505239019995,0.00013930981051912816,-0.0010163547598087685,-0.002989294583353397,-0.0009809587226602412
2006-04-25,-0.004755552043833267,-0.0015840687931122366,-0.0013253505811448019,-0.0020171381471416616,-0.0034365318324151017
2006-04-26,0.0018582301331011575,0.0018838728090577739,0.0013350130568103857,-0.0003105378459465902,1.949757025854204e-5
2006-04-27,-0.003642352443602115,8.159376497474113e-5,-0.0013678353639740015,-0.0042283214918278356,-0.003372165163562979
2006-04-28,0.0024501254462356847,0.006151946208178494,0.006327378377995574,0.008007277240775545,0.008259874779132481
2006-05-01,0.0010801633206101169,-0.0020557932418416858,-0.0016601161288638533,0.0002539089750346335,-0.0028832194281215306
2006-05-02,0.006608592043887862,0.005982881769370563,0.004726930658663697,0.006853529193146635,0.004123126945231537
2006-05-03,-0.0010473281780409849,-0.005198096475182767,-0.00458615515267613,-0.00771162096002076,-0.0030310583067643115
2006-05-04,0.005442162621420277,0.0038097365655964666,0.0036822440978763193,0.0018710135756494495,0.007108583852975858
2006-05-05,0.00939000000000001,0.008384272922370872,0.0068856892311885964,0.006705029184949307,0.008145301662821236
2006-05-08,0.001715689343728899,0.003379663315055792,0.004313610499045772,0.0024521493721620935,0.0015953911155190958
2006-05-09,0.0029360875851409673,0.002789356232967277,0.0034695680493523895,0.005079470303280154,0.00455611827259772
2006-05-10,-0.00016389740476552284,-0.00039220593564159856,-0.0012091573805317335,-1.9941014720914474e-5,-0.0009439593718046924
2006-05-11,-0.011439251645320225,-0.011733603908693602,-0.011722501956736964,-0.010920389528168428,-0.012577541297898343
2006-05-12,-0.01490340785074129,-0.012122032657367665,-0.012486534346159095,-0.0156884825841066,-0.014310531888582223
2006-05-15,-0.00277463835936842,0.0014488196074700088,0.0013155927755770236,-0.0028961829227139857,-0.0012830565785744152
2006-05-16,-0.0014699898665619937,-0.00026698116705503594,-0.0001942885352127499,0.0007617542028524049,-0.0013077938972884118
2006-05-17,-0.017808828978909452,-0.014139307490401931,-0.014468527829465283,-0.016846519690036588,-0.01757194991300226
2006-05-18,-0.008422560374209631,-0.008391161840078598,-0.009413836034404932,-0.009602383456627228,-0.009468039620840085
2006-05-19,0.002042523484676373,0.0015380601030023922,0.0007427105321684557,0.0007999375345011384,0.001947721053578766
2006-05-22,-0.006370199350460126,0.00046898707535181217,-0.0004177081613406797,-0.001994766813699922,-0.001776655234709712
2006-05-23,-0.0019815809714683885,-0.0024502022743282392,-0.0018008473252324464,0.0006305423689603185,-0.0010388289850998822
2006-05-24,-0.0011267086413047078,0.0008740971693581567,-0.0005166510435192784,-0.001690463604858583,-0.0012980391919807932
2006-05-25,0.014234780172653672,0.012770516091486606,0.012901781025430381,0.01643675741682471,0.013640345177500901
2006-05-26,0.007184569171203581,0.003911866621792326,0.0033882445947872597,0.005241080642544915,0.0056292731216520675
2006-05-30,-0.016130240801082274,-0.012117976193911195,-0.013460594908105028,-0.01614728867192683,-0.014793082945304126
2006-05-31,0.010360948861630748,0.008183847191619131,0.00750094938181789,0.009276780420199415,0.009369060722057787
2006-06-01,0.012237697589944085,0.007228517635146314,0.00744553230388556,0.007007972826117426,0.008623330009384533
2006-06-02,0.001436218684291335,0.0017621666752714038,0.000466208575828686,0.0032048271755604762,0.0037973612147224056
2006-06-05,-0.02133336711412337,-0.015870080793924046,-0.01730211477090504,-0.020118857926139655,-0.020275868079719928
2006-06-06,-0.004976666666666629,-0.0011040884995341393,-0.0015635967404754592,-0.0014613978758918345,-0.0027239197903285994
2006-06-07,-0.009244560429068294,-0.004962938610237777,-0.004094660847436371,-0.009416920580468835,-0.006130097973907511
2006-06-08,-0.0012447891905629227,0.00040482013363085656,0.00039868649294327874,-0.0008736905041798471,-0.002966055559355807
2006-06-09,-0.003447431899087805,-0.0013840502672036736,-0.0019652729565647897,-0.004137241403701641,-0.004048184161248969
2006-06-12,-0.016009494439550243,-0.009132710428441215,-0.010375337923526295,-0.01211042919221672,-0.01351267348075924
2006-06-13,-0.011232685262480335,-0.013069151872327933,-0.013332362597288316,-0.014716242614819297,-0.013214673409196354
2006-06-14,0.008007119976994437,0.005655713252167516,0.006826821059127353,0.009150084551516002,0.00551516991797385
2006-06-15,0.02559143673547215,0.016833313366781955,0.01789103638206524,0.02035948430460044,0.023162914444813554
2006-06-16,-0.0036842747005967347,-0.0009754592448989463,-0.0016144923053561522,-0.0023638670457625244,-0.003694283577940105
2006-06-19,-0.011684442564865782,-0.008355069684695349,-0.0079955938691606,-0.01176033471565685,-0.008354539236435476
2006-06-20,-0.0008988742219760981,0.0034852781688092804,0.0032060543021585897,0.0021604877489060925,0.0022465339819199848
2006-06-21,0.01337713244875638,0.00824204678191709,0.009186434310296976,0.01110511568695105,0.013009781626063033
2006-06-22,-0.004179059649347949,-0.003596974176219181,-0.004540835248487252,-0.0015913341961046878,-0.004080786377692602
2006-06-23,0.002795256349396702,0.00011602747922712098,-0.0005130897347773722,0.0020683008251425328,-0.00039469837375849526
2006-06-26,0.005490580893390495,0.006049746863240779,0.006070260106439518,0.0077626063358391395,0.007548465958649553
2006-06-27,-0.009537800884645842,-0.005756902001595066,-0.006240473889684628,-0.005592894970853135,-0.008189982322442169
2006-06-28,0.003944510674292578,0.0021323319073915936,0.0013631806442186978,0.0047646314454008465,0.004048833714448863
2006-06-29,0.025968693581389424,0.023045220807632827,0.02508335680985163,0.024896564180171277,0.026023432363517784
2006-06-30,0.002244492234216633,-0.000547897203529657,-0.0006509998950801066,0.00020436073167662272,0.0024683078766536415
2006-07-03,0.006779442051928486,0.010989433944896598,0.010785118414928796,0.011718197141294073,0.011406099732025332
2006-07-05,-0.009511487498648719,-0.007201635758095848,-0.007451182064010853,-0.006302541430827646,-0.0085776864904058
2006-07-06,0.004223333333333246,0.008222978486935206,0.007132851133050178,0.008683689886554546,0.007903190782324154
2006-07-07,-0.009985481317236755,-0.0033254758842049537,-0.005166814296191813,-0.005937357915630881,-0.005893111414740804
2006-07-10,0.0014102354859690802,0.004350975241414368,0.004289715197006716,0.0030539291480955466,0.0022756493862683413
2006-07-11,0.003067430882643496,0.006238581448243963,0.005815125185718806,0.0077372221386480255,0.005193852163804191
2006-07-12,-0.011198460081634831,-0.010162769938342975,-0.011195077784065477,-0.008999472240036499,-0.011004527051558854
2006-07-13,-0.01797785527492768,-0.011539346748002277,-0.013357295620128218,-0.01260134423167203,-0.016780881381224688
2006-07-14,-0.00808847526929124,-0.003970034234108244,-0.005289731425142441,-0.002058476175855639,-0.003917998071526041
2006-07-17,-0.005546258562685424,-0.0016535185464253699,-0.0014265004554102623,-0.008895399275016924,-0.007168160933535117
2006-07-18,0.0012760918837471102,0.0036169479234773316,0.0031017621712565724,0.00302849475420941,0.0029648496744503205
2006-07-19,0.021269246527747976,0.014155174402318504,0.014890210469555853,0.017113649787095397,0.020427152356182088
2006-07-20,-0.01800278662900978,-0.007294103600911206,-0.010879213377819608,-0.01242429546710666,-0.014407141217016473
2006-07-21,-0.011008758612612968,-0.005468909233332209,-0.006901817641771779,-0.008211280399791354,-0.006892366268718586
2006-07-24,0.01751911938184958,0.010643147793808483,0.011960957149628637,0.015119383636601702,0.013053540514636808
2006-07-25,0.009327922795458576,0.009035106952130834,0.00830307494774507,0.010474168583841648,0.005873745565891042
2006-07-26,-0.003891234273218469,-0.0011477730249641604,-0.003623811805785304,0.0005809156704503771,-0.0042497644799878165
2006-07-27,-0.007413585667813916,-0.00717519576761716,-0.007708565289836211,-0.0067851081723960815,-0.007453572771465411
2006-07-28,0.014676470166551825,0.012411816836385814,0.013301405205159211,0.01323118949929003,0.017461888459400665
2006-07-31,0.001470614499063938,-0.002449087789563542,-0.0020980873288988233,-0.0011768979146651315,-0.002273288260773332
2006-08-01,-0.0059233322210372474,-0.00022569304508035515,-0.0020957619310992825,-0.0008943666416919571,-0.0021691469607274527
2006-08-02,0.008992043694384666,0.008412715583645758,0.009708916900947884,0.008313418490463187,0.006358416697392011
2006-08-03,0.004540432529882121,-0.00029847813679739765,0.0009274996197652374,0.0007640840201461607,0.002571443539516771
2006-08-04,-0.0036133333333333573,-0.0014879106218935734,-0.001954983794131393,-0.0024313517050094102,-0.003398972721299298
2006-08-07,-0.002456839714167325,-0.00436936931779508,-0.003617561104582001,-0.00040157979714416925,-0.003937782363957476
2006-08-08,-0.0064769392941101955,0.0013247636220581338,-0.0006089948414087498,-0.0019481811603898613,-0.003898919715943139
2006-08-09,-0.006882953910119727,-0.002111068896736512,-0.0038383054014019535,-0.0013289929160164027,-0.006288723826957554
2006-08-10,0.004594662824278339,0.004525219202437647,0.005366057276325886,0.0032757805620742264,0.004248116194419671
2006-08-11,-0.006098069222221003,-0.002477383891541507,-0.0031617714995014756,-0.004010328169774757,-0.006151709910169334
2006-08-14,0.0001780155676633921,0.0011146048956731658,0.0012437321406315593,-0.0026492768408160616,0.0008415891976207845
2006-08-15,0.01499496702461256,0.008619878418697047,0.009903977710604694,0.008280454771453227,0.012967277500204544
2006-08-16,0.012683199796008848,0.0025149801149664253,0.005201790369902426,0.0039036325732362265,0.00970597751547797
2006-08-17,0.0002090317475662573,-0.0026198575908373822,-0.0018313091840508333,-0.002990983037724382,-0.0012529260825969724
2006-08-18,0.0035004523372497154,0.006646114002728742,0.005209369726490554,0.006837650601308365,0.004943749523008245
2006-08-21,-0.004387563762455637,0.0014774338632013162,0.0005989419413920949,0.003335844919437392,-0.0013499176700969562
2006-08-22,0.0007340952502847831,0.0022671054777252397,0.0014490751864584261,0.002855898451289196,0.0014629685811178295
2006-08-23,-0.006947263914130697,-0.00350481616730125,-0.003387991412046265,-0.004715373123965083,-0.003846180618532591
2006-08-24,-0.001365906307904785,0.002070821338324924,0.0013178426639586238,0.0019199967213359148,-0.0005280647189130905
2006-08-25,-7.795848427150087e-5,0.0002699540556774238,-8.327644514150023e-5,0.0014490203747983266,0.0005423946052738327
2006-08-28,0.00564553778350696,0.004242802809922397,0.004638148707420964,0.0004016433248643647,0.003946751597872611
2006-08-29,0.0044459473021905005,0.004300399268334143,0.0047895512262388085,0.001889051210005821,0.001823126227395555
2006-08-30,0.0008906188455017894,0.0024348912443592496,0.0032548737425592833,0.0008485593237721467,0.0032320188611532075
2006-08-31,0.0022421228029210205,0.0012439380984485826,0.000884449979188906,0.0002801828839820164,0.0011192317796195894
2006-09-01,0.007030041470323933,0.0048528568964611996,0.006010133556483277,0.006478181639143488,0.005666718464685028
2006-09-05,0.0025800000000000267,-0.0021958841612962354,-0.0009989917345661903,0.002326316730283162,0.0019014819466844912
2006-09-06,-0.012237718353314997,-0.00579762933179373,-0.006788380015842255,-0.009697287171986035,-0.008390978297926344
2006-09-07,-0.005868715766975119,-0.006415270259554684,-0.00637762063460845,-0.006341383884043261,-0.007545739549906116
2006-09-08,0.0019438468427281919,0.0014891307181941205,0.0018101502914686929,-0.003384589544517813,0.0008450271996160996
2006-09-11,-0.0047371896386986245,-0.0053644417950653445,-0.005216870755928915,-0.011079229584754158,-0.006522548620879642
2006-09-12,0.012120503334471788,0.0035664087384847942,0.006881526124746351,0.0036389874773297137,0.009257535312216847
2006-09-13,0.006937208933593952,0.0007349312943385478,0.00168279029180618,0.0039720512362919624,0.007706081357510053
2006-09-14,-0.004270543640917279,-0.002966307396576995,-0.0034303684156915537,-0.005379312249874646,-0.00433749273654338
2006-09-15,0.0016520983991490379,0.0018509240046122866,0.0018420546967907736,0.001706657827119873,0.0019208309865559325
2006-09-18,0.0008673189412948812,-0.001018407481310879,-0.0004804001855578388,0.0041091993394528625,0.0017689425521487667
2006-09-19,-0.005013905029155108,-0.002531735704848881,-0.003015643057330486,-0.005767691122452456,-0.00558587055006432
2006-09-20,0.0031540525761344362,0.0025186270901240704,0.003557098246022239,-0.0015972306679236103,0.0013129874149457876
2006-09-21,-0.004496663249778821,-0.00019149020059394672,-0.00043173762733283993,0.00015254758456828554,-0.004725882530091319
2006-09-22,-0.003869309806728949,-0.0024180330505644276,-0.0029780369791211347,-0.003263980681954881,-0.003043793557474972
2006-09-25,0.006485583412831675,0.0013581255649743884,0.002823233961557925,7.988819891657784e-5,-0.00037898702896499437
2006-09-26,0.01048236394338864,0.005550909586596209,0.0070489554048986935,0.009516087372426707,0.00805656024145951
2006-09-27,0.001980512363816578,0.0043350802013057965,0.003371498896780123,0.003798700053645465,0.00226363204636848
2006-09-28,0.0013434514480581417,-0.0012597637167828246,-0.0012549485509947278,-0.00015340100341043605,0.0005979138944012252
2006-09-29,-0.003718834202044996,-0.004061425753217884,-0.0034755824100234367,-0.003421627100863578,-0.003062257163333748
2006-10-02,-0.002252207846840104,-0.0007505836884293959,-0.0012878323260467894,-0.002917688734336621,-0.0024009605779137244
2006-10-03,-0.0025937108418063737,-0.004659378678720794,-0.004159597276065075,-0.011066630895198437,-0.003984750069109366
2006-10-04,0.012856666666666738,0.010334532727051204,0.011014806482434691,0.010461900904587429,0.01172050883797171
2006-10-05,0.009741883517575989,0.008146504699395374,0.00944257363261336,0.00993259538072877,0.011326655855579348
2006-10-06,-0.0020165086417869293,-0.002738672260284347,-0.0028474932757024396,-0.00300314843902294,-0.003973638522001277
2006-10-09,0.002636955131410046,0.0005941510006799433,0.00128868704836127,0.00027216324694268046,0.002503713324100154
2006-10-10,0.0055706995558251204,0.0005227969418788447,0.0012322954163532795,0.00324548464960861,0.003699486850290201
2006-10-11,-0.003342841054908008,-0.002809368685485869,-0.004645293663126715,-0.005555448342428493,-0.005293177973641927
2006-10-12,0.013391891821373125,0.00729477580811988,0.009644501860423205,0.009707801654702086,0.01258718561127714
2006-10-13,0.001966413939228362,0.002805684902871919,0.0031747729370779076,0.003685655953125533,0.004312590826097917
2006-10-16,0.007230792110926032,0.005003198443980006,0.005425062940772607,0.007562116342112679,0.006973010721724071
2006-10-17,-0.006352407756778811,-0.003356724781717779,-0.004427882388784665,-0.004556755426381454,-0.00508457465349732
2006-10-18,-0.0011875677469616042,0.002214217523766937,0.0004032925500501161,-0.00045608693093102115,-0.0015603987922172546
2006-10-19,0.006438233388546211,0.006652469718953613,0.007525690795708417,0.010695382537420306,0.009256886124647368
2006-10-20,-0.004435036180410745,-0.0009520334090491467,-0.0027935556157636654,-0.002986406658259888,-0.004286606353322786
2006-10-23,0.006509375366978265,0.008033863535159114,0.0094504492271974,0.0072280768685233365,0.00746719801731488
2006-10-24,0.00493429182124272,0.0015447481148440634,0.0025291567192302633,0.0023761728899027723,0.00346011840207483
2006-10-25,0.003836808551390236,0.00801943991788412,0.006272559368993402,0.006684256076648465,0.005050826757396765
2006-10-26,0.006055985370444716,0.0012354602745354715,0.003401561223776106,0.0031703414133885666,0.003968836848975421
2006-10-27,-0.008297495879576844,-0.004874032692521402,-0.004730485286986386,-0.0039913689067151426,-0.005857607284073918
2006-10-30,-0.00010632644301522554,0.00010892595356026824,0.0015033878859116445,-0.00033393988647767436,0.0028024576996843464
2006-10-31,-0.0006298865855765001,0.0009672090008050471,0.0003295687960200855,0.0009878991167027174,-0.00011205367880318118
2006-11-01,-0.008339090360605761,-0.003283041430202416,-0.0055404099304735555,-0.006333609454764688,-0.0076351019989612245
2006-11-02,-0.0004666666666668373,2.9636363524154774e-5,0.0011132127069701792,0.0011496578445591155,0.0016349708648546457
2006-11-03,-0.0012099553124793605,-0.00278007802519753,-0.0031426362699332744,-3.1120761661118657e-5,-0.0018187663935039788
2006-11-06,0.011050362315127682,0.00726348812584976,0.010231101215350868,0.010341691830972444,0.01306057612955902
2006-11-07,0.0014036472283922574,-0.00026892338111028646,0.0004662539059829829,0.0009238276481073893,0.002311787098337348
2006-11-08,0.004188348737509839,0.005789555301410232,0.0045085280786325566,0.0040019430585751525,0.003002098284623278
2006-11-09,-0.002265817066130049,-0.0006101169314677302,-0.0016368677295994782,0.0003374952376800078,-0.0010337771941103524
2006-11-10,0.0013186456783917944,-0.0010702907430449882,-0.0008462744049312354,-0.0026761870489167006,-0.0008342362901664346
2006-11-13,0.0035278777689615737,-0.0003319808410623404,0.0007113579115103352,0.0013106947975343175,0.0028230878754689215
2006-11-14,0.006084641514160882,0.0026696449382239695,0.002936931458459746,0.0014812462102460344,0.0024139879920093144
2006-11-15,0.005684282521968065,0.002527419727800906,0.003829223504598689,0.005055499298522115,0.0071178879009514695
2006-11-16,0.0010197065451154064,0.003593970128127566,0.003499095673443753,0.0008356454376170497,0.001909461640297705
2006-11-17,0.00042220117867608487,0.0011947212148650799,-0.00015264801285763685,0.0008298806825250971,-0.0015687435493750845
2006-11-20,0.0001688916117681405,-0.0016482642739031883,-0.0014368869550916985,-0.0022584902306145294,-0.0007188142260834418
2006-11-21,0.003700609209124739,0.0031120114985041525,0.0041126268219169315,0.006077335703667863,0.004953698221316749
2006-11-22,0.003441404018697636,0.003938088833550291,0.004095526254894066,0.0034819210011629576,0.0045241412254448665
2006-11-24,-0.0019297500730032224,-0.001550509961751545,-0.002032533819529392,-0.0015528270253002407,-0.0015168769800835147
2006-11-27,-0.015183961491388676,-0.011619705094319865,-0.012187139175887318,-0.01091766607601874,-0.012917357010966302
2006-11-28,0.002570715385540323,0.0033919968330711203,0.002000907344404501,0.0020179147184020696,0.000552516033111683
2006-11-29,0.011671816090329079,0.01000935284110005,0.009543949670389518,0.010045331364940902,0.008937131702085654
2006-11-30,0.0030067921835990052,0.0013822100652429725,0.0012399232589650477,0.002727220128576402,0.0030352883353568227
2006-12-01,-0.0027762869531069434,-0.0021307267935056773,-0.003131396895887706,-0.003091763465152275,-0.004215894693767375
2006-12-04,0.011373333333333235,0.010902067109554547,0.011553780810631409,0.01062059880247923,0.012236992673887448
2006-12-05,0.004585117595876653,0.004738220751890676,0.005607858892194839,0.005555453897052143,0.0035960246016115693
2006-12-06,-0.0015631492745876718,-0.0013477598744361385,-0.0013341984999968304,-0.0030760455546677834,-0.001575802552041372
2006-12-07,-0.0023159617796578713,-0.0008275365037593296,-0.0006711690477277932,-0.0011328292786245697,-0.0006884988405562176
2006-12-08,0.0008015882775431749,-1.068391280423242e-5,1.4838430604013908e-5,-0.0002057620321122,-0.0005296053349216345
2006-12-11,-6.80822613980947e-5,0.000770084377761604,0.0005265439449260167,0.0012113523923322767,0.0023307926903037846
2006-12-12,-0.004020851845396245,0.0010603111012310595,-0.0005693264538421117,-0.0006855037791362317,-0.0021352304070331174
2006-12-13,0.000764480492430053,0.0006126262926895443,1.9071510137802505e-6,0.0002172343060233839,0.00023453620704128042
2006-12-14,0.0062639552327767856,0.003047938200644751,0.004473245458489039,0.005583472030764591,0.0059499723387794745
2006-12-15,-0.00166739626512602,0.000798831393274746,0.00029384235262375213,0.00010236261149199066,-0.0006575532670829443
2006-12-18,-0.006340300851927938,-0.003501122762217035,-0.0037070750090762994,-0.006228649983471168,-0.0044066200019453605
2006-12-19,0.002872479216477375,0.0032973734552823597,0.002453833504007852,0.002275564803327912,0.0014038371151152695
2006-12-20,-0.001356680502139107,-0.002499374660426823,-0.002162912583000609,-0.005286406953602496,-0.004856189506526443
2006-12-21,-0.004738862186650317,-0.004343733929765947,-0.004896585951756349,-0.0061183008283315354,-0.007041842975054391
2006-12-22,-0.00442966943354639,-0.002620896807416395,-0.0031806352028463936,-0.004022728787376306,-0.0035611577766456737
2006-12-26,0.0048949980439123575,0.0049501107908938025,0.004656634359957446,0.005166353232534782,0.0060582776776751945
2006-12-27,0.008423238367176733,0.006439114151824965,0.0071378326131903425,0.00876061548097029,0.009945917879429
2006-12-28,-0.0018143146638596175,-0.000556305841701521,-0.00040871913109041813,-0.001096518677386582,-0.0018182340908273753
2006-12-29,-0.005638665155830447,-0.0057860493036557825,-0.006158333223814427,-0.006104699180233264,-0.006370444310074386
2007-01-03,-0.0022773058349349062,-0.0019481288228048177,-0.002052096185381602,-0.004284621598126814,-0.0028797844045789223
2007-01-04,-0.0004102810444337468,-0.0021570807547728332,-0.0015521390381110223,-0.0032012169015206426,-0.0007245369441444272
2007-01-05,-0.007079999999999975,-0.007181587146899648,-0.00583150074528116,-0.005737170357944299,-0.0072566224953541925
2007-01-08,0.003521717426043125,0.0024565518316492785,0.0023723279311018697,0.0023013643394704797,0.0027134911686585994
2007-01-09,0.0010908364991608632,0.0014779149310788497,0.002015039887069303,0.0007925338415102345,0.0003219898591464432
2007-01-10,0.0038865125168145997,0.005222222162551526,0.0049729216397240705,0.003139270648625514,0.0042449800922959025
2007-01-11,0.009167457651143796,0.007322725619633985,0.009247314982496313,0.008713092768425135,0.009129417310080656
2007-01-12,0.005825712738130484,-0.0003601690580876671,0.00107394653340398,0.004585170828283802,0.004531294383166351
2007-01-16,0.0005483470370697408,0.002087551519906361,0.0024197621833004224,0.002418657097312149,0.003605805561418318
2007-01-17,-9.918973119393826e-5,0.000721630197176637,0.0006671526612849199,0.0007216039273647556,7.96999595262804e-5
2007-01-18,-0.004169615488660572,-0.0034089090716086234,-0.0034742082765687465,-0.0023544955505597764,-0.003801551585808527
2007-01-19,0.006444552223100253,0.00408474702826056,0.0040895118963864,0.006656128899075187,0.005590766394540925
2007-01-22,-0.006278220736069096,-0.0031887958522954785,-0.005027589145506273,-0.0055307203926696635,-0.006059316571086715
2007-01-23,0.008425594650346424,0.006314189161811035,0.006201534540000386,0.007860004234914397,0.0076050238465932285
2007-01-24,0.006727279666672192,0.004432825664647755,0.004836069252517783,0.0051172953456632975,0.006672495226723862
2007-01-25,-0.010607619232274712,-0.007799974913742624,-0.009175680653679685,-0.009046372643199962,-0.007731930710203172
2007-01-26,0.0001398330874589071,0.0006617177123307005,0.000466883700266596,-0.000361455142764866,-0.0005648090399996697
2007-01-29,0.0009983037600014288,0.00047862707738244303,0.0011446352482875621,0.0015714008916623001,-0.0005318970742829165
2007-01-30,0.0046161889220104335,0.0030142288883903134,0.002949944251640524,0.002591241846347625,0.003895241222825474
2007-01-31,0.009225975470439796,0.005446469513441521,0.007329872124037129,0.007991062191697873,0.009124102289852942
2007-02-01,0.009093471372781714,0.007034703032932077,0.00718354750146144,0.008443168438801996,0.00811131553379707
2007-02-02,0.001514403313973789,-0.0009359358448152166,-0.0011123935544077312,-0.00025770277592862545,3.206850302284181e-5
2007-02-05,-0.0016090789090746904,-0.00023837951085914355,-0.001014964216404901,-0.0013842033638116202,-0.0003794616001802087
2007-02-06,0.0026400000000001977,0.0014498353888763305,0.0022979116784680453,0.0020857487055925272,0.002532521585367764
2007-02-07,0.0005584174446129353,0.0004537686501999705,0.0013314688150554144,0.0004991208706417449,0.0018444397750343455
2007-02-08,-0.0010649117246798179,-0.00046633591053846235,-0.0005107457386834824,0.000674464090280491,0.00010424732346492327
2007-02-09,-0.006064173390383676,-0.0021472215613396184,-0.0037905059847295197,-0.003554885123203011,-0.004965874284101446
2007-02-12,-0.002362331651177052,-0.0012062495734889156,-0.0012242592536664265,-0.0016593441180429158,-0.001717578279039511
2007-02-13,0.010141226197611486,0.009762790712371405,0.011186214104081493,0.013533941663841587,0.013141516282159982
2007-02-14,0.007544175564732081,0.004426544045519121,0.005709758303293011,0.007814539529393372,0.009089463965179734
2007-02-15,0.0017557731441391056,0.0020081664248663422,0.003202816265325703,0.0015643020666880059,0.0018081465003327857
2007-02-16,0.0034035769467855026,0.0019637997741137614,0.0023760160913031125,0.0014990821232052642,0.0006980850168265551
2007-02-20,0.004351325641684278,0.0016807127299043323,0.002400547081481852,0.0014885544442495569,0.0028853540046291926
2007-02-21,0.0027519515569023323,0.0018677632315344805,0.003603585356220629,0.005664081636429064,0.0055048224048590555
2007-02-22,0.0002659105725448807,-0.00015677614782705351,3.32268252047907e-5,0.0009355907045771605,0.00021995889764547805
2007-02-23,-0.00047642075164167075,0.0006293008801629973,-0.0006931611543922189,-0.0005436911481739859,-0.0013194492464133623
2007-02-26,-0.003206458316625138,0.001573371912004573,-0.0030178251481358664,-0.003175991210216056,-0.006009478325932682
2007-02-27,-0.03598874659251927,-0.03477246304996384,-0.03691535424957093,-0.03786249234011696,-0.03799735210947375
2007-02-28,0.005067854206498579,0.00899781293058255,0.009912268894619825,0.008938278949145007,0.00924964451016752
2007-03-01,-0.0015383042605018327,-0.0005279586881431486,-0.001184067736318295,-0.0015757228568687998,-0.001765511946565157
2007-03-02,-0.014360420824192643,-0.013632655594637222,-0.014035410794694059,-0.014849422338044094,-0.01496869626171482
2007-03-05,-0.012189578110662791,-0.010313331320051855,-0.01124459482040241,-0.010134306467418197,-0.013093518750297406
2007-03-06,0.01590646633927406,0.014325679691339355,0.014732793427112423,0.013287122666407747,0.015140750355927546
2007-03-07,-0.00024756173742024323,-0.00147098443869087,-0.001574113959081913,-0.0007372277404814609,-0.0011341703384561974
2007-03-08,0.00890000000000013,0.007341015141326013,0.008244254986771171,0.008066743359301354,0.00858570757423438
2007-03-09,0.002214637063468583,0.0026002635495361304,0.002512867394885321,0.0013654215675096282,0.0016433181095041327
2007-03-12,0.0023168536009199325,0.0034337855697905706,0.002841445141278154,0.002849863936492225,0.0016890279248089612
2007-03-13,-0.020256981027597765,-0.019136197858916293,-0.020559535441916577,-0.0212357843724289,-0.024260216807756918
2007-03-14,0.005755031338717798,0.0044469960075148585,0.0040371576705235945,0.004463240457269979,0.004615954781872711
2007-03-15,0.0060278276977872025,0.00784104415449538,0.007539576948940141,0.007798218416048774,0.009067485164439226
2007-03-16,-0.004112026844979133,-0.004926827765980191,-0.004075164937598741,-0.004018212452032599,-0.0035876736130532327
2007-03-19,0.011857297575438297,0.009208768808549594,0.009375558114712579,0.00972187064259522,0.010262837489369847
2007-03-20,0.006267670187817931,0.007855963277071165,0.007159693856122251,0.007037363400742791,0.006465611387757031
2007-03-21,0.014269897928749886,0.011817651222005177,0.011314205540631894,0.011302951321193522,0.013595799586296753
2007-03-22,0.0004050008678671002,0.0011078597472862217,0.0005052103065443792,0.0012226857670705193,-0.0012086631705895412
2007-03-23,0.0019354091615804148,0.0012208193830822722,0.0022803844777048443,0.00406946545327691,0.004408530443757552
2007-03-26,0.0004197029047758871,-0.00029956794064978087,-0.0013731357834644298,-0.0019207639753955341,-0.002089588819667476
2007-03-27,-0.006875760350120164,-0.0049617743688075144,-0.006206763589795994,-0.0066606688752757215,-0.005880899213780988
2007-03-28,-0.006085543865456566,-0.001115387817510749,-0.003023107324098717,-0.0043768844671593365,-0.005893712449981159
2007-03-29,0.0030718917898733267,0.004191201000800282,0.003543054427115777,0.0032188293604125118,0.00429127776926741
2007-03-30,0.00011884373176362928,0.0010298118726814742,0.0023428446966968774,0.001791744561982167,0.0013403805062848217
2007-04-02,0.004510392586185796,0.0065141666797328135,0.004156056692623755,0.003410551094816583,0.0028587642129960233
2007-04-03,0.009067851515267344,0.006824826654388216,0.0083473651002679,0.008762079312045978,0.009656284027854234
2007-04-04,0.003086905155920139,0.0022477346788853936,0.002514145783441668,0.0018374136543013453,0.00021900617585091098
2007-04-05,0.0031894664309564114,0.0019090436682283052,0.0017937821307643098,0.002118581560397459,0.002897171232278284
2007-04-09,0.002969999999999917,0.001781116046815523,0.002624742992201279,0.004425925177577339,0.003855585077809698
2007-04-10,0.0018245956176825562,0.0029208665822346713,0.002111107164670889,0.002965894433175631,0.002486807427580562
2007-04-11,-0.006415084302062279,-0.0051157032849971085,-0.004875147298855076,-0.004880041071457675,-0.00551357167811406
2007-04-12,0.007836011326711079,0.004752072352632641,0.006259347718883257,0.00847368351797173,0.006839817497998002
2007-04-13,0.002803191603673705,0.0023115220231273437,0.0023798586237391284,0.0013718087610437024,0.002584147957956029
2007-04-16,0.010184295747651673,0.006411759589157295,0.007777769621623687,0.007827619238843786,0.009849832914655021
2007-04-17,0.0007306485543729924,0.0060543426274661805,0.005283346277051182,0.0032173607435104223,0.002418495715285296
2007-04-18,-0.001193593255069958,-0.0008890176352076562,-0.0011890586973597461,-0.0011257652354830228,0.0006884379631468818
2007-04-19,-0.003176856483824375,-0.004119022178563192,-0.004519541659660287,-0.0028831951164733916,-0.0028361267180878613
2007-04-20,0.010615649102161617,0.009010532965326279,0.00947062786413877,0.010782605766412434,0.009072145889649885
2007-04-23,0.00035126193502943437,-0.00024617883596222967,-0.0013779896274607184,-0.0024069248639189134,-0.001767815917351645
2007-04-24,-7.643579327532013e-5,0.0022819970767149478,0.0005918668155129314,3.007677989996793e-6,-7.537486803854687e-5
2007-04-25,0.008995916906361368,0.005747509162182585,0.005720012815382924,0.0073275743603529175,0.0073669038170101064
2007-04-26,0.0004391753523131925,-0.004139971820734445,-0.003441872349285391,-0.00516088929292291,-0.0063131721334162005
2007-04-27,-0.0016749955283564821,-0.0027539048694424917,-0.002856198719428771,-0.003126817833947859,-0.0036149642938855253
2007-04-30,-0.010731577887169497,-0.004752628491644928,-0.005930808050853553,-0.005682152035616284,-0.007048439298518283
2007-05-01,0.0009127734710270285,0.0023826354035330066,0.0007421620353615932,-0.000515995193618557,0.0004386029505454303
2007-05-02,0.010424519959290057,0.005536654122904272,0.00646478285677321,0.006188226109328454,0.008011132658611864
2007-05-03,0.0027292723997376367,0.0015110381992993194,0.0015499599947184084,0.003236526492897296,0.005023406150586274
2007-05-04,0.0025483840043791783,0.0027388482564512096,0.003947258956602084,0.004372824481221338,0.004291562541371308
2007-05-07,0.0027764161255552366,0.0025097783087963954,0.0015572497874445368,0.0012015836418981518,0.0006388018189156242
2007-05-08,-0.0008433333333333071,-0.0037606630463014046,-0.0020250806121985265,-0.0008190979567586076,-0.0003781347998361717
2007-05-09,0.006288696133739391,0.0026650415057534182,0.003762661027118197,0.003183552348449581,0.0033475079992630885
2007-05-10,-0.014192877830855988,-0.011820973080770014,-0.012040548269068418,-0.013191983318126321,-0.012823942199202687
2007-05-11,0.009692244583374032,0.0070233001091277725,0.006895413196735367,0.008042691765304255,0.007759377613746787
2007-05-14,-0.0022065420619574727,-0.0017157674580219329,-0.0029915271523128784,-0.004275208028554189,-0.004848912422916851
2007-05-15,-0.0017113263207775287,0.0019511970911787468,8.971007248792517e-5,0.0005146522411472176,-0.000991153501268105
2007-05-16,0.006681589500624918,0.00838692476962044,0.009085988387977029,0.009558988955452596,0.01029172676252399
2007-05-17,-0.0004740433136264377,-0.0025267273699526305,-0.0017216280394026784,-0.0009437844940587414,-0.002687820702712451
2007-05-18,0.007201767027816386,0.005566715909823605,0.004982062454216063,0.004649159599620534,0.003838735180835773
2007-05-21,0.00444458375998269,0.002093824974366054,0.0031545787900417732,0.0022224975681064407,0.002127733747870675
2007-05-22,0.001013936119347969,-0.0003615075575738036,0.0005092888342035362,-0.0010584178546384493,-0.0007387190975913782
2007-05-23,0.0001635004532629658,-0.002207719867597935,-0.001306833470676172,0.0010583649088076186,0.0014716026242140856
2007-05-24,-0.010812943371660166,-0.010591513024558852,-0.00919566631786961,-0.008009747198922224,-0.008798767468537916
2007-05-25,0.006734012994043415,0.0051294378213846414,0.00460204407088205,0.005977059530337447,0.005187192016678388
2007-05-29,0.0031005480399004526,0.004360207944251293,0.004180790660742284,0.00414372322340828,0.0049544477791212405
2007-05-30,0.009038871640229207,0.007969756918205118,0.008617946613052263,0.008530420848523512,0.006346840302467571
2007-05-31,0.00329068543433797,0.0018873724311883056,0.0032643435666512843,0.0035179154739679586,0.0036722797887212
2007-06-01,0.006449552291022842,0.00727906733235284,0.00894799841920979,0.009893492847789398,0.009964213519813914
2007-06-04,0.002025439168145793,-0.0007706043349999803,0.0013876862755923813,0.0004536773473216016,-0.00048404130254131594
2007-06-05,-0.0060959135871589964,-0.007174717053694546,-0.006740870813476296,-0.005693473206471511,-0.005983667008197191
2007-06-06,-0.010613643130181871,-0.008488779481489295,-0.00921351483859889,-0.009334482987703452,-0.009300459327105992
2007-06-07,-0.019166666666666776,-0.018023776105753342,-0.016483230750851452,-0.01647203436855471,-0.01642739286833461
2007-06-08,0.01172551028037394,0.008403518116993247,0.008191992830494543,0.007926772069220434,0.009007871015635383
2007-06-11,-0.00015534877736733677,0.0028669492951445275,0.0014922735309090829,0.0017224942369820084,0.0014571208610856257
2007-06-12,-0.010375863299033172,-0.008350772513492144,-0.008610818994504221,-0.009395715558796258,-0.010351322227596271
2007-06-13,0.015415588638625799,0.013197907489438165,0.012644964644582757,0.013150646632978269,0.012585759194919
2007-06-14,0.00668625428724523,0.0033449005383574537,0.0029081952165486147,0.0052997438309827505,0.004499247912419069
2007-06-15,0.006914471772805131,0.006525035365922527,0.005948656296090871,0.006485877045842026,0.0057174312609105105
2007-06-18,-0.0024885794689991636,-0.002267618155859852,-0.0020493491306455835,-0.0015810462639243017,-0.00331448477717855
2007-06-19,0.0017787773771946735,-0.001854286637893665,-0.00011302559842485405,-0.0006329167022554039,0.0007733085879213508
2007-06-20,-0.01205013014106815,-0.013419455627488142,-0.012944060424996962,-0.01210146280370028,-0.011015525639242019
2007-06-21,0.005597089482960893,0.0064659141400666975,0.0045083999440995726,0.0077253323844799215,0.005552102328815645
2007-06-22,-0.010398805157437963,-0.010978209585776666,-0.009835044422007666,-0.009649861017818062,-0.010721340405583035
2007-06-25,-0.0044025043067250635,-0.0017808755494356232,-0.0034818037868132867,-0.004338379711169127,-0.003542018517445289
2007-06-26,-0.00490232945522584,-0.0020905940214819285,-0.0019721249818061004,-0.004863227008655824,-0.004230277839033292
2007-06-27,0.009239715721539588,0.009066010533933522,0.009964144681975373,0.008418491196926947,0.007432149193343562
2007-06-28,0.0018301691380162577,0.00096446244475068,0.0011097666333184097,0.002152005020881864,0.001660368505283616
2007-06-29,-0.00035194481018674395,0.0006425982068229974,4.060011023443444e-5,0.0002876037254762043,-0.002292725482183733
2007-07-02,0.011764597188123505,0.01122505333926549,0.010041070742101033,0.011067104143720474,0.011577805952746045
2007-07-03,0.0020459155020329245,0.0007075689597655366,0.000672303994688539,0.0003774563354035365,0.00192894069433458
2007-07-05,0.0031796591407822206,0.0029115689039029835,0.00545364425835726,0.0029687760682985953,0.002491811443459113
2007-07-06,0.005646165048086793,0.0039325459037136135,0.005544622792972076,0.006304574600499935,0.005866947122099564
2007-07-09,0.0021533333333332294,0.0017191758599017781,0.0005219768608208941,0.002330097628135075,0.0016312229532808864
2007-07-10,-0.01438706086227659,-0.01221465825949597,-0.013735587646852898,-0.014090674717596507,-0.015927331450314552
2007-07-11,0.005687631785869174,0.005355956713358978,0.004532683570964702,0.005982206328538631,0.006809099629781601
2007-07-12,0.01730434377660206,0.01644690328349041,0.016659513776953183,0.017101068162899802,0.017902346164311744
2007-07-13,0.004322554824638392,0.0038771129310863905,0.00215056307278072,0.002351664699355993,0.002355413138687368
2007-07-16,-0.0037806251032032057,-0.005363833390428008,-0.0051333145395640045,-0.003870861760089106,-0.003306928176481261
2007-07-17,0.00017256076007332588,-0.003212302046940896,-0.0014411497600538281,-0.0011680588441638218,-0.0007206401776490567
2007-07-18,-0.0016762246787606072,0.0010328724898103214,-0.0016162258043083133,0.0003076019951697706,-0.0010141133065151298
2007-07-19,0.005343978266322491,0.00713531079428531,0.005320869014159735,0.005090840550619369,0.004341721376225793
2007-07-20,-0.01360080057596269,-0.010779499448997587,-0.01116588049641054,-0.010521250751368338,-0.011510391312724244
2007-07-23,0.003342089794416525,0.007100157861429146,0.006049900543748876,0.005280115849643607,0.003966798294630536
2007-07-24,-0.020246502267675437,-0.019357356460123154,-0.018942420874872856,-0.018129270104633388,-0.020239683163783884
2007-07-25,-0.0012019052359746318,0.0018134839397732083,-0.0007087586495294618,-0.0006667642996773804,0.0018489524667120172
2007-07-26,-0.023346357229147796,-0.02280090327871165,-0.022250614453493966,-0.022054417781351976,-0.02339438913219949
2007-07-27,-0.014174026876982215,-0.013918188614813976,-0.01342167270473249,-0.012617529074087419,-0.012848518823064814
2007-07-30,0.01217326468663349,0.00908186369519437,0.010307334779670496,0.010540463533990518,0.010426633840690869
2007-07-31,-0.008957334421083596,-0.005398273117240615,-0.004801813592563708,-0.0062517216379647245,-0.006204797636993109
2007-08-01,0.0036865133860577437,0.007035572769946041,0.002509859002443937,0.0011428292497899228,9.664488355087819e-5
2007-08-02,0.004551722166710848,0.0035925368419740256,0.0025834932338058003,0.0018980522342793016,0.00132610020101942
2007-08-03,-0.025504877368163203,-0.020268849254971966,-0.02178448191480331,-0.023183321997058637,-0.027549511793605097
2007-08-06,0.01618128752218939,0.022057059834623916,0.017919254835538467,0.015477848747492029,0.01747342604306268
2007-08-07,0.00804000000000027,0.010512361004038295,0.011180785311724062,0.010700126752351657,0.012481168085677119
2007-08-08,0.012445611285266223,0.011752797423234096,0.008206933965612562,0.009310513795275588,0.015643053784448524
2007-08-09,-0.024846779298184463,-0.023227506520859587,-0.02407867302542943,-0.026419906291747286,-0.023528010666873822
2007-08-10,0.0005689142438560779,-0.0017278628145861452,0.00020903573120167884,0.0013346274691208304,-0.000689050529598334
2007-08-13,0.0006621710312995077,-0.0016495140695544919,-0.0013527605883355553,-0.000582011669333693,-0.001774240597597343
2007-08-14,-0.020620496544090816,-0.01602249797448585,-0.017207900586544422,-0.019100321438167978,-0.01905189858276579
2007-08-15,-0.0186782317296752,-0.014537651571539745,-0.01604043888695661,-0.01843789696117848,-0.019520923014904157
2007-08-16,-0.0026545694958998167,-0.0028708622951840734,0.0015582679305170544,-0.005613449722128627,-0.006815213464863357
2007-08-17,0.021958758848182214,0.02115184276048554,0.01844542675131078,0.021893796343789074,0.02362360866879798
2007-08-20,0.004268340421898165,0.001157483238595436,0.0023176032389287116,0.002922150545802582,0.0032863744448505816
2007-08-21,0.001197857668625124,0.000522902518191648,0.00030903915426261364,0.0004784818971399485,-0.0005529694028262311
2007-08-22,0.015876536535849972,0.012656361687888085,0.011754400968567502,0.014612753238810283,0.015392946138855113
2007-08-23,-0.0033566797333253184,-0.0010362339524966346,-0.0010332868749615143,-0.00203201643464912,-0.002403954999535496
2007-08-24,0.014414487951593502,0.012446947307239276,0.014002404499719345,0.015187419848264883,0.014930629104868087
2007-08-27,-0.008151539931654517,-0.008767268099909353,-0.009223294775990154,-0.007650711884459982,-0.00908835312801437
2007-08-28,-0.024271998659857963,-0.018524097046132115,-0.021012646029501703,-0.02223845144998038,-0.02143395130978165
2007-08-29,0.022131509721756037,0.018198526275181592,0.01869185396899886,0.02006323142324229,0.02078352805675765
2007-08-30,-0.0036985690272537397,-0.0031827617470643332,-0.002523998457294674,-0.001702768819502376,-0.0030127527238080765
2007-08-31,0.012466195675358893,0.00862661954763011,0.010529251801171702,0.011292841606737714,0.01110324159189413
2007-09-04,0.009567742484914099,0.010941470781762108,0.00885931224809755,0.010467952962932348,0.012672280720724904
2007-09-05,-0.009967905989831327,-0.008765907345389179,-0.008061331766807567,-0.00749907186540244,-0.008416278755100537
2007-09-06,0.007183333333333319,0.008707788939503969,0.008764665990813159,0.010327894811290372,0.013059117265022069
2007-09-07,-0.018660377620757562,-0.013791130313438482,-0.01485680090339303,-0.015125124375066412,-0.014280152767046417
2007-09-10,-0.005250484636456609,-0.0005956554679480419,-0.0024238949542764177,-0.0036015276841580013,-0.0027852796371028443
2007-09-11,0.01407557686332428,0.015241698891648392,0.013933426745684097,0.016538724586817377,0.017047949610309754
2007-09-12,0.00014957342574439814,0.004016034257005474,0.0013339934817107046,0.004727487847433265,0.004466652765480417
2007-09-13,0.007411312448246221,0.004819950558046182,0.0058293300579770335,0.005565253577041851,0.005944607211869624
2007-09-14,0.0031128539258760135,0.003830271988153111,0.004292654193511769,0.0032784512967753976,0.0032422030055867523
2007-09-17,-0.005602060786572882,-0.0037665465511782514,-0.0044021650958823155,-0.004047730958253504,-0.00487574983445771
2007-09-18,0.030202143364425726,0.02131402332739052,0.02231268629341443,0.024703886487108084,0.02406804789233652
2007-09-19,0.006066616544230907,0.008516293631881888,0.007407538461226659,0.008098953130180053,0.00559971965231032
2007-09-20,-0.005695111221857174,-0.002474168551671263,-0.003643874686707793,-0.00034636482601291263,-0.0010294903424792334
2007-09-21,0.004169026875995074,0.004032332920114845,0.004460575201593597,0.005472655611429733,0.005238448376693183
2007-09-24,-0.004585175610389625,-0.0012800875914082965,-0.0017060599567254586,-0.001420168348728379,-0.0025938954968796057
2007-09-25,-0.002082616966549211,-0.0023589260985699134,-0.004623957401395762,-0.003864321850437502,-0.004417828312114236
2007-09-26,0.007420776080177216,0.006267730779369263,0.005731375548689188,0.0042699088879061264,0.005000647896653554
2007-09-27,0.006626255957686622,0.003933792253396851,0.004522273416442513,0.007083160984184378,0.007697564245345623
2007-09-28,-0.0033916237395783533,-0.0030563074031879633,-0.003176515026426907,-0.0026340697488081988,-0.002380879842122652
2007-10-01,0.014804065273711364,0.013349022049117698,0.01579958200601639,0.015449530834682035,0.014831443437800962
2007-10-02,0.0013966758507193422,-0.0018855719395169945,-0.001755511343489835,-0.0031331478386512623,-0.0024474558375687794
2007-10-03,-0.0068587432180524655,-0.005991024543391399,-0.005325284558746701,-0.006588270167314447,-0.00487859745240149
2007-10-04,-0.00022851647600086178,0.002278708671014984,0.0005026248761492713,0.0019745410800104946,0.0013547778168032654
2007-10-05,0.01298666666666648,0.005416561437106671,0.006349852996790473,0.007462740323884054,0.007939898330673545
2007-10-08,-0.002895331955669045,-0.002396593113375589,-0.0017881878050127753,-0.003011086221654913,-0.004407164099761274
2007-10-09,0.008822239553082811,0.009466954074392353,0.008119606629345633,0.010134922009609193,0.013228799139301861
2007-10-10,0.00010018689868118713,0.0003956425561999488,-0.0013061673398377938,0.003495744096556619,0.006579809475555587
2007-10-11,-0.005675911750414486,-0.004299095930801022,-0.004713081168716382,-0.005318881932838471,-0.0046244349289641384
2007-10-12,0.005014070046143404,0.006371425691995336,0.005515936141865074,0.007413748575203938,0.007308881063516015
2007-10-15,-0.00801791827666265,-0.006218912099783203,-0.007168696188643464,-0.006059158992325564,-0.004249934675034428
2007-10-16,-0.0061390248980789375,-0.0006689291419897936,-0.00035029340310643864,-0.0025582307639758772,-0.0053492372509168495
2007-10-17,0.001397262866583704,0.0007709741409054338,0.00016000856944109465,2.422481656316755e-5,-0.00017092678592167676
2007-10-18,0.001674213243900713,0.002605320291354074,0.0014155245207010392,0.003190020080746425,0.005134793964671758
2007-10-19,-0.024450363105599893,-0.017824808399172554,-0.01695948094387234,-0.017930776120056113,-0.021478530915836958
2007-10-22,0.0048037793717339294,0.0026687068805766323,0.0034274058422656406,9.301182091192572e-8,-0.0019318450686524047
2007-10-23,0.009380606223864607,0.0069114265388952045,0.0072431179876626395,0.009908420032890497,0.011744423949624938
2007-10-24,-0.000568893921651048,0.001898360032088986,6.92392485936999e-5,-0.00013241087321624878,0.0020966827447244096
2007-10-25,0.0012536234308713201,0.0058935554274817115,0.005187691916666237,0.0030190489565116163,0.007249673941607027
2007-10-26,0.013501641460262004,0.009640371245304813,0.009723857362018418,0.011859542291856151,0.0142664944663633
2007-10-29,0.004744715746756167,0.005321811539700461,0.003580826957107597,0.004774561979445702,0.005656409555050201
2007-10-30,-0.008126279353496635,-0.008969796849992884,-0.0071166744707847895,-0.011044713720323784,-0.015662498071095987
2007-10-31,0.01335360010391562,0.012219000551032755,0.01356434886115121,0.014245265655127737,0.014293139546535771
2007-11-01,-0.027949803010416496,-0.021752311282761116,-0.021724945081819325,-0.023098772775820064,-0.02628439571608432
2007-11-02,0.003532276124100786,0.004414036422812906,0.004050082260261156,0.0036889706030229785,0.006105486434913265
2007-11-05,-0.0068033333333334944,-0.0003100870051281346,6.690581128632189e-5,-0.0010776085288545234,-0.005425049674390392
2007-11-06,0.013278126520762878,0.008308419390538502,0.006333594563713518,0.008349750179674764,0.01816848810114058
2007-11-07,-0.025086761324662032,-0.018924405980210612,-0.01895303558760375,-0.018833291451608503,-0.022488127241856004
2007-11-08,0.0051761862243220325,0.011598702415837936,0.010495747900234553,0.008373281526627752,0.0117500069150962
2007-11-09,-0.014406315199423259,-0.009389260726836657,-0.010088407485456363,-0.008675937835760372,-0.010742298142743523
2007-11-12,-0.016143748579323325,-0.010594488473157582,-0.007869815738328456,-0.009621940934193995,-0.025808895530881726
2007-11-13,0.02458779222224683,0.015825171326740328,0.01600890384028464,0.017329268643904605,0.020949224110368148
2007-11-14,-0.004669643000258739,-0.0008823276747197406,-0.0017278942517363616,-0.003301785609751473,0.00270213397451613
2007-11-15,-0.012089326161131009,-0.005346613551019175,-0.004821196466180067,-0.004929491884255177,-0.013899182871044857
2007-11-16,0.002170202779960162,0.008496763415972053,0.006300780656602889,0.008074316641121015,0.01033584755390704
2007-11-19,-0.019837144817908103,-0.007634272772959361,-0.007925147671391297,-0.008966160283636726,-0.01675227081941344
2007-11-20,0.006719760972275335,0.007079455937164525,0.005228251987802857,0.0054691637868538034,0.0135066506649415
2007-11-21,-0.01423064792040396,-0.012992900642733507,-0.012249591242420865,-0.013103691485790492,-0.014551517848375495
2007-11-23,0.015600209947419508,0.010051291961508557,0.010168520640529088,0.011592130306594894,0.015127673483206205
2007-11-26,-0.016883389133142246,-0.012726634458274155,-0.01169631104716562,-0.012281457269745055,-0.015109384579911844
2007-11-27,0.010878264965843432,0.013075908776196021,0.012938558730268834,0.014275060205295675,0.010301410911908171
2007-11-28,0.029713063734753353,0.017946339526083266,0.01848806068583353,0.020583029544402276,0.025308664752996535
2007-11-29,0.0007088035664006842,0.002271756658457136,-0.00023803590945870035,0.003018718387609365,0.003978695215901107
2007-11-30,0.006739224119739484,0.00496617180274983,0.004004864203847491,0.0037577777969763915,0.0034551543152654407
2007-12-03,-0.0061228264291849355,-0.0020891097132560432,-0.0013990289425757085,-0.003840441219352564,-0.005083803122797659
2007-12-04,-0.005157791885538776,-0.0007505384387791469,-0.0008511164002097393,-0.0007152513558200679,-0.002907246083378001
2007-12-05,0.01373666666666673,0.009131032081006296,0.0088225681320524,0.008088379162584092,0.01296773978222543
2007-12-06,0.01748903068186669,0.007998603483029498,0.0088203424256601,0.009699207325290615,0.014251206039331166
2007-12-07,0.002568101552741009,7.290138971227655e-5,-0.0005303861739908156,-0.0003002301058352419,0.00110442210285977
2007-12-10,0.007311631154247822,0.004401798353381725,0.0050308754660746136,0.006375808639066838,0.005145485496952373
2007-12-11,-0.026352532802169648,-0.016706223814923593,-0.015605138695974019,-0.01771298320682957,-0.02158488366671718
2007-12-12,0.007063534118571635,0.006043012997029251,0.0038231433064481735,0.005968407500995143,0.012854645284846589
2007-12-13,0.0003329993636675965,0.00279487934379552,0.001563870467050421,0.0005966922784612638,0.0014587284466303085
2007-12-14,-0.014280943455573403,-0.010768032840078212,-0.010942824941617801,-0.011040853446675603,-0.010945381203801174
2007-12-17,-0.01772418928834063,-0.01319354322253985,-0.014338375876292497,-0.01221840446654976,-0.01645695929736024
2007-12-18,0.0069175505761396305,0.005045434053396969,0.004025036304994067,0.004011943351419633,0.0070445697501317905
2007-12-19,-0.0002841832192431726,0.0008056746468934062,-0.001067575351606842,0.0017962343040753836,0.0037845797565556616
2007-12-20,0.00781220585095288,0.004964768362223149,0.0036136693229786854,0.004671567146831368,0.006046608413415866
2007-12-21,0.016954434479186098,0.012430719749263464,0.012407808577685975,0.01292001454347158,0.015169176172833865
2007-12-24,0.0070475439148474095,0.003667323093027308,0.00506103186807616,0.0030678660298122384,0.0044623914342212245
2007-12-26,0.0015674467095605493,-0.0005593091310510667,-0.0012199567321063975,-0.0008408188966374519,0.0034131932795249398
2007-12-27,-0.015316107876823026,-0.011015458396547606,-0.010444733745767376,-0.012738347592243349,-0.012442300223898584
2007-12-28,0.001266294714480587,0.001976060027915505,0.0029839587374063115,0.0011797878568304832,0.003866637539647
2007-12-31,-0.007373663594342772,-0.007863494252684955,-0.008178854386866163,-0.007365286848045716,-0.009337757475627928
2008-01-02,-0.014069614914010042,-0.01198732209771658,-0.011981129538944257,-0.01163046938682799,-0.004932562110758987
2008-01-03,-0.003116635387045097,0.0030645984179966668,0.003440110615363867,0.00031158947105613954,0.002744674126768265
2008-01-04,-0.027184546267186138,-0.011203868934068884,-0.010886233322701777,-0.013466251160095144,-0.01523803589593875
2008-01-07,-0.00012000000000000899,0.014703157581149373,0.014244898050210342,0.015287862136796226,0.006666476419517675
2008-01-08,-0.01672756697470379,-0.0025732975468620856,-0.0015697080901510008,-0.0016338407319486103,-0.002234819451786052
2008-01-09,0.006691528374019207,0.009137514261693847,0.009150934369276609,0.008129759987165253,0.00828078690415035
2008-01-10,0.0108614540296188,0.003886411819554514,0.00586655028731764,0.0056321831306218595,0.003454903981404911
2008-01-11,-0.017846088372197033,-0.014761998087551631,-0.018265906085013328,-0.015273523783713938,-0.014788247808407151
2008-01-14,0.011855981024629703,0.002222135014417148,0.002184850073963407,0.0029811693376540216,0.008729144175851022
2008-01-15,-0.02437062746472962,-0.016433823497258082,-0.017493440439266372,-0.016259629316444868,-0.019185493989032132
2008-01-16,-0.007484510054266091,-0.007440344857253756,-0.0074011062316666765,-0.007510076680303124,-0.018523170324000415
2008-01-17,-0.02999078278238676,-0.023275140392547966,-0.021450489659643246,-0.023142880076359895,-0.03081187316256362
2008-01-18,-0.0013971277223665535,-0.008802964653292333,-0.006687658739845004,-0.009268434183425489,-0.005802668085948537
2008-01-22,-0.004361196876975226,-0.020913409881401446,-0.018358374498389174,-0.016998341814855822,-0.022950194294892312
2008-01-23,0.02201607024171426,0.01394089631612827,0.015829120359149185,0.014433184690621825,0.009394826323822603
2008-01-24,0.012743610214556833,0.0019497501922809413,0.001631359177636016,0.007640778655857883,0.010893014122290712
2008-01-25,-0.006812620448385043,-0.013841987278872758,-0.014191600184167763,-0.011091586090783534,-0.007945859921522302
2008-01-28,0.016470504599882307,0.015296940373664247,0.011366401181853059,0.014462392725078432,0.017854039935198962
2008-01-29,0.006887987489748726,-0.0006662418388103664,-0.0010763978044249223,0.0006852593663508877,-0.002477868814043438
2008-01-30,-0.005495797892367982,-0.005459961260492863,-0.006453424335061797,-0.0065707070792555555,-0.006077852831947506
2008-01-31,0.018061929618688577,0.008720613490154294,0.01056808344908955,0.00990977376356672,0.010628132049870898
2008-02-01,0.01895812563546384,0.013781863023154317,0.014466457487076978,0.015777651023875627,0.016761578570930746
2008-02-04,-0.010924394479673527,-0.0017223490099200767,-0.002476546205786523,-0.0039908311805380015,-0.0006058689654589999
2008-02-05,-0.028318842034235736,-0.022962602980574065,-0.021056823012324033,-0.02278294620825716,-0.02863785517925377
2008-02-06,-0.007736666666666725,-0.003229562930069929,-0.003600788900207985,-0.004283287907936306,-0.006096175116063196
2008-02-07,0.010497228894211563,0.008620804440273133,0.008914241928999367,0.013177351202460441,0.012399845013465471
2008-02-08,-0.0005697064528750184,-0.00284659393206943,-0.0027855270950485345,-0.0051941792264056375,-0.00045951691998213917
2008-02-11,0.010776471224748008,0.008811573094522629,0.008834312726319737,0.008439862713229385,0.011975276343645369
2008-02-12,0.0023322437615223013,0.009203043147916201,0.009448688132934091,0.0047022025826004565,0.007287953964401295
2008-02-13,0.01626174644070133,0.00592435850132933,0.005772057673786968,0.006408567474700533,0.0072653666097370895
2008-02-14,-0.013209195331190138,-0.008073665100664984,-0.009497738651953358,-0.009213487907850704,-0.010601755496952303
2008-02-15,-0.003212250483402568,0.0031378080625841243,0.003010551471455125,-0.0004983569876357841,-0.0004980678797658067
2008-02-19,0.0050625549299436745,0.0019723984327131294,0.0008253167406266915,0.003977735294156126,0.006828985892242789
2008-02-20,0.008843031553589897,0.0021288283804525854,0.0022744966618106766,0.0029646088243910906,0.006500088693229378
2008-02-21,-0.012565298661341373,-0.009196799716932325,-0.009208039933284895,-0.008619890658477791,-0.01102146616365507
2008-02-22,0.006036990116074836,0.0044794628637045975,0.004628319031465766,0.005756924329584523,0.005570864996516489
2008-02-25,0.016430501587650248,0.012162473946750296,0.011536109267963779,0.013913278826206854,0.013485475471034292
2008-02-26,0.007890065915739264,0.004935813996964189,0.00523882180283608,0.005571919833725625,0.008644596243367664
2008-02-27,-0.002897054161012269,-0.0036412262165083087,-0.004120681376518109,-0.004396388213905533,-0.0033726039247758965
2008-02-28,-0.007658043453530161,-0.004343795993476229,-0.006147367857067043,-0.007001686652282735,-0.0021521586648336477
2008-02-29,-0.027872003557540603,-0.018859856646656792,-0.018561499055679165,-0.01923680280596063,-0.02373714337867383
2008-03-03,0.00240267361743407,0.004702897401584805,0.0034867576827977143,0.004220276861943706,0.007236899217133441
2008-03-04,-0.006189793772902519,-0.00033102467317214224,0.0011814106631198307,-0.0032299117773189057,-0.004948833059124302
2008-03-05,0.010222119800909368,0.007364782135154568,0.007408394112921712,0.0076635756058307525,0.007039146895814419
2008-03-06,-0.020586533762323445,-0.016053580014076307,-0.016265465728229178,-0.016104625848120113,-0.017754296823503157
2008-03-07,-0.012776666666666658,-0.009568606342430286,-0.009784680006835078,-0.00905347545538826,-0.010105986047325266
2008-03-10,-0.020183793265286076,-0.007954448235252376,-0.00751754687787054,-0.009906315234766372,-0.011331338926203194
2008-03-11,0.03424061443990212,0.02291912412922703,0.022820916670542646,0.021101821781156938,0.027933625186146616
2008-03-12,-0.005521832696214535,-0.0034415851106301965,-0.0028955191723647467,-0.002703139511668229,-0.0046192248838524685
2008-03-13,0.009150245690248804,0.002514931978999879,0.0030474380907763443,0.0031984388682508857,0.005498568314836749
2008-03-14,-0.01852171224827115,-0.014188015643866625,-0.013569505294421691,-0.016626633170713,-0.01576998976269839
2008-03-17,-0.014844863961497201,-0.00517809843660344,-0.00482650713563848,-0.0086766322348093,-0.009855407069069733
2008-03-18,0.03762394070184705,0.026571053711309522,0.026402522368802916,0.028438298841634735,0.027542344449672518
2008-03-19,-0.02566422155040926,-0.014415614760053375,-0.013499336590923727,-0.0122177560114346,-0.020678564636825714
2008-03-20,0.017417064145186956,0.013073430148813792,0.014862201563531796,0.013765882988070022,0.014072200758613373
2008-03-24,0.021224697133806814,0.008405624991791427,0.009354394253268783,0.013384790545965641,0.012020003303257365
2008-03-25,0.0072074321082793436,0.00549448940862618,0.005093454580892942,0.007715979984820764,0.0018931775933499484
2008-03-26,-0.0058684157668547066,-0.0020600342881742506,-0.003463747252442695,-0.005300176583442506,0.0018621621746148787
2008-03-27,-0.010480513072238518,-0.0009587289232482199,-0.0014354405851824126,-0.0036842719902538956,-0.004945859168095201
2008-03-28,-0.007077387000374302,-0.0012774856449844219,-0.0016977577717846026,-0.002668117139367876,-0.006616144648765476
2008-03-31,0.006271279187207712,0.0015674305198174476,0.002360067241329755,-3.8403125939945326e-5,0.0043114109634976305
2008-04-01,0.02996850926436445,0.017946662607465358,0.0193246180677229,0.01955617695621714,0.021573109295392134
2008-04-02,0.0013137346447469334,-0.00460922121603069,-0.004852204346967315,-0.004538295813088622,0.0015202463266930089
2008-04-03,0.003393381750436797,-0.0006181086701421146,-0.0011282086620100218,0.001682553294511946,-0.0002738785429318158
2008-04-04,0.005045738021006052,0.0025154582892046307,0.001946712836225828,0.0012056578888439695,0.0050208478921527355
2008-04-07,-0.001038227824810778,0.001292471190972977,0.000619128171748029,0.0017937657933488893,0.0007463691752802593
2008-04-08,-0.001763333333333339,-0.0029484726937681893,-0.003539466265158331,-0.0052669724565406195,-0.00477995167134615
2008-04-09,-0.01172167021180659,-0.007375695427155771,-0.008231891921730683,-0.01036043676731424,-0.010618118992933856
2008-04-10,0.007300324478554776,0.006160061618482038,0.0068092324590021125,0.00909640908276299,0.010654574390473348
2008-04-11,-0.01964348097930757,-0.01747690609490149,-0.018006755553518827,-0.018670557343063665,-0.02226614915168379
2008-04-14,-0.0017462086899623364,0.0010349103722433473,0.0004992297463071171,-0.0008119883267240224,-0.002104758389967487
2008-04-15,0.00460490382073786,0.003614859883582122,0.0033858683361509545,0.002697792994816206,0.0016250584072328156
2008-04-16,0.025572152471557086,0.010079723318547895,0.009912319641136147,0.009731709596628724,0.010261575107809895
2008-04-17,-0.0030792653615976384,-0.005249737382649888,-0.005050738958065182,-0.00475121816326618,-0.00391175146407563
2008-04-18,0.01688468656298503,0.00621568827196195,0.006882096719793118,0.008945028560986668,0.012826808868815931
2008-04-21,0.0005918437649563568,-0.0009833602118595186,-0.0009693603355575009,-0.001234138974104182,-0.0006859596829988934
2008-04-22,-0.011526037961416269,-0.008155006862709757,-0.008458192508646878,-0.008756119235477366,-0.00749439453845635
2008-04-23,-0.0007490068194869748,0.004603349963376635,0.004920156988773794,0.005534480245653173,0.0056718809724576325
2008-04-24,0.003098491676327253,-0.0032127821341479956,-0.0024033267758835075,0.00034955170348993647,0.0029735537023407588
2008-04-25,0.00713559727359403,-0.0006455801611716661,-0.0008946324590008992,-0.0017164719266254957,-0.004743674630016459
2008-04-28,-1.932743205013132e-5,-0.0017035608946379677,-0.0018835815616574658,-0.002460399336015384,-0.0037614618788439635
2008-04-29,-0.007243556398269013,-0.010323929319520753,-0.009711687698908844,-0.009396385418080966,-0.008115339486979511
2008-04-30,-0.0010762563814576964,-0.0006337631735300331,-0.0009314911671868265,-0.00217967567661026,-0.0028524255061876946
2008-05-01,0.01276061587531041,0.008000908887948244,0.008740021356230532,0.010535468544265791,0.012242605724197775
2008-05-02,0.004083847343682612,0.0037029980558032083,0.0030890214934868876,0.0016383287373753497,0.0021861799161886353
2008-05-05,-1.6837589824736376e-5,-0.0026023406630732993,-0.0023724711443470214,-0.0015041990395882054,-0.0016705921900865839
2008-05-06,0.008389860801795823,0.0024665085850494872,0.002164554379441519,0.001804518626366436,0.004050574891081515
2008-05-07,-0.015233333333333321,-0.01219598607345418,-0.012391464754609727,-0.01248956453111505,-0.013060285967538054
2008-05-08,0.006678534339775943,0.004821581764553384,0.00469297989444839,0.004783194990257478,0.005260146593193182
2008-05-09,-0.005672557462201966,-0.007418954570814984,-0.007413580612868231,-0.008228341103514336,-0.005736400639475003
2008-05-12,0.012665064087631572,0.009017846236542892,0.011006238886378084,0.012289880014217935,0.01340508724625522
2008-05-13,0.006726556000886008,0.0025757778235917517,0.0026267169389604383,0.003029487396380759,0.005021644663336877
2008-05-14,0.0026717533507907287,0.0029479941726475722,0.0026771767782323153,0.002134082012705818,0.0021893359835405413
2008-05-15,0.012661086523528375,0.005247504251074231,0.006533137900142094,0.006828449852552598,0.010206379335195859
2008-05-16,0.0024335594384516934,0.0030630741642261317,0.001995118679484653,0.001141689351606967,-0.00011366838061943607
2008-05-19,-0.0007099282947536922,0.002316889302085734,0.0010110276350119296,-8.019419095450786e-6,-0.001256539545194224
2008-05-20,-0.007205064682397011,-0.0051510550290571055,-0.005962558879782809,-0.007853640875858048,-0.008885338810320054
2008-05-21,-0.01716861184105889,-0.008759608099184968,-0.009374335858906013,-0.011487030288528266,-0.011874020424440968
2008-05-22,0.0017961352114570506,0.008497727270265099,0.008798266239356423,0.008476764945783088,0.00802551584223643
2008-05-23,-0.013156623484027574,-0.008582398887024056,-0.008521577702824468,-0.00906977078066562,-0.01057370852319206
2008-05-27,0.00645132703198148,0.005382766601838007,0.005684214161350232,0.006332850318577776,0.00802107467460611
2008-05-28,0.00933605663013104,-0.001121483356838704,-0.0011406092067157703,0.0011895807067012765,0.0017599759264050885
2008-05-29,0.0033781607786063095,0.008551629245514336,0.009396478023682597,0.009617746399941174,0.009070767838921023
2008-05-30,0.00412088645179387,0.0015453895873682733,0.0004217666678871801,0.0005510256155960569,0.00021107512685647478
2008-06-02,-0.008375019595393662,-0.008614378387266086,-0.009177834218896064,-0.009628209416720823,-0.009678579430015821
2008-06-03,-0.004594930299875788,-0.0021826043963257824,-0.0025900036195316556,-0.0018397684403975711,-0.0024404313680193024
2008-06-04,0.0008344619487399285,0.004595560739124593,0.0048954644908782985,0.003946663388302296,0.0044631924537514855
2008-06-05,0.01875822806096905,0.010354508770791027,0.009629394386805323,0.009872727771949252,0.011747191665902879
2008-06-06,-0.028586666666666538,-0.02365138752915219,-0.0244465924053473,-0.025201960608327245,-0.026675950861809294
2008-06-09,0.003770065608872386,0.0018870083410587046,0.0016948747586085222,0.001033874308362881,-0.0006488790768435226
2008-06-10,-0.00422649470426939,0.004896713737038816,0.0059941604165068,0.004581904642757317,0.0016258688417771783
2008-06-11,-0.017906502440604766,-0.009247441630163111,-0.010847811365512272,-0.0125407448922229,-0.013988613106770686
2008-06-12,0.0012381522323396954,0.001264618633647796,0.0031980019136892412,0.004278662915236486,0.005520522107908432
2008-06-13,0.017425934188457504,0.0034045846538559577,0.0034487561783078657,0.005869953639224157,0.011246029286859471
2008-06-16,0.0002358180651074182,-0.008862308924997508,-0.008418238829175806,-0.007120378497516677,-0.0029404980350971055
2008-06-17,-0.004530470389767505,0.0009296385225538994,-0.0003425812352454427,-0.001743221228616143,-0.004263424422933815
2008-06-18,-0.008260353537484444,-0.007935413901806965,-0.008434769025547517,-0.008260928100219278,-0.008608612102888324
2008-06-19,0.0036433624178302537,0.0027144088081443307,0.0037263429357041744,0.004323521236144989,0.005375238153194406
2008-06-20,-0.01777670394125941,-0.01135189037634643,-0.01207283529074965,-0.013519217353133328,-0.018352944769838175
2008-06-23,-0.001044599077694719,0.0017181561783976562,-0.0005962063224028702,-0.002401705314263647,-0.0038725663488978768
2008-06-24,-0.009438266338957613,-0.0023706007165071874,-0.0015812084962000261,-0.0007551657805602296,0.00014225824213442984
2008-06-25,0.005322348320629056,0.00755282205615071,0.009247983347586253,0.009752687272705174,0.011531965937507271
2008-06-26,-0.028656886371590917,-0.02133378071823766,-0.021691623788533065,-0.022139129275116742,-0.023994289279723136
2008-06-27,-0.004219300708076301,-0.012011957655096217,-0.012479218252453905,-0.010193208045059077,-0.010075923912236329
2008-06-30,-0.0002184506739869585,0.007016477541866406,0.005009666300812121,0.002609412282106094,0.0013336204378540106
2008-07-01,-0.0017154782333526075,0.003743619212413618,0.0036090568357143304,0.0040139141342061535,0.003392977184900614
2008-07-02,-0.030663076117581456,-0.005449209757593998,-0.004432866977136074,-0.008530254863137077,-0.013338173225312389
2008-07-03,0.0003478223038797523,0.003357055400874831,0.004041909919373365,0.005507579517362915,0.003688104052110175
2008-07-07,-0.004876798467102539,-0.002925411642558773,-0.0022173398945501965,-0.0009102214843331735,7.970545280233665e-6
2008-07-08,0.01626666666666665,0.014497305124239634,0.017259313353234162,0.018333066399991882,0.01628377661090541
2008-07-09,-0.016719528339018574,-0.0039043626594852388,-0.005356031276827822,-0.006850449858458174,-0.009169448666392355
2008-07-10,0.0021633028896688167,0.0031027858852299417,0.0013984080269222599,0.0005926985633910586,0.0007690383265805956
2008-07-11,-0.0054101415129287345,-0.004530959710916549,-0.0045494015443861,-0.004747698713723381,-0.005096532245848828
2008-07-14,-0.003921213514635036,-0.0021984794062892554,-0.0021633104722853513,-0.001359290397485835,-1.040751600134282e-5
2008-07-15,-0.008738871061001463,0.0005614107226497023,0.0018136879612200563,0.0013810141399044351,-0.001286822909903007
2008-07-16,0.023104606739288602,0.0060687713259621745,0.009809647487239781,0.012070338590662866,0.008795533764075048
2008-07-17,0.006296554042526381,-0.003161531527453687,-0.0022038638293682133,-0.001124641396993753,-0.0030883442338713873
2008-07-18,-0.002250554810366956,-0.002401458432067849,-0.003088152000807809,-0.004337095294646542,-0.0014003558253321557
2008-07-21,0.005751171126942456,0.0004262207889260683,-0.0016872577471479522,-0.0026029904569925266,-0.000328481859924179
2008-07-22,0.014030031254952835,0.01318556959313777,0.016123878626301158,0.017078607973171955,0.012847404265486029
2008-07-23,0.0029744578333503746,0.004269365478784648,0.006580000096922944,0.007302237323632443,0.0037146724544008247
2008-07-24,-0.028169465281107642,-0.008040825333469281,-0.0101975142275339,-0.009888254582901657,-0.012346665147076497
2008-07-25,0.005980748814896408,0.0004912188350467694,0.0018950931032259977,0.002087335223570186,0.0033140271100435825
2008-07-28,-0.015279369364777029,-0.008729370333085629,-0.009546671341032598,-0.010084260084178065,-0.009788511388382437
2008-07-29,0.024377485519014197,0.014390288238414817,0.015351874087807804,0.017082018079013217,0.016673736837927056
2008-07-30,0.01417901496793661,0.011707659292829353,0.009184576480695483,0.009669321934999031,0.011415869311086402
2008-07-31,-0.016357870258028595,-0.01030937670781995,-0.01212380427413251,-0.012476986562566239,-0.013059484770865715
2008-08-01,-0.007000371182524168,-0.0032503284379279407,-0.0005559366908014507,-0.00019043123371131898,0.0009141723069603369
2008-08-04,-0.01296674554716859,0.0024400132444273304,0.004771649336011707,0.005210581827682859,0.0024481254638988315
2008-08-05,0.027597370422659973,0.019120089859151923,0.022165921173302516,0.02297310378133499,0.02468910485491138
2008-08-06,0.007336666666666547,0.00400443127287109,0.0030924643024456966,0.0031738200487720913,0.005472707213030059
2008-08-07,-0.016670620216346244,-0.013024656954420788,-0.01339283463777674,-0.014741024318772888,-0.014828543109455583
2008-08-08,0.023973296973294866,0.02105878368857783,0.022493079815844697,0.02309558896278907,0.024683950664743604
2008-08-11,0.006027398417442598,0.0057484691532472265,0.0069081636931971335,0.007232822053182986,0.005455785270152669
2008-08-12,-0.007255261472313701,-0.002648180683126,-0.0012265661684628393,-0.00021259736882928149,-0.004123112065222534
2008-08-13,0.0019487838407894476,-0.00036875416066028954,-0.0029404629026197338,-0.0039241383534552865,-0.0013857929660661128
2008-08-14,0.007931046152042764,0.0012384074597946437,0.0027245413523768747,0.0038410050240920146,0.005049697914268236
2008-08-15,0.0025722394659821735,0.007670782888314909,0.008381861341463681,0.008982190353760355,0.003922727053333075
2008-08-18,-0.014023537295663635,-0.008631386598218938,-0.009691840253411632,-0.010398378540370623,-0.011645188483322744
2008-08-19,-0.011202785112477076,-0.006394159666543664,-0.008276051524840233,-0.008985172237380157,-0.006815335019162538
2008-08-20,0.004207191992582571,0.0009327123608224852,0.0003523781707741591,0.00017341428228645484,-0.00016982232058770919
2008-08-21,0.0025674502203751892,-0.0014495701008754303,-0.0024806565672573777,-0.0021096058169555176,-3.4514193772761104e-5
2008-08-22,0.010468355668220575,0.009168707136333776,0.01043530346772048,0.010954734085352857,0.011191993137338763
2008-08-25,-0.020586392320979252,-0.014037016712991068,-0.014310405879164878,-0.014944790015792297,-0.016128482626019403
2008-08-26,0.002193118674074679,-0.00013646413948198433,-0.0016624054655238751,-0.0016673635381346807,0.00035006354300937126
2008-08-27,0.010493140605393192,0.003992435894904389,0.0024694494281518597,0.0025080914135893195,0.00377846809100002
2008-08-28,0.01628965773727198,0.008242741460903869,0.008768740717061352,0.009146910493391447,0.009309966420010252
2008-08-29,-0.011787754603382217,-0.013923694237031436,-0.012978538968068665,-0.012642196934840255,-0.012076178463480858
2008-09-02,-0.006623437170229729,0.0036527680304547783,0.007636262529009841,0.008693882028119937,0.0028339499704241877
2008-09-03,-0.00493157320462434,-0.0024962801094218223,-0.0023448186194690024,-0.0013235747157094302,-0.0002416880841283886
2008-09-04,-0.03023226913946564,-0.016368779044707793,-0.016850353421921427,-0.017311471654457566,-0.01987737815439694
2008-09-05,0.004116666666666768,0.003802964042941781,0.007276323311748323,0.00795962755102031,0.004985150268630001
2008-09-08,0.013282690590402657,0.019410337351404294,0.019015829101617365,0.019308149967446564,0.018204044520489626
2008-09-09,-0.03506006123795713,-0.01573041870759051,-0.01408023175508355,-0.014301405218809737,-0.017248220172242257
2008-09-10,0.010027248693158741,0.002733119677620799,0.0022504196135264554,0.002343188931443141,0.008092173425957139
2008-09-11,0.013329221603237906,0.011105513079773033,0.010503542247294106,0.009726149522529148,0.013918221118484286
2008-09-12,0.008140561237919952,0.0026015933976777372,0.00015748497935574868,-0.00025239981027325165,-0.00015375549292151458
2008-09-15,-0.041894190573233736,-0.024288076568663053,-0.022509255909377468,-0.02206685120409624,-0.024157701133035614
2008-09-16,0.013715246213763299,0.006059744361943009,0.008349736070465186,0.009542658001338467,0.010169847012852173
2008-09-17,-0.04232695190145286,-0.03666402932405266,-0.03685721799713171,-0.03632825608336643,-0.035730371275219386
2008-09-18,0.03859377213238102,0.02807210733753518,0.026714668533683872,0.02620222547503026,0.027108014954161153
2008-09-19,0.038982787815751374,0.02066455062419359,0.02249228686581528,0.02329962675673647,0.015100989245577345
2008-09-22,-0.036953254810432656,-0.028084080875791617,-0.030009989529525494,-0.03153892533460123,-0.027640309139358
2008-09-23,-0.020730924884832858,-0.011848808751159234,-0.011913648811082922,-0.011521083406515364,-0.012189220845345572
2008-09-24,-0.006981363877798685,0.0023081020776321015,0.002486120988312246,0.0021892369609584073,-0.0004168254584503428
2008-09-25,0.012243218275962864,0.015358508139947658,0.01602707691878069,0.015598783302355645,0.015156089381114457
2008-09-26,-0.004534606119982687,-0.0006228761433635377,9.887645932660227e-5,-0.00011764579204531778,0.0017305361229604799
2008-09-29,-0.0742892369398579,-0.048057037443815065,-0.04808052663325135,-0.047723892434063164,-0.057444617025571576
2008-09-30,0.0386560892372354,0.028161367953482896,0.028404315340591957,0.027579751531842778,0.03264557674245072
2008-10-01,-0.012364007315824543,0.008330687308451434,0.01015501415613973,0.009270896714375088,0.008136903163050713
2008-10-02,-0.053637201369908905,-0.02606095526086294,-0.026936389966114138,-0.02799368155462223,-0.029201534795758932
2008-10-03,-0.0168310243153571,-0.008963182189645869,-0.008951060886989048,-0.010668659037733175,-0.011542458822366153
2008-10-06,-0.039986666666666726,-0.041412511011723385,-0.04296776269590552,-0.04168862411031482,-0.032966480319452374
2008-10-07,-0.055786102276357497,-0.03553147171781501,-0.03464845245980008,-0.035331813194492745,-0.03907666385869546
2008-10-08,-0.007813083621118655,-0.0158289173956504,-0.016360533169397118,-0.01580207004070311,-0.014666655130720851
2008-10-09,-0.07179898312273036,-0.0668659524245997,-0.06489194072940929,-0.06505518262459065,-0.060636808950458754
2008-10-10,-0.009506017646689457,-0.017410057208447238,-0.01431883122026878,-0.015580084802399807,0.00036539189989093224
2008-10-13,0.1117599846986781,0.09716211075322434,0.09795152988016564,0.09813878658357256,0.07465374301810868
2008-10-14,-0.024528185854149842,-0.018899148147152767,-0.02434513561761642,-0.025395601428202408,-0.026048627630728127
2008-10-15,-0.09659018841510858,-0.06476850064658535,-0.06410400425408647,-0.06503996556685465,-0.0688356606302436
2008-10-16,0.045830983463405195,0.03137436610042399,0.034101526935505166,0.036993247503802174,0.03371809655550417
2008-10-17,-0.001173276177509508,0.006006665214954188,0.004397234034734687,0.003503660477450987,0.0015989337992019514
2008-10-20,0.04776805131990369,0.04353473802564234,0.03965025902163655,0.03697586985815904,0.038640876521048195
2008-10-21,-0.03228998727994414,-0.020708756395830252,-0.02173864626854427,-0.020665385119655766,-0.019962429933367387
2008-10-22,-0.06365613730352793,-0.04510371540178648,-0.0400541733809513,-0.03919052625406472,-0.04341417896969746
2008-10-23,-0.0071287025181493435,0.006707331334925071,0.007666378480267744,0.007256478898115093,-0.0068418049089959965
2008-10-24,-0.03660511724354931,-0.03478007616604206,-0.03485479128245417,-0.03486742445106317,-0.035274461973972104
2008-10-27,-0.03767501086828662,-0.024550412571053504,-0.023073555984429728,-0.022626937335925357,-0.024098015324187094
2008-10-28,0.09580981501227348,0.08319932793376461,0.08257047380674232,0.08673690788443578,0.08231811861280303
2008-10-29,0.009434317568199013,-0.012241928510997369,-0.010111748998199777,-0.010251369239754449,-0.0005068044783851366
2008-10-30,0.03566026602146599,0.028987993461080386,0.027240541271227103,0.026310889309725027,0.028392755895015664
2008-10-31,0.022956133619645547,0.007148162482012221,0.008773097816744402,0.009358384049396262,0.019285157613222914
2008-11-03,-0.00432789247741272,0.0025911982261632716,-0.000732506327996929,-0.0012989515780195138,-0.002325089071200548
2008-11-04,0.03692333333333364,0.025755497418413986,0.025675358858515462,0.0264277371342434,0.0215606417516212
2008-11-05,-0.05130222002912466,-0.03279352699802951,-0.03316976170382269,-0.034943169579214506,-0.03586839738433423
2008-11-06,-0.056976077737035946,-0.03661560298880728,-0.03669884693218983,-0.035818461361768805,-0.04175905961666826
2008-11-07,0.023555637772985083,0.02426877226485402,0.022399260116168218,0.02223247854793975,0.022264919354496593
2008-11-10,-0.011060665433879069,-0.00856964733349197,-0.007739032869042206,-0.0050972777579191275,-0.016888190160094463
2008-11-11,-0.02943504090213911,-0.01871203417929923,-0.01922893295081396,-0.01794746846391082,-0.019039008442404914
2008-11-12,-0.05636830516407709,-0.03819697331617511,-0.03909776888841976,-0.03872734711879444,-0.042937481680719536
2008-11-13,0.07358339848819595,0.04642935136059223,0.043728718617160434,0.045134046221748436,0.04616236500430615
2008-11-14,-0.046759687366816016,-0.03242478161175755,-0.0316929019935005,-0.03280140787896901,-0.03528291628788194
2008-11-17,-0.02464977628894116,-0.012609135561009288,-0.012863601234643363,-0.011912653265809925,-0.020970201321075743
2008-11-18,-0.0007833107010114526,0.009047425100669582,0.009399753371028607,0.009612492763906966,0.004302565122899615
2008-11-19,-0.06787791195900472,-0.04718905582744559,-0.04711259083200925,-0.045801177498306145,-0.05810319158309596
2008-11-20,-0.06564906342058308,-0.05392362822806862,-0.05302854255947098,-0.051023131835820745,-0.05539365155080356
2008-11-21,0.06747444409972791,0.060604477182173655,0.05780536256169033,0.05540183049304592,0.05818285425131364
2008-11-24,0.06481564371319815,0.03116457913837345,0.032266476891217755,0.03241564928869334,0.03952339788057402
2008-11-25,0.014703766699490028,0.001733695904087007,0.0019943864231464214,0.0015669765424812798,0.004412971167851998
2008-11-26,0.04922485019045264,0.019899272806950252,0.021545930940904956,0.020568096408325243,0.03154920495283298
2008-11-28,0.012089017564396176,0.019977340502800534,0.019419522906558795,0.017278666673430365,0.01843484003877993
2008-12-01,-0.09253297196371313,-0.06413013157962999,-0.06289835734880489,-0.06265208667315003,-0.07017713068823994
2008-12-02,0.039871316238754284,0.02634863184518621,0.0257884256863683,0.023666786077941815,0.03153528398307426
2008-12-03,0.022880809229986143,0.024112632406594336,0.025498353142601626,0.025202522171625885,0.027278274629152444
2008-12-04,-0.029079999999999995,-0.023465396200712862,-0.018593174750522024,-0.018707825906129183,-0.019165531316077233
2008-12-05,0.03534503735288852,0.029560441947307226,0.031034968187963363,0.0294276792176289,0.03060761674605761
2008-12-08,0.04923243800632071,0.013930324428482521,0.009315038375876883,0.008516101451009339,0.014029781616191173
2008-12-09,-0.021693974246202008,-0.021877586300945606,-0.02228392965434478,-0.022451477321703384,-0.021992154558618027
2008-12-10,0.022694264474118153,0.006771656312172913,0.01128610376605943,0.012743770599298987,0.009937165614032129
2008-12-11,-0.03801116427747764,-0.01976796691306515,-0.01796195592396088,-0.01896397182377718,-0.021189986537667793
2008-12-12,0.011083072119469461,0.0023751385095354127,0.002795387045325004,0.003683489557440689,0.0021264431389751426
2008-12-15,-0.01320107098338652,-0.005549707771997481,-0.004281845457027256,-0.0033429855261989383,-0.005453071509773366
2008-12-16,0.05362783334621857,0.03449790810502762,0.033824672387667176,0.03354171447507204,0.03608093521745559
2008-12-17,0.005025109570636843,-0.005674979077800013,-0.0025315776311751748,-0.0011189493007834894,-0.0032963610994194426
2008-12-18,-0.02358782008478666,-0.005584625775082119,-0.003149905468300074,-0.003089747486875516,-0.007062095909876054
2008-12-19,0.002110500227539891,2.61468654414454e-5,-0.0006478317861494665,-0.0014671555563812166,0.0005005517375780144
2008-12-22,-0.024250762872322085,-0.005598851126404902,-0.00401869620466877,-0.003958402191503563,-0.005577173539307534
2008-12-23,-0.009857906071292777,-0.004279841917454341,-0.006449467154778343,-0.007614330755875254,-0.004290753784138346
2008-12-24,0.004403727244776778,0.0060555627173595195,0.007786017559603398,0.008360921784619668,0.00620992845646029
2008-12-26,0.012650884172996202,0.003401085735210696,0.0034785237568195626,0.0037180582566400666,0.0029074062829650416
2008-12-29,-0.009229380765364947,-0.00502868130507339,-0.005210464004587578,-0.005340174600098058,-0.005983796678101561
2008-12-30,0.026484628731262116,0.016806969414290274,0.018121840938389866,0.01917324213422522,0.017592719214737373
2008-12-31,0.018985108113735105,0.010877225265691681,0.009745794822247689,0.008951076108312472,0.011091418307743961
2009-01-02,0.040166266296592035,0.021747222179360648,0.02080539467707143,0.020740810686479705,0.02255989375604539
2009-01-05,0.004908573617464551,-0.0026558020301077345,-0.0018879479114740638,-0.003025449357550114,-0.002340131024463954
2009-01-06,0.014230000000000187,-0.008462706154348631,-0.008421734693877636,-0.007882309390977782,-0.008295085599708485
2009-01-07,-0.035120212049206345,-0.014061024627261443,-0.011695363071467124,-0.01220960256598913,-0.014786841475504353
2009-01-08,0.0069877240071485325,-0.00037858347934116576,-0.004129897217578393,-0.002295140893172176,-0.0004085587681297298
2009-01-09,-0.025172262185642724,-0.011192737091201166,-0.011827501245839422,-0.011182189528202269,-0.011732543080733682
2009-01-12,-0.02857747324695692,-0.008325279284369547,-0.009236128733091653,-0.009003656131961635,-0.009066049379160113
2009-01-13,-0.00013033656623462342,0.0006647819566842905,0.002786576695270826,0.0023865007830303764,0.00032294595640203205
2009-01-14,-0.03853138595358718,-0.02590756978498432,-0.025249088728818037,-0.025259789395056798,-0.0273284641074667
2009-01-15,0.009704071886798893,0.0049029686131885075,0.008733096436972065,0.008042832663662347,0.006312924280076571
2009-01-16,0.010060618539158517,0.01206474320693518,0.014459132698650956,0.014090433838854333,0.013550678629966617
2009-01-20,-0.05097665409360941,-0.025583031831656555,-0.024685996154917844,-0.02485969581348546,-0.02811176452906816
2009-01-21,0.034194945013661604,0.014480790275559263,0.014142149967053985,0.014967235532391321,0.015760135257493646
2009-01-22,-0.016771292238943802,-0.0007123553023715701,-0.0022574100642135386,-0.00307024670975542,0.00020583642202809393
2009-01-23,6.914379137179516e-5,-0.01257913681536571,-0.006034029392249285,-0.00578486938021916,-0.012073601963764169
2009-01-26,0.004868402360706181,0.006181657435304189,0.005587152891120883,0.005426832108278212,0.005517556113286526
2009-01-27,0.012982710557220223,0.008517378190782354,0.005321032109727009,0.005985005907217511,0.008403542137566333
2009-01-28,0.032744293430129856,0.013472772054302418,0.0125136327183617,0.01248687814058691,0.013725263067085658
2009-01-29,-0.0331928311090296,-0.014320499118686492,-0.013559103956320873,-0.012000242981822118,-0.0157518772011791
2009-01-30,-0.029047842596657714,-0.025232181370597906,-0.025864754396708323,-0.027159339377125336,-0.023488380471473502
2009-02-02,-0.006237910681017533,-0.004142928870814355,-0.0024617209977197962,-0.003597899116739689,-0.0035867335729047323
2009-02-03,0.020631672136630197,0.01824485703922707,0.022139539425591437,0.021175764440239053,0.018948036797267864
2009-02-04,-0.006871066759149724,-0.015852555014103098,-0.019002732407867096,-0.017420453293180538,-0.0162660500537245
2009-02-05,0.018520000000000092,0.004395111678862529,0.012268157894736786,0.010284879115858958,0.005256131607728642
2009-02-06,0.03217430389192133,0.014267793936143525,0.014960402264950101,0.013669316569939749,0.013939413983403037
2009-02-09,-0.001080720098370791,-0.0019122151768399265,-0.008626003678322225,-0.009041181132935172,-0.0006019770030540883
2009-02-10,-0.04786159566591952,-0.03352634116841391,-0.03245615465794793,-0.03166494793365582,-0.03434805214668479
2009-02-11,0.004507342514954438,0.008835889636363836,0.00676791632952134,0.005971450981125059,0.009075367900756026
2009-02-12,0.003768356099459025,0.008320091134804475,0.011217167090364022,0.010323517092053702,0.009865254524620282
2009-02-13,-0.00767393049687326,-0.007979382906335153,-0.008904049304235495,-0.007159140906248251,-0.008293489477153693
2009-02-17,-0.046495023157186566,-0.029110822937177705,-0.023944509026051497,-0.02708321743198694,-0.027826902982249768
2009-02-18,-0.007282230482829499,-0.0014689612584812828,0.0028220906180032035,0.0007474806054261762,-0.0005715933463337208
2009-02-19,-0.010359121141761962,0.00016898401553699927,0.003556668205471958,0.0028428808695635244,-0.0012614483536107501
2009-02-20,-0.01248052103200703,-0.016121403907547127,-0.01120167125086391,-0.012795574895260842,-0.013880775790215738
2009-02-23,-0.04023870669861085,-0.025512881136532384,-0.0238182556473292,-0.02358369032099461,-0.02485823125153852
2009-02-24,0.038641254842078254,0.022271722721508125,0.02072971155752734,0.020648048949127418,0.02202001140833576
2009-02-25,-0.017079142246105072,-0.009972040059315623,-0.010356606193703932,-0.009979299238212946,-0.01052762683842634
2009-02-26,-0.013693323068510677,-0.021202818793991995,-0.023927856087740063,-0.023620014834719427,-0.022565340989027405
2009-02-27,-0.01271803244902836,-0.016507103314714278,-0.00996982790046097,-0.012092465560627152,-0.014692518114451714
2009-03-02,-0.056899069027517624,-0.036135037094339406,-0.030612890599670206,-0.0312791187213487,-0.03453996912338031
2009-03-03,-0.0058781315034271975,-0.009877885212778992,-0.0055292292248758645,-0.006932293904238329,-0.007548259800786883
2009-03-04,0.03152702040609667,0.016260357491598487,0.01951253243229445,0.019246394284045287,0.01641026731512274
2009-03-05,-0.045162965240218456,-0.03134137162647055,-0.030478699336467296,-0.03210636602065464,-0.031734202790623556
2009-03-06,-0.0026467999654488095,0.013647634853118262,0.010476972903770365,0.012001035612644761,0.013932417348922366
2009-03-09,-0.012586666666666857,-0.007832347224992375,-0.010113765495179283,-0.01073113320079544,-0.006058621873860748
2009-03-10,0.06833629550610354,0.04175823549367497,0.029498751391796585,0.029846093933379336,0.04287059991474629
2009-03-11,0.004769568880292674,-0.004590996687414695,-0.002384272993820047,-0.002117972239766619,-0.004954472358518425
2009-03-12,0.04138391782905981,0.03550346097093704,0.03231137179354748,0.03172519777947702,0.037433745123628626
2009-03-13,0.007577144577310069,0.014201210888560079,0.016951289874526765,0.017205840345229317,0.01306400997534296
2009-03-16,-0.001376521779016704,0.005944825525676212,0.004106985280692532,0.004548579496317373,0.0032513052689322475
2009-03-17,0.02624687234174572,0.01815220414626295,0.020647003580050338,0.02053308648144947,0.019893387514527516
2009-03-18,0.024518851978364786,0.004446934658930202,0.0043631347640762375,0.0032898159288325957,0.006693984691700239
2009-03-19,0.001716296779529669,-0.011433571328866354,-0.013643220430843095,-0.013028582468736394,-0.011737017561801899
2009-03-20,-0.023177198441890923,-0.0039541530495047494,-0.0024204295305253476,-0.0016978733968624482,-0.005263149591933858
2009-03-23,0.0720645918562659,0.04289932313627154,0.04075542103817198,0.04055146960542877,0.043728090710925205
2009-03-24,-0.01333585418726102,-0.00865677963112843,-0.008726957363684673,-0.008075447647038936,-0.009467177780469238
2009-03-25,0.009020675317374494,0.006586870840833203,0.009291125259070832,0.00892463134209076,0.007002522187032012
2009-03-26,0.03985355808563251,0.01884188667896569,0.017010885779389806,0.016321423009753255,0.020838208871211572
2009-03-27,-0.022763964884873644,-0.014057462289481903,-0.013743111932255192,-0.013000260334837921,-0.015622996790159882
2009-03-30,-0.04337916639487749,-0.025212337377826244,-0.020318445462897072,-0.019921698761993123,-0.0255017261233631
2009-03-31,0.007716921227766571,0.0005921847337932995,-0.0006505980953075419,-0.0004935549499510694,0.0007090064933494844
2009-04-01,0.02321484744578939,0.011127985523918804,0.012757062732184243,0.012597744426249058,0.011439960425644768
2009-04-02,0.045333868901931806,0.018410137617673294,0.01771913132723979,0.01718782392520013,0.019514974625037596
2009-04-03,0.015077549103152066,0.0028091691132450247,0.000806542263961596,0.0005208539171221993,0.0033802102144526724
2009-04-06,-0.009822926035276902,0.0006790572086921021,-0.002883247324847349,-0.0026130200045477725,-0.00025663151007626617
2009-04-07,-0.030283333333333218,-0.014018353242407411,-0.01438572367091151,-0.014430027322404393,-0.015410395406489252
2009-04-08,0.013149225718852575,0.010278074769541679,0.013135554556968687,0.013281891516492506,0.010314943470905558
2009-04-09,0.046440129726267765,0.011657972412417283,0.009832398049527846,0.00956781758461811,0.015099679902038421
2009-04-13,0.0004731678812286422,-0.00416438041759104,-0.005205584040856248,-0.005135403230338231,-0.0012218327763390269
2009-04-14,-0.01753926000048267,-0.015094258750523948,-0.01428523677551441,-0.014214341522053364,-0.01622511053270348
2009-04-15,0.010184185049932903,0.015129417945857204,0.01277513936627761,0.013002183870100437,0.012692418891887103
2009-04-16,0.02206809963181633,0.011723589223814557,0.01256327681118008,0.012472518965104706,0.012701304916359124
2009-04-17,0.009635290027815158,0.0068562863070262825,0.007218468398159539,0.00693420063531458,0.006873424995233357
2009-04-20,-0.04632775665627764,-0.020820638912804723,-0.01989561208094537,-0.019867011284390057,-0.02291075517298291
2009-04-21,0.023472295344104444,0.0020588172639210978,0.003834071625112845,0.0038947186867890338,0.0028292863485370745
2009-04-22,0.007268240134914894,-0.010843369180433826,-0.008933309817642288,-0.008987708832778107,-0.009478681269091904
2009-04-23,0.004527605288163539,0.00475121221407071,0.003378934484935092,0.00274603381071703,0.007749607607138609
2009-04-24,0.02989997260364552,0.006185377784045043,0.005524879849210684,0.005670311375145731,0.006881075780260204
2009-04-27,-0.015113868639611394,-0.00012778687334746852,-0.0017428241364727537,-0.0015735877991188696,-0.001654875308958137
2009-04-28,-0.0038671428484389203,0.0012838887624837536,0.00224478135600803,0.002365278705950269,0.0005031449061903004
2009-04-29,0.0284278233868116,0.013365909564170497,0.011873029984180716,0.011977773324735486,0.01390653132431341
2009-04-30,0.005008385005065286,-0.0031033504957073133,-0.0029735297171171737,-0.002725911271970971,-0.002196256467864921
2009-05-01,0.00913036226427244,0.003293154980159807,5.075499234141745e-5,0.00024764580930014546,-0.000304545824508895
2009-05-04,0.040669611507007764,0.020083935177489742,0.020194972484822715,0.02014612120978132,0.0200901039574386
2009-05-05,0.0003968267735749986,-0.001377706982067184,-0.0011195177596270423,-0.0013196840647755614,0.0010264173918934638
2009-05-06,0.010764209675973913,0.0077122753893181795,0.0041840932857817315,0.004001287316159452,0.008104564122302094
2009-05-07,-0.01970666666666654,0.003989312137895773,0.002515145376409622,0.003010248508946267,0.0019752536638715235
2009-05-08,0.025648467125486407,0.012078131892210742,0.008912389428623158,0.008494426833276725,0.013328900794816967
2009-05-11,-0.022004202867820233,-0.011377377535931266,-0.008914160234211987,-0.008700148698288501,-0.012664237636435538
2009-05-12,-0.006739228203008096,0.009873982752119259,0.010443143800463961,0.01099877126219928,0.0071349855595097544
2009-05-13,-0.039608719160597716,-0.01239698511114562,-0.01172055070558864,-0.011727729575362056,-0.013820809571398973
2009-05-14,0.01274451670561505,0.007087154747701163,0.006019344628365397,0.005574920348947909,0.008982105048998656
2009-05-15,-0.007725084164289742,-0.003538176417998695,-0.0030922908643211677,-0.003661607689642188,-0.0020725614080119303
2009-05-18,0.03528714914167308,0.015086448059360436,0.01693187811114516,0.017013094096054004,0.017070401171066285
2009-05-19,0.004350031762120343,0.002437092922129791,0.0004920150753611185,0.0006209420004488209,0.0015605642078602155
2009-05-20,-0.0011878322284084586,0.006424219891118632,0.005558579073085879,0.00463931300866216,0.007915287211093691
2009-05-21,-0.023501367666332484,-0.012558463777002316,-0.011408623237427973,-0.01142696723768033,-0.013358833016758997
2009-05-22,0.0005824175636650608,0.002563538058176995,0.0029991504399535795,0.002765512070325382,0.002115198150599573
2009-05-26,0.030116438866280015,0.013507044250438804,0.013997381819603305,0.01358568885450473,0.014634929729330004
2009-05-27,-0.01863022494156996,-0.019180116345839826,-0.019157499295118674,-0.019198019493304908,-0.01850644258209433
2009-05-28,0.01123660837756435,0.010401339255701858,0.00846016810972161,0.008336227019418496,0.009187376028607197
2009-05-29,0.016647838596612452,0.013486675318141739,0.013233807799159836,0.012877565061167218,0.01509482667479789
2009-06-01,0.03831355291079497,0.017938978916339998,0.019813286067139613,0.02023787899181806,0.01666946893507326
2009-06-02,0.004712719749623506,0.010689879517208567,0.011829289854335956,0.011751769037087412,0.011365667729498874
2009-06-03,-0.01932387233352384,-0.007363996341237855,-0.004961423457706893,-0.005374351304726743,-0.006631215199812135
2009-06-04,0.013078313710919831,0.0023136908966405745,4.974824300396641e-5,0.00011730534710396867,0.00210449305660787
2009-06-05,0.00017276185058134885,-0.0038572542874081295,-0.0036407885566954734,-0.0035265030173056156,-0.004391160701216701
2009-06-08,-0.005083333333333329,-0.0021237621495584502,-0.0015437673782267014,-0.0013123558648111544,-0.0024683336492891117
2009-06-09,0.008239991624089171,-0.0030165381772244704,-0.0025642390817534055,-0.0027124340186525098,-0.0016772472224252377
2009-06-10,-0.004242933176391905,-0.005836647368938519,-0.007406684277219799,-0.006957187991547542,-0.00855018466166424
2009-06-11,0.004781022932908385,0.005938266902893563,0.0017170111221738171,0.002274309865948121,0.0034826424418532564
2009-06-12,-0.002872877020232645,0.004272515637292251,0.004600303178224907,0.0045624165238302705,0.003447611027852737
2009-06-15,-0.029195971612619553,-0.020224426987261235,-0.020306306618327774,-0.020392223502401885,-0.019591097720431327
2009-06-16,-0.016892619653267382,-0.01254404001900944,-0.013382836011708088,-0.013278242679133356,-0.013135117584826106
2009-06-17,-0.0037673769405415225,0.00308814354521858,0.006095829595487157,0.006013112937242271,0.002026052572796644
2009-06-18,0.005021367764669993,0.01755181372062431,0.016374055283824518,0.016460614567308074,0.01495358812901637
2009-06-19,0.0030292824663862294,-0.003952521348240756,-0.002761305509819678,-0.003016077836999087,-0.0019993528807273897
2009-06-22,-0.03640812849718733,-0.012907321787893111,-0.012277918682076061,-0.011933305021216367,-0.015790953570633204
2009-06-23,0.0001738880523831643,-0.0032428628368330603,-0.003934438860825673,-0.003968471239248483,-0.002878670473420164
2009-06-24,0.008334175141235134,0.0018696553781687442,0.0015416773673870843,0.001710556611537184,0.0017960898720568164
2009-06-25,0.025153931715164113,0.019485307813391195,0.02057177318473502,0.020468884998372516,0.01927340952063017
2009-06-26,-0.00047240345613586143,-0.00020019353427891406,9.197941711769353e-5,0.0001943183485644262,-0.0008404361630953705
2009-06-29,0.007812399072447018,0.00788946172917293,0.006911914835444399,0.006979351065601991,0.0077429088495291065
2009-06-30,-0.008360422994840522,-0.005819183908346792,-0.006592557178184633,-0.006628485029115061,-0.004477802362621519
2009-07-01,0.008571576052733398,0.014684731509880367,0.013340007055646863,0.013167088136131655,0.01417375471540483
2009-07-02,-0.030207279972712553,-0.0202977196537093,-0.020483773613361733,-0.020690413263734775,-0.0194008123521352
2009-07-06,-0.004400618926477584,0.01146090206223227,0.011863845980742083,0.011904903812750112,0.00994103420881065
2009-07-07,-0.020929969930443604,-0.01309704807634593,-0.011615138742037012,-0.011631585519940035,-0.013679125685050808
2009-07-08,-0.0024933333333332364,-0.0009694197754922529,0.0025054113969020797,0.00248820079522849,-0.001762871819176226
2009-07-09,0.005723369935706657,-0.004285371427398155,-0.004923273167976361,-0.004958660253240876,-0.0041038323188105075
2009-07-10,-0.002425084408370637,-0.0031320629999372906,-0.0035391482075209924,-0.0036440459466328123,-0.0025979975302121705
2009-07-13,0.021866363806842815,0.017741899348012735,0.016288232595978336,0.01632249461809976,0.019127753954322868
2009-07-14,0.010078994451099943,0.006299883172158349,0.005979655154884744,0.005957953042069253,0.006609152108166816
2009-07-15,0.034473753217614256,0.018026611154427608,0.017272328432237805,0.017683255022860944,0.01725982816726579
2009-07-16,0.014832588556389803,0.004028626266727731,0.0038612678905685094,0.00396824486513192,0.0034553324538126873
2009-07-17,-0.0003115944037299645,-0.0012152376407942311,0.0010950189388483356,0.0010022917456067315,-0.00244335321573097
2009-07-20,0.01849806437587942,0.004402934656943414,0.005140679023557082,0.005082890267618767,0.0050614954170149495
2009-07-21,-0.00042495009466692046,0.002635874672165528,0.002547939166652302,0.0027182907761513775,0.000880533871161715
2009-07-22,0.002959716838841109,-0.0014504062070621604,-0.0007494392532142458,-0.0010773387081463026,0.000879168453340684
2009-07-23,0.027831167025784254,0.01871649944738496,0.01706421043327211,0.01771167660992634,0.01624588648627978
2009-07-24,0.006491808126376064,0.007964480020749676,0.006802046605676848,0.007015461409448198,0.006729597867231041
2009-07-27,0.004843915040325886,0.0007239145321411566,-0.0008535131821771902,-0.0009044580765766863,0.001585391362596722
2009-07-28,-0.003470271724401619,-0.0013312256361004415,-0.0003520647306767266,-0.0006123118577350262,0.0004427649179599147
2009-07-29,-0.008700223225743042,0.0009228132070302486,0.0024747874203783216,0.0025605556844692234,-0.0002777784601843969
2009-07-30,0.01788038561534866,0.006117139911815839,0.004388818593050514,0.004516593200181385,0.007275019944868122
2009-07-31,0.005510052085001549,-0.002925773959107203,-0.0030442711388811716,-0.0031158408813123373,-0.0016241011375195402
2009-08-03,0.020163009464993165,0.006061169601907279,0.005113239400837077,0.005090472916210453,0.007376166455109301
2009-08-04,0.0038059060108204257,0.002893862983043949,0.0021414699645501134,0.001815945244854511,0.004888493694949592
2009-08-05,-0.0046774810734216965,-0.007370323837642578,-0.008962504807331184,-0.00915488563314093,-0.003916732827621727
2009-08-06,-0.005849999999999911,-0.00649601103226094,-0.006635421699587862,-0.006416640159045639,-0.0046932958804228875
2009-08-07,0.018693437274723834,0.008395135952275812,0.009658628694292792,0.009498037816932037,0.009639316161562439
2009-08-10,-0.007065854506140168,0.00046065326921218563,0.0003886019431744714,0.00033322541998082045,-0.0010522611265221249
2009-08-11,-0.01093993520301939,-0.006744071168099386,-0.004696119675640875,-0.004583794819629228,-0.008905708703637938
2009-08-12,0.012432105248739944,0.0008660659833863438,0.001164362046266909,0.001200780825429737,0.0011706368750472596
2009-08-13,0.008670239720088624,0.000334630122736046,0.0014992736559995556,0.001551181166469462,0.0005141810657423029
2009-08-14,-0.014818204992355644,-0.0036767103491086583,-0.004344712782308857,-0.00420952856268153,-0.004674632306065241
2009-08-17,-0.028967392838945227,-0.011476344088247048,-0.01172823488981145,-0.011673349942702416,-0.013189823021679814
2009-08-18,0.014979600182580821,0.006623435540351386,0.006651377494098387,0.006448429105859743,0.008041311653639083
2009-08-19,0.006411825290848938,0.006374589346122894,0.006958636191691792,0.007030723110841075,0.005328107252430492
2009-08-20,0.010070033131476475,0.007769220003565724,0.006865435568223166,0.006724854163850935,0.008454492145274495
2009-08-21,0.02064215964286209,0.01352107632252797,0.012608455200649571,0.012709100097288095,0.013606563637727609
2009-08-24,-0.0010748843217435189,-0.0010004576520444841,-0.0017524694626034343,-0.0015741523332518659,-0.001524151877526303
2009-08-25,0.002865348807674195,-0.0007575709128010422,0.0013797717046084568,0.001204467372059037,0.000147130407071705
2009-08-26,-0.001434888787533728,0.0005865850288953034,0.0020931838471200948,0.002075740784808211,0.00017988903523247224
2009-08-27,0.0032889739663921613,-0.000578935113468293,-0.0005268137487378644,-0.0005804600960744866,-0.00019257478411938145
2009-08-28,-0.00041613554317454504,-0.006354961520255609,-0.006144068345599107,-0.006058655951459935,-0.006838960941030314
2009-08-31,-0.012328153071947345,-0.0007037745997370282,-0.000793473402582956,-0.0008364977996559997,-0.0009705979745954219
2009-09-01,-0.02131022233705615,-0.013832750149701867,-0.01289723883295879,-0.012731126841459495,-0.015186736847338067
2009-09-02,-0.0024404431297823104,0.0013341901321051175,0.0019019311019925489,0.001856944788210857,0.001320005959253523
2009-09-03,0.010264952025077045,0.00240370834920145,0.00423192855285448,0.004203017774657702,0.0032841043906437495
2009-09-04,0.01428000000000007,0.009697410081474622,0.0089732226090673,0.008834671968190877,0.010981397691821382
2009-09-08,0.011897949284221054,0.01015748570159758,0.009323102823743934,0.009349284474514441,0.010069932696361139
2009-09-09,0.010114638661837816,0.0023719910139838873,0.0022113971841890567,0.0022692704343854064,0.0033645814502487603
2009-09-10,0.01144887930880878,0.004169267765798512,0.00437311308876942,0.0044143156287674845,0.002972482875921445
2009-09-11,0.0016892793339511325,0.002630638143924502,0.0019703903358825325,0.002009379482805773,0.0024940459980475893
2009-09-14,0.008810831382449091,0.0048793161170390675,0.003284982417654625,0.0034168374134344592,0.00519670803289185
2009-09-15,0.00967160563880709,0.00039179142134404543,-0.0021959848014292405,-0.0023070542759396906,0.0018827033719224229
2009-09-16,0.01692667975198714,0.010432855895988746,0.008904724135399888,0.008787495449947613,0.012383024281203081
2009-09-17,-0.0034219276921871877,0.0007686245401639091,0.0007825066813700321,0.0006297920093980558,0.00125373013100738
2009-09-18,0.0022401362547175285,0.008483797186037423,0.009436639230532062,0.00927130052168157,0.0076490704222969
2009-09-21,-0.005842721529469408,-0.003089959892896621,-0.001956384749538631,-0.001747103006792483,-0.003307045977742118
2009-09-22,0.009243363163951246,0.0005002875756106029,-0.00028764720932994425,-0.0002395144094780033,0.001114766425731606
2009-09-23,-0.01248713740315821,-0.0039138098646519515,-0.004445016045231176,-0.0042582478948341995,-0.0048436518496134395
2009-09-24,-0.015036161831808115,-0.004674477409572608,-0.004116668020772374,-0.004174282337224944,-0.005868859879951227
2009-09-25,-0.008013623980841933,-0.001254355696245879,-0.0018828343439162287,-0.0020719689388420948,-0.0015270556394028079
2009-09-28,0.016982940268605473,0.009678845731769137,0.009150196089280804,0.00915335313091159,0.010507324478383984
2009-09-29,0.002750394863079153,0.0021808412412909206,0.0022901591689841183,0.0022930213128788957,0.00253905907971963
2009-09-30,-0.00517128806842182,-0.000850234732005406,-8.300476537537183e-5,-0.0002262544825059054,-0.0010036023259749616
2009-10-01,-0.0284520264169581,-0.01635415499938342,-0.015167592595266788,-0.015106525382025837,-0.016869190204751305
2009-10-02,-0.007334504601651526,0.0008890503927734272,0.0017244553286519526,0.0017004282842880691,8.06151740184724e-6
2009-10-05,0.019558740214951076,0.0074063795995418236,0.006670881669635476,0.0066545743224430964,0.008249401501184472
2009-10-06,0.015453333333333097,0.010023528448824592,0.010700310856899042,0.010746206896551591,0.01043233999270865
2009-10-07,0.0012212512638032358,-0.0005300156760926766,0.00020301617395479532,0.0002118560578663331,-0.0007895426287422014
2009-10-08,0.014179313626650591,0.00501525228869415,0.005984874151187647,0.00599045267854903,0.003991934656160767
2009-10-09,0.0037865089214084158,0.003189738532755726,0.003264518741649125,0.0032400898805917677,0.002883792111816774
2009-10-12,0.0034401831240451486,0.0033045871871986154,0.002531075783999137,0.0024933525051262784,0.00325864406460874
2009-10-13,-0.001343764949110704,-0.004139962371516703,-0.0031958283042732294,-0.0031311090635435246,-0.0033660996570781254
2009-10-14,0.017809400134092046,0.008573984560106052,0.00857280004444605,0.008622319421601743,0.010151558430595786
2009-10-15,0.004219433589482513,0.006102807202441163,0.006047831238599866,0.006014040381333352,0.005661292757276559
2009-10-16,-0.007307188031293488,-0.00031185212331319434,0.0009166683325987357,0.0009254060859806845,-0.002206293501320067
2009-10-19,0.01163552239737875,0.006526767214124929,0.006924376479486849,0.006895232209106705,0.005532487636520811
2009-10-20,-0.008028294841658012,-0.00658455121481194,-0.006162001227277281,-0.006176743412212082,-0.007846454541719283
2009-10-21,-0.007829634756732595,-0.007487657997616637,-0.009464185205789066,-0.0095970896666433,-0.008269051262353888
2009-10-22,0.01044355137638786,0.002479445316593054,0.003495084549132166,0.0035940507393465992,0.0028909086825124053
2009-10-23,-0.014904798768079153,-0.011153463796601315,-0.009144314937457043,-0.009042834726834093,-0.01073926271478376
2009-10-26,-0.013329229753397231,-0.009672018143651706,-0.008612182308569971,-0.008541794994472718,-0.0091059184432013
2009-10-27,-0.01046632695404992,0.0008467175458350962,-0.0003811064726353397,-0.000479342069210964,-7.830146573506447e-5
2009-10-28,-0.02691126110788644,-0.00897486076773979,-0.00896811964427624,-0.008988929103005305,-0.010006637763699588
2009-10-29,0.02554726492212067,0.014913115600454274,0.01569450538274686,0.015751540201115022,0.014526550817790085
2009-10-30,-0.029652058419830984,-0.018744765720996703,-0.018906758719364203,-0.018903050442869773,-0.018720739448442547
2009-11-02,0.005293592377457745,0.0074860985429083815,0.008659007946617336,0.008744150602719936,0.007714914776936199
2009-11-03,0.010820577828390077,-0.0024185465545574214,-0.0027579124237706587,-0.0027406303692946166,-0.001548437809263059
2009-11-04,-0.0006666666666667043,0.003056191628531879,0.002894460955671363,0.0031082547377698777,0.0032201349617209107
2009-11-05,0.025785348232154837,0.01784137436007538,0.01586426750908787,0.016431325402245678,0.01831356461378375
2009-11-06,0.0026787770064553573,0.003888552880857654,0.003810836427531328,0.003846221769395086,0.006273994276781325
2009-11-09,0.024534102459340623,0.015573270091754798,0.015433372447929639,0.015361165838287505,0.015497347800466077
2009-11-10,-0.0012497117655064782,0.0029840282659296946,0.0031926485718962727,0.0030909163103416404,0.001915672322937656
2009-11-11,0.006581910374969802,0.0024049164557522484,0.002626380087940694,0.0027897582967519874,0.0029977950540842624
2009-11-12,-0.013217659513935387,-0.006706142983258778,-0.006255698723947156,-0.006368074120438494,-0.006024031224747151
2009-11-13,0.007835762783347855,0.006470439634503222,0.0067887932159338416,0.00692720684412218,0.006425238404213829
2009-11-16,0.019290329251366645,0.01201554827745599,0.011115391863885327,0.011338586885774049,0.01240787449969627
2009-11-17,0.0010062332827256437,0.0002486810363175884,-0.00022373715335277655,-0.00032389132065557824,-6.006937820912661e-5
2009-11-18,-0.003509254471388501,3.579526086827656e-5,0.0004983805465073043,0.0004708983379859699,0.00025180921239376097
2009-11-19,-0.015808843733095546,-0.007958646162791405,-0.006981595292120613,-0.007180652740272242,-0.008129738982132761
2009-11-20,-0.004192488612837719,0.0009004311561113809,0.0009588341413806489,0.0010366522184246385,0.0007223083010809983
2009-11-23,0.011050201230953904,0.009963169615961665,0.009281546264624074,0.00917681059908726,0.00957402935315721
2009-11-24,-0.001592884173495679,0.0020112902839994895,0.001716200735520479,0.001623994545634666,0.0012838482898038794
2009-11-25,0.0073952937213461745,0.0027754680259601816,0.003074686483995004,0.0030120501660910737,0.0022447913224021843
2009-11-27,-0.01846767118807935,-0.01123630925083352,-0.010849424395944496,-0.010801099735493258,-0.01104740975063323
2009-11-30,-0.0005280926548500986,-0.0037571828154444598,-0.004643146435171497,-0.004557634847176084,-0.004080980072608487
2009-12-01,0.015718296734121617,0.013611331445058328,0.013811551185585191,0.013549576126251406,0.012346320460289384
2009-12-02,0.0044325600256605036,0.0030690663529651108,0.0028971971888882564,0.002687363777690299,0.0012135274100211202
2009-12-03,-0.009953195359720168,-0.006210102665318296,-0.007004261725601535,-0.0070523260564478996,-0.006876976116683142
2009-12-04,0.007323333333333348,0.005970559102969952,0.005636282389586578,0.005790573248407593,0.007421799125045592
2009-12-07,1.4708948136377131e-5,0.00021782271581316515,0.0003726314489145288,0.0002444144264750481,-0.00029658407455102065
2009-12-08,-0.010001648623023773,-0.009750818860683408,-0.01008090396425998,-0.010223309683043857,-0.01020774963078297
2009-12-09,0.004168247872265551,0.000590918067049806,0.0006819341071904184,0.00063662844542689,-0.0002205072637473382
2009-12-10,0.005345655230634794,0.00438882793759543,0.005131111701831559,0.005087053057530877,0.003631136744492336
2009-12-11,0.007264795932979684,0.0038232601319911907,0.003489492745337941,0.0033522816459523597,0.0035543219440947738
2009-12-14,0.011534148184585868,0.008337364376990175,0.007852976249496324,0.007888638786814006,0.008569868435473804
2009-12-15,-0.003195157404025095,-0.003488467884504187,-0.0038868541706491566,-0.0038824737476869098,-0.0030973943223925327
2009-12-16,0.0033127443354061814,-0.0015317027864671928,-0.002156366655718389,-0.0021010733035455864,-0.0009176410121395362
2009-12-17,-0.012408660680573447,-0.011129426137843512,-0.011477692088082803,-0.01152232430660094,-0.010759672699265144
2009-12-18,0.003818780941860389,0.0009343954918592523,0.0006522289669201875,0.0007735056223308057,0.001765633679034151
2009-12-21,0.010258905578949484,0.006516953961939409,0.008192926550756763,0.00825464732993364,0.005650948268932421
2009-12-22,0.006044959116906279,0.00417635424545737,0.004892821910088774,0.005102450709854045,0.004657187235433291
2009-12-23,0.007568175548373857,0.0030598363538651974,0.0032509792070700705,0.003317989761552065,0.0033291423211139204
2009-12-24,0.004461128708607376,0.0029349980528330377,0.0026590903510033126,0.002528322814117523,0.002568406002615431
2009-12-28,-0.0010851336058709249,0.0016249208533567483,0.0022689436882525893,0.0022969144281210774,0.0013552499058639977
2009-12-29,-0.0012732322355100134,0.0006260140292153604,0.0005416232459238834,0.0005549504422210916,0.0007259786279789626
2009-12-30,-0.0010558786908314577,-0.0016138237326466243,-0.0017182762352083714,-0.0018670355936938332,-0.0021557084296787155
2009-12-31,-0.01122222547444851,-0.010714731140135436,-0.010933801899983275,-0.010841886572798831,-0.009946772174971863
2010-01-04,0.02005823959210984,0.010210390589624918,0.00978718998467576,0.009762836514021878,0.01065865595023241
2010-01-05,0.005198374531383276,-0.001169919486469495,-0.0010260926746357146,-0.0008987532158383216,-0.0005352572583851023
2010-01-06,0.0043333333333333,0.0006234807656804175,0.000793162855868168,0.0005442993630573323,-0.0006189923447983414
2010-01-07,0.004246314968469722,0.00106258555669414,0.001069565694611585,0.0013015682833268372,0.002392004076872789
2010-01-08,0.005051319898035533,-0.0017440124425671666,-0.0024480571535502316,-0.002431804937891968,-0.0006619384122464878
2010-01-11,0.0020189908365275677,0.0032239864940051266,0.0026374981099714923,0.0025444154273810415,0.002992515413588137
2010-01-12,-0.010761422753903238,0.00044488400334685707,0.0003714249815602866,0.0004876526641215406,0.00034118895546475514
2010-01-13,0.007609103952694651,0.008404271793273299,0.008506402147127501,0.008465030165292875,0.00794977999766866
2010-01-14,0.0002721830643925838,0.002160291125330893,0.0017058648344199234,0.001919007586739907,0.0033328613654657335
2010-01-15,-0.011645209696239944,-0.006947121330059369,-0.006367386698257982,-0.006390334832886757,-0.0075625521652570304
2010-01-19,0.012121171990486124,0.010123492954406288,0.009311356002742688,0.00923250566207412,0.010181918080068408
2010-01-20,-0.013138097341744204,-0.008563561260578445,-0.009593363490124074,-0.009548549452002009,-0.007436909089304722
2010-01-21,-0.021707272396875088,-0.01400017255774444,-0.014858415231036148,-0.014643550271024597,-0.012514507503372463
2010-01-22,-0.01836240000806466,-0.009132867931915922,-0.008452247387474077,-0.008232982142129308,-0.009814720294621826
2010-01-25,0.004076478020209162,0.0011730488050032406,0.0009461571607898289,0.0007030661651696857,0.000258064435180394
2010-01-26,-0.003373244706164069,-0.0005166583083723308,0.00021630896778623843,0.0002958425626318206,-0.0008298727967781527
2010-01-27,0.0027088064084983543,0.0026334467071957857,0.0021776369556898434,0.0022973045342034037,0.0040991083989267985
2010-01-28,-0.010394453309537588,-0.003747938174690435,-0.0045886263058896315,-0.004607764380386015,-0.0038249727472997597
2010-01-29,-0.01255681627960048,-0.005694328225532619,-0.005414796430677327,-0.005340630014427861,-0.00542504223676854
2010-02-01,0.01828174368287705,0.009047372037698453,0.00900331996008008,0.009199118145695406,0.00948188142083528
2010-02-02,0.01412417384786857,0.014265890868621511,0.01396415584111299,0.013925227921292693,0.014103660045286182
2010-02-03,-0.005254973617540681,-0.0047113368386463295,-0.00440365503561857,-0.004180785839420165,-0.003993010027758759
2010-02-04,-0.03429408665197631,-0.02471887971075004,-0.02419405434555577,-0.024119355490579086,-0.02504387413870479
2010-02-05,0.002123333333333255,-0.0018343840937568023,-0.0013971633379474824,-0.001218694267515863,-0.0020101494713817836
2010-02-08,-0.00834132192644288,-0.005607962524915244,-0.0051994743812315836,-0.005006546152918179,-0.005202106251992911
2010-02-09,0.018233099424246557,0.013668882584526143,0.014021145716895278,0.014008580129339476,0.013310780052159243
2010-02-10,-0.0033883380289547738,-0.0021047482993298283,-0.002128431957540755,-0.0021144234947375606,-0.0016793450022888345
2010-02-11,0.01681591606114874,0.010829311174481937,0.01030255160637239,0.010276166096530925,0.011703027861346138
2010-02-12,0.00023024112887282122,-0.0006939613058869476,-0.0002061612421353498,-0.00016800675967132417,-0.0008098339046977987
2010-02-16,0.01895069566357499,0.011530031362996018,0.01120748730958443,0.011133213897342564,0.010638320801095169
2010-02-17,0.004849428839293957,0.006030498107772786,0.006664577727579335,0.006948688711206907,0.006379792347358304
2010-02-18,0.006855180189758725,0.006817596091738265,0.006401892030547529,0.006310906403137695,0.006631853423691325
2010-02-19,0.004108316167279469,0.0019492049215503737,0.0011902856583341226,0.0009635580837747959,0.0020804348073499845
2010-02-22,-0.0008878783061373463,-0.0022267621440826835,-0.002216256153652729,-0.0020190752559322567,-0.0014072752659644028
2010-02-23,-0.013918715721147334,-0.008040078591802335,-0.00742909008302306,-0.007383333454534791,-0.008148819222134063
2010-02-24,0.007962257048552246,0.00675390283939814,0.00741094131061959,0.007699518942525074,0.006767565445314316
2010-02-25,0.000684484238033578,-0.0035773477512283103,-0.0029077198451170627,-0.0026380138527455355,-0.0041788007829167695
2010-02-26,0.002461962922356342,-0.0034328388304325497,-0.0036783629650575245,-0.003562037593541012,-0.0021993343585862135
2010-03-01,0.015360898449059635,0.00876637504002642,0.008704064861153826,0.008694290318281839,0.008226653835550879
2010-03-02,0.004981606083910073,0.0052584995572428905,0.004960222098430389,0.004700961073405452,0.004658127151522695
2010-03-03,0.002747992968883617,0.002345906394353392,0.0014017691550725075,0.0014348272177573396,0.003218676437213075
2010-03-04,0.0026663936185193915,0.0035235296618081335,0.004391899490319595,0.004730879569553537,0.0031180432422184268
2010-03-05,0.015881381962375096,0.00884209012084125,0.008630952268531056,0.008530073728534093,0.009497722000477271
2010-03-08,2.72867715280789e-5,-0.0017661048845890592,-0.0010733194521562739,-0.0011761848302839217,-0.001051668768117131
2010-03-09,0.0018799999999998818,-0.00018302587512530888,-0.0008481806743835252,-0.00075522292993635,0.0005933335462742217
2010-03-10,0.003920837824889167,0.0009613915075397106,0.0010776246818160473,0.0010995961759143746,0.0012344643797572719
2010-03-11,0.002391366053200894,0.002792275662268695,0.003194017849966757,0.0032902353366668358,0.002975340003943172
2010-03-12,0.0018182570334104309,2.7042133774468624e-5,8.629112058455846e-5,0.00028354678082198603,0.0010364191905016806
2010-03-15,-0.0016938883646522296,0.00567382689422935,0.006255572669030762,0.006316305111132348,0.0055373093055899325
2010-03-16,0.008864452780204646,0.005117257040101908,0.0041608820734340135,0.0041063477572143015,0.005870308298624227
2010-03-17,0.006434670489886107,0.004253972314438137,0.0042017617915171,0.004265831130461306,0.0043298465681171905
2010-03-18,-0.0025131356245062797,0.00030053562337095663,0.0005324888482094448,0.0006251060156357013,0.0008762940351976223
2010-03-19,-0.007645089129881821,0.00030079774793012604,-6.746239508859109e-5,-7.025425250595241e-5,0.0001944551595105537
2010-03-22,0.009539282874569954,0.004253182068248096,0.005512520990752945,0.00581951702068384,0.004792972546656449
2010-03-23,0.009787034023754693,0.006993812477159578,0.006932015457325802,0.006942966517136107,0.006973466218684665
2010-03-24,-0.006929483306540196,-0.008337510322928288,-0.008717148534981844,-0.008653703923536926,-0.007475329102999639
2010-03-25,-0.006291740621382047,-0.0036246480549083637,-0.0021394843859177115,-0.001955964299011903,-0.0033862722253240607
2010-03-26,0.003183053146243342,0.0005940164366644574,0.0009109800257702805,0.001008204402301205,0.00030591374671362637
2010-03-29,0.008413610516438519,0.0055996784204652705,0.004723137805372479,0.0044390599040502465,0.004766595412015073
2010-03-30,0.0003443706760122289,0.0006881184419120778,0.001045955065238413,0.0011347340239931114,0.0007681556971113057
2010-03-31,-0.005335366673267172,-0.004626963616389257,-0.004952816180045616,-0.005041259360776484,-0.004810397005267419
2010-04-01,0.009338498504567028,0.007003351091056986,0.0063233247766840694,0.00623774378154951,0.006669812378820472
2010-04-05,0.0124713532452283,0.0027132150767232854,0.002909143688307081,0.002995672251518755,0.002775533995115209
2010-04-06,0.0008225700725754681,-0.0017808454573178256,-0.0017944813098528245,-0.0019262771154984204,-0.002022303638469225
2010-04-07,-0.006170207839587549,-0.0048351327402790245,-0.004232679912356985,-0.003982054730886753,-0.004300372891003379
2010-04-08,0.0033133333333335013,0.0002848153105168283,0.0013312521933104282,0.0016532484076432485,0.0010017351804594288
2010-04-09,0.0068951636909704295,0.005940259353204302,0.005737631044281377,0.005652728066262158,0.005776224848712985
2010-04-12,0.002160862668232122,0.0020074902526678873,0.0015096502112290633,0.0014016125347982022,0.0019529689792225913
2010-04-13,0.0009841571762714274,0.00036162467203748605,0.0004967722848010503,0.0006909434307256213,0.001502563246826849
2010-04-14,0.010862042161336793,0.0011859302385441861,0.0015488094796241025,0.0017353041742498299,0.0021485768154951845
2010-04-15,0.0008796091445713028,-0.0008953484937115341,-0.0009117168730731207,-0.0008652022541943971,-0.0006052701431014107
2010-04-16,-0.014828135560275069,-0.006262900102037228,-0.005610593447974099,-0.005518048527180519,-0.007095106762436187
2010-04-19,0.00014290707874109465,0.004229915926977412,0.004033414824846648,0.004082548625631288,0.004566780476249921
2010-04-20,0.009879882717015454,0.004055704492535783,0.003565858308351766,0.003498895156534898,0.00402570018973436
2010-04-21,0.0027672930061353185,-0.000728692823670607,-6.096099973118552e-5,3.05907868685118e-5,-0.00106228440095546
2010-04-22,0.00738288393131703,-0.0009674487740951587,8.997864757764873e-5,0.0004965219211388039,-0.0001457943384721716
2010-04-23,0.008527741506312969,0.002534954869589656,0.0021729370209044863,0.00199244972101309,0.0021163691370138515
2010-04-26,-0.0007241167520585234,-0.0025102704569626155,-0.002760672830429689,-0.002669801302817354,-0.0022569740220026446
2010-04-27,-0.026523223927891304,-0.01864504621817986,-0.018619990547803944,-0.018649541711914353,-0.019447148092808786
2010-04-28,0.005127265675002768,0.005371154086790231,0.003950859828341979,0.0035455215667843376,0.0044628814259195515
2010-04-29,0.014411645184451816,0.009107274026212586,0.008961467131450851,0.009297520477112853,0.011827565944904084
2010-04-30,-0.018256306219726404,-0.008206436640465498,-0.009050799107931828,-0.009480601618536366,-0.010346353878072034
2010-05-03,0.013964661884561247,0.0095671261219068,0.009054444124076522,0.009139120362263276,0.01073305652675871
2010-05-04,-0.028933400702995882,-0.015448082875904268,-0.014547244803927994,-0.01464483919859716,-0.016826957881955207
2010-05-05,-0.009919984934547044,-0.0024038818810501184,-0.0010298891265628773,-0.0009475681408297465,-0.0032904946234214583
2010-05-06,-0.031203843198415404,-0.025436306026872857,-0.025979186024549406,-0.02592018466186563,-0.025314396037389053
2010-05-07,-0.01930333333333356,-0.009681096015251578,-0.00972662391825252,-0.01020500000000002,-0.011366532388320305
2010-05-10,0.050452445370468224,0.035057644824689094,0.03423612088393391,0.035046294434706304,0.037323601380973015
2010-05-11,-0.0022966298286988263,-0.000535173948934653,-0.000221368115997711,-0.0004026986881714434,-0.0008195562949322444
2010-05-12,0.019477804223479334,0.008459389720589128,0.00836806014786906,0.008579213522605933,0.009700530234599825
2010-05-13,-0.01053604360494853,-0.008239986965469015,-0.008893075019156482,-0.009143846579904413,-0.008938799347578352
2010-05-14,-0.019738638730258273,-0.01231635928235486,-0.012049372317389118,-0.012744773523085118,-0.013451135815127913
2010-05-17,-0.0010590425995419261,0.005619912765328694,0.0060012418295836145,0.0064005662244170924,0.005667812624057023
2010-05-18,-0.01373646926854799,-0.008320274561235963,-0.008424882759377694,-0.00814616774620358,-0.008744015439855035
2010-05-19,-0.009679004366624833,-0.0021882943075477446,-0.002303806050526158,-0.00233640672801394,-0.0022385550524620657
2010-05-20,-0.04280135524093187,-0.033833373207874495,-0.03314272883121938,-0.03297796698730815,-0.03512153989483058
2010-05-21,0.01513401261142433,0.004385627264334557,0.004821642331033216,0.004819937831306964,0.004521998723254095
2010-05-24,-0.011736448499619634,-0.006508115370926437,-0.005805622577352398,-0.0055946613635567966,-0.0069793929955080936
2010-05-25,0.0009355039020646494,-0.007236505427559714,-0.006657677428836273,-0.006365106692613365,-0.006871351445205343
2010-05-26,-0.001368740911977473,-0.0074955630306479115,-0.008230718294225725,-0.008883711608872136,-0.007910278041145524
2010-05-27,0.03759955645190005,0.023116512454149696,0.02269696738737781,0.023396358492653757,0.025211159883782086
2010-05-28,-0.012932117812589294,-0.006220594976993676,-0.00581672831424207,-0.0061751161625677176,-0.00784487822821156
2010-06-01,-0.023860702790508892,-0.00878645570852632,-0.00805690754317756,-0.00751525615765547,-0.00868843855234891
2010-06-02,0.02822074351052195,0.02090898754540005,0.020223159183013983,0.02020058352910148,0.02143621108896876
2010-06-03,0.004227510749074126,0.004382739962129678,0.0039042149230319456,0.003712767831167252,0.004177750710300909
2010-06-04,-0.039790187462949045,-0.028363019445419302,-0.02864396316927975,-0.02840752927111201,-0.029160417676863615
2010-06-07,-0.018820207146017176,-0.006762710734382282,-0.0074401675760144,-0.008296210004520521,-0.00881284332410548
2010-06-08,0.011880000000000113,0.013442981169725199,0.012944535343845542,0.013195000000000068,0.014059068212422199
2010-06-09,-0.0012093225810702046,-0.0014312175259191262,-0.0008252519848235274,-0.00030698878300827737,-0.0009357182581883894
2010-06-10,0.0337092659956717,0.020354189746923712,0.01997936370455622,0.019656832844624716,0.02072514728130259
2010-06-11,0.006615102786525551,-0.0014787162630491846,-0.0014318397638735103,-0.001302968194452414,-0.0005812614349305356
2010-06-14,0.001979896097391576,0.0035815617081791373,0.0037697966058025667,0.0037442086234851235,0.003280844433246166
2010-06-15,0.025093037884655667,0.014183082131902003,0.013507349778622446,0.013370967322763105,0.015204826883918443
2010-06-16,-0.0036212660839165522,-0.0016872695877051536,-0.0025836023656793383,-0.0029794179966942114,-0.0012621968608065304
2010-06-17,-0.0014186654877412774,0.0038281047232313625,0.0028649110452825255,0.002347595225162813,0.0037915939721675507
2010-06-18,0.001405441699842802,-0.0013305735714111977,-0.001700154352538119,-0.0018543845234245682,-0.0008713437096463661
2010-06-21,-0.0023732251216588285,-0.0026544572157650714,-0.003208775992202373,-0.0031209828171939735,-0.0019056020166097198
2010-06-22,-0.02112202519466877,-0.012292539708597339,-0.012272881102334932,-0.01214845976565504,-0.012098070171083997
2010-06-23,0.0005560651742861911,0.0008223734177084108,0.0016861129642995465,0.0020738313435550992,0.00017999773241106354
2010-06-24,-0.018155472729973532,-0.009075025661967051,-0.009960074656814033,-0.010635226972887213,-0.009915209115027634
2010-06-25,0.005440199067665574,-0.00636090356504837,-0.007178929060907668,-0.007383285609699475,-0.004908226507780111
2010-06-28,-0.004504268939089284,0.006922310979542878,0.006619945421363793,0.006077549077862177,0.005410744744589691
2010-06-29,-0.035449327020888655,-0.01833941418981544,-0.01872600802502644,-0.018945516374147098,-0.01928614726768485
2010-06-30,-0.009663112804174756,-0.006724490323253174,-0.006996934867790405,-0.007185400053835389,-0.00687802858194142
2010-07-01,-0.002669721675725323,0.00020393495470649725,0.0014242621795570454,0.0019759681738060753,-0.0003478340689794246
2010-07-02,-0.006766605559598737,-0.0023055816702548526,-0.002389541627107361,-0.002811393543310281,-0.0036924033632970144
2010-07-06,0.0005556889734652515,0.0034221276475996376,0.0025398606275957025,0.0016581483823971954,0.002450781472169705
2010-07-07,0.032915021156500135,0.023081275632831355,0.022281037818466576,0.022032124644891793,0.023619251151160814
2010-07-08,0.013070000000000359,0.013881642901744984,0.014116949043182725,0.014394999999999936,0.013925240466642341
2010-07-09,0.010207945485833037,0.003139091794355675,0.0033795246816892277,0.0036421931298951105,0.003642534309551415
2010-07-12,-0.005589891660150559,0.0008247625403141612,0.0010737598290293526,0.001184146477340331,0.0005310244972944744
2010-07-13,0.020524542018916847,0.009586813838771358,0.010264882948935794,0.011071409263088139,0.010679828035156325
2010-07-14,-0.00010375040910970412,0.0013818628841377745,0.0013916800176676514,0.001354862747743546,0.001063895121429237
2010-07-15,-0.0015643580822189973,0.0025654024538859233,0.002520755459566093,0.0024025577663633335,0.0024561907735225486
2010-07-16,-0.03127080676067617,-0.017904529083463627,-0.0179088195999888,-0.018401783952015638,-0.020143404044901447
2010-07-19,0.004876759699190769,0.0025689502554084864,0.002120493857934891,0.0015239901936652256,0.002115123500675331
2010-07-20,0.019043738297271462,0.012537476542529236,0.01297548500404555,0.013388671939681851,0.01305934775297768
2010-07-21,-0.01032115058949834,-0.010377009441868257,-0.01062825816010704,-0.010785962902455593,-0.01046911919456972
2010-07-22,0.027133019238193556,0.013310679654197966,0.013314675606465931,0.013569955826907787,0.014829549484110416
2010-07-23,0.014132958356976477,0.006514744040595488,0.006434680273610827,0.006517008877207964,0.006810846465196585
2010-07-26,0.01328653773088484,0.009495699579390449,0.009545292214454548,0.009818688775582451,0.01027228417341397
2010-07-27,-0.006416345735676621,0.002656842674050086,0.0017526819481750167,0.0007231703818675328,0.0014772627661294724
2010-07-28,-0.00819730079081682,-0.008328899097851172,-0.008214363418883153,-0.008144030450988327,-0.00830697636174238
2010-07-29,-0.0034802017062258717,-0.007812969351367438,-0.007859455092329659,-0.0074253639097939805,-0.005711904371006549
2010-07-30,0.002427597871268672,0.0015669230124364386,0.002020176599487389,0.002467942307827764,0.0019226945396411121
2010-08-02,0.022656281249758825,0.014183873189287155,0.013753654140793659,0.013396054218450804,0.014358405944321584
2010-08-03,-0.00865686662024312,-0.004166595003876727,-0.00452584596463057,-0.004647589061202662,-0.0026578988524240676
2010-08-04,0.009126660392504427,0.006072376760521969,0.0062786659046742965,0.0065117939430678895,0.00667813317206245
2010-08-05,-0.0024417897313429027,-0.0030296425217091194,-0.003261365410425321,-0.003500894266874388,-0.00327938964301
2010-08-06,-0.0005733333333334256,0.0024989711060359188,0.002709984540909094,0.0029599999999998516,0.002587161210353628
2010-08-09,0.007084648198300458,0.005252654649909649,0.0056475744010024975,0.006252626226370017,0.0055204099108456806
2010-08-10,-0.008678131851011295,-0.0001915320062023662,-0.0002783227673217592,-0.0009531565771138117,-0.001795322554228318
2010-08-11,-0.03168901381995226,-0.020620875835758334,-0.02041571887589766,-0.020634912254476667,-0.02205331003651867
2010-08-12,-0.0031152850752332872,-0.0005652278073970951,-0.0002179489569257287,0.0001094220201034446,-0.000837041231686042
2010-08-13,-0.005457978338053837,-0.00191711839747144,-0.0022795755791098493,-0.003072516657641633,-0.0024036234656968913
2010-08-16,0.0017895278068771336,0.0011131544655904602,0.0011117172111656526,0.0012813162570519676,0.001551700739308881
2010-08-17,0.016902589652706634,0.011347597483093441,0.011611037722544237,0.012132952015228016,0.011947042286414078
2010-08-18,0.0031692610702565016,0.001766733720710123,0.0018165043975588713,0.0025643899199148112,0.0029043463429725414
2010-08-19,-0.019179551609957768,-0.01328720999829025,-0.013030358620276905,-0.012864750450439666,-0.013754356714657967
2010-08-20,-0.004011724834637187,-0.0006136969585956997,-0.0004231041446636219,-0.00032921215295189654,-0.0006917118819771417
2010-08-23,-0.0075557945861404185,-0.00047501699147289855,-0.00040612416787022543,-0.000887769251700754,-0.0016896601064347871
2010-08-24,-0.01653817282134784,-0.007699278377421459,-0.007795149175349292,-0.008674332452990985,-0.00942576714434118
2010-08-25,0.004699033191446711,0.003192283140373675,0.003640484960965029,0.0042913502703236794,0.003397609874234986
2010-08-26,-0.007724926697129986,-0.006129692177889723,-0.0061906887146546685,-0.006076400671940485,-0.005528860959455484
2010-08-27,0.021020844469642475,0.011360030873828642,0.010819219342354414,0.010362451203673961,0.012475748326536529
2010-08-30,-0.016845062653404574,-0.010221026521898269,-0.010352531667659925,-0.010398916248832601,-0.01017305878878394
2010-08-31,0.0011170954706847258,0.0008400862735076231,0.000607262884267934,0.000388021147737172,0.0009653704116989736
2010-09-01,0.033088398901071514,0.02122607926830744,0.021414441322579414,0.021899556473289783,0.022522406953652485
2010-09-02,0.013102705955311267,0.0070200530279564965,0.007860365931827706,0.009487178227590487,0.008217047519312182
2010-09-03,0.012707192278060164,0.007853014724660934,0.007829191671745672,0.007946051935213028,0.008251960588422591
2010-09-07,-0.01195999999999986,-0.005277102813766477,-0.005288409882081124,-0.004955000000000043,-0.004557383667517345
2010-09-08,0.006567499966263268,0.004207687377030034,0.004145104978611203,0.004605641453401699,0.005518208716649209
2010-09-09,0.0013146343490497703,0.0038267827403986043,0.003290339943019971,0.002257923510792903,0.003369248681847292
2010-09-10,0.005592920080787822,0.006020433817031989,0.006322578572147908,0.007100456519044007,0.007000522138793652
2010-09-13,0.012942641378389963,0.003020233939771133,0.0030502470752169497,0.003181902542490178,0.003683309905401222
2010-09-14,-0.001618829176583625,-0.00011989924303379418,0.0003466274380059531,0.0004010770902613814,-0.0014480085988011204
2010-09-15,0.002238061730852614,0.006349717993222592,0.006410981080652078,0.007044121845656504,0.0072687730826348496
2010-09-16,5.188356638097247e-6,-0.0020413181771461453,-0.00190066556337809,-0.0016577403521859102,-0.0019574889999752765
2010-09-17,0.0019772852161594745,-0.0012816700445074103,-0.001322268693099038,-0.0013769680057106326,-0.0011537086870596625
2010-09-20,0.01583012784606974,0.01181067497723931,0.012000840757752318,0.012167080567896615,0.011698761149383952
2010-09-21,-0.002540017715507714,-0.0017869900792628624,-0.0017508219022284166,-0.0015156614371674149,-0.0015417228110282677
2010-09-22,-0.004930043531451878,-0.0004260902759068985,-0.00038111878314772696,-0.0010966997062378248,-0.002246140400882113
2010-09-23,-0.00970483555719237,-0.007570150501451822,-0.007059273999446503,-0.007059594241061173,-0.009072403195186207
2010-09-24,0.024969899855452393,0.015360573646240328,0.015311231135377357,0.01544550040242143,0.016356974575170158
2010-09-27,-0.003658622398729494,-0.004304507090555076,-0.004281950723234118,-0.004507424365535195,-0.004913839550326871
2010-09-28,0.0067363895256089545,0.004628182489858412,0.004982509713266525,0.005068032976621062,0.00410531822665372
2010-09-29,-0.0011598893359362483,-0.0030116064700841383,-0.003134085347981874,-0.0034452626552510246,-0.0032764858818370435
2010-09-30,-0.002321581654063709,-0.004079842488327046,-0.004127535527391535,-0.004126829291759004,-0.0037495650208880793
2010-10-01,0.005898859936249945,0.0024951274569005033,0.0024155315003064892,0.00232045063120645,0.0025005648470741715
2010-10-04,-0.009181705175515309,-0.004529610228130032,-0.004247528459279559,-0.00400005460129782,-0.005029344103719802
2010-10-05,0.021975343190347996,0.01389594001264527,0.013852305400295029,0.014230019036030717,0.015077622630157439
2010-10-06,0.0007933333333332016,0.0013196565252218129,0.0010927439561347896,0.0011300000000000754,0.0025889569084944775
2010-10-07,-0.0023588972748285197,-0.0029501898884326527,-0.0029849290942653983,-0.0031871220520810484,-0.0030971618633730547
2010-10-08,0.012184823458819771,0.004775615638960895,0.004741961144612006,0.00477458648417084,0.004174797399607577
2010-10-11,0.0010612023794436265,-0.00033380380801151244,-0.000221031701433394,-0.0003744015838954562,-0.0011299405284870279
2010-10-12,0.0028542532138022825,0.004132940774821181,0.004027349993242613,0.004593606079489554,0.005671799976096681
2010-10-13,0.010062155951899854,0.00757968233975892,0.00733326402327128,0.007087862978514048,0.007615749022996887
2010-10-14,-0.002474562038275785,0.001610762647880959,0.0016471378407738602,0.0022636582074961886,0.0021971752847558257
2010-10-15,0.0001626193446917501,0.0036325059987183383,0.004418871725295759,0.00453000846533036,0.0009850760453957719
2010-10-18,0.0035440069163579224,0.0031314657687524505,0.002976021060120848,0.002339007869472498,0.0020884208103073565
2010-10-19,-0.017744143355028053,-0.010723483095415709,-0.010953344615117544,-0.011219750411882723,-0.011065396094284141
2010-10-20,0.014293401400085948,0.007144814640447805,0.007217140898928998,0.007284444434974224,0.006800453815979823
2010-10-21,0.0015039895653743418,0.002503756742143537,0.0028183728216923942,0.003589323449734616,0.0032424266518171763
2010-10-22,0.0019173540086077079,0.002951472932451127,0.003351360480931209,0.004926987606660438,0.004776348328090041
2010-10-25,0.005773181108502223,0.0032320447935723084,0.0033631057752758764,0.0036866126998693627,0.0036280025160588814
2010-10-26,0.0003021605608368727,-0.002019488226967514,-0.0017742867053265332,-0.0015071075663505296,-0.0017618209253721373
2010-10-27,-0.005265087928311818,-0.00552614573204635,-0.005650309147818833,-0.0064949206130533454,-0.007185726032246653
2010-10-28,0.0007999927596455958,0.0025656037419923283,0.0025325624911920475,0.00214226263741768,0.002064734286450598
2010-10-29,0.002175517564611873,0.0010870188674345638,0.0011084959395788463,0.0010672166577803122,0.00031974116420241394
2010-11-01,0.0007089553006964788,-0.0009420312168031408,-0.0008436654097527807,-0.00022047964721561009,-1.1586012420572445e-5
2010-11-02,0.010081978045103801,0.005402106319847277,0.005662744125146668,0.005507643356278846,0.00449921446888113
2010-11-03,0.0017981078305269182,0.0025385545429907896,0.0026196330192262973,0.0030774011191347928,0.0032684922597514543
2010-11-04,0.022346666666666515,0.011830020510749772,0.011949247285936382,0.012129999999999752,0.012503569982027063
2010-11-05,0.004337238510094599,-0.0009880337647487636,-0.0009979451031654207,-0.0005068617667690622,-0.00010707875327620187
2010-11-08,0.00018342150839911753,-0.002582324603702335,-0.0023929435455336545,-0.0022510318415075448,-0.0029916675650998314
2010-11-09,-0.010256937900204322,-0.005077674111150787,-0.005252812886752056,-0.005969522823734308,-0.006540075084193853
2010-11-10,0.004053054295131142,-0.00029258790752173525,-2.0111565133262843e-6,0.000917334842827966,0.000877771456053722
2010-11-11,0.00029185212423654683,0.0010657359165240354,0.0012010988412352042,0.001382030494238684,0.00021993647045470688
2010-11-12,-0.014662180363944843,-0.007364427786388239,-0.007514788951740847,-0.007877615050722264,-0.007998035652634461
2010-11-15,-0.00020202944622838004,5.2666937250700485e-5,-0.0002420773030400447,-0.0004385431056848077,1.1002942737814436e-5
2010-11-16,-0.017840239804656877,-0.01352608654945675,-0.01328832906934807,-0.013725080415542323,-0.014453639971994559
2010-11-17,0.0020532280333473985,0.0013148409552317109,0.0015984060872706873,0.002242419130286777,0.0015056399269492982
2010-11-18,0.017338955833351655,0.01375345840275477,0.013674677788122924,0.013903427926178713,0.014722134041846413
2010-11-19,0.006143945742207002,0.0021407132110027316,0.002506451359430173,0.0031736947937415216,0.002747453729302629
2010-11-22,0.0016930179577052673,-0.00026228004405270955,9.77274697651076e-5,0.00019583590902771952,-0.001080500411425045
2010-11-23,-0.014187986920337514,-0.010825668383185438,-0.010620331101394487,-0.010490821719266186,-0.011239251941808859
2010-11-24,0.017779886265144595,0.009771299090951535,0.010133781248104379,0.010796355718911244,0.010959606433111668
2010-11-26,-0.00680625021481418,-0.00538408077534136,-0.0053226087090483265,-0.005315245534077251,-0.005538227690534914
2010-11-29,-0.001383984706500807,-0.004056585544468749,-0.004055677791955814,-0.003966259413239137,-0.003683999373029878
2010-11-30,-0.0040317810094357975,-0.005813200779090533,-0.005694845074169175,-0.005599032170763074,-0.005837408053492865
2010-12-01,0.02237042062464134,0.016630907675798223,0.016654288182387234,0.016862591096011847,0.017488974561185255
2010-12-02,0.011707446421764578,0.004260056646230748,0.004263197843030531,0.004457122679566217,0.00550229276587455
2010-12-03,0.004376902335882171,0.0011295591877689137,0.0010811660348417629,0.0009359602220666563,0.000846455751081665
2010-12-06,0.0012799999999999478,-0.00183962471956034,-0.0017585576029883754,-0.0016100000000001113,-0.0012179548914478255
2010-12-07,0.0007744210743585445,0.002833386491477796,0.003155042971984212,0.0036918438686284194,0.0039565820669780205
2010-12-08,-0.0012052762337976253,0.0007486625473731578,0.0008427953380185649,0.000797935143236117,0.0011024725254891177
2010-12-09,0.0037928740039285813,0.002206727459609814,0.002067309363890546,0.0017556174148387615,0.0017361493094383285
2010-12-10,0.006166379544353173,0.003256400538969473,0.003188883239330087,0.003124640255940392,0.00406828794055647
2010-12-13,-0.0009885222173043884,-0.0012152882364032669,-0.0016225320886362748,-0.0023371395843722054,-0.0020809204865671616
2010-12-14,0.0008793077051572062,0.004257026328749358,0.0041796360626502604,0.0040460381454729966,0.00404148215573219
2010-12-15,-0.004563481819159776,-0.0008038873240518996,-0.0005509555135838617,-0.0002293398961826787,-0.00040236040203422974
2010-12-16,0.009402080659750567,0.00882617286568621,0.008917861585908238,0.00902539733293084,0.008814973935984183
2010-12-17,0.002101442312568702,0.0033711079544094247,0.0032263284228621902,0.0031095116154600255,0.003350197897759255
2010-12-20,0.003066663785026069,0.0011292623289245185,0.0010385404718848967,0.0009455326057328239,0.0009093069661834097
2010-12-21,0.006725570589783958,-0.0011343976658940713,-0.0011056523356818282,-0.0011009145984834934,-0.0004043073932302743
2010-12-22,0.0004992605515004023,0.0021531365121820745,0.001985177976078889,0.0017245498253646296,0.00141149034986765
2010-12-23,-0.0016044220800770503,-0.0005545960617849843,-0.0005509276001952612,-0.0006377335034737364,-0.0011000883999179312
2010-12-27,-0.0007291667382431921,-0.003680597455177903,-0.0037379817008823535,-0.0038958882781825466,-0.0035235296381931347
2010-12-28,-0.0009249515053223467,0.00031022955293180665,0.00018268471249949236,-2.9530875340300078e-5,-0.0003724435784644431
2010-12-29,0.0024538394635635896,0.0010036294755184638,0.0012032254714706703,0.0014907306937339548,0.0010925544542152998
2010-12-30,-0.0006317157896530423,-0.0017437456132894935,-0.001646237087654434,-0.0015838319599869033,-0.0021815763666878096
2010-12-31,-0.0013397190177928398,-0.0007476182019966471,-0.0008890819482263446,-0.0010818540751909023,-0.0010915838937612943
2011-01-03,0.010852034547048639,0.004036858490840789,0.004144192271863689,0.004310887518586881,0.004712781796426313
2011-01-04,-0.005066864557613293,-0.005523490753912674,-0.006011663446376159,-0.006917824677241224,-0.006770517701045087
2011-01-05,0.00562000000000018,0.0016509403834701342,0.0018120842418403171,0.0017880700340213718,0.0032004171188002584
2011-01-06,-0.003003421769654513,-0.0021432739702857972,-0.002667949282106452,-0.002589771621972492,-0.000719238778477238
2011-01-07,-0.001645346679615911,-0.0032624290073911544,-0.0035649192038054167,-0.0035198272800887054,-0.003778743436654519
2011-01-10,0.0011904676938441217,-0.0013873217239463997,-0.001079899034782894,-0.001125738066055204,-0.0009658639027133598
2011-01-11,0.003914517470505974,-0.0004107695026952518,-0.0004442182759025748,-0.00043923208488505505,-0.0008460296882732976
2011-01-12,0.007564055816650317,0.00654404052855484,0.006480798173677416,0.006490225851148113,0.006683554514500756
2011-01-13,-0.0021587535865122964,5.445822172012171e-5,1.45698131639449e-5,2.0516367018830195e-5,-0.00029478500886914727
2011-01-14,0.0038056966958357474,0.0014089393767866554,0.0014213115623238348,0.0014194670228631079,0.0022096267132210023
2011-01-18,0.0029044238029647396,0.001024769186554364,0.0010111708444580092,0.0010131981095331533,0.001695042306848471
2011-01-19,-0.01323664664667823,-0.003965922519086784,-0.004316946093573915,-0.0042646134175484685,-0.0045864727324863575
2011-01-20,-0.004375970163354892,-0.00032888729780666814,-7.271348691217927e-5,-0.00011091671412322146,-0.000384568843745825
2011-01-21,-0.0014280952887896214,0.00022469530015700734,2.8163197565156395e-6,3.589801465664344e-5,-0.0006294145984608868
2011-01-24,0.008717679882316753,0.004773684677267909,0.004595598924686861,0.004622156098200714,0.004748298324719569
2011-01-25,-0.0005451714809574515,5.0873168953691206e-5,0.00039857436418944125,0.0003467152032836651,4.626653697070715e-5
2011-01-26,0.01023665529404938,-0.0015201526036680013,-0.0014433646985435589,-0.001454814180765096,-0.0016607910494114142
2011-01-27,-0.0001539831991217433,-0.00613384644691517,-0.005964018586822606,-0.0059893390497804955,-0.004278196053428052
2011-01-28,-0.01963407313297527,-0.013987275466497251,-0.014532346103444782,-0.014451090687230606,-0.01646784064090634
2011-01-31,0.007931679370790867,0.0020004902256496315,0.0016760678414564634,0.0017244531667433005,0.003074119691462762
2011-02-01,0.016005703068131982,0.009994254298736127,0.010023949926555309,0.010019519762313855,0.010645456381382257
2011-02-02,-0.0034840481315063787,-0.0015500801502679185,-0.0018881455759974797,-0.001837712842765571,-0.0007610311065131548
2011-02-03,0.003798529026797448,0.0045714442506308295,0.00486813447222989,0.004823861342996949,0.004419674783436189
2011-02-04,0.002723333333333633,0.0045352379502121565,0.004517769326162213,0.004960794604864871,0.006397789808751941
2011-02-07,0.006843200351043688,0.0018823073162903547,0.0016735127429894359,0.0016614053141728036,0.00301939815620611
2011-02-08,0.006095011912202741,0.005424180431257364,0.005511885621811041,0.0059226815298500934,0.006269372791183336
2011-02-09,-0.00253989334019733,0.0008428011212624487,0.0006628977047178353,0.0008878062856585434,0.0012653124285646467
2011-02-10,0.0016841165445800055,-0.0011873042839152248,-0.0013692706280411526,-0.0014298898702898022,-0.0014873282888051564
2011-02-11,0.007007882772151364,0.006311532184034796,0.006171461594222771,0.006405839472706454,0.005958598989011632
2011-02-14,0.003302834067945515,1.2194725951264473e-6,0.00016712022523890369,0.0001205309789220621,-0.00027322767667870007
2011-02-15,-0.0049519889903324454,-0.0019238191338832866,-0.0018121195505380605,-0.0019224610605395043,-0.003026022968957154
2011-02-16,0.006769376851033071,0.00428706311867888,0.004195042805203553,0.004448872329205766,0.004744938718742819
2011-02-17,0.0046021486773693,0.0057133879885984395,0.005627941486615828,0.005402841925154611,0.005570906675409049
2011-02-18,-0.00013485322561335167,0.0007404698138240295,0.0006385199804643804,0.000841436283373076,0.001681341049384999
2011-02-22,-0.023415608890239192,-0.009824383323574493,-0.009859289855754239,-0.010655028526091792,-0.012223191307497383
2011-02-23,-0.00923714553956101,-0.0039000648261420245,-0.0037651429578194895,-0.004291611484127378,-0.00469877901433724
2011-02-24,0.0004872205912080929,-0.001747690263370738,-0.001748272788337335,-0.0015541933398079966,-0.00042835567347399017
2011-02-25,0.013346409938922,0.008198170690168594,0.008029325607143756,0.007942008659238109,0.009664825731163118
2011-02-28,0.00529405509551828,0.005059031966108796,0.004951408974171789,0.004644372545842046,0.0038192767543847594
2011-03-01,-0.017318134101880545,-0.008328888522500022,-0.00817049615693155,-0.008314261134249046,-0.009843380689104397
2011-03-02,0.0043091273999764645,0.0005374732222453993,0.0005223610665321399,0.0003858912211545107,0.0006400730074875849
2011-03-03,0.018932749713785446,0.01456202109684579,0.014293332185560503,0.014519402951187477,0.01552599466005411
2011-03-04,-0.006831869952898306,-0.003789127138258186,-0.003734174486498265,-0.0037465207428176717,-0.004338401686051596
2011-03-07,-0.01100302606128789,-0.0029029657135937192,-0.003016214685616303,-0.003472106550009957,-0.004774827528279069
2011-03-08,0.010756666666666748,0.008298214813593052,0.008160486261127975,0.007939999999999836,0.008957828946409174
2011-03-09,-0.0017157739911022318,0.003838027222255569,0.003943124865103842,0.00396712006667066,0.0030251151426583522
2011-03-10,-0.01885351370663757,-0.007816141361789541,-0.007217813179189014,-0.0054638012356558185,-0.007054304460862859
2011-03-11,0.007332428290825366,0.0018235237140098448,0.0017063136812702773,0.0011367971446121228,0.001657286629205501
2011-03-14,-0.006283871966721533,-0.0073421796641303105,-0.007345736760726473,-0.007468850894061352,-0.008165817738983394
2011-03-15,-0.00788751131596277,-0.010984578628577824,-0.01059577238835685,-0.010020778005709774,-0.011266357097317159
2011-03-16,-0.015669178169711362,-0.014416666458384353,-0.014367642955334547,-0.01458899122194246,-0.01605979107478539
2011-03-17,0.010488950550192833,0.005814985075230039,0.005494076217857913,0.005174592220443364,0.007200422330193357
2011-03-18,0.00382813378674296,0.00684846292762642,0.0067491464523923295,0.006496035260464161,0.006641719831463
2011-03-21,0.01783806892827311,0.0125890283707919,0.012318855976983123,0.011980873207963594,0.013423642927119284
2011-03-22,-0.004267787128815925,-0.00014630910680679676,-0.00037338540923970154,-0.0009373069884645036,-0.0009888464151990295
2011-03-23,0.006298843081098626,0.004257645797839604,0.004510754182303733,0.0053243803174243265,0.00513570928371565
2011-03-24,0.009051718733069647,0.007967985066904326,0.008327662587926055,0.008784258029397307,0.008152795944329716
2011-03-25,0.004467931946498194,0.0025759814945542914,0.002499865274865787,0.00236924052477816,0.0024498104341834637
2011-03-28,-0.003966094490563399,-0.0016106192015351573,-0.0017134408399887002,-0.001997261995021926,-0.0018974967481336646
2011-03-29,0.008785943894349835,0.005769807537576943,0.0058417482576234026,0.005852081009272814,0.005400855336155086
2011-03-30,0.008331003852122487,0.008045959751535214,0.00795676926174882,0.007669703374534986,0.007421578752772495
2011-03-31,-0.0003960597842026514,-0.0012659240307746344,-0.0012467877277868578,-0.0010962325804435569,-0.0016685721684447374
2011-04-01,0.006108908963510684,0.004772870916676775,0.004677219381252762,0.004267373363806559,0.00446025679834805
2011-04-04,0.0017168823737030436,0.0018929974353307788,0.0019143131563699178,0.00188555342130714,0.0019675276993254
2011-04-05,0.0022453479548358857,0.0003553723655373986,0.000810459009261244,0.0010359629232308265,-0.0007422880266306775
2011-04-06,-0.0007266666666666532,0.001542627083381598,0.0014907358242635116,0.0012850000000002026,0.001657927743346832
2011-04-07,-0.003181469868104192,-0.0018150963590681801,-0.0015772862653233855,-0.0018857587999420167,-0.0031651209979479678
2011-04-08,-0.0064642353824078125,-0.002600666034753951,-0.002705427397621807,-0.002835309912553874,-0.00286643292654587
2011-04-11,-0.00464165718768339,0.0029334309160515826,0.0033732663136378793,0.00411043154850832,0.003932724317413427
2011-04-12,-0.008766642721282247,0.0005618459212959337,0.0009007905825522133,0.0016829315138577883,-4.774166158438842e-5
2011-04-13,0.0016722706029499435,0.001480199380382352,0.0014365523487596121,0.0014197653327490123,0.0004580679666099652
2011-04-14,0.0006260877221830885,0.005677757147718898,0.005498836532986218,0.005333282567566933,0.005253308622314545
2011-04-15,0.005768555411534981,0.006574029489422317,0.006348353860338607,0.00607623014784453,0.005575879181303867
2011-04-18,-0.010907004847642732,-0.00890788132500131,-0.008787089284259642,-0.00849130512809615,-0.00864964403830426
2011-04-19,0.006363392785546873,0.00199823078805772,0.002030159755722183,0.0020437609655401534,0.0028494693190197484
2011-04-20,0.015700798798023552,0.008511217907801738,0.008485023734786434,0.008666413756747371,0.009084317012343135
2011-04-21,0.006044375084896414,0.0008204264977385023,0.0007734304231290512,0.0005089957928563482,-1.1800464922440135e-5
2011-04-25,-0.003049794920666482,-0.0018878688617978145,-0.0019911279375013358,-0.0021145152868611294,-0.001966422610741092
2011-04-26,0.008168903832876717,0.0057551812685694426,0.005529715396770607,0.004635607252386542,0.005289299680711679
2011-04-27,0.005585069576777624,0.007761391670518147,0.007940210645504653,0.007876590609888323,0.0076498094214849655
2011-04-28,0.0035602493012327763,0.006914202531261848,0.0066680149439344305,0.006264556734556503,0.005996504893658328
2011-04-29,0.0031856639494955985,0.0023682611905493367,0.002150778385009433,0.0018302316280383035,0.0015720499921325626
2011-05-02,-0.002466980993179768,0.0020006717632077287,0.002097342491818255,0.002284726699412154,0.0013178286970929598
2011-05-03,-0.006814842071928506,-0.000362981347946878,-0.0004178008744973871,-0.0006191964425080743,-0.00028299790483743426
2011-05-04,-0.007711393817784851,-0.0010033622180599666,-0.000834964177077957,-0.00045653205515339135,-0.0024567429501637372
2011-05-05,-0.006609664017311223,-0.007716050612192382,-0.007416649310899026,-0.006782084421178003,-0.00849277909043078
2011-05-06,0.005403333333333427,0.004026549945429947,0.0038248999339542955,0.0035999999999998256,0.004703278454247117
2011-05-09,0.007855331359554185,0.0029823764724015156,0.0029162209436930375,0.0027301076125947343,0.0029779814129038407
2011-05-10,0.008005897619548952,0.007380989099064594,0.007353440911657794,0.007202128709269617,0.006657896355893866
2011-05-11,-0.011818123427950078,-0.00311205486543209,-0.0028422347402329295,-0.0025656800731920226,-0.004087876721082573
2011-05-12,0.00538397419751413,0.010969257019106449,0.011132534984140685,0.011383527153864925,0.010270488641323183
2011-05-13,-0.00923892772645818,-0.002032745879558928,-0.0019740136644750272,-0.0017672963150862087,-0.002966574803815014
2011-05-16,-0.006820797413575552,-0.002989827830600089,-0.0032777397322993895,-0.003723952799059904,-0.003387417765792211
2011-05-17,-0.0030888840745473267,0.0026321255656109876,0.002396478549765435,0.0020481417937994184,0.0012078423379315861
2011-05-18,0.012137986741831863,0.005807318556229513,0.005896573939440319,0.006655909646460456,0.007769518820503807
2011-05-19,0.003038947402117964,0.0052727922574831165,0.005267704811115381,0.005930139314131999,0.006341791018111165
2011-05-20,-0.008087534665941254,-0.0044863260922506365,-0.004846368178158977,-0.005265613876128672,-0.005580635249288757
2011-05-23,-0.013109245359293142,-0.007334492478582422,-0.0070372076893311375,-0.006483494777973053,-0.007546449942405498
2011-05-24,-0.0012654868915206174,-0.00014978404257592892,-0.00031956655496512276,-0.0005908151518627669,-0.0012521630181473453
2011-05-25,0.005612905143283831,-0.002412685206556575,-0.002510601425545711,-0.0025240768037058103,-0.0013451950175870087
2011-05-26,0.006425641572924468,0.003121480680586597,0.0033644479592027654,0.0039105009720623585,0.004075191991552263
2011-05-27,0.005321763316093797,0.002244603787417976,0.0021739520046295535,0.001965705391682837,0.0019229037767689583
2011-05-31,0.009462472606085903,0.009312011985423752,0.009190760764230088,0.008730862943559625,0.009064209309797455
2011-06-01,-0.02449416446890762,-0.011882797407424261,-0.012092754739276401,-0.01232405487575583,-0.013208183767749349
2011-06-02,-0.0019862884357760846,-0.008254267060298082,-0.008465242189061528,-0.00858137092539557,-0.007549086558822693
2011-06-03,-0.011774119500202351,-0.009755102778173708,-0.009912333095189574,-0.010106202347617943,-0.01021144067154156
2011-06-06,-0.011842648318107885,-0.0061678438126719914,-0.006175177884525707,-0.005874607973376245,-0.006734069299489942
2011-06-07,-0.00029999999999985594,-0.0009158451084485542,-0.0008761076062577811,-0.0008350000000000302,-0.001275331461903062
2011-06-08,-0.0075356950418458135,-0.0006054379197502069,-0.0008835597866332368,-0.0015347705333952355,-0.0012597444974131733
2011-06-09,0.008289905990002122,0.005527897480120059,0.005712913281181509,0.0058216714178647155,0.005758869600619443
2011-06-10,-0.014737062347124685,-0.011974717182930417,-0.012307394068306499,-0.012799311035270988,-0.012701671697846084
2011-06-13,-0.0007410894633821385,0.003949291489619977,0.0039987533134435704,0.0041038731395084405,0.004466411716799845
2011-06-14,0.017460925872289534,0.012136895154943428,0.012505993246644698,0.013043413945035498,0.01260224588779435
2011-06-15,-0.01773134032335355,-0.0144589295224824,-0.01448878215297944,-0.014251137269106429,-0.014190914193559112
2011-06-16,-6.192441712182806e-6,0.0049247389426494426,0.004861059741551266,0.0046853723510558165,0.005458984527515032
2011-06-17,0.0026735722822337493,0.005096119257669729,0.0050572482320050405,0.004958702862522202,0.004648995945562007
2011-06-20,0.0079177962941126,0.0070638604595598675,0.007212597090100026,0.007227293034017146,0.006516308794328296
2011-06-21,0.01699503887517473,0.0041610173817396845,0.00449230469133477,0.005132303569772789,0.0057058546394943566
2011-06-22,-0.00647436109921129,-0.006050983899511531,-0.0061565781248977824,-0.0059754167613487175,-0.005930710820491569
2011-06-23,-0.00017065839738228394,-0.0061455245293545735,-0.005615178095129125,-0.004894778362072749,-0.006247089875046075
2011-06-24,-0.009714569259045569,-0.005620813788121848,-0.006154143498239617,-0.006714080281210677,-0.006416870077522563
2011-06-27,0.007293584025780175,0.005737438202350287,0.005745547265977979,0.005834230121822603,0.006454047520838113
2011-06-28,0.015340301028861969,0.008389171199212342,0.008607557101121044,0.009590156742300238,0.00958602935687125
2011-06-29,0.006676648763265902,0.004047140370220914,0.003892786638943546,0.003528599086153328,0.004305124176196884
2011-06-30,0.011217911520302382,0.00677884141526186,0.006875890893637493,0.006774071240523538,0.006863337096429056
2011-07-01,0.015096883064546596,0.010590894002570073,0.010668751918851083,0.011258490392549225,0.011333199632568958
2011-07-05,0.00021093240277814118,0.0004887346996342856,0.0006465616537745245,0.0011276372617863295,0.00013710790982512933
2011-07-06,0.002017675257966811,0.00449682494200121,0.004554329463150042,0.004357080832038562,0.0036340467180273617
2011-07-07,0.010830000000000117,0.005180325950807196,0.0057909016263753,0.006015000000000104,0.0056020570907764355
2011-07-08,-0.00672357765400744,-0.0027424661209998202,-0.002811940157927184,-0.002832446335293115,-0.0038074034352304498
2011-07-11,-0.019399074976613084,-0.009718762212168941,-0.009772361842659394,-0.009605208450713443,-0.010678494237343017
2011-07-12,-0.0042691286573464104,-0.0031827053340810485,-0.0033442444839355545,-0.0037008294202725,-0.004067727648990438
2011-07-13,0.006196389884945974,0.0016375652608642266,0.001791815944726327,0.002170537533789041,0.0026559583293976896
2011-07-14,-0.009160379845186806,-0.003986532728452841,-0.004162171909631085,-0.004174849374491307,-0.0038275815896623433
2011-07-15,0.006019809886523175,0.002213514837556385,0.0019509728363007461,0.0013852718412452614,0.0002709667777163194
2011-07-18,-0.009323205431994275,-0.007302822250749297,-0.007235628129248495,-0.007026220261325378,-0.007094578790948436
2011-07-19,0.017194025167245552,0.015093894531479135,0.015396881181292787,0.01570324258778588,0.016089401465101627
2011-07-20,-0.002562988914239117,-0.003225923809325959,-0.003512872873825068,-0.004073624407157417,-0.003223368424135953
2011-07-21,0.012835596876019872,0.010817999018109203,0.010559030260727686,0.009931768402595464,0.01142091479917351
2011-07-22,-0.0003722317641654538,-0.0011404951516686967,-0.0009583400010061416,-0.00010609815283146862,-0.0007028996219385908
2011-07-25,-0.006525714496335433,-0.008790272062242033,-0.009093572195909672,-0.00945102567854672,-0.008910284528721224
2011-07-26,-0.008918035120754064,-0.004238069025976232,-0.004089602014090921,-0.004012278046847451,-0.0052783674578325
2011-07-27,-0.021838522683794714,-0.011598946302337931,-0.011936028024594592,-0.013103146026509416,-0.014044151059103949
2011-07-28,-0.0035680298721298964,0.0002619855053560549,0.0003412407962695152,0.0005875818155427481,0.000425324277718353
2011-07-29,-0.005496801399670681,-0.005695887785289733,-0.005437913569372621,-0.004913149409354056,-0.005659251337827631
2011-08-01,-0.004152814793669246,-0.005391677711672704,-0.005720014798787698,-0.006150922336973785,-0.005064707508639854
2011-08-02,-0.028722196481383078,-0.017257578498400705,-0.01770833577055142,-0.018443853707826197,-0.019038535025170278
2011-08-03,0.005618083073833047,0.006198102483910617,0.006331248525122124,0.007061929014266166,0.008265276329462612
2011-08-04,-0.055608952039479576,-0.03709846940929162,-0.03720725864911545,-0.036915851548898204,-0.038385075890796316
2011-08-05,-0.003086666666666904,0.011661453352055817,0.011699626098568228,0.011844999999999883,0.011158548960991777
2011-08-08,-0.07132544487317538,-0.04738406096257408,-0.04739695538662181,-0.0471148397234753,-0.04899736385706144
2011-08-09,0.048754287614009906,0.031073970472550894,0.031141849082091833,0.031374019587281365,0.034073111946752555
2011-08-10,-0.04054757796927533,-0.033382757287198195,-0.03412457231634647,-0.03511092916735847,-0.037441602322011325
2011-08-11,0.0483264536398893,0.037134633999642785,0.03679239594852457,0.03664886540494061,0.037972848346805366
2011-08-12,0.009954557516187679,0.008071506293036323,0.008565325013216052,0.009284917782770519,0.008750707143278191
2011-08-15,0.0214208873606756,0.017499389122116016,0.01683038328129327,0.015332633817102037,0.016897167589883022
2011-08-16,-0.01292421746896144,-0.0039285990967453666,-0.0034611170270270053,-0.0032236687527633645,-0.005299562665804336
2011-08-17,-0.0008745871060087396,0.0061607027218444355,0.005733629146351227,0.005339424621877642,0.006710525715714288
2011-08-18,-0.0493881509782651,-0.027013778121870002,-0.027112806154484304,-0.02855166809825005,-0.030956844674929762
2011-08-19,-0.015228602582545658,-0.004709691816978445,-0.004677129721903706,-0.003830613382642012,-0.005329264347835316
2011-08-22,0.00033793392557668334,0.0021995717656777547,0.002435682280564455,0.002949730143392504,0.002105937353565679
2011-08-23,0.037124986040509844,0.02880918700416535,0.029094094404715776,0.02981658591964842,0.029461353241671873
2011-08-24,0.015939344310279102,0.007751234751234293,0.007466563352205968,0.007063717307161932,0.00817739538054263
2011-08-25,-0.01828036928226473,-0.01747629069046519,-0.01745812213376441,-0.017938312891972563,-0.018915999592194477
2011-08-26,0.020592025361810817,0.01032688077954047,0.010743449586191778,0.011741645810049661,0.011296011740819623
2011-08-29,0.03373544438242293,0.021112074899047206,0.02119213165999634,0.021222143216484524,0.023211610230527757
2011-08-30,0.005125005406343419,0.0035595098365976963,0.0035520826482460244,0.0038115565354492897,0.0032735267453927186
2011-08-31,0.00371360540645993,0.0027763398478242163,0.0027137986789946833,0.002341950447613206,0.0030606884078847596
2011-09-01,-0.014224791492970401,-0.006168613503000353,-0.00631750547413612,-0.006640035329827598,-0.0075167563463970355
2011-09-02,-0.027048903539533153,-0.016625584821023054,-0.01678414105409609,-0.017066221167049922,-0.018578710428608036
2011-09-06,-0.008250000000000202,-0.0033250998452826197,-0.0030984509214971867,-0.0026450000000000085,-0.005235400291651482
2011-09-07,0.03187288227880014,0.01735968048443315,0.017551706861452354,0.018044764903168753,0.019448517730564552
2011-09-08,-0.014135752089196263,-0.004437316360031307,-0.004750967592100475,-0.005262860972505834,-0.006211887039622832
2011-09-09,-0.027799771759129066,-0.026035349275938646,-0.02631228561275112,-0.026488889518406666,-0.027570525641885224
2011-09-12,0.003926143315779118,0.0033278779289944715,0.0034999026111863785,0.00381341924668277,0.0037073988257292356
2011-09-13,0.012777468082221022,0.006510204218578508,0.006526715789106019,0.006551029561926214,0.0070649876777779674
2011-09-14,0.015512764835788007,0.012711266954507305,0.01290778496979983,0.013214948318034603,0.01373586989539799
2011-09-15,0.015106353584078525,0.01273013357925823,0.012781080024069968,0.012882506432550178,0.014050956957217364
2011-09-16,0.00280639378821812,0.00582870953234238,0.005816615619071097,0.005898859029163983,0.005189723229533705
2011-09-19,-0.009276223133959483,-0.0063841454741236925,-0.005989170619771889,-0.005565042791689234,-0.0073516029343728695
2011-09-20,-0.010245401923344333,0.0016109541118016768,0.001050327466659562,4.2833582569290485e-5,0.00012896175361687412
2011-09-21,-0.0341549607295657,-0.019993469215396797,-0.02018053566657585,-0.020422876059597694,-0.022659240072721465
2011-09-22,-0.03675455854097398,-0.021645132473114836,-0.021675627045849133,-0.021763109138347225,-0.020803346126834654
2011-09-23,0.00830646588502093,0.0030736175166661273,0.0032598312471689983,0.0035004141167707115,0.0035945487500079754
2011-09-26,0.023175414728513477,0.017142354880141486,0.017565316066745273,0.01826619805403551,0.021586513625949877
2011-09-27,0.015155983705278597,0.009824137789797627,0.009715653072806862,0.009393360062849299,0.01005873430763593
2011-09-28,-0.027670802513414472,-0.017912889399093523,-0.01799690285514699,-0.017972185213185443,-0.019069256081314157
2011-09-29,0.006152979616226295,0.007620003319574353,0.006818867247450067,0.005569996723143511,0.008604042035020631
2011-09-30,-0.028063284280777645,-0.014488663953416525,-0.014722219393666025,-0.015082664329865603,-0.0166883914677185
2011-10-03,-0.033386047686816966,-0.02190093296867568,-0.021887945444452273,-0.021774956335101514,-0.023076426517614324
2011-10-04,0.032181831354866075,0.011588524182453597,0.012321585440748573,0.013593554286539966,0.014678725278689297
2011-10-05,0.02225666666666659,0.006614664621983568,0.006994691399662578,0.006483070539418989,0.007313250966095586
2011-10-06,0.02218625720220313,0.014308637151762671,0.01424102904560054,0.014244013095680685,0.01426981323341825
2011-10-07,-0.010189978657425547,0.002651823640310358,0.0031018443435244514,0.0028172258070089384,0.0006678874875740703
2011-10-10,0.036054237677215495,0.01984807625224061,0.019919646664786184,0.020362434723872225,0.022010288494424213
2011-10-11,0.0024682549208019378,-0.0017382337077779253,-0.0014138102437822875,-0.00042584586933702706,-0.0011437204570011739
2011-10-12,0.011535827614353122,0.00561759870039924,0.006064910331478046,0.005934563269925253,0.007214633888863675
2011-10-13,-0.0023871982598395736,0.0008852220760025009,8.93527957772644e-5,0.0008478956267943261,0.00038972101949297233
2011-10-14,0.018361099905176204,0.009252086305366225,0.009703564333211512,0.00934736480684406,0.009666763498756392
2011-10-17,-0.024851868693753554,-0.012136783772767168,-0.012789252573051968,-0.014260666633510999,-0.01596328456523588
2011-10-18,0.02211923383422265,0.008432859075590216,0.008870643137779188,0.009305087759033936,0.010950717973908564
2011-10-19,-0.01609181030190765,-0.0059373360701612254,-0.006299461546977803,-0.006972914266168084,-0.00781711807731611
2011-10-20,0.004847161003601608,0.004973356277788277,0.005127654931460057,0.004583282825588952,0.005350514713865051
2011-10-21,0.0220805378409743,0.018733109653102487,0.01807443801030062,0.019686255091355465,0.018046321210551053
2011-10-24,0.019511042743962648,0.0013944086428907543,0.0018768246048430637,0.0021789441410833277,0.0028082984111010845
2011-10-25,-0.023158323605909525,-0.015710621062912766,-0.01597146685797668,-0.015840843017409845,-0.01608219422412116
2011-10-26,0.012870031917671776,0.008785879570795574,0.007581421330111304,0.008061506285712339,0.010470122891598876
2011-10-27,0.03985191938735966,0.0185588692835843,0.018660089657049683,0.019238891235156652,0.02229628809280193
2011-10-28,0.001831461486673014,-0.0012336776516002068,-0.0012607879451724813,-0.0013477353289608196,-0.0011947756064392134
2011-10-31,-0.02791262782729831,-0.014735085751615418,-0.014848719777742825,-0.014769057860662405,-0.016731341515060838
2011-11-01,-0.02899512410670324,-0.018960339565404882,-0.018293548409978433,-0.018318361129002758,-0.021117820572022494
2011-11-02,0.019407120875599038,0.009574086995340902,0.00944433434307812,0.009016950109125066,0.010106712326922729
2011-11-03,0.01969333333333334,0.012542922218034214,0.012281298482293312,0.011984999999999912,0.013563680131243094
2011-11-04,-0.0038314751493913057,-0.004761188984131137,-0.004823527893794033,-0.0035879845056991932,-0.005677568149110135
2011-11-07,0.0020233366744695225,0.0061549133586564775,0.006320161681378389,0.006431719356170262,0.005687513118396881
2011-11-08,0.011953036357174707,0.008518687337188524,0.009099724028269529,0.008632279313862012,0.008278037219373147
2011-11-09,-0.03980486920124238,-0.025234233143741625,-0.025453510048943362,-0.025512462919306422,-0.02693809262533442
2011-11-10,0.007678809387747787,0.00809295909823926,0.007798629816871516,0.007624297894523124,0.008005853688158204
2011-11-11,0.02071431634404597,0.013672614447072462,0.014272987900144862,0.014461164747213928,0.013961333905460505
2011-11-14,-0.008381303224580527,-0.00760110393875113,-0.007030165418657308,-0.007161410741135188,-0.007962583319014116
2011-11-15,0.005588695380168263,0.0059307438433426896,0.005187659835967917,0.005741375774681812,0.006579241815959813
2011-11-16,-0.016764125100446337,-0.010130795482265031,-0.010312213723515096,-0.010655918212640336,-0.011021740417227477
2011-11-17,-0.017524917473085044,-0.007534470737772803,-0.007817341697052949,-0.008132000239412629,-0.008440943179963245
2011-11-18,0.0008875075321639336,0.0029471421367315287,0.0023860230337431343,0.0025267120935481557,0.0034927494154746164
2011-11-21,-0.019081055694025295,-0.014657767029602087,-0.014929517054421693,-0.014680814667673125,-0.01475551214225268
2011-11-22,-0.00448566669983852,-0.00034338372721365307,1.779239285260026e-5,0.0009055742482051432,0.00014943517061638545
2011-11-23,-0.02463524196153355,-0.014694890321824916,-0.014365694542282537,-0.014569040413724199,-0.015254403791653437
2011-11-25,-0.0036947064605534763,-0.0001413366078411027,-0.0006996727442485362,-0.0010162534121674893,-0.00039437875820969026
2011-11-28,0.0339574883485414,0.020405629121760027,0.020864699864149294,0.021655952759197294,0.02153454132811472
2011-11-29,0.0018429136261834955,0.009050514326061299,0.008924983079681814,0.008403419841907622,0.007421859248296858
2011-11-30,0.04820216878726069,0.027676817806420173,0.027108671864472855,0.027441145433453107,0.031147113176146046
2011-12-01,-0.004131414179742721,-0.0023331500893472024,-0.0021582136698935495,-0.0021152624506497464,-0.0025474293912938206
2011-12-02,0.0006151283133750685,-0.003174093119366339,-0.002878832029269751,-0.0020861053888695524,-0.0022982405598367395
2011-12-05,0.010803333333333276,0.004467870071103608,0.004760034787035572,0.004515000000000047,0.0049525526066349634
2011-12-06,-0.000288670067701835,0.001711822944521435,0.0016796759795960625,0.0013869822750280925,0.0026148683566165065
2011-12-07,-0.00016114200913974752,0.001947910301894229,0.002285009987611719,0.002784971162645755,0.0024802442138731617
2011-12-08,-0.024550601347092083,-0.012187663210860844,-0.012221975015498487,-0.01173054888549585,-0.01312356793881464
2011-12-09,0.020166578775668853,0.012716876508559682,0.012558791924827117,0.012631728534605147,0.014122286713036392
2011-12-12,-0.015698720982279757,-0.008326351048703495,-0.008260112481565995,-0.007405983593175347,-0.008761594302195697
2011-12-13,-0.015517763481334823,-0.004117826527034851,-0.005410340362869026,-0.006019060957614397,-0.004946528152808827
2011-12-14,-0.012737906877215655,-0.005881740876677255,-0.0057048060864273165,-0.0058050017805033605,-0.004950591453509401
2011-12-15,0.005490417209194964,0.009993756338402715,0.009653895890318953,0.00942253138026361,0.008702012382120428
2011-12-16,0.004736260145527638,0.0007418615244827453,0.0009898153373446572,0.0007241828257888994,0.0010620388727320407
2011-12-19,-0.014849082093322252,-0.003613857679707455,-0.0039585177696346285,-0.0036318004684868788,-0.0036829736094868837
2011-12-20,0.0321543901374286,0.019476848468048757,0.020011705894322995,0.019931781753164346,0.020125397765242914
2011-12-21,0.004935696888738628,0.010681393585286969,0.00986548954085853,0.009625190584011678,0.010620743075419936
2011-12-22,0.007146216321221477,-0.0007844929067155615,-0.0008085374579577254,-0.0010492899829610547,0.0012138860472679092
2011-12-23,0.008356565932506665,0.00827746937584406,0.008214523152313857,0.008640015513500687,0.008876695262663326
2011-12-27,0.00037531641546095784,0.0021841839988565592,0.0015881294792632339,0.0016788160170981836,0.0009126034571864672
2011-12-28,-0.015808189404291628,-0.007674716271959592,-0.007625007629241121,-0.007855032330188583,-0.008366315677324043
2011-12-29,0.010850105944621546,0.008652570025817097,0.008438688206214628,0.008695305626457595,0.009141617222178988
2011-12-30,-0.003404061724798235,-0.005010728860324276,-0.0050989784923954895,-0.005181429834273943,-0.005255913727249539
2012-01-03,0.017021306168659045,-0.0010510738278451948,0.00015385660910260945,0.00014004511932474983,0.0020530246338703595
2012-01-04,0.001361853747660735,-0.0016378668891102732,-0.0015673068791889344,-0.0007799548436402404,-0.0009714154772755279
2012-01-05,0.002106666666666701,0.001864972301278467,0.0017802553877481753,0.0022100000000000453,0.0023920729128692475
2012-01-06,-0.002660269033236573,-0.0037492806726842076,-0.0036444703103638565,-0.0029659981441014782,-0.0028561874836522394
2012-01-09,0.0028187610943954944,0.00132773426232502,0.001331390432683044,0.0009524264523985693,0.0014741165609200024
2012-01-10,0.012494830276964741,0.005285805144951805,0.005292334162216639,0.005455602249302638,0.0059631388346117475
2012-01-11,0.0033519126310963543,-0.003911756097647823,-0.0036822949810187966,-0.0028915654649608324,-0.001676061465082812
2012-01-12,0.005203954886964901,0.0012362525585372097,0.0011853013206368779,0.0017355710787776424,0.002544430111185658
2012-01-13,-0.007454712931642127,-0.0015197704158933512,-0.001321026414269899,-0.001418369701645772,-0.0024853636363081355
2012-01-17,0.002567138610243269,0.002842276955563605,0.003315450738323955,0.003258262235034115,0.002104045650941355
2012-01-18,0.01288999012430403,0.002917958432715695,0.003713865004015826,0.004202154323642793,0.004039815093240806
2012-01-19,0.004967450336583523,0.0006475226543631862,0.001649281033397676,0.0019392116492296108,0.0020935148618812516
2012-01-20,-0.001834810875667725,0.001605266908554892,0.0010321017313994485,0.0013055817209235432,0.002138545945388426
2012-01-23,-1.2624235100622272e-5,-0.00262387595124447,-0.002797820188303435,-0.003572870727478694,-0.00396600376234002
2012-01-24,0.0009356226109167309,-0.0033240715535481913,-0.002454201814341861,-0.00282748301458402,-0.004033123445776776
2012-01-25,0.012343481671218903,0.011753095063540941,0.011182863912941654,0.010756251380357185,0.011921145799185906
2012-01-26,-0.005038006720233579,-0.0024577559609521016,-0.0027354294980130867,-0.002677865534423729,-0.0026645276320480527
2012-01-27,0.00042546869372372953,-0.005969001653130301,-0.005355472098084291,-0.0049780823793669216,-0.004899801902326861
2012-01-30,-0.0046792017561839705,-0.003133249378502012,-0.00313420034528078,-0.0026008550812661735,-0.0027579188835482604
2012-01-31,-0.002034831255563252,-0.0003349213286354402,-0.0005995027864073021,-0.0009469309532040837,-0.0016177265592635104
2012-02-01,0.011783741546704363,0.007219963016434461,0.007067269167157608,0.007209591062576015,0.007578528972321585
2012-02-02,0.0025093829110873767,0.001716840633386063,0.002157831120747744,0.0020130270248321924,0.0015576857294505864
2012-02-03,0.017073755887830222,0.006910762508628876,0.007287258836907506,0.008091744421900193,0.009054413383200677
2012-02-06,-0.0006399999999999739,-0.000527832425963326,-0.0006958561004567487,-0.0007400000000000739,-0.0006106951512943048
2012-02-07,4.898801899910765e-6,0.0034948174406594923,0.0032003808526650523,0.003615626563657104,0.0037119765882698275
2012-02-08,0.001318648042252235,-0.0012303208482572492,-0.0011391265349108837,-0.0014245551662107614,-0.0012278589123397854
2012-02-09,0.0026858915822902674,0.00228179375088855,0.002494050933118608,0.002665121284787908,0.0015298915109236422
2012-02-10,-0.010640470579720951,-0.0037294079015800508,-0.0035606632991900256,-0.0037554746218892987,-0.004699857849320699
2012-02-13,0.007414255198592956,0.005575030621709276,0.0058864877902580215,0.005948550196055669,0.00659022017038513
2012-02-14,-0.003476658385335729,0.0015395529123634066,0.001973973287691111,0.0015903678522524167,-4.817380646371383e-5
2012-02-15,-0.00505611441664533,-0.0028675400056549227,-0.0030929700161634877,-0.003369333390121132,-0.0041395511803085094
2012-02-16,0.012875012266841734,0.007491842896037992,0.007210386544711955,0.007133508564097335,0.007671787756556858
2012-02-17,0.0007897576863755695,-9.412475537384779e-5,0.00034628798961100493,0.0006642406192318706,0.0012581221425589373
2012-02-21,-0.0004945743369348943,-0.0021508970242041237,-0.0027661381926369355,-0.0024634251704859222,-0.000664638478669155
2012-02-22,-0.003878776906634407,0.0003254828885563832,-0.00018582905618269585,-0.00012372513661362827,-4.6643255149803053e-5
2012-02-23,0.004593387001580407,0.004157552422952238,0.004412057634919142,0.004371630812141536,0.0036947717538953206
2012-02-24,0.0005121193113248879,0.0033312018615028194,0.0032171041845110437,0.0027438069250291797,0.0028803934879670923
2012-02-27,0.00029269375946960885,0.000134055087671614,0.0003623540526265234,0.0003224941285955296,-0.0004756740333929921
2012-02-28,0.0013902271545120914,0.002925842935097789,0.0036707355412595177,0.0043231332061277605,0.002635094225037715
2012-02-29,-0.005587091544698053,-0.00048248110218085394,-0.0006653378127315923,-0.0009798274583497912,-0.0016908335650522854
2012-03-01,0.005111322318059441,0.0015073026256520183,0.00161217305559469,0.001431379713603853,0.0018198264758526594
2012-03-02,-0.0065677378909108075,-0.000544052635880754,-0.0005982957654779852,-0.0005761234159615825,-0.0014004744135858171
2012-03-05,-0.005282995626989639,0.0027420209390058847,0.0029223962900783995,0.003040600178248587,0.002671194588649728
2012-03-06,-0.018818217089300204,-0.010490337868565014,-0.01056210203714325,-0.010665804442575033,-0.01171422081696838
2012-03-07,0.007329999999999837,0.003153427927778285,0.0036196994097807966,0.003964999999999996,0.004205457892818121
2012-03-08,0.011927194332211677,0.0066533953984295735,0.007369594898180676,0.006208720921546007,0.006198904346122136
2012-03-09,0.006447538411005205,0.00291089757899754,0.0029069447103760027,0.0030771876053725666,0.0030212058097587313
2012-03-12,-0.0016351590946146466,0.003018930536211162,0.002966474942313946,0.0022313606229904526,0.002019936443255377
2012-03-13,0.01807808662324306,0.009832143986594488,0.009876510615110634,0.010629125258821759,0.012039627171987366
2012-03-14,-0.004657135200837881,-0.003940857419270305,-0.0031966403067441584,-0.0024813637980193315,-0.00223370047599869
2012-03-15,0.008383638977283336,0.0029967462520117394,0.003055863136061543,0.0034597041752131297,0.004613618123773255
2012-03-16,0.00016200473842831187,-0.0013238139139172267,-0.0016126642239512323,-0.0016670480633689255,-0.0008774814040392043
2012-03-19,0.004446659096062566,0.002232917288977676,0.0021431869804062753,0.0026324938913417917,0.0028583075425356874
2012-03-20,-0.006388426674156733,-0.00024065887119872897,0.000177949753053408,5.547818978124397e-5,-0.0010218978372642518
2012-03-21,-0.00014673092931249965,0.0009130824877863208,0.0012533820090132597,0.0010267446791902834,0.0005848711043787702
2012-03-22,-0.009071452932268853,0.00047459668474791883,0.0005459019043867475,0.0006801138925496275,-0.0003011782768036486
2012-03-23,0.003507967063450579,0.0013184403012547197,0.001364134320954058,0.000985647238422649,0.00108239383911779
2012-03-26,0.012967938020089997,0.010735094871036743,0.011125065865928097,0.01165268877288872,0.011729667872890648
2012-03-27,-0.002613449836083803,-0.00023486331746835898,-0.0004532719707348587,-0.0007180334017270473,-0.0008920173980029311
2012-03-28,-0.00812000476099728,-0.0028967694363015717,-0.002894263823110532,-0.0027391767976069348,-0.0023952289954849437
2012-03-29,0.0007347857535990876,0.00086199319817859,0.00046655358114433554,0.0005101901506714412,0.00042145411779204167
2012-03-30,0.0025543337399600574,0.005718771290867952,0.005444826575413453,0.005598249370486252,0.005552308637867709
2012-04-02,0.008121918379304649,0.006649737497744335,0.0067026970575279066,0.006402015857725596,0.0059872802563500915
2012-04-03,-0.004694083548655303,-0.001440312646771913,-0.0020038601392543542,-0.0013894588331093694,-0.001217629389173358
2012-04-04,-0.010473775710186595,-0.004446168019003216,-0.00455782482838174,-0.005180355668094272,-0.0055690961305430164
2012-04-05,-0.0014933333333333465,-9.088381939337253e-5,0.00017767748735231237,0.001174999999999926,-0.0002337986875684539
2012-04-09,-0.01221867789231923,-0.00941884091034495,-0.009663898908554569,-0.009416712862386656,-0.010037518132543388
2012-04-10,-0.019571144325010836,-0.01345312586823355,-0.01382182651829289,-0.013774327536168252,-0.013958457568311933
2012-04-11,0.010554680451458909,0.006680290747242301,0.006771523272383284,0.008161393629860125,0.008322953647157405
2012-04-12,0.017187763406976808,0.003959994269105316,0.0043092608372901076,0.004107424148773298,0.005168788533648883
2012-04-13,-0.010406011046292463,-0.002095136308157941,-0.0024016083165216973,-0.0016825721882764988,-0.0035033937225976697
2012-04-16,-0.0009624477978674717,0.0012752973898870756,0.0017585990224773251,0.00046017052263014335,0.0001587803912874719
2012-04-17,0.014321558184766214,0.009441624760309297,0.010228482441459352,0.009584497765981581,0.010336627867481907
2012-04-18,-0.0036524796732103626,-0.0007281253496175255,-0.0006648250408838319,-0.00017938205485279468,-0.001584503111125457
2012-04-19,-0.006107064714618193,-0.0035228715520331244,-0.003375572155782325,-0.004274950134524058,-0.0038248819037286497
2012-04-20,0.0037249959617946526,0.006855931239881929,0.006568539114544469,0.006605056730569991,0.006548206281980384
2012-04-23,-0.01184485652906253,-0.010215661990464975,-0.011180907411587726,-0.010662908190198106,-0.009472587635091845
2012-04-24,0.0030587761312541595,0.0011167084135992322,0.00024677938973516333,-0.00048157820699346043,0.0023523903497975063
2012-04-25,0.013077447428650801,0.010281007041622159,0.010364443747925556,0.010774247452687291,0.009257164059439438
2012-04-26,0.0073552949606812135,0.006626438367985488,0.007042356773021785,0.00707876327394974,0.006841441743207
2012-04-27,0.003781691281610655,0.0017265661718257608,0.0033139400873885005,0.0021670802297599767,0.0013043179636571534
2012-04-30,-0.004980989825953297,-0.0021482083841809496,-0.0026403428667864937,-0.002938810584114937,-0.0028188597255267567
2012-05-01,0.003863953580789614,0.003412334412263407,0.0029581823359909887,0.003173921949384484,0.004403296121943567
2012-05-02,-0.00021768241887032413,0.0019011378243813937,0.0027755623009906305,0.0031726520084016663,0.001685674326820763
2012-05-03,-0.009855419924886921,-0.004738583441286859,-0.004511368964311369,-0.004935413702890967,-0.00515807781112998
2012-05-04,-0.014343876727257454,-0.009430837441488538,-0.010096224899742268,-0.010698977751659178,-0.010329975008200987
2012-05-07,2.6666666666841365e-5,0.00044874727378085844,0.0003508195615513632,0.0005049999999999777,0.0014412699234414017
2012-05-08,-0.00594718074184708,-0.0034635232078376044,-0.003695210055216558,-0.004859398004008031,-0.003940894335011547
2012-05-09,-0.005775698015973885,-0.007482697626254309,-0.00716574513262036,-0.007807800096064188,-0.009263142335838692
2012-05-10,0.0024295363705542083,0.007615810195475525,0.007436032696833017,0.007257637908810288,0.007296308518920824
2012-05-11,-0.002215048567909883,-0.0012631925531176869,-0.0014529396392580773,-0.001178917622631448,-0.0011209593529055706
2012-05-14,-0.012089039424163617,-0.0059478184349799346,-0.006165919480559334,-0.006926661904354536,-0.00787149559450806
2012-05-15,-0.008315812946514622,-0.0018901542922102887,-0.0014145516171150119,-0.0009794777744266403,-0.001973228136455507
2012-05-16,-0.005426492520144821,0.0026120996220106996,0.0023974783135845,0.002632391560125402,0.004280553742545434
2012-05-17,-0.01945390329062402,-0.01290511820887874,-0.013037681988779526,-0.01427043950493534,-0.013414419186022819
2012-05-18,-0.008073753505444703,-0.005954904724104315,-0.00588957916860533,-0.006052948921287271,-0.006164444354869625
2012-05-21,0.018838874116694937,0.00793807748838704,0.00771032154796103,0.008968743372998134,0.009322351926932315
2012-05-22,-0.0012155340599733222,0.0007398064697619056,0.0006752107477752123,0.0004904056530115053,0.00042123066300869816
2012-05-23,0.005782143718691568,-0.002102401641649543,-0.00128921965752693,-0.0004880347096122284,-0.0010075373199124327
2012-05-24,0.0020250453229428977,0.007628847098704261,0.00817496407349938,0.007697996989846301,0.007021171863664355
2012-05-25,-0.0017766227969686632,-0.000782033179561159,-0.0007285303230875062,-0.0011047206991321445,-0.0017668134928001678
2012-05-29,0.013476521395749508,0.006219367132484388,0.0063855868663877935,0.006599980608205769,0.00629642117830409
2012-05-30,-0.01711551567984826,-0.008517271843982321,-0.00862865383724587,-0.008909231458434363,-0.009037294521852313
2012-05-31,-0.004318859263877761,-0.0015991347177500836,-0.0021749063106022426,-0.0023097769398148227,-0.0020108749918693603
2012-06-01,-0.026187919307757435,-0.020034930168681964,-0.019864437760677367,-0.022362402067996445,-0.021751518011026594
2012-06-04,-0.002202714987988297,0.0017584015203380154,0.002354651077291159,0.0020055074770652936,-0.0001672851496599126
2012-06-05,0.006564657916283245,0.0010020855083823221,0.000551981515956701,0.0004539221526915771,0.0008574147669653254
2012-06-06,0.02241000000000004,0.014851026659600475,0.015078660130719124,0.015744999999999898,0.017180267663142512
2012-06-07,-1.2755482959869724e-5,0.0019908600712803537,0.0014576021491876645,0.001196989401867521,0.001500527706410848
2012-06-08,0.007085484362825856,0.005700745257927631,0.00734954475553784,0.0059839335191469445,0.0053338153360793505
2012-06-11,-0.016843188294253575,-0.006676614278757431,-0.007284472858245183,-0.007967116225675697,-0.007716963646457353
2012-06-12,0.011610930070651504,0.0066323228543903046,0.007170323692144764,0.007233368838974519,0.007843987125607965
2012-06-13,-0.010434052258966098,-0.002142581186402537,-0.003112000333126974,-0.00321897880404054,-0.002540308157965687
2012-06-14,0.010287081885986815,0.012392434699777022,0.012509531431182053,0.013356307653970223,0.013540760851136646
2012-06-15,0.00986492834697561,0.004822271203256401,0.004841723790724783,0.005093247922577149,0.005862819716097478
2012-06-18,0.002135121225251835,0.003290688719524759,0.003480677239533936,0.0038139355104047645,0.002771713570602685
2012-06-19,0.012853714335408162,0.003243919268679729,0.003315310039569086,0.0037750151919924146,0.004935610000321278
2012-06-20,-0.0029349181424893622,-0.005003083344746528,-0.004302214741343291,-0.004246347083953661,-0.0035432944960662738
2012-06-21,-0.024312431797305578,-0.014506541082966229,-0.015196285396435472,-0.015370739604473993,-0.015087343729097924
2012-06-22,0.005161632844278952,0.005120877319234607,0.004861482054109967,0.005450527440902242,0.006409048516244686
2012-06-25,-0.01685965375965459,-0.007971600506792464,-0.007872418838686612,-0.008467781507079719,-0.009466357162479677
2012-06-26,0.00437278007335995,0.002438103986114104,0.0029243397934197723,0.003115267935106081,0.003452283092147068
2012-06-27,0.009927667970365484,0.007374567670443755,0.00658859964406755,0.005047966964819128,0.006927532200343256
2012-06-28,0.0010065598416870714,0.0006665255871989295,0.0004619962606882133,-0.00027520483557541553,0.0002650099428060937
2012-06-29,0.025479776033236368,0.01939545386718211,0.020804920708092034,0.020814246546596138,0.020776597667732988
2012-07-02,0.0022384093712819464,0.0064441072607284156,0.006283517414349182,0.005494974031716726,0.004627226531512596
2012-07-03,0.010501623744994637,0.0020726383183045094,0.0022919327344741447,0.0021222656139365803,0.0019346598998142284
2012-07-05,-0.0006599427506790434,-0.00300294598253803,-0.0023687758307886497,-0.0015909007843030176,-0.0030555214095264738
2012-07-06,-0.010333333333333417,-0.0025424614723625893,-0.0023914379084968296,-0.0022800000000000598,-0.0036488431644184915
2012-07-09,-0.004869509262378058,-0.00016116263484799997,-0.00011345939646134617,-0.00016899681273296885,0.00047244073000274334
2012-07-10,-0.010191452738241846,-0.0013731740215118249,-0.0014604516539252765,-0.0016670915219721971,-0.002831917420176855
2012-07-11,-0.003002903108005217,-0.0012281595102867637,-0.0019500155206845227,-0.0025464550997748026,-0.001259933459355711
2012-07-12,-0.003195462522543324,0.00231787877001155,0.0017482311895951064,0.0026544815939804067,0.0007874465417370136
2012-07-13,0.016412037079073682,0.011430125864650975,0.011377118087381843,0.011417450980468757,0.011265802634125022
2012-07-16,-0.005471726095236384,-0.0025825953456567463,-0.0027887941828455,-0.0031903191825729538,-0.0033538772412476936
2012-07-17,0.0064095266629227154,0.004956038570746335,0.004747872059557956,0.005200438395021045,0.005798720094393417
2012-07-18,0.008492648530005864,0.0017713666292393793,0.001614543111934319,0.0015783340826374115,0.0016818226102262024
2012-07-19,0.004340572245904228,0.0015425639467505636,0.001122291083029081,0.0019393978735153805,0.001627394976414065
2012-07-20,-0.011551985066401427,-0.008786911570677569,-0.008369151846504885,-0.011189388527114597,-0.011020252075968906
2012-07-23,-0.010846438237648193,-0.010569992167191566,-0.009835632021983898,-0.011898690561761627,-0.010837956264341475
2012-07-24,-0.014138105466829587,-0.00749226692836813,-0.006885419572213114,-0.0073295009280870405,-0.007139113188323942
2012-07-25,-0.003148232776802984,0.0022403858803687893,0.001993627056389169,0.0024714871458160204,0.0029053763535444865
2012-07-26,0.016497285761302827,0.014642416438684913,0.014722320074452178,0.015009775937853131,0.014934532561153846
2012-07-27,0.020325913483075553,0.01352064034967615,0.01507477467306062,0.012957671597169318,0.012542274512356011
2012-07-30,-0.0009680836768668488,0.001822500027154117,0.0017058135656153883,0.0010783651949637374,0.0006089516680307661
2012-07-31,-0.006405171593171888,-0.00566906049528304,-0.005917142573335754,-0.005720410833180423,-0.0046327237959904455
2012-08-01,-0.0057235714821149974,-0.005428272744332663,-0.005650371549543065,-0.0058036298454615665,-0.004878064513713309
2012-08-02,-0.0077114789535872585,-0.007672885849374644,-0.006893115343102996,-0.006446151975463721,-0.007326089034436545
2012-08-03,0.022339491603249995,0.016357096057177944,0.016463680227754685,0.016661561879423914,0.01693354076976572
2012-08-06,0.005373333333333674,-0.00020999923747699878,-0.00011620147874313869,-0.0002500000000000835,-0.0007344594969012075
2012-08-07,0.008657825617017778,-0.001992941774169865,-0.0011471184595229778,-0.0004731867966991654,-0.0010485741405656945
2012-08-08,-0.00012626552394989776,0.00146141470930794,0.0023486659231626295,0.0010805449099371423,-4.294211970001793e-5
2012-08-09,0.00320199216640793,-0.0022428745146816365,-0.002617719397221663,-0.0025996552341727153,-0.0021915564833669965
2012-08-10,0.0020648781877914413,0.001377900228616058,0.0008525192671990922,0.001153459117975153,0.0017718900398946413
2012-08-13,-0.0024278088712721413,-0.0015493689778722786,-0.0013857128798508977,-0.0012294763142602916,-0.0011348268319378851
2012-08-14,-0.0017290754400972608,0.0038124244939401475,0.004243483090205835,0.003979020483663831,0.0030139310150587573
2012-08-15,0.002443331765593193,0.0017133144934937672,0.002375923389391854,0.0027315393605553684,0.0020881439429942805
2012-08-16,0.01016237150317223,0.004279320553665089,0.004412746367593368,0.004779755988249423,0.0052353191293437185
2012-08-17,0.0036080764550154854,9.660164302927043e-5,0.0007758567756990242,0.0005806133809005409,0.00043273422079037616
2012-08-20,-0.0013950589096425325,-0.001583247299827062,-0.0020613084605817233,-0.0019804063480870493,-0.0017787263759991845
2012-08-21,-0.0016841334405526265,-0.00454453255831877,-0.004460450121039905,-0.003951638318207218,-0.004226988146423083
2012-08-22,-8.346472116071979e-5,-0.0021628191651923423,-0.001446147339099424,-0.001735632752973837,-0.002261840293347528
2012-08-23,-0.009585919668942955,-0.007527048390933766,-0.007103231252290065,-0.006992634254741725,-0.007114891241813304
2012-08-24,0.004774981809223311,0.008103274833762164,0.008450219001189918,0.008379335101629914,0.007902554921232152
2012-08-27,-0.002931461820451897,0.0012544221001957734,0.0008839931911588383,0.0013134286495837255,0.0014201129745228247
2012-08-28,0.00019038167549556562,0.0011409540728011258,0.0015533224982484661,0.0014312903336162197,0.0008115709948637306
2012-08-29,0.0013683924414111814,-0.00034428109722639544,0.0002506073526631347,0.0004124526693876085,-0.0002998282715704903
2012-08-30,-0.00877321451418045,-0.004901761995116383,-0.004834151704162237,-0.004716527151834793,-0.005185717641107757
2012-08-31,0.005109117455163847,0.00102014596700295,0.0013458086778772582,0.0015169758342732376,0.001437452871246414
2012-09-04,-0.0019676647587493212,0.003660961545132624,0.003832538833288268,0.00309714667151062,0.0019175687945189868
2012-09-05,-0.0005566666666666498,-0.002258277437526379,-0.002208197368421927,-0.0018099999999999783,-0.00031775063798766823
2012-09-06,0.0208963026084521,0.01427027082571164,0.014589915449743751,0.015166014486220014,0.01579225032228182
2012-09-07,0.010629702489321824,-0.002555470682014893,-0.002754411723483896,-0.0014398244754306733,-0.00036707705497240894
2012-09-10,-0.004277827644032617,-0.002199663070525326,-0.0022234856048242158,-0.0018685718798377993,-0.0019496408581521907
2012-09-11,0.0034590850599500733,-0.0017752898363486702,-0.0018670365390779375,-0.0015295448935935818,-0.0007058327636100259
2012-09-12,0.0017195868074431075,-0.006520795484882935,-0.005909384403313123,-0.005729945153455707,-0.005200752658364394
2012-09-13,0.017111913581234317,0.014994935127053521,0.015031358020288987,0.01471874157341091,0.014563653686139988
2012-09-14,0.007893268070993775,-0.0046401766421722,-0.004126169352761999,-0.004275757543184433,-0.003942956708334555
2012-09-17,-0.006745121296656831,0.0013399185490019505,0.0012922138948314732,0.00187580801501408,0.0020860315562845066
2012-09-18,-0.0027381600261607852,0.0025481091405683554,0.0024633204121908836,0.0030021749109412355,0.0038080674528033764
2012-09-19,0.0029081837442324066,0.0025806028242927326,0.00320221304218804,0.0031409807834090753,0.002778873973438012
2012-09-20,-0.0028692210943536134,0.004112783149105015,0.003839082681555084,0.003936405832177359,0.00416326543689971
2012-09-21,-0.0010823342234538291,-0.0007666890228795742,-0.0013058983334287566,-0.0007981646298784728,0.00011292944319141185
2012-09-24,-0.0037339296019330837,0.0013050263304532628,0.0003302181418596284,-1.7113736614171593e-5,-0.0009691581337029076
2012-09-25,-0.013638565933479674,-0.006288758639108383,-0.006644884151246866,-0.00737477157857902,-0.0071199290761124745
2012-09-26,-0.00371407671767221,-0.001298185434117749,-0.0015985472503566855,-0.0017221175955087764,-0.0019235708763614134
2012-09-27,0.009125760369249614,0.004635470675488973,0.005182373498457071,0.005743197969257707,0.00677191485224049
2012-09-28,-0.0050038865478647665,-0.0030653979291775935,-0.0033692966017828674,-0.0046584758518990466,-0.004360321787965971
2012-10-01,0.002606573006810775,0.0034071282160754723,0.003817045720698964,0.0039015157384367782,0.003884862932118871
2012-10-02,0.00024334059232544725,0.0012843853188226895,0.0007791729942208114,-0.00040190037314546956,0.0003222451396680537
2012-10-03,0.0028197388555353253,0.004223906807995448,0.004532581857234375,0.0037954507376047886,0.0035710743311379023
2012-10-04,0.00909666666666653,0.004429148827173934,0.004613197368420918,0.004084999999999894,0.003953964928909981
2012-10-05,0.0012345305537297957,0.002124444859213259,0.0027403723334049612,0.0020132732786568575,0.001816696525179129
2012-10-08,-0.002272496568969995,-0.0014632469010730231,-0.0016537381142550656,-0.0011461191728362463,-0.001505865942979634
2012-10-09,-0.008299819331339608,-0.009002512927514084,-0.010263671864439439,-0.010040759772372176,-0.009748829957934468
2012-10-10,-0.006634975745545724,-0.005778512767621979,-0.005725330913197713,-0.004488026668032052,-0.005068138966348501
2012-10-11,0.005281850826914569,-0.0018288261922903004,-0.002477284173116545,-0.002399289021518869,-0.0015784598971838593
2012-10-12,-0.0033887511512687984,0.0004185502740055025,0.0009129688546103409,0.001269416088331754,0.0009766322480049272
2012-10-15,0.008289491723193931,0.007662450103042229,0.00791778914557506,0.008254669954818272,0.007971916286922953
2012-10-16,0.011299043639309891,0.005469499796456612,0.005388640330823424,0.005819653819657988,0.005843158383866287
2012-10-17,0.008082825109022584,0.004267257833571625,0.003595772036168121,0.002682591552457536,0.003063551600043235
2012-10-18,0.0003445119008411712,-0.003837554114597408,-0.004149192771599308,-0.004690238695179483,-0.004819740673715267
2012-10-19,-0.01772140090939578,-0.01440790045009177,-0.01442459272279173,-0.01737877564886936,-0.01871937045860783
2012-10-22,0.0013867772772808706,-0.00087686580416102,-0.0008132896033087311,-0.0006808850368708042,-0.0016575049751854642
2012-10-23,-0.01357784321022737,-0.011827469142945746,-0.011490439471890435,-0.01144497284029311,-0.01266550966980029
2012-10-24,-0.004738890397590012,-0.0018981020617785394,-0.0019022116308780035,-0.002011778784268281,-0.0017298799600761194
2012-10-25,0.0031150727975171044,0.005820176945523059,0.005139710877829717,0.005517035596367403,0.005340890705651136
2012-10-26,-2.915546448301054e-5,-0.0021987056539294336,-0.0017305051211498057,-0.002325504703502901,-0.003159335326521351
2012-10-31,0.005687831255030362,0.0014700420604061293,0.001326960942928057,0.0008827871850944913,0.0003034253045637314
2012-11-01,0.016063388828069902,0.003095536940798116,0.003887814805559664,0.005273591416530499,0.006777828883193893
2012-11-02,-0.011635113623279847,-0.005652638778583907,-0.005628826914904184,-0.0037914018181270936,-0.0038877103436920635
2012-11-05,0.003383305634974576,-0.0007597249351699586,0.0005890446427203599,0.001455522035728407,0.0014111530163904984
2012-11-06,0.009016666666666673,0.0056578528194171085,0.006032463235293939,0.006544999999999801,0.0066895679912504225
2012-11-07,-0.022318307593201192,-0.014497620070694217,-0.013769255158303628,-0.013340172570525777,-0.014437211917462167
2012-11-08,-0.013263439444153535,-0.009944141349030766,-0.011051936467593615,-0.011733455723783703,-0.010937624087278719
2012-11-09,0.001050634017715879,0.0005847491980264241,0.0009141985598437596,0.0013926069743166458,0.002194791828544096
2012-11-12,0.0001620282627650127,-0.0018147114293164401,-0.0011004887543115682,-0.0005937051774246305,-0.0009033800639882683
2012-11-13,-0.003437610370729871,-0.0005073001453399506,-0.0006588119331488729,-0.00120551043676409,-0.0017635725330092944
2012-11-14,-0.017139617019609088,-0.01124534652113518,-0.01158085315605939,-0.01191249189801269,-0.013200175280065785
2012-11-15,-0.0035022908049744395,-0.0004167653135688232,-0.000644296333671357,-0.00026299384020422867,0.000866127728836652
2012-11-16,0.0070081428031527615,0.00859677347188792,0.007731978912059123,0.00759597967311243,0.00791591192321306
2012-11-19,0.020510415970427243,0.015439906687669813,0.016854183230338382,0.017346952754121014,0.0168398506086207
2012-11-20,0.0014790630067380572,0.0038612783631766234,0.0041822206076143065,0.004223575078972086,0.0038108968266656884
2012-11-21,0.0033083646651705934,0.002574191559578942,0.0030060564852367744,0.003664831500749477,0.004190533817893138
2012-11-23,0.01263641668125648,0.01179603819194619,0.012973115346593511,0.013264791743792692,0.013116243888939616
2012-11-26,-0.0026051029550847593,-0.0031280065241543475,-0.004243037814533168,-0.0049978792038909425,-0.004267647039281397
2012-11-27,-0.002566271462715375,-0.001779218816631234,-0.002175687449883723,-0.00249012259474779,-0.0025767814817206913
2012-11-28,0.008718632915980074,0.007965666873106736,0.00884983880084178,0.008838547865637203,0.008058148523734099
2012-11-29,0.005931180664975333,0.0043507787237777595,0.003931154512530899,0.0046027482251320695,0.004585773025966189
2012-11-30,-8.38923399584246e-5,0.0013295934971462309,0.0013775431788976,-0.0005489869889531152,-0.001336850570765269
2012-12-03,-0.005400709666800729,-0.003944854937339093,-0.0039726728849915904,-0.0037262572522978044,-0.004080316101983228
2012-12-04,-0.0012639249596338997,-0.0026288899658637455,-0.0023428183547642423,-0.0026497001393036568,-0.0024614898734357515
2012-12-05,0.0007584465858812006,0.001866059523872865,0.0006935934390135401,-0.0001337938723997567,0.0013025418561787294
2012-12-06,0.0037333333333333663,0.002173537016262328,0.0025891911764706066,0.004294999999999938,0.004207395625227983
2012-12-07,0.0043964382970242966,0.004329507937132382,0.004608321454164344,0.0045970158170656195,0.004147340103983543
2012-12-10,0.002669146383699861,-0.00027279642193867026,-0.0008057559625955779,-0.0002199723134360676,0.0003880604741459681
2012-12-11,0.005490917515657889,0.0032567311104358954,0.002824832547180911,0.003441010266495237,0.003925139419443724
2012-12-12,5.602666084891794e-5,-0.0020421220844113463,-0.002435282586620402,-0.0020435453108833546,0.0004944916091649265
2012-12-13,-0.005326727222732863,-0.0038997093647665793,-0.0035110737085359833,-0.0034034365491478757,-0.0035873371057082437
2012-12-14,4.519847218831252e-5,-0.002618287562692667,-0.0026539605455141446,-0.002254237129380221,-0.0020272602258305517
2012-12-17,0.008771573592248227,0.005799712063000229,0.0056573947373068645,0.005816614057216896,0.0059668943347659376
2012-12-18,0.012406378498608595,0.0028730574007367338,0.0028542365355426202,0.0026898853777495013,0.0018609697456595242
2012-12-19,-0.004689432787546077,-0.008958402467687865,-0.009152843535915056,-0.009069318159954931,-0.009661175356573182
2012-12-20,0.004788288382824968,0.00403356691270651,0.003763659345691117,0.003530090085859916,0.004149062986563257
2012-12-21,-0.0068284404203787785,-0.008041471467394201,-0.008452795795861445,-0.008532748757169695,-0.00806011431425846
2012-12-24,-0.0024919426914732368,-0.0027625239165425253,-0.002388691291727807,-0.0024317195413565695,-0.002623110820071717
2012-12-26,-0.00485924300651297,-0.008212960565496141,-0.008512365443202552,-0.008204673409347496,-0.007217124854595247
2012-12-27,-0.000637500773378763,0.0006650539845021175,0.0009074932624164589,0.0012578337499649095,0.0009814674361459108
2012-12-28,-0.010050228407713413,-0.009898495829047116,-0.009781191105991072,-0.010144672957053236,-0.010321266264900264
2012-12-31,0.018668524119318075,0.01247506321713221,0.012687648194643408,0.0125967084770231,0.012764351019127762
2013-01-02,0.02377848337330457,0.024329998498753946,0.024020383655781963,0.024458962302015053,0.02559202738182864
2013-01-03,0.0009168352554655979,-0.0007691741665855067,-0.0006586230845213592,-0.00019784777560338807,-0.0005238507154222694
2013-01-04,0.006960058568720839,0.00403915707383562,0.0037798497201328995,0.0035831802611849817,0.0035867336493426993
2013-01-07,-0.003559245731531213,-0.004325779087438031,-0.0036500619450750005,-0.002783351702569825,-0.002671366756472504
2013-01-08,-0.003826666666666645,-0.0010353536597985658,-0.001028198529412272,-0.0013650000000000606,-0.0014086355814801887
2013-01-09,0.0038040632152369636,0.002534099587183203,0.0027642023436376117,0.0025779809439885337,0.002260336168472765
2013-01-10,0.004970849469623229,0.006995014292654034,0.0068648607461760935,0.007134355074742693,0.008059893508299387
2013-01-11,-0.0011938125472662486,0.002467436551965685,0.00260937304004516,0.0027309322550927995,0.002364280138277053
2013-01-14,0.0006065701814326196,0.0025536891820832075,0.0026723992905119953,0.002143584084518535,0.002173642566324796
2013-01-15,0.003633472803996174,0.002666138926121553,0.003248039501402289,0.00281949508438184,0.001912991218640414
2013-01-16,-0.003345820026269486,-0.002128166294549594,-0.0017486667182695648,-0.0021259850919254086,-0.0025540831600011638
2013-01-17,0.008392854804427863,0.007514769804656485,0.007502425469158913,0.007659676540213711,0.007828365991426445
2013-01-18,0.004028177313454728,0.0041780121986771945,0.003862055975271117,0.0036453396028133245,0.004951244757215534
2013-01-22,0.00552164488119411,0.0013575835603980568,0.000832939168946556,0.0007438372066677079,0.0010735395600769415
2013-01-23,-0.000669659220901675,-0.0023065723635710134,-0.00197461679527855,-0.001816026085813438,-0.001911752973481562
2013-01-24,0.003498333635623796,0.005457488976870373,0.005892189445485085,0.005329588356357773,0.0047810634564586785
2013-01-25,0.0062523116429178405,0.00685373358178043,0.0069633735139820185,0.007165882733352058,0.006327831485835489
2013-01-28,-0.0030157942845682184,-0.0007544014747929983,-0.0009334137229189965,-0.0004268527272682787,9.63306340364678e-5
2013-01-29,0.003803166386812773,0.005589556621339975,0.004581135933889646,0.004392927231174459,0.004334753384522383
2013-01-30,-0.007023766881396942,-0.0015821149314863003,-0.0014714166600038325,-0.0017762788046965516,-0.0030897991781927425
2013-01-31,0.0006664276210148756,-0.0021829181159322975,-0.0024343279055875078,-0.002003924230995935,-0.0012587718579952778
2013-02-01,0.008649831774305783,0.006379595975488872,0.0065414123791331935,0.007116657797395787,0.007640330496045733
2013-02-04,-0.013069098452205496,-0.00955938883395624,-0.01002840198351429,-0.010422370874848652,-0.010578876605123466
2013-02-05,0.006564040067819521,0.008930302574579496,0.009638563261097355,0.008645296931595103,0.008128202987660815
2013-02-06,0.00327758720774618,0.0011663936967223343,0.000868161241909915,0.001302427264714412,0.0010472339421339072
2013-02-07,-0.0014000000000000679,0.0027246761047097223,0.0023446153846153894,0.0019899999999999363,0.0021848503098795824
2013-02-08,0.0050539138126710625,0.0014599476992500637,0.0019480206931006272,0.0024052690146607603,0.0022000506803536712
2013-02-11,-0.0001484438125138876,-0.0011881805968989578,-0.0015625373611537485,-0.0014222953046223452,-0.001416298027715479
2013-02-12,0.0030375141920615523,-0.00012240816400954646,-0.0002962944102261611,-0.0005608902146220229,-0.00032511583434202684
2013-02-13,0.0018042695640412276,0.0007329041546102477,0.0010464484702428223,-0.00013564815486244441,0.0014583415613207418
2013-02-14,0.0027993620050117407,0.0008784333899130026,0.001281454067675769,0.0013574691263860128,0.0020609954888692883
2013-02-15,0.00010796407025992494,0.0039463461237192465,0.0030728045740273657,0.0033777671491508343,0.004284200758446044
2013-02-19,0.0062416756919010385,0.010841652300448645,0.010655699297470012,0.010156091272508272,0.01098032230231838
2013-02-20,-0.017135262349976865,-0.004292325590473212,-0.004649073361036371,-0.004993876265869779,-0.005477299162506832
2013-02-21,-0.006981219651523651,-0.0005625159032401905,-0.0002700958887084104,7.149405043227475e-5,-7.35581615435299e-5
2013-02-22,0.008749287543910356,0.006748672528459343,0.006060023377997714,0.006625521792883449,0.0074550388456209316
2013-02-25,-0.019417403431129965,-0.012978709367648777,-0.013271691525455709,-0.012422490099190497,-0.013149087497612455
2013-02-26,0.007065878200643194,0.003753292925706253,0.0041341926905000825,0.0037776065971086847,0.002987768047306716
2013-02-27,0.013591829887323437,0.007831835892994965,0.008108948368105162,0.008183051014071907,0.009077452061356794
2013-02-28,-0.0007176159049393505,0.0004405620317931014,6.595946581122725e-5,6.93360809391752e-5,0.0003780655424259205
2013-03-01,-0.001285233349929471,0.002378786752454509,0.0028909000038019883,0.0024137764908318537,0.0014633647682231743
2013-03-04,0.00282261021372876,0.007325720781128586,0.007913440339631928,0.00689324859692797,0.005656668507058482
2013-03-05,0.010491167373931631,0.006339054820375445,0.006369307456985052,0.00689881024843686,0.007505582991983228
2013-03-06,0.0034682709906799225,-0.0007788648572706336,-0.0011793875100548634,-0.0001500746925855445,0.0007720001728803716
2013-03-07,0.002752825486787236,0.00043706947747423897,0.0004997091153735589,0.001104805509065221,0.0013892020398382776
2013-03-08,0.0069461308282876555,0.0028295899573291816,0.0031173964091957274,0.0036767161794113434,0.0034314392437493346
2013-03-11,0.002306666666666457,0.001742686478957589,0.0014865648854962554,0.001374999999999904,0.0011785231498360194
2013-03-12,-0.0023526222845969835,-0.001132663399249778,-0.000695878306553821,-0.0007283260516790513,-0.001867324918343738
2013-03-13,0.0022178008579829545,0.001443167629865405,0.001737049948404401,0.001990444975616512,0.002384548226484595
2013-03-14,0.00635540785484201,0.003570400549656627,0.0029056065396255715,0.002896595958343573,0.0039647731569645295
2013-03-15,-0.0007749797486847898,-0.002812466888051479,-0.0039176179315966175,-0.0036775864247663437,-0.003638569279490911
2013-03-18,-0.004632660132632527,-0.005164254670714352,-0.004908974649963094,-0.005584359254316107,-0.0059982719231631565
2013-03-19,-0.003333562768319087,0.0030127458129192153,0.002667206403807576,0.0025312316371743915,0.0024446688417154583
2013-03-20,0.00841513979322639,0.007983504276183329,0.008262674911201362,0.008108761490162486,0.007475197954546875
2013-03-21,-0.008880252924572618,-0.004731084542481834,-0.004862331438345913,-0.0049703466015106335,-0.004904636980155197
2013-03-22,0.005755509106568413,0.008938755988649794,0.009691782175176078,0.009587898825990537,0.008938496642195037
2013-03-25,-0.0024832196592852185,-0.0024429589393835105,-0.0022110353175381903,-0.0026844794747559186,-0.0029849043290300914
2013-03-26,0.007131549983834473,0.010731660219840622,0.010263158864600497,0.010241182757592115,0.009979230096679004
2013-03-27,0.0005405506069042776,0.00015950343408044354,-3.010668025060781e-5,9.476155855869806e-5,-0.00011968260463735003
2013-03-28,0.004194623140259868,0.0076863529433019995,0.006846452480349319,0.006919106854331947,0.007509782622977301
2013-04-01,-0.00899844688946605,-0.0010658050401738395,-0.0013616771356468327,-0.0016866276938360958,-0.00203415897846293
2013-04-02,-0.00045565200433916875,0.009421813229167242,0.009937453253666684,0.010036324938961672,0.010069566983054834
2013-04-03,-0.011760636279552594,-0.009778980405886761,-0.009949111327037907,-0.010435791190370525,-0.01036688374920336
2013-04-04,0.00401374429231649,0.005715208846043485,0.005805406346965025,0.005934660607059383,0.005540091399553582
2013-04-05,-0.0013955887905158226,-0.00651788182017532,-0.00711020074020785,-0.007307694811545917,-0.007938162645055535
2013-04-08,0.00830960630274813,0.009106294342537513,0.009320715863747608,0.00888952224122641,0.008599605780317487
2013-04-09,0.003341691572924077,-0.0009317389094904982,-0.0006804264309223651,-0.0011881130823407915,-0.001229586771252622
2013-04-10,0.011386666666666878,0.010360551858762612,0.010154872773536772,0.010294999999999943,0.011552759679183344
2013-04-11,0.00430356770901974,0.005158277571561731,0.005688805675667208,0.005605811173963859,0.004680897125587391
2013-04-12,-0.00365909025240696,0.0029616326360608625,0.0033364870533718616,0.004047050196457569,0.0032439491175291213
2013-04-15,-0.0308830303375488,-0.018549238621488162,-0.018566324405529966,-0.018972775499044525,-0.020143009581379268
2013-04-16,0.01491308465003005,0.015165372296854551,0.014890118080857828,0.014936585335337593,0.016161112288608726
2013-04-17,-0.015572579211239779,-0.008559490052709062,-0.00860142263694208,-0.00861029277016434,-0.009806634457637409
2013-04-18,-0.0034009399037862043,-0.0014531642382595855,-0.002550244518986222,-0.0030861432618791707,-0.0038557888141131924
2013-04-19,0.009175399622272984,0.015341242357810092,0.015256398817004468,0.01419850488127472,0.011592005634566194
2013-04-22,0.00477555767540383,0.002862473015125211,0.0030015302173020952,0.0027760448399187787,0.001508703982560089
2013-04-23,0.010198090962832751,0.0073968314746641894,0.007808022111785329,0.0076149010567181374,0.007766518560836655
2013-04-24,0.004404124100430895,-0.011825088993820065,-0.012153955233250358,-0.010970905537200815,-0.007549379552568514
2013-04-25,0.00586690167596382,0.0041892857285315,0.004862094661397975,0.004443819855420195,0.004107482234261051
2013-04-26,-0.004315632466767472,-0.000896320355523228,-0.0012912553225947754,-0.001093615535636694,4.7642372412282086e-5
2013-04-29,0.0065773105864535,0.00539397598752811,0.004608028891887939,0.005016844923396491,0.004991616704079549
2013-04-30,0.003787503660237057,-0.0014270267416179871,-0.0015406313178085718,-0.0011180683172177242,-0.0010043505252133045
2013-05-01,-0.011997870621280327,-0.006561034495400797,-0.006112708126954303,-0.00610953466661146,-0.006057506337759366
2013-05-02,0.01015511984526718,0.005489823110803371,0.006085047246233266,0.006447812698781474,0.0062926540659631325
2013-05-03,0.014142827826842508,0.004589551912420831,0.005309457155217245,0.006017633374321152,0.006264800017675709
2013-05-06,0.0012013660611585042,-0.00661596265306208,-0.005804091092805663,-0.005283646415623622,-0.0042356248778910865
2013-05-07,0.005420466174645977,0.006927586021221455,0.006788933585845314,0.006335211670339902,0.0057355683734510166
2013-05-08,0.00642577211201556,0.00038874242882558363,0.0011716126864229626,0.0010659081137767146,0.0017690038977085099
2013-05-09,-0.0029533333333334744,-0.004926697888355092,-0.004229681697610843,-0.004250000000000087,-0.004851571418155398
2013-05-10,0.005676820543337957,0.005647914610070526,0.006145799617006231,0.006557355761988459,0.0062273720467871385
2013-05-13,-0.0030926226789214084,0.0018825836433518095,0.002102616759785736,0.0019693440337265056,0.0017570674113922546
2013-05-14,0.010133843981952273,0.010398934308516239,0.010601250726539613,0.010768362445542135,0.0104006128378471
2013-05-15,0.004829760874509148,0.008699305151832037,0.008584462175952545,0.00812782430215142,0.007672824308312176
2013-05-16,-0.006200855286357498,-0.0067683693779651,-0.007127717758551366,-0.006991068286722468,-0.0061091464854518
2013-05-17,0.0110495489154947,0.003940364881562797,0.003577387767272233,0.003412174056672823,0.004440785708978323
2013-05-20,0.0006855474307154719,-0.007214808015319374,-0.0074103365028341805,-0.0071716450522801845,-0.006147797985095571
2013-05-21,0.0009274370426222145,0.0012437432305754115,0.0017171648717435595,0.0017659240955434363,0.0012750584789831265
2013-05-22,-0.010058337674240692,-0.004677681711102055,-0.004190254146902439,-0.0036089061051464144,-0.003002321228139704
2013-05-23,-0.0029739424688270955,-0.003261560951621334,-0.0029249085274751785,-0.0029140623165194723,-0.0033455508036420722
2013-05-24,-0.0013511857455277276,0.0031720610409724515,0.003905050020382106,0.0038911635862368676,0.002076468539995213
2013-05-28,0.008187818534640234,0.0015007355005878242,0.002405130905564601,0.0036121007663845184,0.004365790696232663
2013-05-29,-0.009299477040349946,-0.01569042465534287,-0.015280097427075812,-0.015391643860868554,-0.013253624547867937
2013-05-30,0.004568900110777152,0.0004324188573570087,3.3567037880821715e-5,-0.0006703650001990136,0.0005788632602135024
2013-05-31,-0.012400411746305018,-0.014885659608575907,-0.014819873240898618,-0.01481238026295062,-0.01413023948138259
2013-06-03,0.00421206334458013,0.0081307786483098,0.008373494999113218,0.008999915453786977,0.00855495121028449
2013-06-04,-0.004794291598419709,-0.0025441827845462672,-0.002648777781389944,-0.002097693671765488,-0.0018209090986130994
2013-06-05,-0.014589914530974024,-0.011229110825438982,-0.011351824998214965,-0.011982262024578305,-0.01244397759485949
2013-06-06,0.008339169786182987,0.008533528213843011,0.008358343504437427,0.008606563234741849,0.008565679575659013
2013-06-07,0.011650543653348944,0.012292310654239191,0.012685734868454146,0.013726318057369014,0.0142735300560628
2013-06-10,3.3333333335772153e-6,0.0008020818445400035,0.0007855835543759682,0.00165499999999974,0.0015140018228216867
2013-06-11,-0.011952618824603856,-0.005302377784324741,-0.005190441410927171,-0.005549377779774267,-0.006273892989517527
2013-06-12,-0.007072562098150992,-0.005514244547954461,-0.005626609406805372,-0.005447542834301378,-0.005031335199394138
2013-06-13,0.017595639543747543,0.010396927548717905,0.01016969724829142,0.009852426627671607,0.009986286001672173
2013-06-14,-0.0062312170965730385,-0.0019725909641470363,-0.002244208241402257,-0.00264875787901242,-0.0030559383357304792
2013-06-17,0.006473074115955768,0.005973962836432367,0.00595157106808375,0.005851914132340763,0.006053546879776661
2013-06-18,0.007825389521376902,0.005338764786534611,0.005528423339024036,0.005747211296216248,0.006154580362704332
2013-06-19,-0.013676603079963878,-0.01871158937245654,-0.018306782338838645,-0.017511761181023155,-0.01707691892541119
2013-06-20,-0.02713259606932994,-0.02881110895165384,-0.028436868549274408,-0.028083281109741454,-0.027232169951950436
2013-06-21,0.00038554177369976017,0.010205174638300951,0.009701545180208049,0.00859178209560807,0.007984734701637963
2013-06-24,-0.014913262886175671,-0.005553930005589014,-0.005848770878379983,-0.006178146371927595,-0.007257736338370457
2013-06-25,0.009936178357340397,0.004611254234581086,0.004155620490063905,0.003979291676071028,0.004654004616170715
2013-06-26,0.007145199204039221,0.01161087503178937,0.011466614753060211,0.011581409905611517,0.011212755174130562
2013-06-27,0.009361659647443954,0.004395351384865798,0.00459569174047969,0.004812402552947015,0.004536452218096176
2013-06-28,-0.003037988486545462,-0.004152295440507325,-0.004483724228294461,-0.004871795233633569,-0.0049360826716094985
2013-07-01,0.009165122419823923,0.006438091977299054,0.007464727164335994,0.008565376078910836,0.008260527088868486
2013-07-02,-0.0024509046498168985,2.2805602794440105e-5,0.00027199918918263677,0.00039414844095619905,-0.0015435574566361465
2013-07-03,0.00024039102341677498,-0.0021077679657753867,-0.0020541291691865693,-0.001461704019050103,-0.0013859265598785697
2013-07-05,0.008872613611052405,0.0037292366261789667,0.004470915035043932,0.004712142728935165,0.006015815803325664
2013-07-08,0.005323600471697221,0.009037437389431302,0.009065592580132176,0.008003965136019753,0.006938214429814904
2013-07-09,0.010658199361428977,0.007223894912015583,0.007120191114986962,0.0066242893712396,0.006878121083513822
2013-07-10,-0.000260000000000149,0.002258301200410706,0.002219761273209553,0.0019450000000000855,0.0014206252278528009
2013-07-11,0.016427260754463102,0.014705716097455523,0.014718520759687603,0.0140659462345738,0.014652480778517774
2013-07-12,-0.0002220537057484595,0.002164744831778531,0.002207167517809916,0.0020976829327796764,0.0011305200292479611
2013-07-15,0.0019257536274785991,0.0020491715621251405,0.0013957081013189487,0.0007077105523183302,0.0010384146289525997
2013-07-16,-0.004596164215965204,-0.004148343283917333,-0.003926796078417949,-0.003847027299944461,-0.004091336021464498
2013-07-17,0.003195504136055627,0.0019921345572884164,0.002248435490262768,0.0012876532629737536,0.0017751066952020889
2013-07-18,0.007180695521645131,0.003914227914332491,0.0034498814684762458,0.0034178579947350407,0.004142581002832824
2013-07-19,0.0012417984837453933,0.004338742869244294,0.004463746675181124,0.004477960112430068,0.005742438093349511
2013-07-22,0.0011900277217955502,-0.0005480895350105097,-0.0001982666054060056,-0.001435980360995015,-0.0011551013221686723
2013-07-23,0.0010425220058900564,-0.004265494265406233,-0.004114918688223557,-0.005372559743459959,-0.005657591870743217
2013-07-24,-0.0075709113625176405,-0.006946681034902258,-0.006414555437711966,-0.006147983639117172,-0.006512291845605311
2013-07-25,0.004575439985238905,0.005472921739263947,0.004932586164610342,0.005351939803810879,0.00550931339417704
2013-07-26,0.0012358002994612427,0.001812643863940755,0.001481669414954201,0.0033433378690419513,0.003051720479672282
2013-07-29,-0.0036231815465220807,-0.0029243057679468887,-0.0029944175522991223,-0.0033978132560493757,-0.003934708208174098
2013-07-30,0.001557873843803792,0.0009348724747673121,0.000842180777231194,0.000930286750052467,0.0005143801344178467
2013-07-31,0.001122114708413502,-0.002990513549487317,-0.002591158678589056,-0.0026769726050025477,-0.0028182006052920316
2013-08-01,0.014469554662132733,0.011161827941260194,0.010936002403127532,0.011460406493568387,0.01146229745682903
2013-08-02,0.0026446497738983332,0.0005438578282965789,0.0007161616684059346,0.0012913915289904931,0.0018198734950827244
2013-08-05,-0.00096930684530383,-0.0007613419182513903,-0.0005875013314247113,-0.00018417944974002953,-0.00015916992535136565
2013-08-06,-0.007133170402379374,-0.002325825127319381,-0.0025254888381489593,-0.0027764007572694815,-0.0027787487310684256
2013-08-07,-0.005659770320101232,-0.003910042965403759,-0.004568979844110643,-0.004562363805053149,-0.004055491372225717
2013-08-08,0.009366666666666523,0.0045148893592297235,0.004595119363395295,0.00464500000000001,0.004844681516587457
2013-08-09,0.0011069152273706084,-0.004137970111821043,-0.004146947475652807,-0.003947328658381877,-0.003995129557579746
2013-08-12,0.0007516967966354482,-0.0031673393266843375,-0.0028417970638694445,-0.0031420681223101043,-0.0032577366043602396
2013-08-13,-0.0012255981408628713,-0.0003906447618591269,-7.538416718855245e-5,-0.0004420919491382458,-0.0006907549578083483
2013-08-14,-0.004315432532640662,-0.006338702231442284,-0.0066222287601286345,-0.006087456007679015,-0.005462257350896449
2013-08-15,-0.013644541883888972,-0.015368761935986575,-0.015783605485315433,-0.015187349154233365,-0.01440156320129471
2013-08-16,-0.00401245493401714,-0.007263892853967779,-0.007208548723578345,-0.006698370964245637,-0.00595302963182287
2013-08-19,-0.007181396664744932,-0.002477103050561813,-0.0023802770570836573,-0.0018580093888574956,-0.0022703968875711356
2013-08-20,0.007536580459860609,0.0014344099073244632,0.0015159784275264876,0.0012104733152613623,0.0008555600945170383
2013-08-21,-0.007332845529990917,-0.007172127604144429,-0.007198028322706884,-0.006765618407597707,-0.006846397485860578
2013-08-22,0.012931316455611075,0.006003090741450334,0.005806092417519615,0.006224566195939918,0.0066374964052640095
2013-08-23,0.0030556634955360984,0.005575499399710138,0.005471216913352617,0.00482796490924331,0.0047279646814728515
2013-08-26,-0.0024503064887326786,-0.005624069574530544,-0.00551122261849879,-0.005196649015320576,-0.004923537146267365
2013-08-27,-0.018492477720904565,-0.009635374697408716,-0.009946155100343246,-0.010612632800565902,-0.011545696458275967
2013-08-28,0.0012839375820969945,-0.001993336209610619,-0.0022187101340898074,-0.0017529985914447321,-0.0009247594403335446
2013-08-29,0.003650556164716212,0.003577033049624312,0.003881398209848008,0.0038761906132316337,0.0029593042312872075
2013-08-30,-0.006166061098582198,-0.0010964742237156155,-0.0010307002640478347,-0.0015051255681649556,-0.0020707023556597592
2013-09-03,0.005157329049172654,0.0012773081182080315,0.0016208389322707184,0.002350794828773095,0.0023684462774160586
2013-09-04,0.008476029040160649,0.00618278175743292,0.006482813443501323,0.0069127638870203345,0.006586601786952473
2013-09-05,0.002365086194309418,-0.0007164953041484123,-0.0005713526543924541,-0.00023768073688357205,-0.0001060467925102504
2013-09-06,0.0012150457648050228,0.001072032838484338,0.0008524632975834834,0.000822405518538849,0.0008482475048714466
2013-09-09,0.013639999999999874,0.008618087870853053,0.008764013157890993,0.008664999999999923,0.008550535614151089
2013-09-10,0.008623807597700761,0.0035434732423915705,0.003488242826209964,0.0035940153569322675,0.004231616847456543
2013-09-11,0.004028284915465363,0.007011127671237016,0.00704886976095942,0.0072806699317333745,0.007516248079121324
2013-09-12,-0.004483647307030436,-0.0018445746275356223,-0.0018757006627045936,-0.0017864179770930022,-0.0023028518118675123
2013-09-13,0.0029301818180109684,0.006656846307145914,0.006638938161970254,0.00660216511811984,0.006306257661590431
2013-09-16,0.0065690237430438,0.006696971387245565,0.00684047313549363,0.006718706006882513,0.00704711501774824
2013-09-17,0.005921345350216711,0.004236899749849421,0.004359589660936081,0.004239677155951194,0.004334669941722158
2013-09-18,0.01426732971088529,0.013241130985732985,0.013093253989216569,0.012943959404978722,0.012999135769156567
2013-09-19,-0.00116045357123562,-0.00410017029665144,-0.0038540290768775964,-0.004212125054847915,-0.00411177381343153
2013-09-20,-0.009323915683910222,-0.00574927999931274,-0.005604647138250707,-0.0057131366283417195,-0.005873194887125677
2013-09-23,-0.004350898895494448,-0.005734847017288991,-0.005961290540102637,-0.005927614893634026,-0.006230707105787658
2013-09-24,0.000317278568620738,-0.0034085729508683826,-0.00354500257032464,-0.003310636131682032,-0.0030477664909638325
2013-09-25,-0.002824538882027494,-0.0062084416648855445,-0.006317531946497645,-0.006164420150763683,-0.005233030995178578
2013-09-26,0.005060049751051565,0.005881231149228228,0.005941975893750673,0.005977521083614601,0.005793458487310055
2013-09-27,-0.005225830567445522,-0.004423562080670296,-0.004335846922928321,-0.004375239326734004,-0.004381923087907635
2013-09-30,-0.004437068340882089,-0.007417098138127187,-0.007463226089628017,-0.007506372854477417,-0.007326629648459648
2013-10-01,0.008426063453883526,0.007563751336837843,0.007754263434900155,0.007543157345270224,0.007710822217412039
2013-10-02,-0.001462647630828151,-0.0023028608737774015,-0.0021561395771690917,-0.0023637163991344634,-0.0023155419060706395
2013-10-03,-0.00863005161914654,-0.005318081239032213,-0.00530363446325699,-0.005248331549874918,-0.005697679476152073
2013-10-04,0.006645553308466168,0.004196497876391092,0.00417709961675472,0.00426243009348326,0.004157701587490736
2013-10-07,-0.009391345494283332,-0.006961974352455158,-0.00727486866834226,-0.006959194336041863,-0.0068352798084271305
2013-10-08,-0.01262333333333332,-0.009059802772477865,-0.009203398485218672,-0.008880827720279871,-0.009237145499568
2013-10-09,-0.0009055855077260144,-0.004376619550442551,-0.004217595206155389,-0.004334279266744456,-0.003930384228370776
2013-10-10,0.022384758659742543,0.020342419213036367,0.0205199066527455,0.02062929683947301,0.02183763241152925
2013-10-11,0.008450901423457724,0.00413792542066882,0.004040095969938706,0.003974960706036645,0.0035688456390408074
2013-10-14,0.0052241143097708775,0.004918559974739667,0.004669266359216495,0.004639606605925106,0.005034954735985586
2013-10-15,-0.008081597189693368,-0.008557461851191772,-0.008505564329285842,-0.008688031270889685,-0.009800778703359159
2013-10-16,0.010601492963141723,0.014555353109554137,0.014588503846908685,0.014667643712517275,0.014330161666820773
2013-10-17,0.008803588587630307,0.008267508282231883,0.008247086293559969,0.008156115740698633,0.008193220357973097
2013-10-18,0.006872026658592656,0.004488668117322847,0.0044509126438352364,0.004308404033974034,0.003740631213108303
2013-10-21,4.7455969809595544e-5,-0.0012893375936402496,-0.0012421676903789924,-0.0017239204195419466,-0.0024191819538074144
2013-10-22,0.00794634344923062,0.009012397363269198,0.009591636522849667,0.009067928206966114,0.00881451192031557
2013-10-23,-0.0037641700968810143,-0.003066376503142454,-0.002990150519384227,-0.0030060637854185668,0.0006958373857317568
2013-10-24,0.0060319812106053305,0.0011150769293932772,0.0006786459770589115,0.001148812918837061,0.0014845244600134588
2013-10-25,0.0031248597291129165,0.0055588364210297225,0.0056955271893419646,0.0059959184203819405,0.004627551980507905
2013-10-28,0.0009979979934355843,0.006181598102529939,0.006197797977953945,0.006144771202396315,0.005933241039713266
2013-10-29,0.005431533322135973,0.007713997306699749,0.0074648145669984345,0.00770879807838365,0.00771559643433517
2013-10-30,-0.006349157535918359,-0.006303567888240935,-0.006485179517691453,-0.006496191434537724,-0.006646545031384066
2013-10-31,-0.001791886526449904,-0.002457941834813626,-0.0018968126829345122,-0.0018256604483223304,-0.0013366373838391565
2013-11-01,0.0034842913276462717,0.003138671104335744,0.003425648317218588,0.003534068790139955,0.005353871206559946
2013-11-04,0.008003773650947288,0.0022402775982703904,0.0020168696723164015,0.0029270315547167414,0.0020781595228756
2013-11-05,-0.003486299355049405,0.0011974607421953998,0.0007812313181678743,0.0007446634895758031,0.0012321192143871507
2013-11-06,0.0016099999999998893,0.0031536968579259916,0.0031644350696786727,0.003733218997028498,0.0038844624352329937
2013-11-07,-0.01624663192260445,-0.015267224317499606,-0.015385913613203517,-0.01519144558752139,-0.01467426338612221
2013-11-08,0.012972742663898806,0.010670274561930926,0.010644225023822118,0.010156019640519931,0.01033829033604916
2013-11-11,0.0006955742664738196,0.0011879226924174091,0.0010583787832194602,0.0010127220572582196,0.0002004655758229834
2013-11-12,-0.002151410755939387,6.252884148572058e-5,3.304414028071356e-5,0.00013261564249811286,6.936349446018397e-5
2013-11-13,0.00928897151592456,0.00752387545365929,0.007551413514917726,0.008657578972735003,0.007626581695777235
2013-11-14,0.0039053496177423597,0.004625741680564177,0.004576040510714696,0.0044459975005191055,0.0050228476906093444
2013-11-15,0.004646339879062156,0.003084395786450367,0.0030747414854919164,0.003237690126279835,0.0032954148980706144
2013-11-18,-0.006383987697389126,-0.0033893610148002518,-0.0033569345449834254,-0.003502123498808185,-0.0011143523967540592
2013-11-19,-0.004641479857713904,-0.0031571984636036277,-0.0030972146282186586,-0.00298698943079323,-0.003157705278457601
2013-11-20,-0.0043085097606305744,-0.005322518496346684,-0.005372658042799072,-0.004937094343411497,-0.006537943600625762
2013-11-21,0.008569898315765156,0.003635575174399941,0.003533282858683151,0.003284535033616809,0.003392802946511786
2013-11-22,0.004427936830233348,0.006626706077722311,0.0067079830635004,0.006983322668237868,0.007452633780370865
2013-11-25,-0.0021952610386981597,-0.0007089292298847472,-0.0007395395842364483,-0.000410651844469756,-0.0014219553948759955
2013-11-26,0.0017417698606136955,-0.0009621156119117291,-0.0009504312716027696,-0.0008426431836613402,-0.0003241817878245623
2013-11-27,0.0028991728574223607,0.0013186823230664224,0.0013095458543970206,0.001248464145340522,0.001660082343781344
2013-11-29,-0.0004033766675227701,-0.00032285748988958307,-0.00032685121929687533,-0.00036812685951137514,-0.000985208983602992
2013-12-02,-0.004814914102784007,-0.004085042068500022,-0.004163066854338648,-0.004614341741089323,-0.004577350011705672
2013-12-03,-0.0026511164307769786,-0.0020536343596331275,-0.0020997647477817294,-0.0018061567468965478,-0.0029922040482437406
2013-12-04,-0.0012507897409023139,-0.003773111272429075,-0.0037424682499591633,-0.0035877656342552244,-0.003942007920534674
2013-12-05,-0.0010490124033537551,-0.004424771748700818,-0.004443904900366391,-0.004479878217299227,-0.0036877205739197505
2013-12-06,0.009286666666666665,0.01117223216408525,0.011016825249535955,0.010605657094195475,0.01113591115964252
2013-12-09,0.003784235400579705,0.0012392054204786174,0.0009673803568992501,0.0008972719150597275,0.002543847324154802
2013-12-10,-0.0036231174214346185,-0.005642781886122328,-0.005639612217140377,-0.005730562508545756,-0.007915223903192325
2013-12-11,-0.011966977476209784,-0.0060927430851912545,-0.0064087544593498524,-0.005357553265730952,-0.004112353888923281
2013-12-12,-0.0030648653127981484,-0.0077610645038080905,-0.0077739473557811856,-0.007986227147390501,-0.0092798436326198
2013-12-13,0.0018109925557099338,-0.0003253578528051859,-0.0002771481347665361,-0.0001893327065046746,-0.0005221122505904008
2013-12-16,0.006696735914453411,0.0034223743696075726,0.003337656100739883,0.003500968856030573,0.003386245247315678
2013-12-17,-0.001551081381383268,-0.0036178268375960387,-0.0036126555708261288,-0.0033636815320956526,-0.0034505590201155956
2013-12-18,0.014481651566936815,0.01579439740385702,0.015821088143210593,0.016031771822010876,0.017147146104174116
2013-12-19,-0.0016428777566909192,-0.002916912916181902,-0.0029642985310864844,-0.003010936607426351,-0.004787053191519175
2013-12-20,0.0061379666089789175,0.005886448930662036,0.006046083334075858,0.005517210013580076,0.004462149937902948
2013-12-23,0.005818745911164047,0.0040064637967405226,0.003873841233982933,0.003785922730099145,0.003960593482533081
2013-12-24,0.005215895618173816,0.002120090280651743,0.0020982849490245314,0.0021420545785715284,0.002589302911635505
2013-12-26,0.0048294688968149035,0.004745043085387701,0.004723945327248069,0.005118277995818321,0.004403953036425712
2013-12-27,0.0017269494457883283,-7.82783767432349e-5,-0.0001016244259074428,-0.0001183689500711127,0.0013953719939823195
2013-12-30,0.0011712542966242356,0.0018570001277176118,0.001891258036559318,0.0024509756203003885,0.0027645127831705807
2013-12-31,0.003419696254091331,0.0017115120709962905,0.0016506089719374728,0.0018198014403398854,0.0016442587139489095
2014-01-02,-0.008390048338399292,-0.008348255880992528,-0.008392983904316753,-0.007813007432770802,-0.008800737249916035
2014-01-03,-0.00066789773812026,-0.0004985296553783325,-0.00028020437563169853,-0.0009899276227330889,-0.0009703139734067445
2014-01-06,-0.005250257980399575,-0.005859853120879777,-0.005893788749339435,-0.006055038739765983,-0.005757623589746297
2014-01-07,0.004722981117700309,0.007483328492910779,0.007341068578088361,0.006960387255290801,0.005423494765788517
2014-01-08,-0.0008766666666667478,-0.0002507950676217119,0.00012972074320738436,0.001304262123811295,-0.002414271954674363
2014-01-09,-0.00047903161771822855,-0.000534552455648929,0.0013208067674355117,0.00031956807335586923,0.0005164821663696806
2014-01-10,0.003892298980107789,0.003110923801303178,0.003446450323867589,0.0034409159405357492,0.002590645431545635
2014-01-13,-0.012576773497080529,-0.01020929495211409,-0.011262308958469358,-0.009425170217182921,-0.009274923348259412
2014-01-14,0.010409244136106333,0.005735765476827082,0.0052473954852927385,0.006490934534252535,0.006826759182330777
2014-01-15,0.005500183069321984,0.0027531505499802655,0.0020146749018576937,0.002190602558665322,0.0023697154598876224
2014-01-16,0.00014903801065746514,0.0008281745859417544,0.00023884641215166091,0.0019058135621752292,0.0001165219510153026
2014-01-17,-0.005029512825951765,-0.005522581530535309,-0.006435067604993017,-0.005017074552082446,-0.008075164892413889
2014-01-21,0.0013145386944934945,0.002152693451869636,0.002708532914957207,0.0021761131543138745,0.001728838659811327
2014-01-22,0.0015664143972604627,0.00024985235749519497,-1.5716400332599356e-5,0.00041357565311539446,0.0011082340260615275
2014-01-23,-0.008464370218757566,-0.005676270595110222,-0.0066079381090889955,-0.005556808346796949,-0.006678617029210354
2014-01-24,-0.02381642881039059,-0.016424058426693033,-0.015681808312119738,-0.017593952138006297,-0.016042374012555705
2014-01-27,-0.00507375293356116,-0.004482410089402089,-0.004614350790023813,-0.005177213936569669,-0.004226195081936557
2014-01-28,0.008650765102130586,0.007107027830709267,0.007084577351384791,0.007505985560573913,0.005381509488111558
2014-01-29,-0.010663593929017723,-0.015119279545268371,-0.01494736244549233,-0.015070369746744916,-0.015511646423020942
2014-01-30,0.010757311750556164,0.010823896022248869,0.01086418889648555,0.010262071018621644,0.00956326274000796
2014-01-31,-0.00598330096771138,-0.006564288398562046,-0.0076958346213552575,-0.006676500523996265,-0.005571941964747085
2014-02-03,-0.02712720755681386,-0.025935447026097402,-0.02620318974406055,-0.025942479159187237,-0.025806137378116212
2014-02-04,0.007955610200057528,0.010131713574835333,0.008272865703715881,0.009963191962510498,0.009386509399251342
2014-02-05,-0.0033941164337567553,-0.001978455612841712,-0.002102599229965474,-0.0025090960224548597,0.00031777252140718915
2014-02-06,0.01434618529517806,0.012814593934544316,0.01252425191521045,0.012927326315905985,0.015340712280218494
2014-02-07,0.012890000000000068,0.014529580934746988,0.014634623247663736,0.014083676344245344,0.012359473228700457
2014-02-10,-0.00011674318040466591,0.00097206945355377,0.0009858009330230288,0.000629518678572305,0.00025006660641602174
2014-02-11,0.01134715089051963,0.009610431677636644,0.009714645871633731,0.009791116605725403,0.00746134096794715
2014-02-12,0.0006133211571768271,-0.0021698911171991186,-0.002551505972604895,-0.00368158835943011,-0.004232700722466398
2014-02-13,0.007203909470473224,0.0035168754775010136,0.003688054126544049,0.0038408036772386023,0.004418400237178988
2014-02-14,0.005800359944951428,0.0020053381666118586,0.0022747656024542096,0.0033699895255432377,0.0048824902109088075
2014-02-18,0.0011931826938951229,0.0010452838832848421,0.0008188409951703779,-0.0006217798458136858,-0.004861400465977828
2014-02-19,-0.006333886540662803,-0.006733415481402938,-0.006701437520076792,-0.006484465650075877,-0.005667774226695954
2014-02-20,0.008136640324333255,0.007570599322065608,0.007411423899726266,0.00679416455431503,0.00656142379361091
2014-02-21,-0.000850494862837059,-7.235410438644063e-5,0.0001201065392275602,0.0004148717534295798,-0.0009859984608736605
2014-02-24,0.005188659851423472,0.007095889196234717,0.0075826315974785174,0.008420059946306235,0.0032465999511817056
2014-02-25,-0.0004566416049576194,0.0025808526994739456,0.0028267266120483026,0.0034505671700544305,0.003728079193094702
2014-02-26,0.0031046122868843007,-3.1606520879967626e-5,0.00011795873309350391,0.000428811883829594,0.0006638392529243475
2014-02-27,0.005921556217378665,0.007584867818935193,0.007484923431849699,0.007318504828989436,0.00509749979440266
2014-02-28,0.0012210973842141648,0.0021125704204894014,0.002037009015645186,0.0024686071198831705,0.001579039668672344
2014-03-03,-0.006199292260339662,-0.00374712798730914,-0.0037013570323501943,-0.0037882063019575307,-0.003740254624637007
2014-03-04,0.015987006577369955,0.01601178310656226,0.016010466781090527,0.015735065254360858,0.015995174515315957
2014-03-05,-0.0004885223677304484,-0.0002502869801920271,-0.0004867426198280622,-0.0010088732719252258,-0.0010670462103832268
2014-03-06,0.004080037579052842,0.001622589749065817,0.0015867005554246472,0.0022176228010533094,0.004454774695243691
2014-03-07,-0.0017914405523435928,-0.0006613071072655297,-0.000473553908724611,7.874245974504035e-5,0.0013143093901470948
2014-03-10,-0.003448808924865987,-0.0008043009018385838,-0.0008722583249023419,-0.0012524056849785303,-0.0009755564096040059
2014-03-11,-0.006530000000000147,-0.0011675815650749044,-0.0013289016376347718,2.9468935112575423e-5,0.0003358002653832681
2014-03-12,0.0004504933884936779,-0.0006420554457091665,-0.0013926779073248907,-0.0003689135979566549,-0.00013379954816927775
2014-03-13,-0.011537464101461392,-0.010238576203841387,-0.008818259750841828,-0.009762692757309455,-0.008569969528758326
2014-03-14,0.00039967686652553347,0.00044310257639512685,0.000409049771787684,0.0004885482082894743,0.0016629429186640898
2014-03-17,0.00874128170076971,0.006098256506301913,0.007361866118666738,0.006101214101929209,0.005369328124672279
2014-03-18,0.007356561835203834,0.005171015656781464,0.006319691118363391,0.0056874192383911115,0.005466154028084702
2014-03-19,-0.007095371900417646,-0.007559004783898371,-0.007696942529551887,-0.008085228083464235,-0.007948722428700816
2014-03-20,0.0023480130439783586,0.0044733303391149,0.0031598342864744833,0.002633180031457849,0.0031672057297094103
2014-03-21,-0.00011436623975347171,-0.003671355828141709,-0.005722644027755797,-0.003877067401116485,-0.0019288899427972739
2014-03-24,-0.006178448140047865,-0.007958497891683347,-0.005605672746593071,-0.006614340384293205,-0.004017005104845595
2014-03-25,0.0030872288189789376,0.0010752432255403122,0.0005744510842524697,0.002567404609143953,0.003607603865279696
2014-03-26,-0.009434666539891778,-0.003049369520705447,-0.0016831914744029897,-0.0025672247387807934,-0.0029931965218830126
2014-03-27,-0.0004837356641226309,-0.002477503768735456,-0.0012132198187529974,-0.0023894222235969487,-0.0024402085344125135
2014-03-28,0.006039667661951853,0.004069729427010449,0.0034720036735547133,0.003793485608322378,0.00534472397768182
2014-03-31,0.01011176790916557,0.009904571008376717,0.009912069681609514,0.01050813675226836,0.009261518586701323
2014-04-01,0.007894665575556736,0.0065065536582120664,0.005073142792900276,0.005222297779513996,0.004190050312918414
2014-04-02,0.004393903093113494,0.0026001553710763847,0.002530313181235311,0.0009920640656218005,0.0007737311821343074
2014-04-03,-0.0027377230598348845,-0.004082821844908269,-0.004598087024621056,-0.0045078766367586676,-0.0031742211127399056
2014-04-04,-0.011235685385694527,-0.010895938844933895,-0.00973547492053417,-0.009784331722116568,-0.007365021544182726
2014-04-07,-0.01296089706659087,-0.00923949179830097,-0.008363350138795078,-0.00735868907197601,-0.006607992932994411
2014-04-08,0.006802042081280879,0.005093760898090327,0.0053731950421003205,0.004556423161409029,0.004063140830200096
2014-04-09,0.010610000000000008,0.010121725636825118,0.010912222213971479,0.010519889801808846,0.010789812100713947
2014-04-10,-0.01853489806486519,-0.01683312317127683,-0.016689967362923497,-0.016257304360829616,-0.014891643992334336
2014-04-11,-0.010601395322149765,-0.0091043142225109,-0.009619396090587817,-0.00916469506967188,-0.008088161543342687
2014-04-14,0.006852941165792492,0.006166841264186651,0.0061549018261368715,0.005801138345467249,0.006649046126086855
2014-04-15,0.0046269929857623016,0.0017909469312074044,0.0025060219564891906,0.0019931130640524763,0.005125791009007452
2014-04-16,0.012198210542470944,0.011268860074885367,0.010429697243656832,0.010908533492161476,0.010152748894898034
2014-04-17,0.0026994025794113696,0.0005915773657252377,0.0006375532227449465,0.0005877012535706605,0.00010920276766257508
2014-04-21,0.0028392800194885215,0.003301426858810075,0.0034506053679488335,0.003193098802357186,0.003966449448017828
2014-04-22,0.00506988929347485,0.007811416056840104,0.006662798807182124,0.00778578718017453,0.004379605856262181
2014-04-23,-0.002665579480545577,-0.007644706585453798,-0.006670866216347937,-0.0076296173117641475,-0.005053244290082692
2014-04-24,0.0014023496084523135,0.0006889519186914494,0.00048474735780867917,0.0017545905372984283,0.0019484368365885185
2014-04-25,-0.009067902697076358,-0.004935994017677303,-0.004780749163998843,-0.00517347646341515,-0.002234239744019928
2014-04-28,-0.0008308093817394058,0.0033014625466905034,0.004140469742989206,0.00401672979898704,0.006777869606086728
2014-04-29,0.005713599553986537,0.005954129383121565,0.005170686730034957,0.005947348911546024,0.002952420642630349
2014-04-30,0.004926386595494714,0.003792852860909024,0.0034724687887806027,0.0032351072732887953,0.0026258756700359154
2014-05-01,-0.0008242914912537369,0.0010377978261790766,-0.0008784144041817932,-0.0006759886111569191,-0.000779174950056083
2014-05-02,0.0018497120203382345,0.001251314313578833,0.0005286679063503108,0.0013775450967548064,0.0019464810564298052
2014-05-05,-0.0006758581519175078,0.0016593951007048968,0.0012484422280139018,0.0002923359259545677,0.00048062019162720127
2014-05-06,-0.009657485281780676,-0.008647304960320401,-0.008982321083769174,-0.009094624011481645,-0.007235993494829063
2014-05-07,0.004378945699274217,0.004766178510895003,0.004012563697062488,0.004198739840260757,0.005773212272305983
2014-05-08,-0.0031580118457238404,-0.0020131982029634177,-0.0023006827406167885,-0.0035777834773063066,-0.001012225058572902
2014-05-09,0.002563333333333251,0.0027145625510809346,0.003619785833326006,0.004289551348934051,0.004295358547655059
2014-05-12,0.013610634739617211,0.004200786993489025,0.004654116024772614,0.004721884289430323,0.006597284883428145
2014-05-13,-0.0011583970848879632,-0.00029792765798652976,-0.000732017111805483,-0.0003571381046566513,0.0012900858036442031
2014-05-14,-0.0073540580084169305,-0.004377400140999299,-0.004947050180645229,-0.005577249162663556,-0.005676444936003722
2014-05-15,-0.00888592317841208,-0.0068284177074148245,-0.007055847479036981,-0.007115444497800438,-0.008409278079997029
2014-05-16,0.004280618348198262,0.006165958371220137,0.006687290045794603,0.006347192822092174,0.0067346670684382826
2014-05-19,0.00400365542155523,-0.000666498377305702,-1.7851595748630267e-5,0.0002745473987140201,0.0004090571690813505
2014-05-20,-0.010181770710395832,-0.005963523924667147,-0.0064343911147222155,-0.0060926314829558015,-0.005577277992120044
2014-05-21,0.00772098403231114,0.009036658181645452,0.008782892486782323,0.009311276198222584,0.008631853697100844
2014-05-22,0.0028540400102916585,0.0024911275075385486,0.0022073200444032715,0.0019585506264361285,0.0015878534856221815
2014-05-23,0.00597660511501541,0.0021808655412696165,0.0023380720975243463,0.0023387935557430684,0.0029165261923329577
2014-05-27,0.005952625975453429,0.005511664959771734,0.004915997129585126,0.005127344573415238,0.005819473008355391
2014-05-28,-0.0017431782653606342,0.00011160097704099314,-0.0005363526570305588,-0.000492234147786097,-0.00014633236916772319
2014-05-29,0.004999129565275373,0.006437055491826715,0.0064976508667049515,0.007023208405819936,0.006791272826681016
2014-05-30,-5.182487622246157e-5,0.003663934501378252,0.004009045732056737,0.003599914741335919,0.0038323277684202406
2014-06-02,0.001408409618087303,0.000376234859091662,-8.034384484223445e-5,9.498884558190035e-5,0.00012842833238213558
2014-06-03,-0.002168013639655908,-0.0018743109443474237,-0.0020714560802739257,-0.002659513064882546,-0.002258570626237133
2014-06-04,0.002916839562652429,0.0023044751940772823,0.00224712812409833,0.0025313352970186553,0.002502735508340903
2014-06-05,0.00827370248689796,0.004242703269078829,0.00377083996226113,0.0034989472506608,0.004261200518560493
2014-06-06,0.0057264339591829305,0.001677061169324201,0.0019676144376923332,0.0018884016698543782,0.00358856007373598
2014-06-09,0.0015030742667259123,-0.0003730596948571252,0.000726993979775381,-0.00010548956484102145,-0.00022158883024603337
2014-06-10,-0.0011133333333332995,0.0006711291775740591,0.0005025394618571877,0.0011799048800660294,0.0015125940054494524
2014-06-11,-0.003775618188249452,-0.002411966782236541,-0.0023423954005974412,-0.001269105134144466,-0.002961541886770225
2014-06-12,-0.009609695637412097,-0.00669313167194141,-0.007305228669608921,-0.0071980218187192024,-0.008874471968378539
2014-06-13,0.0039574189343642985,0.0029604462428431955,0.001733131625188733,0.00262045788977483,0.00230337358149435
2014-06-16,0.0011172404372017386,0.004195036893134052,0.0034253320125785525,0.0026059029155209856,0.002428522231864516
2014-06-17,0.004382372282509817,0.00019856677982721394,0.0007065296841783919,5.9616904906301116e-5,0.001055288147660205
2014-06-18,0.008397166897718966,0.011345899258276004,0.01010422776532871,0.010020238834415496,0.010658621724148665
2014-06-19,0.002349900871070121,0.006836628096267283,0.006632164327983192,0.007143339488481226,0.00679749159112375
2014-06-20,0.0013513760075947179,-0.0009149030637798372,-0.000629991223558557,-0.001028136875309671,0.0007277251715673838
2014-06-23,-0.00112253175065391,-0.003217633523326602,-0.003572962249669076,-0.003986057959850853,-0.0046774035891826715
2014-06-24,-0.007296088746924556,-0.003016334896978501,-0.00346196253771891,-0.003443666373088017,-0.003510768360667771
2014-06-25,0.0068750291139223485,0.0047485398421380776,0.004996196372478279,0.004738943411630503,0.006910694010266116
2014-06-26,-0.000582725854293753,-0.001267992977460164,-0.001792345818316332,-0.001889529543404378,-0.002765821579822414
2014-06-27,0.0027681273005379925,-0.00030087990312643864,0.0002013736205701555,-4.126393586112442e-5,0.0001688310765495249
2014-06-30,0.001339181376059928,-3.33889607557758e-5,-0.0007190239324889047,-0.000773235914136694,-0.0004898203275401913
2014-07-01,0.006091636149953894,0.005253149222601117,0.00557326267713365,0.006767001007450757,0.006168049013308918
2014-07-02,-0.0005422027277383057,0.001839564251175485,0.0020566177504528493,0.0028775121453954444,0.0002984946149833245
2014-07-03,0.007340126075780606,0.005761400416506968,0.006543275158120032,0.006840095980374494,0.0071801371057638175
2014-07-07,-0.007585009556287159,-0.004330999695649651,-0.004452558224098069,-0.004499915357795592,-0.005271264361098038
2014-07-08,-0.006831560745401366,-0.0060008953477822535,-0.005505336068618583,-0.005925041718747748,-0.003923126010700884
2014-07-09,0.004833997403401957,0.005410330920075701,0.005422605767746003,0.006292580691277028,0.00500428263895758
2014-07-10,-0.00659333333333334,-0.003828293915401626,-0.003732224665921824,-0.00404273955200285,-0.005233618881118951
2014-07-11,0.0008958482930789824,0.0012551543051513292,0.001063501291071578,0.0006485892570602392,0.0009537568303301658
2014-07-14,0.003944033889786924,0.0037295205103817786,0.003588617316925946,0.004565821801046477,0.005031416770815866
2014-07-15,-0.004668000863621513,-0.010040687207649723,-0.009975538210396762,-0.01031983391863922,-0.008507591811752424
2014-07-16,0.002952798466628437,3.8568571764097115e-5,0.0001883282665522401,0.0003535418671938295,-0.0005470876643317579
2014-07-17,-0.012190163839834511,-0.010230425665228138,-0.010289457514892186,-0.0100432646689248,-0.011653434693379872
2014-07-18,0.010004626729889665,0.011051437291510258,0.011075231913147077,0.009477476065250734,0.011512067786776825
2014-07-21,-0.003331635094305896,-0.005160544749430729,-0.00512364263211007,-0.005226984953348945,-0.0045149689427040895
2014-07-22,0.0046557859511400235,0.0033354689605795684,0.0032972222888274505,0.00277205787831325,0.004083260165462788
2014-07-23,3.1095391329838407e-5,0.002000695579479128,0.0019423743668973703,0.000984395511129721,0.0029031955629190698
2014-07-24,0.00027737113782833056,0.002039073508636857,0.002093598007326669,0.0014817147945203057,0.0016597955359234362
2014-07-25,-0.005494791870376936,-0.005281242358134097,-0.005142409052047103,-0.004358520914615749,-0.0051085448959172775
2014-07-28,-0.0014855939439386567,-0.0006715595103750083,-0.0004930960177378374,-0.0014085242382019247,-0.004547738242950294
2014-07-29,-0.0038676120192931984,0.0009876769894587856,0.0008227577479633652,0.00036656103132703954,-0.0036524922745984068
2014-07-30,-0.001229826938898837,-0.0032340088708754378,-0.0036465140273668206,-0.0034150985264310707,-0.0030745419886494263
2014-07-31,-0.019219462229396522,-0.017350083065408195,-0.017400635370214967,-0.016915476626689907,-0.016991850682988252
2014-08-01,-0.0010548805027569275,-0.0016652737698751308,-0.0014873697125332708,0.0005712648529550002,0.00298080231407849
2014-08-04,0.008083012783734356,0.007077770438189912,0.006896716921550583,0.006240860919641378,0.005517614481991062
2014-08-05,-0.0064234278544982315,-0.007427783196061077,-0.0074497332458900445,-0.006518345473980003,-0.0054585416921851815
2014-08-06,0.0014638214376538894,0.0006047067563836883,0.0005493370550762045,0.0027771139466976624,0.0071975827659811475
2014-08-07,-0.0051656126504661115,-0.005743006991886457,-0.005573901466682352,-0.007286686280094545,-0.006110673763243257
2014-08-08,0.011823333333333297,0.010522867403146563,0.010497735170760691,0.009428074565222877,0.009540327372764779
2014-08-11,0.0057502077108320115,0.00585012928574713,0.005864743233631842,0.006357173425500573,0.007812371618712843
2014-08-12,-0.0041601856644027935,-0.0018086578547276133,-0.001952427069453866,-0.001846417093805841,-0.0020584479411399625
2014-08-13,0.005822252561807462,0.0052215691220889315,0.004811229537177164,0.005097315431148219,0.0058248933681641635
2014-08-14,0.004642545051291247,0.005490379841710968,0.005430123977608892,0.0049456121023900845,0.005574002586186566
2014-08-15,-0.0004317343146397201,0.001509519756594857,0.00046539750415641734,0.0011180594617179462,0.0012150347032935382
2014-08-18,0.01027243849806836,0.005231539071357094,0.005850043563927043,0.0062106536064883144,0.008384481219478657
2014-08-19,0.0042607256603564014,0.0032636831452168558,0.003048397271935732,0.002135274722186997,0.0025535301585422054
2014-08-20,0.002318456851245543,0.000292951468461089,0.0003874728740149713,0.00025772056174888647,0.0011193298484399872
2014-08-21,0.0007001279941070138,0.00018934152135008375,0.00045582874486349567,0.00017588484675834515,-0.0007998585860315988
2014-08-22,-0.0007827317818835944,-0.0018355539026466694,-0.0015756730862072077,-0.0016599468831074438,-0.0012429841676981912
2014-08-25,0.003920577141098391,0.007539941774369341,0.007222567587191309,0.007479011169238214,0.007190690850312986
2014-08-26,0.0008507180055388197,-0.0010383754895298969,-0.0008114274150602396,-0.00025714087131134544,-0.0009240252607876087
2014-08-27,0.00034042709551163064,0.000731996420996639,0.0003300419047829184,-0.0003112132152793823,-0.0006447437701080361
2014-08-28,-0.002271340160417301,0.0003804044589181821,-0.00020007598499671708,-0.00033072628909125434,-0.0005301353760516214
2014-08-29,0.0031243644942806625,0.0030865995483486675,0.002814077462438336,0.0024110147591458464,0.002088375010707022
2014-09-02,-0.00020166385895015182,-0.0009537114288683535,-0.0005683733396257828,-0.00024606417937800273,0.0017753118217049835
2014-09-03,-0.0008207123190295817,0.0016059966301988915,0.001314374983329536,0.0011499932860830064,5.7955813575594206e-5
2014-09-04,-0.0001165137591918608,-0.0027265733742000142,-0.0018986974138905932,-0.002263688415197418,-0.0015230255724942854
2014-09-05,0.0037864093250767894,0.004677835936677033,0.004372998227737179,0.003761479194764883,0.003378818519651272
2014-09-08,-0.0035711229007177048,-0.0033448086128113896,-0.0034640720485742404,-0.0029559206300884266,-0.00283160670729532
2014-09-09,-0.0073666666666667435,-0.006401005491587619,-0.0066008434509300384,-0.005584410850705601,-0.005343674737796178
2014-09-10,0.0022422777796433646,0.004311561751918491,0.004570249430301043,0.005451623803809147,0.005713809969037031
2014-09-11,0.0021006973791282135,0.0014567254089445925,0.0012489267438080542,0.0008031749982264635,0.00038605031822247504
2014-09-12,-0.0060438986070056044,-0.0073466797318769705,-0.006780087227658771,-0.005697807979736291,-0.005340014740432331
2014-09-15,-0.0031196904584587237,0.00215550112430396,0.0021910608470108173,0.0020939916562625616,0.0015128900618901486
2014-09-16,0.005898923128835332,0.008120336191236532,0.00788951255749848,0.007240647805244915,0.007848394609474507
2014-09-17,0.002370709011452199,0.000754013838699441,0.0011048127944388586,0.0009045681383970106,0.0020295583267193607
2014-09-18,0.0025695231908213767,0.0027707288217142523,0.0025613619043713953,0.004152831082618658,0.004310476841165256
2014-09-19,-0.00284369904659576,0.0033769558901493024,0.003517510041195271,0.0027682260105299505,0.0012384422042055476
2014-09-22,-0.012101733957082472,-0.00449037875368774,-0.004125760110223475,-0.003481472762200344,-0.0037022369511610087
2014-09-23,-0.0061527932643944405,-0.00814967667568478,-0.008027155789809726,-0.00863706085203797,-0.008159010197220318
2014-09-24,0.006107968362364824,0.009300874398634473,0.009347045574471746,0.01067032460848405,0.011323671810295366
2014-09-25,-0.014902752813087727,-0.011585227043568347,-0.011505617683090774,-0.012175112548702294,-0.012460937788348003
2014-09-26,0.00858477557386328,0.005194627185487022,0.005111979176914083,0.005158258541301031,0.005829081826876248
2014-09-29,-0.003514626918984076,0.00026826173644955986,-7.280085366101474e-6,-0.000331651574492553,-0.0002359675890810653
2014-09-30,-0.004148301881854555,-0.0023519448512286933,-0.0029575970943992447,-0.0027478263292517457,-0.0027555767730221836
2014-10-01,-0.014726341597758874,-0.007965992915729747,-0.008227605807510474,-0.009301672127764449,-0.010699648248155835
2014-10-02,0.0017764630747745258,-0.00047625413331087163,-0.0004722232090272893,-0.0005043373964854769,0.0007490738973823241
2014-10-03,0.00865230991139243,0.01173462068945863,0.011747622189481666,0.01226455370002233,0.01398618326208867
2014-10-06,-0.002229619827197049,-0.0021302592503602558,-0.0024600280702737898,-0.001950855448833888,-0.0031172535976128346
2014-10-07,-0.016150128729037094,-0.00933346929016965,-0.009538507056113477,-0.00968263247311818,-0.011815727613124327
2014-10-08,0.015153333333333352,0.015570732478806582,0.015518259312435001,0.0152111414683207,0.015219781181619263
2014-10-09,-0.024581729853618284,-0.01495900343162515,-0.01489562547042933,-0.014416064579238497,-0.014364566954964464
2014-10-10,-0.011513956449179852,0.0003648611039985816,0.000529886597453455,0.00028097363625811944,0.00028765690135945654
2014-10-13,-0.016728841358828794,-0.013437771807096599,-0.013797036241175231,-0.013919640108773113,-0.013949682853221068
2014-10-14,0.006128100434195316,0.0003323428843480247,0.0006921687562060352,0.0002412141745335994,0.0002491642593844823
2014-10-15,-0.0011046821646701899,-0.007658242809358673,-0.00766642079585389,-0.007677183217211558,-0.007727752921816489
2014-10-16,0.006095216633041467,-0.0015434429337699562,-0.0010073988367832465,-0.0018752173705602893,-0.0019178324722534112
2014-10-17,0.010405424264241736,0.011745020058879563,0.011668305345690744,0.012218303686623244,0.012193595154520454
2014-10-20,0.009354643706448673,0.014382056701236934,0.014300563145246858,0.014216921243579872,0.014237004718574253
2014-10-21,0.019894705143169933,0.007647475666016312,0.008979558451132519,0.007591704981003478,0.007641122386914834
2014-10-22,-0.009404588802691127,-0.00016326915174125212,-0.0002137765206009501,-0.00022353232352512187,-0.00023289831109118975
2014-10-23,0.011006712360249304,0.003240635169206696,0.0030026366840865126,0.002705904929848346,0.0027262846961411125
2014-10-24,0.005905867501863504,0.009718391119331704,0.01017507549496699,0.010294410019159761,0.0102182770197361
2014-10-27,-0.0036271266941129143,0.0008033780196741169,0.001236832504323715,0.0011361598955244023,0.0011571604094140486
2014-10-28,0.014912576203759631,0.007689776052941966,0.007751619295986334,0.007642323385242067,0.007616922714514418
2014-10-29,-0.003651659801688467,-0.002357024150288156,-0.0024415453238875173,-0.0022701173907146988,-0.002265683026445031
2014-10-30,0.0034976538681106284,0.009911864212167831,0.009698729706132836,0.009367192573914718,0.009356810293978501
2014-10-31,0.012417913600629937,0.0062593083653279535,0.006051470564235384,0.006347628178891451,0.006353138712417827
2014-11-03,2.744064703241733e-5,0.0018303803727290902,0.0018751960702609871,0.0017363935826144594,0.001719461738243666
2014-11-04,-0.003919516722599492,0.0017552988774378608,0.001984568134950404,0.0024760021489433903,0.0025554272381052012
2014-11-05,0.005436752189123206,0.006030592491027109,0.005572141611925874,0.005130426450678627,0.005061674088114865
2014-11-06,0.006429999999999714,-0.000331454242993412,-0.00032999999999994145,-0.0003300000000000525,0.0005399999999999849
2014-11-07,0.0042295453566898455,0.0013428101429231454,0.0012357808076663979,0.00123578080766662,0.0007608121614328667
2014-11-10,0.0007415745945289487,0.0041073171542507225,0.00417724652108542,0.004177246521085642,0.0043118644054627175
2014-11-11,0.0007265009083092799,-0.000600912218222116,-0.0005887893802382083,-0.0005887893802380972,-0.0003583742049665384
2014-11-12,0.0027227776750999855,-0.0011283913260941025,-0.0011843246914133854,-0.0011843246914133854,-0.00018696679700780372
2014-11-13,-0.002484083907749013,-0.0004900620841884473,-0.0005591547013589215,-0.0005591547013589215,0.00012251926486328557
2014-11-14,0.0026616510227996937,-0.00618274555596765,-0.00631935919023241,-0.00631935919023241,-0.006149600493188356
2014-11-17,-4.344909243014783e-5,0.004920848285667967,0.00504590799659943,0.005045907996599208,0.004073114548897916
2014-11-18,0.00509631583950898,0.0037055341342893122,0.0038255504968782716,0.0038255504968780496,0.003799062122759711
2014-11-19,-0.002765945469146436,0.0014908506934350196,0.0014371292940840164,0.0014371292940842384,0.001310892988596546
2014-11-20,0.0044534926440629174,-0.002339448526838539,-0.0024022665563335766,-0.0024022665563336876,-0.0021236215773374756
2014-11-21,0.006740998120439823,0.0050806538730141515,0.005070081867657006,0.005070081867657006,0.005193419378260344
2014-11-24,0.002724867817386789,-0.0002492658496728861,-0.00029602139139350836,-0.0002960213913937304,0.0005401294043718696
2014-11-25,-0.0007281522184098277,0.0007831577622625652,0.0008057754160537556,0.0008057754160539776,0.0007250730740977485
2014-11-26,0.0011725751139985974,0.004344111110428983,0.004420988509826307,0.004420988509826529,0.004204358977301537
2014-11-28,-0.0059947382155612905,0.006923844986864491,0.006839640418539128,0.006839640418539572,0.00743353082781173
2014-12-01,-0.01178306679529284,-0.006052767217312738,-0.005972250613791252,-0.005972250613791141,-0.0063590785552467555
2014-12-02,0.0051775024437914485,0.0064725250295212255,0.006610797854454065,0.006610797854454065,0.00624551479607427
2014-12-03,0.0063954541378781204,-0.002492726773804299,-0.0025063559514764133,-0.0025063559514763023,-0.0023544139087798843
2014-12-04,-0.0038289966315769863,-0.0014327973089245383,-0.0014873633052722157,-0.0014873633052722157,-0.0012118494222450593
2014-12-05,0.0016003487013569462,0.0024654512914408233,0.002452291008123497,0.0024522910081237193,0.0033818503249753995
2014-12-08,-0.013226666666666609,-0.0036894132682383507,-0.0036658740359898356,-0.003631742563349194,-0.004157368421052632
2014-12-09,0.0028768264917304887,-0.002527296243190591,-0.0023248985332412486,-0.0031348450065951106,-0.003807098854659463
2014-12-10,-0.01989382687798147,-0.013397246898724124,-0.013388509404682503,-0.012403694181154501,-0.012241262521193064
2014-12-11,0.003700964982945809,0.006463836371397802,0.006572115907309772,0.006396166786753366,0.005866778953980134
2014-12-12,-0.016617495733133092,-0.012835635757187824,-0.012710051385537713,-0.012135324489552457,-0.01292780466504162
2014-12-15,-0.007793172011094418,-0.010054345989658042,-0.0099567770441652,-0.008702629523200334,-0.008943584505244684
2014-12-16,-0.007186126940877502,-0.008819472546656493,-0.008939432078667098,-0.009858452785691307,-0.009499466222054997
2014-12-17,0.02166517509249566,0.018118857290384094,0.01808926404083433,0.017224191673476552,0.01713574882981983
2014-12-18,0.021136796744511077,0.020387451825811587,0.02035618635693126,0.019443070003826834,0.019752212610792963
2014-12-19,0.004171129127193529,-0.001208619037833647,-0.0013176194063706514,-0.001626003750948235,-0.0011983416896496069
2014-12-22,0.002319560943594423,0.005316709708911738,0.005393132971492021,0.00638301787111617,0.00598910008607878
2014-12-23,0.005374150401157296,0.0009160747013696735,0.0009414626985777552,0.0016798490628016083,0.001380220311126612
2014-12-24,0.00016931217900584272,0.0024002145726063073,0.0023675483558229793,-0.00012306886131707717,0.0003309254512466886
2014-12-26,0.0042083433600397235,0.005178398264138462,0.005155767942584655,0.0040451076161247546,0.003954370137153385
2014-12-29,0.0023809088475033047,0.002198687251019127,0.0022710452221079702,-2.6357578818747562e-5,-0.0005737171369991634
2014-12-30,-0.004607272638903148,-0.008162112107392816,-0.008119881352645408,-0.00537004880860148,-0.0054575913134194964
2014-12-31,-0.00852031946882248,-0.010194043108553097,-0.010094218712584424,-0.0089783404494711,-0.009419796477460829
2015-01-02,-0.0025410546073432183,-0.0013510940648393532,-0.0013957452758822653,-0.0031960770858522336,-0.0030672702164219467
2015-01-05,-0.020777236005922295,-0.010491378503285076,-0.010455399021973233,-0.009249345958098787,-0.009653259833180439
2015-01-06,-0.010168656141842813,-0.0028469668788960734,-0.002803242928849037,-0.0033457291831821,-0.004212366723201799
2015-01-07,0.012120188257357611,0.0195910040798708,0.019877636860067716,0.020594418725925046,0.01902600810138444
2015-01-08,0.0181566666666666,0.01472765013659405,0.014733888888888824,0.01471,0.015020000000000033
2015-01-09,-0.007709244484312983,-0.008199025543601302,-0.008361287923872918,-0.008093615909964491,-0.007618827215227442
2015-01-12,-0.0069966932618978905,-0.002935183883513326,-0.0030294196925622074,-0.0028949668221027736,-0.0022121947136665154
2015-01-13,-0.002798524509225464,-4.347950334826489e-5,-9.23773182814891e-6,-0.0003159652731172802,0.0004323356162256875
2015-01-14,-0.006302281513667185,0.0004220285678018243,0.00020488485268299605,0.0005444152090765542,0.0007362713746987826
2015-01-15,-0.009854675071592545,-0.0019896284184502955,-0.0018774351525308042,-0.0021773437918241045,-0.00294063798241051
2015-01-16,0.01251971197781998,0.010244447391714928,0.010019538722816801,0.010694954616864871,0.010368471371944965
2015-01-20,0.00033439154913428304,0.0028286883798538387,0.0027174707841144397,0.0028610387873835297,0.0032259232698805818
2015-01-21,0.007215382498754197,0.004434068507812583,0.004613333542939246,0.004427349555256921,0.0027437527155795838
2015-01-22,0.014522573009213335,0.01113049732465754,0.011348304551007216,0.011036894406064146,0.010941061880210823
2015-01-23,-0.008235486712818374,-0.00645975336258886,-0.00631411961486994,-0.00683140320791098,-0.006238221962423518
2015-01-26,0.007044962563616641,0.0023217875548633415,0.002255714906585826,0.002274169086506017,0.00321034033369183
2015-01-27,-0.010705907384196856,-0.009736169133134354,-0.009786493954822006,-0.00969617006490786,-0.009948802752116404
2015-01-28,-0.013174346673874182,-0.011717508915737751,-0.011587936680599209,-0.011898667825843812,-0.011953918327008317
2015-01-29,0.009700760862159097,0.010021127327018098,0.010113698059486032,0.009567536211598116,0.010950913710351173
2015-01-30,-0.013838720037010144,-0.01731430372514775,-0.017240184105901002,-0.017121799782010005,-0.018177018174113102
2015-02-02,0.013413883640605917,0.010638811866089837,0.010721148567114147,0.010857412124160692,0.00923984059734817
2015-02-03,0.019561148393748118,0.009044730313344962,0.00928380929621997,0.008753699817624305,0.008644721049215764
2015-02-04,-0.005534329517790537,-0.0031928839368088324,-0.0028352847877496368,-0.0033721805544317807,-0.004572081549676477
2015-02-05,0.010709824445548355,0.007150303423154369,0.006911710200943499,0.007500657649858633,0.007563162156822623
2015-02-06,-0.0028644627139658985,-0.009592035293304213,-0.00942776821235014,-0.009481063664323552,-0.009619463057521593
2015-02-09,-0.0024366666666666426,-0.007458328972369865,-0.007552554167391423,-0.00699553117782914,-0.007305000000000006
2015-02-10,0.009039603166381971,0.014010772430013585,0.013501914326338849,0.012378855172916703,0.013586181052589241
2015-02-11,-0.0008262536428392808,0.0029479343820415504,0.003097581430534735,0.0030664210089834665,0.005865958494639223
2015-02-12,0.010581577804064546,0.004351835636557944,0.004763728452051419,0.004723584554334304,0.005494377615037349
2015-02-13,0.006132231614255579,-0.0037116610058071098,-0.0030731890168619325,-0.0027778287967320514,-0.0019017544704934553
2015-02-17,0.0005451649577044027,0.0007197547226986956,0.000862651048224139,0.0006503317819799292,0.0010678606193292861
2015-02-18,0.002747678594402281,0.006357332190942477,0.006217206447220569,0.005335005101575918,0.004540514738902601
2015-02-19,0.0004252860295088645,-0.002860618825148986,-0.003800991854077229,-0.004024459290289162,-0.0015408152789092577
2015-02-20,0.006388097979608709,0.004226525348861809,0.0043861248836734035,0.0045944948421476894,0.004200820111155634
2015-02-23,-0.0023392726087263505,0.001724125212669847,0.0021232205576107166,0.00202971748744174,0.0010498508587235555
2015-02-24,0.004175037483249211,0.0031624786872335164,0.002879703836330405,0.0029887586694068435,0.0026323721740895145
2015-02-25,0.0006382448777741967,-0.0008527258086270528,-0.00032614922532925306,-0.0010856552901623573,0.002243348404688872
2015-02-26,-0.0030838296358113304,-0.0011103464123000117,-0.0008966317058654028,-0.0014657369570879597,0.0009881304492838083
2015-02-27,-0.0027609746374959165,0.00020737786949309722,-0.001374614981275446,-0.0009541926908810394,-5.676610950267058e-5
2015-03-02,0.004770626979522019,0.0016155501900718683,0.0021294308891035563,0.0017410169914069407,0.005373457553450978
2015-03-03,-0.004695091827744635,-0.003024404688470983,-0.0031186023300525667,-0.0027055904015514942,-0.004502485886482832
2015-03-04,-0.006578915842114008,-0.00506123941214609,-0.004484764376146533,-0.004427084824008776,-0.00481775530119255
2015-03-05,-0.000417946602140562,0.0016020412845654253,0.0022726762615090657,0.00215535586704263,0.0009935799934825962
2015-03-06,-0.0156712376171525,-0.01922684201762037,-0.019250252984265415,-0.01871059934213959,-0.01884137621909776
2015-03-09,0.0024656390293040786,0.003909348794720158,0.004236694471166702,0.004038049857492787,0.004717316299528207
2015-03-10,-0.016635786100485106,-0.011735070902383016,-0.011574395275524618,-0.012005900268871272,-0.013213713403597227
2015-03-11,6.666666666710341e-6,-0.006175021646990575,-0.006025000000000502,-0.006024999999999947,-0.006020000000000025
2015-03-12,0.011616164558902797,0.014875079183656492,0.014764810986191756,0.014764810986191979,0.014782953882372052
2015-03-13,-0.00855380561149155,-0.008410271204843167,-0.008389563955387813,-0.008389563955388035,-0.007338329396776033
2015-03-16,0.00994128494320523,0.012283127140307437,0.012458511274802575,0.012458511274802797,0.011979439310926265
2015-03-17,-0.0022991041644367938,-0.005272383235787381,-0.0052622140348297375,-0.0052622140348298485,-0.005529735112612788
2015-03-18,0.01323635826173386,0.009628785760701364,0.00959607859511391,0.009596078595114133,0.007209405280298897
2015-03-19,-0.005324917503454651,-0.0036748396336635514,-0.0036330541420421802,-0.003633054142041958,-0.0009878841213913914
2015-03-20,0.009463762843367585,0.010314088408058808,0.010364863449113582,0.010364863449113804,0.009275026915515294
2015-03-23,0.0008635193183696988,0.001454821816642582,0.0012280320045092719,0.0012280320045090498,0.0016460185430657859
2015-03-24,-0.003715438358931955,-0.0060922274496549855,-0.006265283660162435,-0.006265283660162324,-0.004764929997805534
2015-03-25,-0.012457232252683137,-0.00795857072075945,-0.007979481673727418,-0.007979481673727307,-0.010074052032348901
2015-03-26,-0.0044776525232576025,-0.004033200618117627,-0.004081683876118625,-0.004081683876118736,-0.0031307382091968483
2015-03-27,0.002036343151024189,0.006487352027848781,0.006651938710401373,0.006651938710401595,0.00631206067305734
2015-03-30,0.01300740094438213,0.00897801781040064,0.009087027767518352,0.009087027767518574,0.007776655260076648
2015-03-31,-0.006611134932055895,-0.007314862744022377,-0.007399319692283246,-0.007399319692283357,-0.008951108504091643
2015-04-01,-0.0036061873215670337,-0.00017243571682157288,-0.00021591717442626113,-0.0002159171744261501,-0.001578703296938544
2015-04-02,0.00564076436591443,0.006807550764263315,0.006802076924334877,0.006802076924334877,0.006484614438786451
2015-04-06,0.006328067001304616,0.00754850769333304,0.007540846561717274,0.007540846561717274,0.006024150722152566
2015-04-07,-0.002883123115625441,-0.004098073661317758,-0.003915425838761921,-0.003915425838761699,-0.0031028682467606483
2015-04-08,0.0032188783977080693,0.0019256757375631928,0.0018477972445529733,0.0018477972445531954,0.0042380456296355895
2015-04-09,0.002811152984764087,0.0027054867856692866,0.002790468125456469,0.002790468125456469,0.003541820574822996
2015-04-10,0.00387000000000004,0.0038378565448073942,0.0037499999999979217,0.00374999999999992,0.004449999999999843
2015-04-13,-0.004575957378279538,-0.005938723401277213,-0.006024511581569136,-0.006024511581569136,-0.004799005425854874
2015-04-14,0.0021412117178327694,0.003661894486753914,0.0037996056048836824,0.0037996056048836824,0.002131764523340518
2015-04-15,0.008006500123466376,-5.64726154640427e-5,0.00012279056166852875,0.0001227905616687508,-0.0009003442852043575
2015-04-16,-0.00047114573834172724,0.004154443254091422,0.004144658305132776,0.004144658305132998,0.0047030232364073665
2015-04-17,-0.010273506771065644,-0.0080273836369954,-0.008149369171006726,-0.008149369171006504,-0.008582638405511211
2015-04-20,0.007653762352661797,0.0069087397531777395,0.006835726848046342,0.006835726848046342,0.0064998701407903425
2015-04-21,-0.002286178005246775,-0.0013629006809340316,-0.0012083578014007168,-0.0012083578014003837,0.00047658659389338
2015-04-22,0.003459959206872476,0.0017542130122805144,0.0016038673235381218,0.0016038673235378997,0.0020529797643762393
2015-04-23,0.001389012339231721,-0.000585726419343291,-0.0006628504448658035,-0.0006628504448659145,-0.0004306503569724285
2015-04-24,0.0001181905665250671,0.0017998335044906444,0.0013593171954986438,0.0013593171954988659,0.002334953276703855
2015-04-27,-0.0038127022825906742,-0.008420290067157277,-0.008456019984761975,-0.008456019984761864,-0.009557220160175572
2015-04-28,0.0024671329832597344,0.0005648031277269983,0.000508728922693491,0.000508728922693491,-0.00028912704766326236
2015-04-29,-0.003606456200160424,-0.0068462845503571845,-0.007077129008069782,-0.007077129008069671,-0.006416138231757462
2015-04-30,-0.006576268487333836,-0.006267832555811204,-0.006231981426324196,-0.006231981426324418,-0.007099926809690071
2015-05-01,0.010524283968925907,0.009372238909432395,0.0092095379769086,0.009209537976908821,0.011482750470269032
2015-05-04,0.001951016515815418,0.002157724164630226,0.0024625571613543507,0.0024625571613541286,0.0010075197233889721
2015-05-05,-0.011133106232999124,-0.009666561738535528,-0.009722744280667106,-0.009722744280667328,-0.00815699742099607
2015-05-06,-0.0020567879541889544,0.0007517637695200197,0.0007893401742706807,0.0007893401742706807,0.00134974068772431
2015-05-07,0.002480926499106806,0.0036146677458710474,0.003577078992794913,0.003577078992794913,0.004282022925505835
2015-05-08,0.012127411515572062,0.011065429047157238,0.011169422669720541,0.011169422669720763,0.011552732197537274
2015-05-11,-0.003310000000000035,-0.004852847632927038,-0.004951816037735979,-0.004730000000000012,-0.004210000000000047
2015-05-12,-0.003183069961572804,-0.0022383322080762325,-0.0021140176960711132,-0.0023806208365569903,-0.002370731780797164
2015-05-13,-0.0013171624607685173,-0.001030123318357834,-0.001118726233893086,-0.0009408193447942859,-0.0006876593292755029
2015-05-14,0.010467536900520047,0.01333780635506554,0.013222794732494325,0.013414791829951866,0.013861712588545405
2015-05-15,0.0018340007048918139,0.004141702654330004,0.0042311353206048175,0.0040442095948924894,0.003134358885968247
2015-05-18,0.00134296002070311,-0.00032490871854962133,-0.00043029210578593435,-0.000193303024919933,-0.00012112492568983058
2015-05-19,-0.002475992138982197,-0.0013124025512740722,-0.0012028382246931368,-0.0015808186540084979,0.0007280769905140261
2015-05-20,0.00013099711529562796,-0.001267038334081927,-0.0014192326111892584,-0.0011198581720111012,-0.0013141448718702042
2015-05-21,0.002426252907033799,0.0001064707027331746,6.834700162050567e-5,0.00023749895985170077,-0.000759428456560518
2015-05-22,-0.0035289567831994217,-0.00441116757808091,-0.0044477311069613945,-0.0043624239215344085,-0.004610726058811854
2015-05-26,-0.011935326285737013,-0.007529099910738912,-0.0075074941008229645,-0.007572480646917734,-0.007272975466054654
2015-05-27,0.006975241397513932,0.0065266512256221265,0.006390176082389454,0.006695623577599896,0.007111433464296546
2015-05-28,-0.0019750752733737054,0.0004016414007497193,0.0003525237436892148,0.00045638806861370007,0.00026334573612873946
2015-05-29,-0.007638087500820179,-0.005790375690371996,-0.005913697035248355,-0.005648400964861411,-0.006296317002276619
2015-06-01,0.0013970941140690751,0.0006291683634729317,0.0006213057938908584,0.000643226759518889,0.0008819682475371682
2015-06-02,0.0026232970322208615,-0.00312501809539778,-0.0030498904355015233,-0.0031899004138282727,-0.0019993447329264002
2015-06-03,0.0025696394677483525,-0.000930975173529025,-0.0008035808686037704,-0.001067726184880602,0.0017425115293863147
2015-06-04,-0.00888398356192066,-0.007765923373590722,-0.007723461350242156,-0.007827868543117456,-0.0075897167749917616
2015-06-05,-0.0011959337367507539,-0.009772749156790494,-0.009798769440749866,-0.009815702631118972,-0.0075047760833604205
2015-06-08,-0.006131301251264487,-0.002167672143938204,-0.002259359537334582,-0.002067728423829851,-0.0024014757288189914
2015-06-09,0.0005887595778006904,0.0020981642635906628,0.002102017248117649,0.0020944359495111975,0.002228620556625094
2015-06-10,0.010083333333333666,0.009099129175064613,0.00925112244897952,0.009169287455973896,0.009939999999999838
2015-06-11,-3.6747793086711056e-5,0.0016821188626374717,0.0017838279160513615,0.0018025551648361837,0.0010501732776204697
2015-06-12,-0.00617836255492521,-0.005469818263013848,-0.005712223779925973,-0.00565360233976242,-0.00430899674114138
2015-06-15,-0.006780954994316968,-0.0064275347382491965,-0.006404583495083993,-0.0063965395122744795,-0.007184127615352032
2015-06-16,0.005337653587323077,0.0080105248670026,0.008089751375988996,0.008143755991915302,0.008089695980277645
2015-06-17,0.0026969388045299247,0.005443723044507021,0.005513395410220223,0.005446167190790607,0.005091660535674114
2015-06-18,0.008940560510773965,0.012993244229573486,0.01312005464022592,0.013064104893163009,0.012926936137418688
2015-06-19,-0.0037315380371584217,-0.0028592839393273284,-0.002890234776426026,-0.002824390038864699,-0.001760748569246906
2015-06-22,0.004747551269009387,0.00636841446121994,0.006331890126394679,0.006366219041984866,0.005044816537006724
2015-06-23,0.0010961278000634067,-0.003828191835668293,-0.003676638850261482,-0.0036641342483891837,-0.002373951099575944
2015-06-24,-0.007961880526912157,-0.007068101045169306,-0.007050961241347964,-0.00709898896720329,-0.006793678960972271
2015-06-25,-0.004552273055784206,-0.0016521703252063702,-0.001701879794240968,-0.0016864563356679962,-0.00039122122820778316
2015-06-26,0.0010049031885102089,0.001997183717397766,0.001697891809863794,0.0016376031490261678,0.002042183678223397
2015-06-29,-0.020194781169408094,-0.016669394221950684,-0.016674113116146305,-0.016643947052376706,-0.01850718833214815
2015-06-30,0.0006069733859868087,0.0016659809561316852,0.0016214548748836322,0.001663126870730336,0.0020593197867249113
2015-07-01,0.0045364006428105785,0.008057102042885678,0.008202227508008031,0.008182286718027898,0.009054422741510582
2015-07-02,-0.00015548515678931452,0.0008649891668928156,0.0007149630314022826,0.0007101475787034683,-0.0006737148772656409
2015-07-06,-0.005483445299527379,-0.0001569378148235101,1.3311026620277389e-5,-3.9912719592472e-5,-0.00021985440862826167
2015-07-07,0.005897028342910282,0.0157016905492533,0.01590442477729681,0.015925596240555562,0.013933042690076558
2015-07-08,-0.018691226953551743,-0.011967616828530536,-0.0119607311343779,-0.011934395873905435,-0.013048252951910588
2015-07-09,0.0022364985233431778,-0.0008807683426882429,-0.0009184470095607855,-0.0009438045610177248,0.0009102829103719845
2015-07-10,0.010566666666666835,0.010102830114275374,0.009867936127683663,0.009891481073134756,0.010890000000000066
2015-07-13,0.012313363459444782,0.00932142409507275,0.009327396201434635,0.009228162018252162,0.010728026293662207
2015-07-14,0.002731762072229138,0.002586350206003951,0.00291485739190378,0.002899792377209165,0.003532302088065764
2015-07-15,-0.007909172858888591,-0.0031116795908191497,-0.0026373898605298596,-0.0027664399463751543,-0.003682712828825707
2015-07-16,0.004588490376314924,0.011044856131892544,0.01139614810247136,0.011458145167326572,0.009353180774481773
2015-07-17,-0.004520889158375341,-0.0027545774859939476,-0.002651787057742605,-0.0026691453811626964,-0.0014202014440368727
2015-07-20,-0.002450055013331842,0.000841610988337127,0.0007592129221936084,0.0007551143443924602,0.002584358416234833
2015-07-21,-0.0037007177198375985,-0.003997948724128619,-0.004136800381909778,-0.004113591905982927,-0.0031018850580472046
2015-07-22,-0.0016897099761056245,0.0033098606364432293,0.0028610975553271523,0.00286199212444882,0.004392238220521483
2015-07-23,-0.00617967736332159,-0.0055634112082662,-0.0050279954418877,-0.005058229823130755,-0.004752653833345444
2015-07-24,-0.011781134987707054,-0.005990610663175189,-0.00700834046325538,-0.006882018511527366,-0.008300972005899854
2015-07-27,-0.008228389514170265,-0.00043852358836860006,-0.0005275413322128886,-0.00041531046543863415,-0.0027956470504447717
2015-07-28,0.015322536481256588,0.010858491029749118,0.01136527423110012,0.01128788926742419,0.011471017073583223
2015-07-29,0.00783096270485184,0.004413322013140375,0.0036704687183286566,0.0036692150093065035,0.005219369954988284
2015-07-30,0.000992601389661063,0.00023510104587565195,-0.0003561074057217839,0.00013674007334363303,-0.0011340378681250485
2015-07-31,-0.0023721823350859594,0.0026423524965215606,0.002552224310902629,0.002669715792526395,0.002389186161178003
2015-08-03,-0.0073165984251313265,0.001651500900341274,0.001528547359589627,0.0016280633578347192,0.0019752103265058274
2015-08-04,-0.00016530816137660942,-0.00033434910449470223,-0.0004860317477438647,-0.0003554411478490227,0.0019443302325119483
2015-08-05,0.0018616425473674258,0.006071907683583122,0.006227945416140912,0.006287479903746673,0.006735141269466283
2015-08-06,-0.006015617231282633,-0.006473230304221311,-0.006637244734146841,-0.006632222385340114,-0.009368491412371838
2015-08-07,-0.006177140417179983,-0.0029420553312354825,-0.0031433197624930465,-0.0031688148840917085,-0.004053278859666221
2015-08-10,0.01702999999999988,0.00472019641097865,0.0046014973262031855,0.0055400000000001,0.004925000000000068
2015-08-11,-0.011754413668558006,-0.003012797148083668,-0.0030023818687144876,-0.0030830568649679035,-0.005645222777819314
2015-08-12,0.002974886329772719,0.0015212920462750468,0.0014130821841382701,0.002295019799556597,-0.001179200910801037
2015-08-13,-0.0037235708912382037,-0.0002723133349262774,-0.00011901413645409864,-0.0013569651406813987,0.00016944837854460104
2015-08-14,0.004635078270609494,0.003429844491225964,0.003420165834221889,0.003502357544807655,0.0018982362374893036
2015-08-17,0.006335214403124123,0.0038949179068719086,0.0038994851752391924,0.0038576029449579607,0.004786547134234542
2015-08-18,-0.004575131776243024,-0.0031071496336769755,-0.003106815173380739,-0.0031077733289039955,-0.003190062928368098
2015-08-19,-0.007824284743100485,-0.006091622276796382,-0.006037874668117671,-0.006474640649420493,-0.0063742606908833155
2015-08-20,-0.0200066237222849,-0.012354541420683707,-0.012350583140530724,-0.012370564884350954,-0.014868912788260746
2015-08-21,-0.02528377537325377,-0.023652010591797445,-0.023666848750463765,-0.023565335152626155,-0.025309047813826147
2015-08-24,-0.039481864730801064,-0.037022774503592815,-0.036990079206390414,-0.037267143818539794,-0.037396600194974816
2015-08-25,-0.010635321156703181,-0.013041039880654082,-0.012965988654177862,-0.013573147325219526,-0.010178385014374514
2015-08-26,0.028908817935257902,0.029780567327809315,0.029747918301960885,0.030036427875043348,0.03304989733539898
2015-08-27,0.032652254521065904,0.015778193384245576,0.01584037303899266,0.015332943984953662,0.01651242976182221
2015-08-28,0.006982305703418179,0.0006222792837549118,0.000600691715028967,0.0007710827621483229,0.0003645143197035239
2015-08-31,-0.0020724139281881326,-0.008091007365494618,-0.008037625219560529,-0.008499336911199862,-0.009687671076783144
2015-09-01,-0.030879573005214378,-0.023256844181574254,-0.023158161684999845,-0.023959916918137703,-0.022610627967318497
2015-09-02,0.015696004705843425,0.013456217728015751,0.013459610849445358,0.013448526969091379,0.01701849440029002
2015-09-03,0.0035564939954619845,0.005026464522134955,0.005125645307633375,0.004290854641748831,0.003019051303869036
2015-09-04,-0.015232603949853485,-0.01471838123902991,-0.014691087423357674,-0.014910720274205591,-0.014008720713525213
2015-09-08,0.02211263608941305,0.02066339572422793,0.02056264176348699,0.021395607604502764,0.022106096169989486
2015-09-09,-0.013030000000000097,-0.014770048085226084,-0.015165738758029956,-0.015165738758030067,-0.014955000000000052
2015-09-10,0.0007144813587713905,0.002163931508037731,0.002499182580748993,0.002499182580748993,0.0037942043256906643
2015-09-11,0.002135687944962106,0.00496557440458445,0.0041680821375706945,0.0041680821375706945,0.006291895154183935
2015-09-14,-0.0053159903237127715,-0.00392989230896168,-0.0039023904332082804,-0.0039023904332083914,-0.004196587681747244
2015-09-15,0.01257974959770336,0.011560048303204562,0.012040323527450436,0.012040323527450436,0.012038131419576326
2015-09-16,0.01365911466192582,0.012643987822402059,0.012678964300802287,0.012678964300802287,0.010841882417729654
2015-09-17,-0.0018520518256599505,0.002812793371298694,0.0035650167635539187,0.0035650167635539187,0.0023164218873596987
2015-09-18,-0.018182131889735942,-0.010763874045788713,-0.01054295637022895,-0.01054295637022895,-0.011784221164596986
2015-09-21,0.0022243140965418906,0.005799224921320345,0.00454070113012639,0.00454070113012639,0.0034229603838840106
2015-09-22,-0.01678099175729708,-0.011670270798390003,-0.011680742344920003,-0.011680742344920114,-0.01112995600667166
2015-09-23,-0.009307972331108139,-0.0002085901023393122,-0.0004372501713147958,-0.0004372501713147958,0.0004450571768461753
2015-09-24,-0.0007541278335021495,0.0006430436090019143,0.0003287944524787978,0.0003287944524787978,-0.0009609605240261665
2015-09-25,-0.0017788130597108376,0.003981017949885368,0.0030069628354829625,0.0030069628354829625,0.0005187198710734364
2015-09-28,-0.025681695780543357,-0.018487970191099712,-0.018709668278882763,-0.018709668278882874,-0.021392593457723597
2015-09-29,-0.002009088388498337,-0.0014680527837450663,-0.0013171510637931538,-0.0013171510637932649,0.0003697938590045968
2015-09-30,0.0188272367332063,0.014308338297118084,0.014044036630623147,0.014044036630623147,0.013925700224050486
2015-10-01,-0.001173136858381607,0.00017437421175814372,0.0002799558707837768,0.0002799558707837768,0.0017362294175236048
2015-10-02,0.01824852178879488,0.013190123294100298,0.01358562649056494,0.01358562649056494,0.012583753515587048
2015-10-05,0.024806340928582138,0.01639977437286677,0.01602505136855492,0.016025051368555365,0.015066925076544946
2015-10-06,-5.74612548014386e-5,-0.004633775065240764,-0.0054348394075830475,-0.005434839407583381,-0.006066498442352408
2015-10-07,0.010979484012428653,0.007267105863687728,0.008922272485765381,0.008922272485765603,0.0072620895991624135
2015-10-08,0.01387999999999967,0.01027158154405683,0.010259999999999936,0.010359999999999925,0.008754999999999846
2015-10-09,0.0016012000105205537,0.001861118052314037,0.001956024686714297,0.0011354205431728381,0.0035127999365556217
2015-10-12,-0.002775805823558408,0.002827256478561191,0.002856222186271795,0.002605645297426573,0.0019480230940109866
2015-10-13,-0.008368556584040898,-0.005463010667582258,-0.005506713681939224,-0.005128501533680496,-0.007222810610026165
2015-10-14,-0.0061420786912704806,-0.007784031776133626,-0.0079212342601791,-0.006734430469346964,-0.007734677422169156
2015-10-15,0.011915470691420182,0.01049255584596609,0.010408114496241794,0.011137925662672021,0.01226498058094383
2015-10-16,-0.00019532399927069122,0.008393554044350049,0.008429961488299664,0.008115520639191853,0.009228394196956202
2015-10-19,-0.002983691638009822,0.0030643312271476653,0.00310132974912003,0.0027817054295740107,0.003845123895461544
2015-10-20,-0.00028526381812654655,-0.0004880197807087816,-0.0005424508155884578,-7.213204164346898e-5,-0.003333643947180387
2015-10-21,-0.0076632892451126144,-0.0036405267303082356,-0.0037006077427395034,-0.0031814336198920934,-0.004025456465248767
2015-10-22,0.01736187636077169,0.017617226358649818,0.017729611195152817,0.016759035182667414,0.017915402704578476
2015-10-23,0.003932139616874775,-0.0012302454088302106,-0.0012228338383079018,-0.0012869617515813836,0.004040953252806512
2015-10-26,-0.005181426841103232,0.0005754180324055724,0.000659777498422276,-6.930452632236683e-5,0.0025889541061676624
2015-10-27,-0.01272107714446069,-0.003474095157546153,-0.003415782180504756,-0.0039199502235437444,-0.0003647345745984021
2015-10-28,0.013897489196178725,0.0023046000613813344,0.002306354464094662,0.0022909560046848743,0.005489594103636808
2015-10-29,-0.0017811980383772852,-0.0011438986628105052,-0.0013260058022962484,0.00024968219481080745,-0.0018853860523112553
2015-10-30,-0.0012128260277877168,-0.005117714252295902,-0.005158845165226356,-0.004803444304998572,-0.006787112572607001
2015-11-02,0.014169559864525061,0.0024614010551697874,0.0024106497393543425,0.0028490202379982676,0.005901671712966738
2015-11-03,0.0026376169157154017,-0.002552568805783695,-0.0025486756569478297,-0.002582197953247878,-0.003499111841384517
2015-11-04,-0.003478248142787077,-0.0029351000579165287,-0.0028270803728025484,-0.0037595170818851553,-0.0034811834788859297
2015-11-05,-0.0004883800132531313,0.0002710159029746251,0.0003260998143741478,-0.00014975319337773296,0.00039295327186050777
2015-11-06,-0.003933333333333344,-0.01243411357165669,-0.012443039789350574,-0.012352309322034016,-0.007775000000000087
2015-11-09,-0.010915499297235787,-0.00632402298239243,-0.006363732949710044,-0.00596013810614171,-0.007033937866915307
2015-11-10,0.0007407518459547902,0.0037913992582161438,0.0038406551500114183,0.0033402211279041083,0.0034805689085382063
2015-11-11,-0.005634255478708994,0.000837113962255609,0.0008236010865605436,0.0009609633351408409,-0.0003543198015366622
2015-11-12,-0.017517249957501257,-0.013064503804140148,-0.01314792404444054,-0.012300090571049083,-0.013783378639013799
2015-11-13,-0.007659038800406193,-0.010900652956221002,-0.010960404688215686,-0.010353629226608208,-0.010000533354447505
2015-11-16,0.015706674342478077,0.01434866434028681,0.014260780297379094,0.01515278608455306,0.011723996061847597
2015-11-17,-0.005144205370783861,-0.004184865665802229,-0.004217809787036786,-0.0038837040200481177,-0.0014897340046494678
2015-11-18,0.019079609134266207,0.01278421553973752,0.01282083145508861,0.01244958570329957,0.01427026904020745
2015-11-19,-0.000275729941271341,0.003612338832664097,0.003654080429976281,0.0032307546695766742,0.0015812307523777047
2015-11-20,0.002610915263518754,-0.0011126365551801243,-0.0011165986970886888,-0.0010764004178800413,-0.0010739899622347338
2015-11-23,-0.0007068041480839948,0.006405908155850959,0.006543532991243772,0.005147264091899917,0.007747156301208813
2015-11-24,0.0038800965880656513,0.0016074433867809823,0.001596031226324346,0.0017119551722895032,0.0008488918745195306
2015-11-25,0.0024653023273764063,0.0015199118789612776,0.0015579690879381491,0.0011714126536257474,0.00343685408375638
2015-11-27,-0.0011732068643497406,0.0018904313586780574,0.0019299837473927273,0.0015281003475566823,0.0023494704907391917
2015-11-30,-0.0037116750015345756,-0.007329935211973115,-0.007331156198600697,-0.0073187370277993935,-0.009306421891640992
2015-12-01,0.010413115000668993,0.006987331550372344,0.006940929855126399,0.0074125586829181245,0.008290911994140338
2015-12-02,-0.010118591352705097,-0.008372766384517893,-0.008280639249448218,-0.009216642252853569,-0.005788399968605917
2015-12-03,-0.013480897642851541,-0.009513395908038569,-0.009535638112591505,-0.009309449828073246,-0.011489110865857022
2015-12-04,0.01328793433755493,0.019160327919840237,0.019207949667364055,0.018723801677734908,0.022836158215807867
2015-12-07,-0.012451415125964593,-0.002087004996208841,-0.0020944764513853853,-0.0020184694983882423,-0.0024257964225053996
2015-12-08,-0.009143333333333503,-0.0020967678160405123,-0.0019400000000000528,-0.002582142857142866,-0.0008399999999999519
2015-12-09,-0.00354508859337177,-0.0071023664043049495,-0.00708570777307993,-0.007234592608771906,-0.00992230573681896
2015-12-10,0.0054314265748154344,-0.001864605855008139,-0.0018136240872499432,-0.002034652057137709,0.0016730152094448503
2015-12-11,-0.0212219038640602,-0.013285129472747736,-0.013206879212036449,-0.013636845282749444,-0.014744312720683328
2015-12-14,-0.0013281065147124904,0.005055900632313648,0.005026377659397507,0.005293680905702924,0.005004460838365032
2015-12-15,0.007100296893988167,0.007864627584609929,0.00775328885825588,0.008582286026414199,0.009436917469562323
2015-12-16,0.016100050241546482,0.018923319331826116,0.018786548555751903,0.01957971831172811,0.01723912449007048
2015-12-17,-0.01455977787369378,-0.01106632747359737,-0.01103101111291882,-0.011254004067524082,-0.012221521450969774
2015-12-18,-0.012479512753136635,-0.01675540337207848,-0.016609097566564035,-0.017422794153669874,-0.016534041533065813
2015-12-21,0.008663829664580902,0.0072957048333297525,0.007366393941126148,0.006997106628071181,0.008316016693045603
2015-12-22,0.011574811596354317,0.010035757648290344,0.009971631949736715,0.010315232245396544,0.009081819326427931
2015-12-23,0.016905749227255962,0.011291353142928617,0.01130129540535374,0.011349189046423014,0.009996489712021273
2015-12-24,-0.0011530582330228079,-0.0021471617392531117,-0.0021561531790192934,-0.002048081500060972,-0.0016057558491591184
2015-12-28,-0.007618925064393767,-0.0004881234528296696,-0.0005200114184550353,-0.0004662583160576217,-0.0014561524494094424
2015-12-29,0.010345375890048691,0.008261650508838203,0.00831063999969417,0.008145671171366331,0.00935666575471128
2015-12-30,-0.009155268115275672,-0.004150464621472505,-0.004097678058448295,-0.0043395074939588385,-0.004212382248451996
2015-12-31,-0.0077076123524900675,-0.010202929446275766,-0.010264995793674014,-0.009929980398959981,-0.010708830089180443
2016-01-04,-0.01123914131268744,-0.012603108033329757,-0.012701432204524576,-0.012330916043339135,-0.01632505231308734
2016-01-05,0.0009531317182391863,0.0067221787142373035,0.006799572403477949,0.006378957072438851,0.006465682971683595
2016-01-06,-0.017081351412520873,-0.006144625907987367,-0.0063215174051581835,-0.0053607172823447735,-0.006894059770139349
2016-01-07,-0.025642648113617383,-0.014187442586275134,-0.01439225067686356,-0.013358055523823964,-0.0170580649382428
2016-01-08,-0.00981333333333334,-0.005920187838017843,-0.005930000000000435,-0.00612785714285724,-0.007730000000000015
2016-01-11,-0.00525471762899965,0.007598892065717511,0.007657758004969484,0.006677874848805887,0.005238629102965797
2016-01-12,0.0035422962274171965,0.003093689879662964,0.003209467390509202,0.002127040051258078,0.0064473188217419874
2016-01-13,-0.027038807127082065,-0.018165016554331892,-0.018162642021776976,-0.018441055132372597,-0.021391526108289982
2016-01-14,0.010987893749210054,0.006741799675831217,0.006701822760761145,0.007365602852594577,0.0076459949983744835
2016-01-15,-0.021061346856456442,-0.016119499322055364,-0.016027028140882416,-0.01673958793801278,-0.015747505626339198
2016-01-19,-0.0026671867863492515,0.010619759772155346,0.010639517055706982,0.010149004999593148,0.008105455104571835
2016-01-20,-0.008850003674906737,-0.014323742817402008,-0.014299828739153808,-0.01413124762003537,-0.010315337366966104
2016-01-21,0.01081214585508894,0.007478045829970803,0.007547585981365623,0.006406265328631644,0.0060445579450290055
2016-01-22,0.017234567310012938,0.017890796066322157,0.017692829483369366,0.019560906333671024,0.015470810031400495
2016-01-25,-0.01716750852956772,-0.008393765856161028,-0.00842627090099346,-0.008045049928218084,-0.008064933114668826
2016-01-26,0.021503281222147397,0.011633966702315535,0.011625973702813708,0.011463490566952395,0.011440169763819119
2016-01-27,-0.007223582291948971,-0.003921305211288639,-0.00394457800419501,-0.0038149897702848268,-0.005353409799316977
2016-01-28,0.007260394075052856,0.013384105797079604,0.013509166245530002,0.01177651456146478,0.007195406493132994
2016-01-29,0.03076745853798446,0.019496104843911732,0.01946001087178373,0.019700730945326983,0.019020493352464918
2016-02-01,0.0008953621588763117,0.0013491478235978516,0.0013806455405032114,0.0009732571191871653,0.0012548901224134212
2016-02-02,-0.02058048335018825,-0.010315968801579256,-0.010214225504666663,-0.011148662123013464,-0.012283013656363528
2016-02-03,0.011361179592945803,-0.0004324158838864278,-0.000754764912689776,0.0023000695920518677,-0.002185554601139339
2016-02-04,0.007713004757482489,-0.005845394999492104,-0.005848538055047481,-0.005905798798980011,-0.0054993790051801605
2016-02-05,-0.01759652323792038,-0.008158680798209583,-0.0084908200219862,-0.005343233373030332,-0.012953453377944624
2016-02-08,-0.016107265654082603,-0.006003486171497707,-0.005912535204222857,-0.006778635860292592,-0.005930503987429558
2016-02-09,-0.004286666666666661,0.004442968847393258,0.004604999999999526,0.0039825233644859015,0.005090000000000039
2016-02-10,-0.0009479870377684385,-0.0018683735726670037,-0.0016609752091615304,-0.002457980972599416,-0.0005213562964512253
2016-02-11,-0.01238564687327881,-0.008820453391360727,-0.008897293232038583,-0.008601441498613194,-0.008765231832952969
2016-02-12,0.02347872067531198,0.012627654956309797,0.012707430799679509,0.012400996925069352,0.014541339738914028
2016-02-16,0.01791063035881435,0.011297876632929027,0.01131887786768826,0.011238037946581958,0.012830604159074888
2016-02-17,0.02092139720241537,0.011268564436621054,0.01128306783863886,0.011227296585948787,0.012738272811955387
2016-02-18,-0.00624045106436677,-0.00024809694542271554,-0.00037671740332978487,0.00011772865522230447,-0.0038077114279876367
2016-02-19,-0.0039021243118170235,-9.157417940564017e-5,-3.535487765182754e-5,-0.0002514385025220722,0.001460034721572967
2016-02-22,0.019578353497690326,0.009275104655853683,0.009289009560514039,0.009235761481816818,0.00888649803543684
2016-02-23,-0.012527238722264578,-0.002392670657614615,-0.002342158119485571,-0.002535988972807157,-0.003590922964321952
2016-02-24,0.00584298116396087,0.003499108992525146,0.003415770743506741,0.003736157311549304,0.0028329600039433966
2016-02-25,0.010068733811692487,0.010605590914455343,0.010651255612983634,0.010475734963814265,0.011005708588888163
2016-02-26,0.0025382462228986657,-0.012571136511972059,-0.012539823285059093,-0.012660226567367316,-0.008959959430067999
2016-02-29,-0.000418843357121057,-0.0037337972937198094,-0.0037094147260426924,-0.003802688217220518,-0.005971569902627039
2016-03-01,0.021050378379162238,0.011224539244474308,0.011232750127792901,0.01120093251900256,0.015521673356269083
2016-03-02,0.008016299303183594,0.00160104897054536,0.0015500738297578032,0.0017459306750282622,0.0007532968714729638
2016-03-03,0.010607228696484672,0.0066670116581453165,0.0065281448622445115,0.007062200167045951,0.0045109819979429755
2016-03-04,0.005604120666059975,0.006500701421107147,0.0065610385096206425,0.006329267011321749,0.005262244961658169
2016-03-07,0.007212311747744504,-0.00350362838372964,-0.0035806309185660856,-0.003285104580977749,-0.002980233424111911
2016-03-08,-0.018147318171575333,-7.316350618291612e-5,-5.835068735748905e-5,-0.00011484462716637722,-0.00290986532371984
2016-03-09,0.007062117005986135,0.005081226573193209,0.005061268291615795,0.005138086971975486,0.0037196345256336194
2016-03-10,0.0013966666666669347,0.0014111542555526047,0.0014599999999997948,0.0012772579810180762,0.0011099999999999444
2016-03-11,0.016005334216544487,0.005593420349500056,0.005617728116949161,0.0056760739163816964,0.007714237196711604
2016-03-14,-0.0006885379046844831,-0.0003890329190668895,-0.00025994562107523045,-0.0008947018188553146,-0.0002917860119139304
2016-03-15,-0.005699699561234173,8.985154752871871e-5,0.00010114104691005821,-0.00014290217195966903,-0.002554736457018203
2016-03-16,0.009703138493075913,0.004712237429104649,0.004620520154721364,0.004745044460603198,0.002319606666908225
2016-03-17,0.013129316187332929,0.0076887467114472585,0.007544531316190151,0.007869447976856403,0.00470578360739049
2016-03-18,0.0038530215853052052,-0.0014862664775699974,-0.0013326873100687475,-0.0016861044340181763,0.0019721633982447972
2016-03-21,-0.00017371044826197668,6.082596880618851e-6,8.739343439367886e-6,0.00011525558668257219,0.0015216516656277879
2016-03-22,-0.0009875629061004698,-0.004806886554602152,-0.004793726294627154,-0.0046513913805741325,-0.0025842389129125953
2016-03-23,-0.015380593138681675,-0.00017974518000651862,-9.81508808056697e-5,-0.0004183110585807004,-0.002242538954045026
2016-03-24,0.0020605862752827164,0.00013669272896721374,1.1294674650219605e-5,0.0005461050321795557,-0.0011378431124763333
2016-03-28,0.001723376458421022,0.0031296373302767133,0.0031497439800809435,0.0029357931407014703,0.003416989670041337
2016-03-29,0.011162394910723572,0.009037825501349683,0.009011668625066083,0.009188844413713149,0.008872723572917796
2016-03-30,0.003834552075888231,0.00429833184925732,0.004409936256615676,0.003919563335478937,0.004620372603120426
2016-03-31,-0.002120437925650309,-0.0020007798196518545,-0.0020509138793660675,-0.001846452831139045,-0.002274131298332316
2016-04-01,0.0032388956167561656,0.008906706813318843,0.00891448286053853,0.009067213885590064,0.010920816403928724
2016-04-04,-0.007871601556940888,-0.002868357978690117,-0.002926295147277602,-0.0026277555304797806,-0.0007591147180956437
2016-04-05,-0.007031626337801744,-0.0077178909701804965,-0.007688043015083634,-0.0077445519721475176,-0.004933438585611349
2016-04-06,0.009936867929716486,0.007780977434302949,0.007788514560023163,0.008120054665466725,0.011789644384892162
2016-04-07,-0.009423452445152858,-0.007057645905793497,-0.006921334902136089,-0.007579858875744194,-0.007507872446860797
2016-04-08,0.006803584496353654,0.005035303010835435,0.005025144109131796,0.004917301110991978,0.003507324595411365
2016-04-11,0.00034000000000000696,-0.0051014210532878135,-0.005069999999999686,-0.00529371926836486,-0.005510000000000015
2016-04-12,0.01158224736922775,0.006792379121910885,0.006692179349301108,0.007430363909331605,0.005682444267916198
2016-04-13,0.01194440646674777,-0.004023888708122758,-0.003991282404520957,-0.003934051430797392,-0.0017588132088566244
2016-04-14,-0.0029419000216834856,-0.002661247326354088,-0.0026094221003707396,-0.0028392156950779457,-0.00166792644486069
2016-04-15,0.001702926502235913,0.004401033086687933,0.0044273319033538705,0.004394351210968317,0.0034944570118213836
2016-04-18,0.005667572633291318,0.004416736194437165,0.004361072651072773,0.004697337686248915,0.004838835550394993
2016-04-19,0.005684458149451954,0.0009831296799149847,0.0008508087723724245,0.0013246211865194368,8.172421916929906e-5
2016-04-20,0.0001990892040506509,-0.010842165020970795,-0.010793836048481609,-0.010958156945281461,-0.007037965333642315
2016-04-21,-0.00855313395010282,-0.014810322455149016,-0.014797219266698969,-0.014746725700302221,-0.010520459860888454
2016-04-22,0.0041942130152694546,0.0032908659378914074,0.0029611739761754574,0.004602387838751332,0.0013064370798878677
2016-04-25,-0.005211325994875504,0.004894254176725399,0.004898609487612893,0.004798629627149165,0.004676175719893205
2016-04-26,0.008568657732469509,-0.0010649508397996277,-0.0010122310299692794,-0.0012257691319231823,-0.0025240879935295446
2016-04-27,0.008447218907425169,0.00504969618702833,0.004918110052721358,0.005531454965704619,0.0021983295689786964
2016-04-28,-0.009233016744414013,-0.001726963076266519,-0.0017845301352293896,-0.001734953244834636,-0.0016181166610171882
2016-04-29,-0.0036255647269259894,0.0034457705830104324,0.0035104877429015247,0.003515569789108497,-0.0005490269080653531
2016-05-02,0.007877670146180016,0.00912561053834926,0.009206882077214873,0.008871039152464233,0.009401004991980155
2016-05-03,-0.01387014069655168,-0.0037270662706296864,-0.003653421419781533,-0.003991191446835685,-0.004277431898113693
2016-05-04,-0.007199836599420029,0.0030755575106578004,0.0031164416739435374,0.0028453953570255486,-0.00014111173978370584
2016-05-05,-0.001568774559605024,-0.002233330526355215,-0.0023318164415153664,-0.002135690961261205,-0.001110904468200391
2016-05-06,0.005974412629228931,0.00440705948273834,0.004377976658668015,0.00456616076523253,0.0046007374529088985
2016-05-09,-0.007144968384245054,0.0045774127343445326,0.004781198119967467,0.0040520695379258065,0.005822959961025331
2016-05-10,0.015410000000000146,0.010386151357043794,0.010212023809523796,0.01046889440165888,0.0109849999999998
2016-05-11,-0.007873348368310884,-0.008323126924719815,-0.008314533099546106,-0.0077634817782304966,-0.01091591715010598
2016-05-12,-0.002814453800098704,0.004933617201353657,0.004811912113112049,0.0046032074861044325,0.0035401280450984007
2016-05-13,-0.009802922810481673,-0.01037821515860371,-0.010291932341644494,-0.010329307861264403,-0.009879166639195303
2016-05-16,0.008553831985776306,0.004749666004363995,0.0051286165241379855,0.004648060824145039,0.0062239333090094995
2016-05-17,-0.0074062932113060365,-0.015267180196299024,-0.0154624926546022,-0.015224454033725188,-0.015077122100452423
2016-05-18,-0.008283901896725898,-0.011571535244680464,-0.011291718125337913,-0.011470795100053333,-0.008234795787795068
2016-05-19,-0.0025711643274202167,0.004574924085056775,0.004707409660301698,0.004758154424634897,0.0010824204697390538
2016-05-20,0.0065031148012562046,-0.0019320161529838842,-0.0017710914242276,-0.0010627109640509724,-0.001719469964445719
2016-05-23,0.00014572294141923514,-0.0006068600145677783,-0.0006270672854401527,-0.0009537517412192553,0.0009707244269312465
2016-05-24,0.012818850165246864,0.010943440138297955,0.011064419595144148,0.010724882620640974,0.01205405315161756
2016-05-25,0.008837130854582043,0.0017224997581175572,0.0018394506011099043,0.001991953183765993,0.0025102686086064807
2016-05-26,-6.660425711868534e-5,0.0037261922965940997,0.0037010486837347756,0.0039003106284549727,0.0017343036620713903
2016-05-27,0.0028428406128069295,0.0021564033613001854,0.002136563422221016,0.0024547775859622423,0.0024304010429569978
2016-05-31,9.636637135601589e-6,-0.0025562190305519206,-0.0024352844913209104,-0.002071689376350161,-0.0033206135860581742
2016-06-01,0.0028179837508228722,0.00571463148547946,0.0057793676887516465,0.005470339116419032,0.005518485764891334
2016-06-02,0.0026708277676903425,0.002547082294559244,0.0027160943344766153,0.0025625870416290386,0.0043838700216547455
2016-06-03,0.0011695332222261268,0.00594045692717593,0.0057928895937429115,0.005948770617234533,0.002852388212867485
2016-06-06,0.006613117661776524,0.00122837572066814,0.00122264307958031,0.0006647843660667618,0.00267364085281363
2016-06-07,0.0021141225274614595,-0.0009313748685579881,-0.0011276187190206732,-0.0004956933721771417,-0.002687772401311239
2016-06-08,0.0048497226538379845,0.0057860431864198425,0.005858876999379037,0.005635961963460945,0.005569354525593706
2016-06-09,-0.003369999999999984,0.003514450675395242,0.0033827318581183263,0.0033203772956160726,0.0017499999999999183
2016-06-10,-0.013349077725267278,-0.0040279210409999155,-0.004067872687952945,-0.003706543739584789,-0.004746080858497481
2016-06-13,-0.008205127112441146,-0.00678981358746189,-0.006945767712302486,-0.0069594798273151515,-0.00755326310746085
2016-06-14,-0.003008134546918506,0.0022277218802282395,0.0020815911244334018,0.0022683502255222976,0.001701394632405373
2016-06-15,0.0024202679068789923,-0.0020679879120941713,-0.0020976750385078846,-0.0020107825141164604,-0.0020382797606631753
2016-06-16,0.00154042322586867,0.005887497934251362,0.005752498842880982,0.006082986110593103,0.005213009783820333
2016-06-17,0.001979669915454396,-0.0018557221925952216,-0.002149877013723267,-0.002050972686780228,-0.004301310851057338
2016-06-20,0.00940891755348594,0.003796800279473933,0.0038161706064865353,0.003654087493288438,0.005536149373230215
2016-06-21,0.00017483332895107395,0.0030396504482981257,0.0029971169897611283,0.003208395143822207,0.0017246246562996337
2016-06-22,-0.0028706605286644704,-0.0024138866611315146,-0.002349012137024542,-0.002008324495576197,-0.001313493092176432
2016-06-23,0.014794462024329214,0.008096997053089972,0.008104392306454544,0.007916721352096756,0.009431211514982385
2016-06-24,-0.03868427311996103,-0.02048722930885727,-0.020361632866649604,-0.02019991476394789,-0.024799130728064722
2016-06-27,-0.023227890688205854,-0.004339369355495726,-0.0044503918088074634,-0.00330073768452821,-0.008821193741300748
2016-06-28,0.018623637504247448,0.008548194392806963,0.008695675591546603,0.008243533021677019,0.011032265421145215
2016-06-29,0.01898225409949461,0.011195904784671029,0.011177415373441857,0.010735346857001726,0.01392259359862158
2016-06-30,0.016569066431537216,0.019872932535368815,0.019678773920384973,0.020137293383028165,0.018025138190683743
2016-07-01,0.004769582708005871,-0.0003459023161623831,-0.00028902019494292386,-0.00017269879840975388,0.0008782622770207027
2016-07-05,-0.011205213918865864,0.00203003046690875,0.0021171635212440254,0.0020513827927410855,0.001260155869531765
2016-07-06,0.0074868055963490665,0.0016424912823087556,0.0018590692196049918,0.0018019703272966758,0.002912499481067865
2016-07-07,-0.00021672686171003708,-0.0019005375289000703,-0.0019078481307306383,-0.002011855599056256,0.0009532437154284867
2016-07-08,0.01812148087065002,0.010718076546807787,0.010774157911564775,0.011138350059870739,0.010409629662773368
2016-07-11,0.006413333333333604,0.0019871636826196415,0.0019216419725784917,0.001900802725118389,0.0018249999999999655
2016-07-12,0.010040929174229385,-0.0033941344194268197,-0.0034054860904935147,-0.0038001051990302903,-0.0010151353779351835
2016-07-13,0.0003927300435926373,0.0025568386606791282,0.002500896315875245,0.0028191414713163443,0.0006725897917272405
2016-07-14,0.004044172220291298,0.001073939981491412,0.0009885198389452121,0.0007145164049389141,0.0025455336768895886
2016-07-15,0.0014691130442501255,2.9587885040260886e-5,0.00010658558952192365,0.00016998057869699323,-0.0002666750204861623
2016-07-18,0.0010631470012609778,0.0004057002599868742,0.0004364439947841525,0.0003993350926847494,-0.00047648335358452254
2016-07-19,-0.0050012946581029505,-0.0011122382634449757,-0.001182305375343251,-0.0015062486171286693,-0.0007992507614815736
2016-07-20,0.0036612968113629574,-0.0006990536025519578,-0.0005696574256625064,-0.0009424816898269128,0.001482005788644658
2016-07-21,-0.00470509508097805,-0.0020201128231635,-0.0020028688063122857,-0.002270252025130315,-0.0009681570750407209
2016-07-22,0.005031396427985113,0.007238968768735754,0.007058982707218275,0.0070342456961096644,0.006185348264349466
2016-07-25,-0.002227374146011596,-0.0011115543362695268,-0.0010843308446492061,-0.0011097110692539491,-0.0004565333705350838
2016-07-26,0.006165237389591294,-0.008001866240129885,-0.007785739546201542,-0.00743953903113681,-0.00852076377623967
2016-07-27,-0.001862089434404357,-0.011181502565297485,-0.011017586363288867,-0.010661257856414807,-0.008942251919995092
2016-07-28,0.001372428346243515,0.006427400766353175,0.006421346744418743,0.006107477194777333,0.006043655000761872
2016-07-29,0.0027231833660845695,0.005397677488926611,0.005525836657552352,0.005815207701604486,0.004535233145995798
2016-08-01,-0.004871980324738123,-0.0006230861812868138,-0.0004467106014170996,-0.0007365154214967751,0.0012797680274017065
2016-08-02,-0.008589618123241882,-0.004451986974115418,-0.004360947693740402,-0.004236946961007737,-0.004994230649463471
2016-08-03,0.003990413738408138,-0.0037534089061709297,-0.0037952524015243405,-0.0034918647030992567,-0.0041643646617720576
2016-08-04,0.0005119797566688344,0.0017258730395559585,0.0016877264413885928,0.0015349304061018643,0.0015681357088677128
2016-08-05,0.008434467770304988,0.0014929990773850932,0.001445924416728861,0.0011535693835218463,0.0037088541126328867
2016-08-08,0.00015552297751875166,-0.0012409481075862372,-0.0013474685770431538,-0.0012212180897178682,-0.002958861060397888
2016-08-09,-0.0008500000000000174,0.0007851059418677586,0.000692272727276011,0.0010054545454543096,0.0012049999999999006
2016-08-10,-0.00224657425478314,0.002826389144155783,0.0028098130248923603,0.002491636000530262,0.0016799826209419333
2016-08-11,0.0051570317286084855,0.0021621296042813043,0.002184574702985831,0.0021617850173689668,0.0024640068684229632
2016-08-12,-0.002959385255032587,0.0018321477175557987,0.0018984170482583274,0.001641057698876125,0.0014666131738512167
2016-08-15,0.006611882144043291,-0.0023071427471664796,-0.0023230723508620432,-0.002150387012258448,-0.0003984957784990417
2016-08-16,-0.005494588003090217,-0.005218093275365043,-0.00507018323401176,-0.0057954924416694364,-0.004743727807030473
2016-08-17,0.0014528489584910709,0.0031058362272071705,0.0030740806437996593,0.0032035152352121177,0.0017859787953755646
2016-08-18,0.004313368369615267,0.0038404258167261673,0.003929686141263211,0.0037441721025199826,0.0016330662986090427
2016-08-19,-0.002835965106846028,-0.0034013234722820584,-0.003438040040297019,-0.003010505685067555,-0.0023796145414254344
2016-08-22,3.66583949198418e-5,0.00017545933472984387,0.00025743799004418477,5.74512899629287e-5,0.0012858254319640938
2016-08-23,0.004809326809243508,0.0008209181513221253,0.0008803467492395356,0.0006945389608874475,0.0015957959894439266
2016-08-24,-0.00735299187986882,-0.001982963824668005,-0.001940721990236205,-0.002761824659419765,-0.003926534452151853
2016-08-25,0.0006101951189316779,-0.0014529314004816385,-0.0014017477404731915,-0.0018775301947483447,-0.001173977529200343
2016-08-26,-0.0034660033038937943,-0.006025054532182161,-0.006002814181084837,-0.005674986106098845,-0.0029616812420339977
2016-08-29,0.006469300860828087,0.006182029578412962,0.006157227490894979,0.006186997381740111,0.005311366686200358
2016-08-30,-0.003367641320487391,-0.00557940079769248,-0.005580870263486859,-0.005657175414836013,-0.004778961726708997
2016-08-31,-0.003914507537996492,9.567789952402705e-5,0.00010822341425398285,-3.965408857142805e-5,-0.0006786267558898107
2016-09-01,0.0012413070774115464,0.0007614721631441501,0.0006780258515115545,0.0008708947134112854,0.0007185307310866307
2016-09-02,0.005740327254176947,0.007140345066010134,0.007083951330666416,0.0071962039101349795,0.0052154424897827845
2016-09-06,0.0040520797491823135,0.004447736444839201,0.004438404606099011,0.0046650545553650336,0.003181984181983566
2016-09-07,-0.00036718351449815945,-0.003925950876563888,-0.003935566846042793,-0.003952787381725553,-0.003866847954860808
2016-09-08,-0.00344666666666682,-0.0033674903983612614,-0.00319325292240924,-0.0029280788553828208,-0.004301506278845735
2016-09-09,-0.030133608169490622,-0.0294929659568669,-0.029965856855696527,-0.02983036869956568,-0.03140528988866087
2016-09-12,0.014607776851882193,0.01802711272689872,0.018207538892205832,0.018343686739580534,0.01628621138730635
2016-09-13,-0.018848190830985767,-0.01433936008785952,-0.014468432905361928,-0.014427516525116757,-0.014075183461476404
2016-09-14,-0.0019412215667978794,-0.0005297997835472801,-0.0006108347064148756,-0.0005583421347928885,-0.0035744819196035227
2016-09-15,0.01014493059120336,0.007776111076106984,0.007703372935406794,0.0078388714538844,0.008548032651277016
2016-09-16,-0.004567421407446592,-0.0016237924975794904,-0.0018035512706878754,-0.0014953672642686877,-0.005789515842742232
2016-09-19,0.0026195736414786897,0.0008856160411405689,0.0007998453514139747,0.0009675129248292169,0.001683798435474726
2016-09-20,-0.00043351732930285714,0.0011292001841809451,0.0006454164396334505,0.0009386693662714052,-0.001575771635151435
2016-09-21,0.013630329595456514,0.010840177737239998,0.011103709919946692,0.010848864324948915,0.012249431442635128
2016-09-22,0.008044621721512879,0.008500404674431028,0.008606955905976266,0.008557950749719767,0.01066383611107713
2016-09-23,-0.005923361687580009,-0.003644311240087461,-0.003519338406816508,-0.003954623067826235,-0.005115067717944344
2016-09-26,-0.00641875788272428,-0.007965618615433434,-0.008019543515256355,-0.007983576260197411,-0.008380068187861855
2016-09-27,0.004553007225040151,0.003463320911535339,0.003530747993059302,0.00373813782323551,0.005195499145511873
2016-09-28,0.008507673503601376,0.0013042106026150968,0.001471501179643786,0.001681016183837647,0.004419274482086122
2016-09-29,-0.00935160863522777,-0.008490799853528408,-0.00791027309234893,-0.008697184289815807,-0.008152025950983188
2016-09-30,0.009376779982959604,0.006405886635634905,0.0059657750199841875,0.006526312515331201,0.009022535266575815
2016-10-03,-0.0019134099565597529,-0.004575329678293438,-0.004355803699302996,-0.004575328363774278,-0.004102331377113133
2016-10-04,-0.007345128148759761,-0.00984522578549929,-0.010082773224103447,-0.009860329633306852,-0.008190409886727146
2016-10-05,0.005556527149304102,-0.0010644958895941192,-0.001331641312326215,-0.0007591610806001459,0.001698766779286931
2016-10-06,0.0009922520407910085,0.0009156783470034568,0.0010471168801491348,0.0009863031956556245,0.0011565487499065608
2016-10-07,-0.007210000000000161,-0.0023141143549120224,-0.002324200423313605,-0.0021937938935855383,-0.004950495685815515
2016-10-10,0.004414395122164239,0.003938092812817873,0.004320673929958163,0.004014502872064174,0.0024930418830479972
2016-10-11,-0.013883493721241313,-0.009648706715624122,-0.009552181179423913,-0.010226473864800245,-0.0114843831033008
2016-10-12,0.0021950077503858356,0.004347045254959436,0.004554762427840586,0.003843338776678751,0.0035302149303326757
2016-10-13,-0.0037169242379293532,0.0011628553174811707,0.0011942667401898532,0.0010169224872598193,-0.0012760817559523963
2016-10-14,-0.0018835503410855603,-0.001428696762367454,-0.0014446939912569068,-0.0016380303175559385,-0.0005338953133425806
2016-10-17,-0.002253121859009166,-0.00267075136838435,-0.002912221219862232,-0.0022967421323295545,-0.0035119710367784718
2016-10-18,0.006146977789888153,0.0039461739918134064,0.0038904889064417247,0.0045318744174287495,0.004696769629660258
2016-10-19,0.002841859000915159,-0.0023953413669527412,-0.0019963019150798234,-0.003249802728595541,-0.0017704244696731264
2016-10-20,-0.00207653095826299,-0.002184465440190131,-0.002142036664624203,-0.0013056822542177882,-0.0018569071083568423
2016-10-21,-0.00035155750208648584,0.0051423361375348975,0.0057098868903460165,0.004543539161685262,0.007078287010363171
2016-10-24,0.003429685896516599,0.007497425959971604,0.007642859711062044,0.007512544332028304,0.008020775467672214
2016-10-25,-0.007108168619070043,-0.0030944231782057408,-0.003730374758463717,-0.0020166220571943283,-0.0035742799833727856
2016-10-26,-0.0017030506526789502,-0.003756492169214476,-0.0039304723091398985,-0.003055689989435506,-0.0004979797348309001
2016-10-27,-0.005143105454770591,-0.0033311985952483303,-0.0032093822081185053,-0.003939949791853303,-0.005985946322298319
2016-10-28,0.0003060683186586477,0.0004232025070833867,0.0006041364972275698,0.0006160494924967175,-0.0033731142885793375
2016-10-31,0.0021082714738114294,0.0036210175844753056,0.0037808017558902396,0.003390247641295696,0.003441184334291636
2016-11-01,-0.005676519318201123,-0.008218318298520266,-0.008222891710189306,-0.007756287017539831,-0.0065700322958718305
2016-11-02,-0.0088621561659874,-0.005532120200575363,-0.005230259166293494,-0.00549627257420493,-0.0027503680859867208
2016-11-03,-0.003804656285707142,-0.0028348633882536722,-0.002972780883563453,-0.004348941481142066,-0.00643948289482732
2016-11-04,0.0032485421980044116,-0.00427712023661353,-0.00407561697978609,-0.004411804473475556,-0.003538847445628379
2016-11-07,0.020723333333332983,0.01830615836762206,0.01925490798581797,0.01863509608191527,0.02159703703703708
2016-11-08,0.005020607608330341,0.00808574664260453,0.0068310975324687995,0.007756928936818452,0.005446286285476942
2016-11-09,0.01796256748620917,-0.011040983382196612,-0.009547883827212722,-0.012570412050209478,0.006802200034038419
2016-11-10,0.003811490903625092,-0.020310349152801277,-0.016352771493413076,-0.020396426093787445,-0.002130321285272574
2016-11-11,0.003146108454312513,0.00035070583866358973,0.0005328159853712489,-0.0002683306792460316,0.0022451951085402655
2016-11-14,0.004439716260012272,-0.002498564429681216,-0.0026145371655369454,-0.003830456414202432,0.0014142051290004787
2016-11-15,0.00534089288838735,0.008510424546672724,0.0076378494072084635,0.008423026889044172,0.0051950498310489035
2016-11-16,-0.0019598513164413855,0.0012818167905717104,0.0004998435233953824,0.00075098042427868,-0.0006003175781886805
2016-11-17,0.002352524530176092,0.0026381653914469005,0.0029652746627741866,0.002518491621196439,0.0003893745314809127
2016-11-18,-0.0008435586570205711,-0.0018142896213789728,-0.001961080566248552,-0.0022822137029135936,-0.002554309167198232
2016-11-21,0.008317015462698585,0.00820606115940059,0.008811274272390923,0.008896448570681503,0.007499224978031904
2016-11-22,0.00780463425263056,0.007393842268787143,0.006627933231637906,0.006690795867215327,0.007043109041328766
2016-11-23,0.0031621320287975596,-0.0037479022124459194,-0.0034228834673527553,-0.004720727841137418,6.190026033947582e-5
2016-11-25,0.00429409130380165,0.0069932112649848666,0.006088044450970775,0.006753796439032955,0.005745024060726411
2016-11-28,-0.0055016314857671,0.0010635233012610268,0.0005881455000280589,0.0009333424933397616,-0.0030680347947984465
2016-11-29,-3.345383371466948e-5,0.001581306400735949,0.0009979173332386182,0.0010712526648388732,0.001375170774162493
2016-11-30,-0.0019309445229118705,-0.014700647061510308,-0.013486298044699918,-0.014914812890109763,-0.0067145182763047595
2016-12-01,-0.0021944620141912674,-0.006055625042706514,-0.004812549462772764,-0.006347708930459328,-0.0020140118536576823
2016-12-02,0.0021777955938622195,0.0037504270072090673,0.0043272041168549435,0.005298325986579977,0.004072902391794475
2016-12-05,0.00952992480787107,0.004734637635401828,0.004184645345060023,0.003990408713648197,0.004240778765206565
2016-12-06,0.0045345849407218974,0.0027689893701567936,0.0025711622209405594,0.002515460637412481,0.0030330644400673457
2016-12-07,0.014989999999999615,0.014348269205520126,0.014562550967151866,0.013341338167234262,0.01461056831716867
2016-12-08,0.0011971050617907153,-0.0003868762904468692,-0.0008769124711364151,-0.0012223581525965255,-7.537619118624939e-5
2016-12-09,0.0034303131924113828,0.006542381628046545,0.006404500350849274,0.008657990569656882,0.005151219359117665
2016-12-12,-0.005436711050675003,0.0022538404514331756,0.002604990627683712,0.003297864999261879,-0.0034990838010672265
2016-12-13,0.0027611881384979053,0.006935208211367838,0.006470449369750275,0.005914583428047182,0.0032110928196524835
2016-12-14,-0.010619077963569312,-0.009736643284859459,-0.010379288063853687,-0.011051834045105124,-0.010884189847614523
2016-12-15,0.0021388312289589706,0.00265425300499067,0.0019067795070579763,0.00309342497684284,0.004238854228444167
2016-12-16,-0.0017589389384462528,0.0043024323184337465,0.004187080772891871,0.0050603037202696655,-0.001433112998370456
2016-12-19,0.0014988165355651617,0.00286445240479849,0.0032702488326783463,0.0019722533173618384,0.00492438565048503
2016-12-20,0.00452174415267903,0.0009937475142558494,0.0014582744110760437,0.00043894226975593753,0.0036330406224824863
2016-12-21,-0.0003968900480022519,-0.0012029261186944362,-0.0013271711404678754,-0.0007665174776326777,-6.26679721142942e-5
2016-12-22,-0.004461863441639791,-0.001004974989323948,-0.0015003929687380513,-0.0016386400881059915,-0.002286505672852046
2016-12-23,0.0019368182107188936,0.00036656414547886484,1.8322530290992844e-5,0.0004324011734362365,0.0027049727078671815
2016-12-27,0.0031299139750238236,0.0012585340421540359,0.0011814517572559247,0.0013064851636581665,0.003796663405607692
2016-12-28,-0.008888997680616018,-0.006239786166698735,-0.00626665089549705,-0.0062839122306762585,-0.010298323035701551
2016-12-29,0.0002801137326153835,0.0034215673413524605,0.003242488126374621,0.0036438957791162796,0.0018063912110310998
2016-12-30,-0.0069612126904115,-0.005413277283502271,-0.005000211794282894,-0.0048029094587533905,-0.006485197886580973
2017-01-03,0.0072012042171663015,0.0035328677291242006,0.002947778293779013,0.0027341440329859967,0.010545336540743966
2017-01-04,0.01179370209072439,0.004678683929142391,0.004291866671278566,0.003457252686003054,0.006728592447521553
2017-01-05,-0.002551175398532779,-0.0012947675821995963,-0.0015604833875038082,-0.001620292190593342,-0.004171085953051046
2017-01-06,-0.00010137142636723606,0.0012936527281095511,0.0017460613126314417,0.0020664557077745282,0.001929809635355051
2017-01-09,-0.00656666666666661,-0.00488083637936243,-0.005957683399021807,-0.005256893446904609,-0.006365973011363768
2017-01-10,0.0044167694527395,-0.002751521181268979,-0.0033388654865503797,-0.003110217637654844,0.00327734868801266
2017-01-11,0.002683018158420758,0.0012225419987883512,0.0017432010412972154,0.0014008645127190356,0.00394801243164733
2017-01-12,-0.003448964951941247,-0.0006966522835161193,-0.0008913257781518746,-0.0007552851413561434,-0.0036824111239240898
2017-01-13,0.003359207797969388,0.001039068909588492,0.0012341814676579688,0.0011358861579933155,0.00397374342157919
2017-01-17,-0.00263615363986347,0.005848637527087419,0.006316397378311356,0.0065965252861373,-0.005505655735126069
2017-01-18,0.0038834183493727803,0.001302790727214509,0.0014550785260185606,0.0013548982258262399,0.0060225150320432075
2017-01-19,-0.0032190711684564333,-0.0029474146481279773,-0.002561723590211451,-0.002919293746232454,-0.0007546447230819542
2017-01-20,0.004224544295269084,0.0022963714758570397,0.0031497288740223173,0.0028547076940794724,0.004118601897128871
2017-01-23,-0.0016013489988697671,-0.0010219237743905873,-0.0011314402155414571,-0.0005649538288420297,-0.0033185622464660947
2017-01-24,0.014218356097200013,0.0035556396504554666,0.004734602841270696,0.003768253675779487,0.013071002855095548
2017-01-25,0.008021937912352284,0.003942581270335088,0.003729764553157766,0.0035738569579413237,0.011411249052835082
2017-01-26,-0.003051265682917026,0.0002247393946599452,0.00026689892335141074,-0.0001569568732946447,-0.003734734705812204
2017-01-27,-0.00223940700505032,-0.0023784973225403627,-0.00307416155787843,-0.0022831355221885064,-1.0316656423592363e-5
2017-01-30,-0.007595113545626919,-0.0014801339908070421,-0.0013973180103239446,-0.0015219678304018158,-0.006940960856269052
2017-01-31,-0.0025963016341665757,0.0036701960076039875,0.00333406175121409,0.004010729851225747,1.8497167453279673e-6
2017-02-01,-0.0008545944784226212,-0.004384868817677634,-0.00428830374801803,-0.00439122510458112,0.001857608862445126
2017-02-02,-0.0006314889559185799,0.0035789560477308413,0.0032381593630883554,0.003843481457445952,-0.00031521569179082665
2017-02-03,0.0065503958982446875,0.005092306779628464,0.004598796082765588,0.004929475365752722,0.007713593564377064
2017-02-06,-0.0021598002185317933,-0.004389192312139412,-0.004780637035157409,-0.004924325102071414,-0.002295450785569475
2017-02-07,0.0009389854602199765,0.0030226842372804708,0.003248158980378335,0.0033866631835324235,0.00650363586185021
2017-02-08,0.001786666666666381,0.0043537804137427916,0.004611753255280737,0.004549114692322664,-0.00013279162746948625
2017-02-09,0.006609526978464952,0.003969961684982648,0.004256873444198783,0.003542796620700228,0.004828660098624482
2017-02-10,0.006595935014475751,0.0023540284190750604,0.00263119600825501,0.001825836222171473,0.0033825678696721706
2017-02-13,0.0044168595117526355,0.001113164004195033,0.002283412702523746,0.000978858814379313,0.004239445530558328
2017-02-14,0.0022578065459002428,0.0015759388652498707,0.0019372443706375808,0.0007427019556272008,0.0003363299045093804
2017-02-15,0.00332731282747023,0.005120427300825625,0.005059468383642685,0.005147378780843148,0.004762203109137442
2017-02-16,-0.0017047233939004869,0.001746405163840281,0.0023195808127651762,0.0011419123209734927,-0.001349297130421312
2017-02-17,0.0016890863495300223,0.005295646457511793,0.005064970439292438,0.00576814454728658,0.0030222828597361584
2017-02-21,0.006779994831416225,0.006897273251224245,0.0072833210281495475,0.0073481564527240195,0.007425085831424649
2017-02-22,-0.002351823462963587,-0.0011730807151393297,-0.0007190850218038447,-0.0014625164036239369,-0.0020885208002604516
2017-02-23,-0.006636667343957847,0.0006759617247003025,0.0007207174064034483,0.0017235049024306726,-0.0029253024076837386
2017-02-24,0.0011576663946011312,0.004789572766883632,0.004879289691779531,0.004557901216334148,0.0030158229127998926
2017-02-27,0.0024629450847586387,-0.0028366473390556424,-0.0015959924025744643,-0.0032147503318477044,0.0030207839715017393
2017-02-28,-0.004795776888607106,0.0009385828588297507,0.0006993221223301482,0.002354404930963394,-0.003905784608704943
2017-03-01,0.015754546583195195,0.005890814037835312,0.007232246297140366,0.005271894443918512,0.01385511450653909
2017-03-02,-0.008644133457372694,-0.0008394070713877433,-0.0008475718670785115,-0.00020949411823811825,-0.007150190569739756
2017-03-03,-0.00047779719929996745,-0.0009892626725296338,-0.0017550033398296971,-0.000921658899843858,0.0006881796687365771
2017-03-06,-0.004255640747134026,-0.004122078770532833,-0.004127523536449518,-0.004334345625737979,-0.003906761435561346
2017-03-07,-0.005523001403643368,-0.002824725718616139,-0.0022054479460725807,-0.0022890532060849678,-0.0011875933925740156
2017-03-08,-0.0032025933868693457,-0.003660960216452458,-0.003395875222801048,-0.003918186495896592,-0.0038764856311876983
2017-03-09,-0.0020570263574083425,-8.699896893338277e-5,-0.0004741922057041048,0.0002990231180659553,-0.0016476592331436946
2017-03-10,0.004296666666666615,0.004801742134287412,0.005358701135995236,0.0051162243813016595,0.0027901143767525838
2017-03-13,0.002448650299214483,0.0010056506935973708,0.0003405991814999787,0.0005603533046991682,0.002513431431449442
2017-03-14,-0.004732147688160326,-0.0023621089548762075,-0.002502713337673157,-0.002321034785830456,-0.004976356918349412
2017-03-15,0.012984151643252284,0.010062680567356264,0.009446032648877667,0.009661895407001131,0.010997072328057689
2017-03-16,-0.0018324125935431645,-0.001689189958562043,-0.0015595313552959622,-0.001299288923356734,-0.0010930475131776252
2017-03-17,0.0014564496503075564,0.0019270112939997475,0.0016498802005491253,0.0015690462823600981,0.0027775718101339386
2017-03-20,-0.0003276728459573608,-0.0014466353690437694,-0.0015848377166004513,-0.001069130682478936,-0.0009273953373645227
2017-03-21,-0.013941372579397981,-0.0018699400100651298,-0.002283281041859264,-0.0011947360757731396,-0.011027629654891902
2017-03-22,0.0003749671995645354,0.0005815078507156457,0.00032788273422079683,0.0005521942475168462,0.001246188836410811
2017-03-23,0.0015118028729610433,-0.0006074107888615066,-0.0005402545267733094,-0.0011670042917799606,-0.001198304520032556
2017-03-24,-0.0019063816065584271,0.0001949210737626217,-0.0006886707796271985,-0.000727768246681415,-0.002861568246201096
2017-03-27,-0.0007439475508069782,-0.001607077015581826,-0.0017975340266778161,-0.0012958410105653462,3.332793010013546e-6
2017-03-28,0.008475915835840508,0.0038120546931352806,0.0041267621313298974,0.0037782519160991512,0.00670343689074282
2017-03-29,0.003204155085343441,0.0012177834006319443,0.0013621059658559531,0.0017597984365240738,0.001720662916973037
2017-03-30,0.0012283272848807592,-0.0005066649989331484,-0.000911660957758853,-0.0013967264137836333,0.0009235814302168688
2017-03-31,0.0005070877439345978,-0.0006320716144977423,-0.0009052790891229678,-0.0007838307670907652,-0.001499060503007632
2017-04-03,-0.0037248221177700325,-0.001011403532773958,-0.001010298488468675,-0.001025142210708485,-0.0030706846144757938
2017-04-04,0.0011080486577643711,0.0018651965194615983,0.0017566486726405817,0.0020405982980646886,0.00047251293201222566
2017-04-05,-0.005578040383783289,-0.0008071245877350197,-0.0009732775393866966,-0.0004955280359921765,-0.004110519520271416
2017-04-06,0.004884741680128313,0.0012078852093155845,0.0012034133218599141,0.0008254961895071133,0.0023914320471547512
2017-04-07,-0.00018644440366244464,-0.0009260292055803809,-0.0003584292335434558,-0.00029217891736676993,0.001173016125505022
2017-04-10,0.0017599999999999838,0.0021677966381019598,0.002692625567155771,0.0023900130042207035,0.0006325121177745974
2017-04-11,0.0015319018527393258,0.0006106912948595777,0.0006417764784520941,0.0008212014878434815,0.001505644846819587
2017-04-12,-0.008560018951216719,0.00210423339852972,0.0014040014045739735,0.0029914163363014,-0.007276850234832599
2017-04-13,-0.008740198458647486,-0.006232464672221716,-0.006697511886673779,-0.0062250491934910945,-0.0067503581700029125
2017-04-17,0.008788321424896939,0.0064836906483913825,0.007153196398192785,0.006872134609144709,0.00917152374224961
2017-04-18,-0.0023280437239581175,0.0028747445102628166,0.002718587103592629,0.0037720987788030236,-0.0025935419832491258
2017-04-19,-0.0007114688103474487,-0.002576388904270366,-0.0029860892320847654,-0.0035638451932484827,-0.0014884651784974334
2017-04-20,0.008842677434569346,0.0010696859146248627,0.0010849804956223341,-0.0007015051318888244,0.003898852870738656
2017-04-21,-0.002705841704894185,-0.002298490392597108,-0.002725127222257373,-0.0014932853114651978,-0.001399180399898503
2017-04-24,0.01064597133991807,0.007952053246950141,0.009093984677131184,0.009013809459033517,0.011803478404341039
2017-04-25,0.008554296638244807,0.0043509907390781866,0.0034315820111878725,0.0034083198315695284,0.0056110332168679555
2017-04-26,-0.0004330160186626353,-0.0030173992456385967,-0.004171237515573356,-0.004822399851976633,-0.0019229904148935217
2017-04-27,-0.0010478536213534007,-0.0011381752098121867,-0.0010170515144826142,-0.0012550041736844042,-3.16472284536129e-5
2017-04-28,-0.006311481616217418,-0.0029024935200712143,-0.002333782566222631,-0.0015502616921423407,-0.003663245454245234
2017-05-01,-3.921130402662065e-5,-0.0029552906686686198,-0.0027738354509494467,-0.003697533709060896,-0.0020423706224264038
2017-05-02,0.0010850272973474961,-0.00033282354184427376,0.00017541961655398453,-0.0008778943987282073,-0.002167557640607498
2017-05-03,-0.003875520060809712,-0.0038456071709442874,-0.0016826318855596156,-0.0024072160066717085,-0.0032164839270857337
2017-05-04,-0.0017417713290711623,0.002190866143348069,0.0024879056952000767,0.003228567862871179,0.001312902337153643
2017-05-05,0.0072785627817697485,0.0057037243966038265,0.004666341783391648,0.004933980994852316,0.008105416300935087
2017-05-08,-0.0004948684825536454,-0.0005064540755957969,-0.00034043650321524677,0.0003947102573800265,0.00026904192728749443
2017-05-09,-0.00028960247226683666,-0.00257698275576701,-0.002508382676478016,-0.0032134061988400298,-0.0012762307625856506
2017-05-10,0.0022500000000000853,-3.9410879098200624e-5,-2.239345516008573e-5,0.0005057922866400499,-0.0005113415222655071
2017-05-11,-0.001971390371663828,-0.0006859451841514375,-0.0007208646340148839,-0.00048655598789382193,0.0006800434057840921
2017-05-12,-0.0035509533107269675,-0.0008224780333554449,-0.0016903348989963929,-0.0008783345361811357,-0.0026633671273621484
2017-05-15,0.004854786412982204,0.003152329982878843,0.0026946727339760557,0.0038375653969879853,0.003673607773827081
2017-05-16,-0.0017254609486343497,-0.0013881238001297591,-0.0014720026774125428,-0.0010457531270037235,0.0004035656466991888
2017-05-17,-0.017665693051754805,-0.0075806480835926005,-0.007383180136643852,-0.006256645759794899,-0.014621210361056125
2017-05-18,0.0023462089797101626,0.003796063766665636,0.003008963043400703,0.0021660798593832187,0.0020971120666002374
2017-05-19,0.009125585252186097,0.006228453577964865,0.006782654344398731,0.005496587233040806,0.011034582140700522
2017-05-22,0.0058237105548510915,0.00783410366260906,0.008149096694674673,0.008456987038734098,0.007958148572212664
2017-05-23,0.0022103790962797465,-0.0008076495282214324,-0.0009640955166402287,-0.0004339712199339374,0.0013321330792714914
2017-05-24,0.0026074372298263704,0.003914151325268733,0.003197498796972509,0.003922561870442598,0.004711288740395725
2017-05-25,0.0022302800056046568,0.006788015236475209,0.0066778389387220916,0.0071590486309067725,0.005570298126821749
2017-05-26,0.000452311393025262,0.00190528712612692,0.0021456844781153617,0.0018747979933146919,0.0007778975943926181
2017-05-30,-0.001427077009593325,1.5511230305076396e-5,0.00037493891917361744,-0.0003406575355031638,-0.00017585401882225238
2017-05-31,0.0010186479422342742,0.0031054812498425566,0.003015314365611532,0.0024253306552994847,0.0020102366018550644
2017-06-01,0.009913595116929574,0.008127369955806873,0.007612524488545658,0.008080580414435046,0.00804921764890687
2017-06-02,0.0026925189379589654,0.0031398940822151555,0.002725933708638495,0.0028250883108686953,0.004522652303093011
2017-06-05,-0.00230025809843426,-0.0021772634135088786,-0.0015727282363465767,-0.0016945765816949176,-0.0036316426580893513
2017-06-06,-0.0018831297607968533,-0.0034099881760081274,-0.003331104809839558,-0.002981548546402424,-0.005325054892146741
2017-06-07,-0.00093199275954714,-0.0005827868426474536,-0.0007394968035041583,-0.0005102010969841864,0.0001448670544264008
2017-06-08,0.0031564092919746933,-0.006725589312750024,-0.006471967227256514,-0.006463620644196144,0.00015636173304445222
2017-06-09,0.0023600000000001398,-0.00054918117267444,1.0345399129807475e-5,-0.0012020210622664118,-0.002608302280753816
2017-06-12,0.00019151169905673449,-0.0006269260674138799,-0.001413118722122353,-0.0018081531368251413,-0.002286623024356893
2017-06-13,0.0063618978688213534,0.0016409036729323478,0.0024778861484735515,0.003417966638231018,0.002866181612644958
2017-06-14,-0.003601067226765564,0.00324823696058707,0.00397452201627746,0.00380196108056019,0.0004133330428055526
2017-06-15,-0.004069454159156827,0.0006679312989392727,0.00010755515866867071,0.00013513717093949218,0.0008493958657727063
2017-06-16,-0.0009360779957723331,0.001003935110597265,0.000931435715318063,0.00030334976313350914,-0.0018106332249582247
2017-06-19,0.006422230989085342,0.004476953406821416,0.00430628726404958,0.004258064383261928,0.007823610123987246
2017-06-20,-0.008619178836187569,-0.005612006540424819,-0.005576255119051021,-0.0047017047488338015,-0.008320458702639866
2017-06-21,-0.004626368052141228,-0.003005839481377226,-0.004181597926248837,-0.004126884903219108,-0.003812828086652509
2017-06-22,1.9544553103489903e-5,-0.0030964008524682063,-0.003943649446692232,-0.0037861059073869274,-0.0011912330362021661
2017-06-23,0.005963619816250931,0.0009124674261569155,0.0008896645081877264,0.001800708024814357,0.0029451753163114436
2017-06-26,0.0019326689890610815,0.002019405026477017,0.0017137335421653077,0.0022022276830788723,-0.00010536289123197484
2017-06-27,-0.009485832988953224,-0.008666052985636274,-0.00794190067341316,-0.009166357255511848,-0.009897187354924064
2017-06-28,0.0107670319721207,0.004696974723889413,0.0039018737929967795,0.004165994602565837,0.00800018261261215
2017-06-29,-0.007979622843836465,-0.008805059094561751,-0.00818995928740096,-0.009201942767099847,-0.010288917948694687
2017-06-30,0.004008099877481186,0.0013742934531022488,0.001416263470512602,0.0015415157207154806,0.004438460357434337
2017-07-03,0.0038790893221347655,-0.0003789144121137955,0.00012550955822177023,-0.0007314728511412794,0.0010306303221880864
2017-07-05,-0.001385378070503318,8.209651609547564e-5,-5.914109853488725e-5,-0.0009607893038583448,0.0006488844850576214
2017-07-06,-0.009432768292667482,-0.0059337253954732105,-0.005820011732969754,-0.005465398665356558,-0.008296937840432506
2017-07-07,0.00609602954589894,0.003098196724626412,0.003603215973904117,0.0035675364799550024,0.005115336209048138
2017-07-10,0.001657502714860204,-0.0035260416395264116,-0.004206023241932422,-0.0033370046249834306,-0.0006683191510750142
2017-07-11,0.0012000000000000899,-0.001192938590380832,-0.0015262203817899556,-0.0021612326531983417,0.0007420851637780501
2017-07-12,0.005791230856305951,0.00743243803226723,0.007394218077836134,0.007147228179853249,0.006021039298727882
2017-07-13,0.0013878442065347052,-0.002745921872888357,-0.0019012839986869423,-0.0022560369607544928,0.0009802328980614838
2017-07-14,0.0046136155167249004,0.005981131144928042,0.005259794697070941,0.005619931348410212,0.006824007772883389
2017-07-17,0.0008502096844824614,-2.9783854700426993e-5,0.0008298930326071652,0.0006631017142384454,0.0007343226022338278
2017-07-18,-0.0005148311026534902,-0.00010507920889324396,-2.785979495323332e-6,-0.00014672159676831775,-0.0015647396695075422
2017-07-19,0.00777077413092897,0.005765195577171811,0.005022654923587222,0.004909165862220677,0.006684253456415323
2017-07-20,-0.0018484526974464899,0.0007634815148351848,-0.001172778957708287,-0.0004911705134799105,-0.0025967069791362762
2017-07-21,-0.0002001129137737534,0.0026087511644061756,0.0019467383656648352,0.0021458613787534997,0.0001623629987066444
2017-07-24,-0.0021811942697770315,-0.005345966555878712,-0.0054424258948851945,-0.005924784731716204,-0.000640187785327595
2017-07-25,0.006728033582890758,0.0024856914638122785,0.003560965170642083,0.0012132177399581945,0.004080793132882343
2017-07-26,-0.0015370860600695258,0.002244659402987903,0.000811974505857016,0.0002696494734990562,0.0012109462620513156
2017-07-27,-0.00013016542962140942,0.008533492081996386,0.006411153732828634,0.007125558184088776,0.0024277810332891114
2017-07-28,-0.00310984970107131,-0.010793129681664793,-0.011384676961771811,-0.013033606460401859,-0.0072323665952103156
2017-07-31,-0.0012246537250690803,-0.002912269421198155,-0.0031623041673832786,-0.002795735974439606,-0.005126995960161196
2017-08-01,-2.1548337809096374e-5,0.0013342126636304297,0.002059900170735096,0.001682654623629265,0.0011390386438594469
2017-08-02,-0.0015769603350987982,-0.0006019448613073797,0.000535027381557196,0.0006498984531531082,0.00016572998512343062
2017-08-03,-0.0033099250910459954,-6.642365189546418e-5,-0.00026696159723471613,-0.0005682359748334642,-0.002490310494081327
2017-08-04,0.003473725110306747,0.00043838807159635174,0.0007739514552742577,0.0006243677122368396,0.0009293345325056546
2017-08-07,0.0019657993973845045,0.0034260250606694687,0.0036356852409273888,0.004372092559112639,0.004823182491466627
2017-08-08,-0.0030335613664387306,-0.003617198739795824,-0.003630467961336259,-0.0035302515600658113,-0.00527477076528593
2017-08-09,-0.002323333333333233,-0.0017378622085937323,-0.001210250909902344,-0.0016555841327872134,-0.002159819728949741
2017-08-10,-0.013164238580969934,-0.006520796577682675,-0.0070868307247513584,-0.005751050999399654,-0.013452275453871732
2017-08-11,0.00012562818810368803,0.0011747024721973087,0.0005742523982246173,0.000925472877286504,0.0030113180827175956
2017-08-14,0.008465509332035825,0.00647201305574141,0.006354164058044676,0.00691360753475978,0.008085934786544735
2017-08-15,-0.0021139736163491296,0.0014380430597005223,0.0018401440606259367,0.0017473672968550957,-0.0006330471618979372
2017-08-16,0.003492011722602717,0.0037002551298641606,0.004168584242325579,0.004352723824661009,0.0029981106452370287
2017-08-17,-0.015706575667447376,-0.011293612054906865,-0.010928094898231877,-0.010437196039673191,-0.014547576318681754
2017-08-18,-0.0022903675271872537,-0.0017848889526694833,-0.0017577510568717036,-0.0027247434598752784,-0.004004707800223661
2017-08-21,0.0007400327059163825,0.0037071337866487752,0.0033148224523649183,0.0024193245724180024,0.0003757273602054134
2017-08-22,0.009335849488264047,0.006066836572256706,0.005251663102202375,0.005343101239185133,0.008945881902218566
2017-08-23,-0.0027325036395509095,-0.004089982500196543,-0.003907068960983029,-0.003563305849752063,-0.003997016305054557
2017-08-24,-0.0021079808989125093,-0.0037855982191085102,-0.0047434114161097884,-0.0052559039753766745,-0.004416645822103549
2017-08-25,0.003091917945025058,0.0021573032066473097,0.002478429360351253,0.0022932914464803833,0.002014380078840139
2017-08-28,0.0012560463985979986,0.0005440735672244124,-3.968017086708464e-5,-0.0004511342394508677,-7.636588570336666e-5
2017-08-29,0.0013210019070477586,0.0020933683751811483,0.0025514528675436576,0.001183786662416697,0.004333750873866782
2017-08-30,0.004871046756049546,0.003331423359643315,0.003072510727152755,0.003668598353951724,0.004581816919940307
2017-08-31,0.006710886146658712,0.00297294061850506,0.0028426713160747408,0.0023446337428929542,0.004087651360751732
2017-09-01,0.004950895539148181,0.0015605148613162534,0.00206201076181034,0.0025230079684392948,0.002027505245583816
2017-09-05,-0.007846773566924314,-0.004762644646442382,-0.004343808715027597,-0.004431780394988927,-0.006983398349668324
2017-09-06,0.003643504714497592,-0.00010541737335101331,0.00044165095496562223,0.00010970661975551188,0.0037322727798090316
2017-09-07,-0.00048749749157950273,-0.00023176110804024042,0.0010640092732858708,0.0015966950515549083,0.0017409838859696602
2017-09-08,-0.0018333333333332424,-0.002408715830996666,-0.0026127966798575875,-0.0024754730820349957,-0.0018686120957407404
2017-09-11,0.009309571213892198,0.006996504760855782,0.007545558528851526,0.009099276968555392,0.00954932348469062
2017-09-12,0.003897102193300528,-0.0025951335990034297,-0.002595668823278885,-0.003665267226088287,0.0008259222067721339
2017-09-13,0.0007335161436665683,0.0009904225483834406,0.0010963333122464558,0.00044852962810604247,0.00039696673823197415
2017-09-14,-0.00039857990336700233,0.0005646271143180392,0.0006622776483742321,0.001256287423642144,1.8808265068726016e-5
2017-09-15,0.002057084543219956,0.0010853157884831433,0.0007827698694145013,0.0010863737167929877,0.004133651088948254
2017-09-18,0.0032634732737837346,-9.669247900090383e-5,-0.00015971616868915017,-0.0004213762735366666,0.003213977529400669
2017-09-19,0.0012141565990384517,-0.00035185740235565977,-0.001449842300374815,-0.001899590713829391,-0.0017986410979601297
2017-09-20,0.0019615369138112904,-0.0015148916069834817,-0.002054756378094158,-0.003716500008745127,-0.002143875027358688
2017-09-21,-0.0037951330361618574,-0.004036721209190075,-0.003400649936086575,-0.004566022561721006,-0.003061472045100877
2017-09-22,0.00036997282662443176,-0.00023892942283398888,-0.0011326425640851845,-0.001460930587034115,0.0013981548523072096
2017-09-25,0.0007080193484865216,0.0023295038059625295,0.0029439237964636877,0.0027900361317401146,0.0021523706396564535
2017-09-26,0.0011296552055157782,-0.0012505732130129177,-0.00036843945381082044,2.1125309086489352e-5,0.0027107273805901944
2017-09-27,0.004721550754937631,-0.001978607153797496,-0.0023731905126592734,-0.0035250028195165095,0.0034214177834190895
2017-09-28,0.0013478645773803422,0.0013704778907135395,0.001909133655198847,0.0030122332956818987,-0.0011809884749850452
2017-09-29,0.0018361250601692802,-0.000988071467579399,-0.002000000520537615,-0.002177355382679269,0.0006819136691311734
2017-10-02,0.005446364857356167,0.0007152465020487941,0.0007359544180653987,0.0003879297037117091,0.005275427784256159
2017-10-03,0.0033652264053241066,0.0007133248458963681,0.00040860336352332993,0.00013407974585266658,0.0007527823127655431
2017-10-04,0.002044595332740151,0.00329495083447906,0.002709685812986029,0.004115036406910688,0.0038703873388468146
2017-10-05,0.0042592709731563705,0.0053063352618301085,0.006108925365905904,0.005002989126733803,0.0036892973066819934
2017-10-06,-0.0022843400501171285,-0.0016681943574083924,-0.0018644979745926493,-0.0017534053115990655,-0.003661505809785748
2017-10-09,-0.0029800000000002047,0.00019801881339387428,0.0008091643616443545,0.0002956474665811726,0.0007966680506568125
2017-10-10,0.0023503791298065124,0.006292874221431655,0.006775868626213377,0.007342238415810387,0.005056841247887522
2017-10-11,0.0014353207767894283,0.001820102559890957,0.0020083348965667103,0.0019063621075081638,0.000415026781540373
2017-10-12,0.0005363424735234101,0.001239974627171625,0.003010581633595688,0.002786202308795005,0.0039034578729479907
2017-10-13,0.0005809931555487147,-0.0009376204108537678,-0.0006213129753988023,-0.0006413777989846547,-0.00113622005101488
2017-10-16,0.001729944156166452,0.00025007312813229987,-0.00028609057265416293,0.0005987093165307211,0.0023878752877573017
2017-10-17,-0.0006191156545783949,-0.0007104620197413425,-0.0014238434613593753,-0.0013579153631863017,-0.00042942795616940366
2017-10-18,0.0009616422848575112,-0.0008109579331972983,-0.0007045311429251244,-0.0008204373307565405,-0.00010717042630303819
2017-10-19,0.0008675460851399475,-0.0007014906426117129,-0.0021532139566030617,-0.0012924125108071394,-0.004964249324740044
2017-10-20,0.006402016011289646,0.0015335205323039336,0.002270126590119048,0.00284538125282241,0.007297999232251717
2017-10-23,-0.004563311469823472,-0.004672170026986167,-0.004475789039795619,-0.0033584190914168754,-0.0028487756408176468
2017-10-24,0.0043567496634213665,-0.0013405933746606369,-0.0006954837289847582,0.002538135213821624,0.0010165932142234269
2017-10-25,-0.006316641119822997,-0.007058409467526228,-0.006887528186290459,-0.004991077459369553,-0.007345202302014853
2017-10-26,0.0027779726861600906,0.0026143358887114054,0.004189864258304032,0.0031563512969292606,0.0026498261747640584
2017-10-27,0.001381369717868397,0.0012070653350768623,0.001889986142549871,0.0011331737491206972,0.0004845606323562457
2017-10-30,-0.005970461928810233,-0.004132128574708349,-0.0034789931066336877,-0.005371281436625908,-0.003359742733239912
2017-10-31,0.0026365126465481836,0.0027909338215386104,0.0024596558538623192,0.003997029813876285,0.005297484914708495
2017-11-01,0.0006042035256053069,-0.001352367444639957,-0.0011465293433340351,-0.0018330466718994298,-0.003365322313495289
2017-11-02,-0.0015585885123265975,-0.00048539818812309843,0.0002535209825116347,-1.3882764591688357e-5,-0.0007946745304490133
2017-11-03,0.0008969757466206207,0.002554919312549142,0.002404832907002108,0.0019019180744968,0.0025145192850462017
2017-11-06,0.001198981051271364,-0.001979020480361915,-0.0017955104704294733,-0.0036284407936256757,-0.002500438065388244
2017-11-07,-0.001623333333333532,0.005141415959502016,0.005137030439037016,0.004930299525145898,0.002171881213882676
2017-11-08,0.0015433887677662739,0.0035590481203575663,0.003457140574067985,0.0037783370530277693,0.0021744582265532664
2017-11-09,-0.004315609340490134,-0.0032644995650537023,-0.003865187889864008,-0.0037628339294251134,-0.0058309549656442305
2017-11-10,0.0015605881835494273,0.0024194063851081804,0.0030104430683757233,0.002824324779713727,0.0020475009222140628
2017-11-13,0.0025870902149924824,0.004049867327112766,0.0035273736649943377,0.004247608646846368,0.001247337528023973
2017-11-14,-0.002463057788543721,0.0027060471673179265,0.003205138251150652,0.00415047310779082,0.0001678679797412208
2017-11-15,-0.005551363381892216,-0.0063626444798902115,-0.00704998620278352,-0.007325725953958084,-0.008255982725048239
2017-11-16,0.011002965259984787,0.007649500462665104,0.007800302039362217,0.0073088422543621245,0.011662086966533591
2017-11-17,0.0013610733842246425,-0.0019707504705857026,-0.0018551587830213379,-0.001961209781760398,-0.0007461025953178213
2017-11-20,0.0027157292807542532,0.0004411704457585319,0.0006486848136686429,0.0008667245434375026,0.0008821749759633235
2017-11-21,0.006008720414969471,0.004906267147903209,0.004574204510397362,0.004834579952870843,0.005213038571492357
2017-11-22,0.0007351098133212552,-0.0006310937098775726,-0.0005488991450389724,-0.0011254221929071218,0.0017972012352249767
2017-11-24,0.0019039557257367612,0.0016015756019085448,0.001818019043029917,0.0016263049769800197,0.0005838746817286022
2017-11-27,-0.0012018519518085524,-0.0002968709559282301,7.89529906815023e-5,0.0007009927043664099,-0.0005782661680994172
2017-11-28,0.011990660766192596,0.00891573229188225,0.009461790869439879,0.008535378456654419,0.012147069515586084
2017-11-29,0.0025736822820165983,0.0032641547310294783,0.0034728171789932816,0.00417103604164093,0.0005264875157651172
2017-11-30,0.008723180255394425,0.008540673339600069,0.009027856018144265,0.009408971616868822,0.009095008716610398
2017-12-01,-0.0012452069821047296,-0.00016317235994589563,-0.0007218836308847676,-0.0006610742900852173,-0.0035082845865328505
2017-12-04,0.005478108091987011,0.0055869824968315385,0.006020289823468028,0.005557338638472853,0.006595213282374335
2017-12-05,-0.006385079775323876,-0.0025707872802073206,-0.0019296566577534646,-0.0020964422425644447,-0.005041854182697203
2017-12-06,-0.0011077345655885473,0.004072035600629631,0.005410912215198849,0.00450899745090827,0.0036010757522992876
2017-12-07,0.004656666666666753,-0.0009839894486116663,-0.0011380569020921216,-0.0015273232439926288,0.0021573930809746233
2017-12-08,0.004342829225240985,0.003537279106886837,0.00305583502951956,0.001604310512034024,0.0033838527220717562
2017-12-11,0.0017129299842091328,0.0018860672900495867,0.0007268914715832242,0.0012636253088056382,0.0004234941251779478
2017-12-12,-0.0006572801538561324,-0.0008370240438089205,-0.0011089570182606368,-0.0036673227667923802,0.00010634210466564653
2017-12-13,0.003550710321381878,0.003605706955590371,0.0038915544057129825,0.004277421097446554,0.0045020023048993885
2017-12-14,-0.005789343205358177,-0.0020860237142006355,-0.0021899456482298296,-0.0032353742352511095,-0.0043896703285264405
2017-12-15,0.008201771029717753,0.0073243109714618004,0.007228572097186525,0.0069905757855708295,0.011295918297983265
2017-12-18,0.008196766963030955,0.0013097613768757732,0.001212930653734512,0.0013860722726579677,0.007007073198880942
2017-12-19,-0.0009732249224356782,-0.0006689719368382363,-0.0004014877121942817,-3.378450672242295e-5,0.0004971716450961061
2017-12-20,0.00238315385813892,-0.0034898117098823844,-0.0035216980659548147,-0.004036297213501072,-0.0006575598337983379
2017-12-21,0.003326507767059228,-0.0013744016833321382,-0.001955504117675644,-0.0026256821150236753,-0.0006649703445184008
2017-12-22,-0.00025101694059825874,0.000277738528010385,0.0002518807995186556,0.0006901764031082003,-1.7384598188674438e-5
2017-12-26,0.0019790005650885956,0.00016598371472942297,0.0007027749561401286,0.0008374756753535273,3.4342849388302454e-5
2017-12-27,-7.107490744195921e-5,0.002796806048934952,0.0031320810476445082,0.0031166985844492956,0.0016662589277927076
2017-12-28,0.0036806635349395656,0.0016674645760699214,0.0015757914658172112,0.0009762427569155463,0.000664487614779885
2017-12-29,-0.0047668853744679,-0.0026647367639844877,-0.0021487469887839783,-0.001742968317404725,-0.0038957989238145307
2018-01-02,0.009431642332796697,-0.00033011108446590054,-0.002042508917551644,-0.001281369243666175,0.004019583340652666
2018-01-03,0.0033022059759830746,0.0018279505355538461,0.0021948954734678505,0.0013253528181378371,0.0032065417495601434
2018-01-04,0.0035468073270716882,2.3694080812264318e-5,0.0005350526267233757,0.0012273166304301864,0.0026021291325943885
2018-01-05,0.005541062439628375,0.00516529697841106,0.005584205950789789,0.004436507952562785,0.008202437645513427
2018-01-08,0.0035717897166898105,0.0016265284721699302,0.0022354760041967126,0.0019989553620982647,0.004359068434084401
2018-01-09,-0.0007366666666664967,0.0005617850259753698,0.0011393804979955569,-0.0007476091719634814,0.0007231107127061431
2018-01-10,-0.0020272437362192086,-0.0013229410207776793,-0.00035775644662716655,-0.0021596519395959968,-0.0022419726887041858
2018-01-11,0.010449217609327377,0.003949047218229085,0.0034029774890937947,0.0027447516920080517,0.007618645920802747
2018-01-12,0.004817324132863066,0.0040648022237996795,0.004291840565929794,0.002786821423519603,0.006438131675367442
2018-01-16,-0.006214297617148645,-0.0033238658971421753,-0.0031252438274289585,-0.0020419521739273305,-0.002458782108390123
2018-01-17,0.008800814545344426,0.00987814527089692,0.00966752966934381,0.009647112401671043,0.011124595062971254
2018-01-18,-0.004005999029165985,-0.0038265306544644773,-0.004533207715476384,-0.0036076725881912797,-0.004983515214950218
2018-01-19,0.00779217733827986,0.008516580315637734,0.008441958701946195,0.010233627977968451,0.00848765063091328
2018-01-22,0.005057685502703357,0.005570662819880834,0.0049904542169769694,0.004428118560856564,0.003544544901351143
2018-01-23,0.0016169698656567366,0.003026205591685871,0.004720306932887386,0.004382070856392417,0.0013766629423936916
2018-01-24,0.0004286528381596266,-0.0004380903351046683,-0.00046482860113794544,0.00016615207065084903,0.0013956014231009117
2018-01-25,-0.000531514240731723,0.00039317713085362804,-0.00011684614190854425,0.0008002098656896273,-0.00019681239755631186
2018-01-26,0.008199006947382514,0.008029430907351198,0.008043053488325347,0.008717129171415872,0.011066633195174091
2018-01-29,-0.007553620750353818,-0.008230730938096786,-0.007738963898944684,-0.008190424931112772,-0.00807696959251536
2018-01-30,-0.00945755034881135,-0.005634980133742196,-0.005664465621775916,-0.006171950765690326,-0.007591575291475028
2018-01-31,-0.0011652784239357672,0.001407511727449906,0.002519612719684483,-6.217688884069261e-5,0.0007495474787337919
2018-02-01,-0.0025694734290238053,-0.004497581544299911,-0.0051514181730972775,-0.007373773592557642,-0.0033412576766105317
2018-02-02,-0.022246739953503014,-0.01564706953896211,-0.016024237826370746,-0.013612620553905885,-0.020130761918858875
2018-02-05,-0.03686033591736859,-0.03630230871027085,-0.03719713858987639,-0.03566280519884579,-0.04005477364718213
2018-02-06,0.015766975017666773,0.009737386690681804,0.009986974087323741,0.00833741035542035,0.014845137873784164
2018-02-07,-0.0033415535285427067,-0.002046312942833195,-0.0018020549471899905,-0.002652472003100703,-0.0017383099873650165
2018-02-08,-0.03322000000000014,-0.027801343949282242,-0.02783421409231035,-0.027375045140627385,-0.026106041847253958
2018-02-09,0.010123240033927061,0.009582739829524956,0.010371853632380468,0.009113377009369206,0.008718408261108923
2018-02-12,0.014043060307989075,0.012829613173877652,0.013125081357020507,0.01314645911441703,0.014845897742637781
2018-02-13,0.00350241820391628,0.003237455536140965,0.0030352180958812536,0.003555665430787114,0.002125672238636467
2018-02-14,0.015051753705471738,0.002157221494605732,0.003164723779070844,0.002315085013014473,0.008995342928816763
2018-02-15,0.011079486486656576,0.013796209346942145,0.012785593640533666,0.012431810656487352,0.015450751951072705
2018-02-16,-0.00029467603347699267,0.0005595120390915476,-2.4174552632261204e-5,0.0006182866583339663,0.0013796103419640993
2018-02-20,-0.0091526370511682,-0.011376386325629761,-0.011555144513548776,-0.011928287624553557,-0.010830999529817809
2018-02-21,-0.003594371313483169,-0.005219993557457614,-0.004557175326975416,-0.005109982841751681,-0.0032390927529574176
2018-02-22,0.003009476486692808,0.0020565197254625023,0.0019427225060513198,0.002655027556636158,0.001188467641548785
2018-02-23,0.012992118803182295,0.014466602640256898,0.01429713671071653,0.014314141263207292,0.013028053736295675
2018-02-26,0.009848585434166335,0.006649339995012493,0.007471133556779863,0.007062380631596588,0.011042568243869733
2018-02-27,-0.013163552022114833,-0.014098363697830796,-0.012829710321411336,-0.013662228979929969,-0.012026422159182704
2018-02-28,-0.01356334368834844,-0.007397871086794905,-0.007260386717016232,-0.0077614241845040954,-0.010023875763171097
2018-03-01,-0.007891872441436965,-0.007555419480773984,-0.008450742428270153,-0.007207324639929458,-0.012333282545998525
2018-03-02,0.0056347541410921576,0.003491850004112118,0.0032138314512411004,0.0034532480273283817,0.007017556380384704
2018-03-05,0.008953810529893858,0.009987563177950687,0.009595267272773489,0.009109807619582133,0.011646475094049036
2018-03-06,0.006594748845434983,0.000874483481226429,0.001380089202256185,0.0017601459137910336,0.0037427713124720263
2018-03-07,-0.001781499989345292,-0.004220755721988878,-0.0046790169018902095,-0.004619189030526494,-0.004693289904653231
2018-03-08,0.002858026746121567,0.008956722401194162,0.00892065111747109,0.008572579795526947,0.006180202092893605
2018-03-09,0.014096254843697809,0.009929346032091724,0.011327323300553305,0.010311991335322235,0.0127442326043532
2018-03-12,-0.0013166666666667437,-0.000821389371728487,-0.001805920919509929,0.001190854918195594,-0.0032291370634741634
2018-03-13,-0.004171995126917238,-0.0015416520194644345,-0.0018588087319600932,-0.00065112629272146,-0.0027906129442089034
2018-03-14,-0.007270631731966071,-0.005530284510433137,-0.00617732876009458,-0.00505657237633006,-0.007764979211314804
2018-03-15,-0.00248336874024202,-0.001511146578095146,-0.0008784149895957327,-0.0025382233479391836,-0.004957351312794289
2018-03-16,0.004187810604492359,0.0007574229952587164,0.0001565075244083225,0.0005889835033754398,0.0030996610434803618
2018-03-19,-0.012762149193758288,-0.01090367734401565,-0.010698484419004561,-0.011913193586074455,-0.010313714440663646
2018-03-20,0.0010893286445705641,-0.0003730093102206622,-0.00014304164159040234,-0.0012732520254750135,-0.002871975083548972
2018-03-21,0.0016921207295232943,-0.005865221458668857,-0.005572717372697489,-0.00707650107942448,-0.0051927506589029004
2018-03-22,-0.0252427688433019,-0.0124410353866089,-0.013078642319843237,-0.010968264814688822,-0.018847203697585302
2018-03-23,-0.01759997678998204,-0.016161794684312114,-0.016229621790651128,-0.017591476076164625,-0.015590302037155945
2018-03-26,0.021827348990367534,0.017513827373211166,0.017863512745172505,0.018275848145649087,0.020513611433677692
2018-03-27,-0.013642656974772072,-0.004256995583572176,-0.003861477832115212,-0.004663666655713827,-0.008566359504568966
2018-03-28,-0.002767566020134282,0.00425364075880319,0.004827076866491087,0.004217595576541777,0.0019159822331089593
2018-03-29,0.014449587233780647,0.007100881856215713,0.006595465601913597,0.007002086697251997,0.012615294722077897
2018-04-02,-0.022480465241316527,-0.0194452716148108,-0.019613315217298366,-0.020223179516372092,-0.02237325997117212
2018-04-03,0.01457011491908422,0.012688333936198282,0.013412978602379777,0.013050277374422548,0.01529279258094407
2018-04-04,0.01150856243651388,0.01089937943847441,0.010492469002030713,0.012410518036493956,0.008634984260288858
2018-04-05,0.009933657343179192,0.00888350039699004,0.009503200882206464,0.007846629931887783,0.008698140031797585
2018-04-06,-0.020367704316304858,-0.014803017092054782,-0.01550495797387308,-0.01453221331308352,-0.018279484367666465
2018-04-09,0.0005498926039129159,-0.0009580113044586058,-0.001886954072271796,0.0005355713848105292,0.00034834301559882874
2018-04-10,0.01696029567134172,0.007714748300708951,0.007252491635558744,0.007673253169139249,0.013161234736356331
2018-04-11,-0.004053333333333797,-0.0029355447134246093,-0.0028649083751732807,-0.0018181584257759287,-0.004295804489423349
2018-04-12,0.005371549011995214,0.00031321891674718216,0.000340212681525065,0.00040193353263462406,0.005547698744071461
2018-04-13,-0.0014619976910276167,0.000486266523355372,0.0001603974725901125,0.001533881324417674,-0.001417812321251044
2018-04-16,0.008340896529698272,0.00938366473860075,0.009502655138635019,0.008270179016581558,0.009608546828578701
2018-04-17,0.010022406553662488,0.0076288608839485406,0.007593237308705314,0.006126845092166766,0.00898332761892462
2018-04-18,0.0031920843748349803,-0.003621412429138715,-0.0035975656353329777,-0.006245876116495075,-0.0007493276454759723
2018-04-19,-0.009461675167525496,-0.02047945872761825,-0.021917420162804957,-0.02349262920848627,-0.023412417777813332
2018-04-20,-0.009731028949868104,-0.011871817855089839,-0.011958119292029168,-0.011985823066464119,-0.01091346053854858
2018-04-23,-0.0019023782451648152,5.004463336844012e-6,-0.0003119315005649659,0.00037610490496842175,-0.0017657425903599977
2018-04-24,-0.015463943712962447,-0.009541297695474626,-0.009894465481876002,-0.009529562431553451,-0.01397184226826853
2018-04-25,0.0014593649907452821,0.0018877745923173705,0.0016251489753777992,0.00046522801979587136,0.0034164454921266074
2018-04-26,0.002979460194334038,0.009610880601046423,0.011327409388211196,0.008822562979198922,-0.0008247761087288863
2018-04-27,-0.0021684652768285684,0.002273163142374024,0.003677252348004645,0.0017577655582963203,0.003249565463901982
2018-04-30,-0.008427214364032154,-0.004829509979444535,-0.0048358795934636545,-0.00494739655468035,-0.01001569105996325
2018-05-01,-0.0006201871489105448,-0.004210483976752277,-0.005373481970444072,-0.005217094735386341,-4.522816732210888e-5
2018-05-02,-0.005428186317923855,-0.011964336479560078,-0.0122302874592769,-0.01217475313494798,-0.00402631905530737
2018-05-03,-0.0013458500099794435,0.00030002775953197336,0.0003544353880811091,0.0005926891065493045,-0.003562819586348187
2018-05-04,0.01322652811142877,0.012040253156658132,0.010661684379396519,0.01324648885090296,0.014394710080140483
2018-05-07,0.0032484089750393075,-7.062957657288926e-5,-0.00037034237737421094,0.0013301309042212939,0.004164234576195414
2018-05-08,-0.0008824801462777865,-0.005081987580986769,-0.004382124893000161,-0.00412317546110319,-0.0007679040075050381
2018-05-09,0.006163600326568819,0.0026775272837062936,0.0033059291288957127,0.002712546809747751,0.008438176256795993
2018-05-10,0.007480000000000153,0.0074613694864851254,0.006460388764935487,0.0068029132876057385,0.008392879676784704
2018-05-11,0.00029978659625973236,0.0004114114363498178,-0.0005407003769554164,-4.810733604809769e-6,-0.002030520328596519
2018-05-14,0.00022202062790199761,-0.0011269614202099598,-0.0011733530714148621,-0.0014934701229528669,-0.00021833188751685384
2018-05-15,-0.004026868266329142,-0.005519523789015879,-0.005361020035694386,-0.004981106223579057,-0.006459711071661656
2018-05-16,0.007773254350684322,0.003993210273675052,0.00411773929109982,0.003496761563481776,0.004431755021437667
2018-05-17,0.002942203799446652,-0.00037666106969835855,-2.535616471122104e-5,0.0008923879240350097,0.003280415320261021
2018-05-18,-0.0007471094998283689,-0.0016480474758721053,-0.002466876461546752,-0.0019067016583572682,-0.0007239868751710565
2018-05-21,0.007504366628439785,0.007175036351381836,0.007366880278330212,0.007640772620456815,0.007939565571514429
2018-05-22,-0.006878930455002985,-0.0037732884042879222,-0.00393587718784949,-0.004484611409472317,-0.006027809785292493
2018-05-23,0.001994193560206803,0.005893369428250805,0.005701311933283382,0.006522170321641596,0.005172226071912922
2018-05-24,1.4270959266537986e-5,0.0010200600464316256,0.0013091785378356313,0.0013254321028308702,0.0013028783813036071
2018-05-25,-0.0016306830004615414,4.93733374740124e-6,-0.00010072307526065583,0.0007692958771190472,-0.0006068787026797251
2018-05-29,-0.007986568611962341,-0.004426564840574354,-0.004623339880283739,-0.004222473756541278,-0.006970665451577651
2018-05-30,0.013235586265633037,0.011280440215726273,0.012060257124297591,0.011892592364808108,0.012647633801391445
2018-05-31,-0.009203986144597387,-0.009514032885835522,-0.009720322279996974,-0.009885749187240722,-0.01052849449994031
2018-06-01,0.008623858807431661,0.0012919681336509559,0.001535512756831947,0.0015358089019517074,0.004534197096522696
2018-06-04,0.003287131665584919,0.004561299035852562,0.004647706491497816,0.004920467376522852,0.003983162371233195
2018-06-05,0.003127188296029537,-0.0007187951981358909,-0.0003415916600539859,-0.0012827094647595016,0.0011230446739967093
2018-06-06,0.008002709465814828,0.0036060551244094796,0.0024885788570894185,0.0030635752451415588,0.0031081675462636404
2018-06-07,0.0012297834599477309,0.004441658994365216,0.004654233681258058,0.0037273448552879174,0.0007111058733721975
2018-06-08,0.004346641208883062,0.005888231285949397,0.005856123118013867,0.006677293834542519,0.005419023295017977
2018-06-11,0.0024699999999999722,0.0027251907576195666,0.002255136618005027,0.00294350888204864,0.0038931012618241834
2018-06-12,0.002462136522788816,0.004982900113532196,0.004729112099377986,0.004742765706806429,0.0016402447576626678
2018-06-13,-0.005433777122737848,-0.003674735082909608,-0.00396924634905238,-0.003863394000667042,-0.0044835976163528635
2018-06-14,0.0035555224762522375,0.005466234758012556,0.0035541273987533817,0.003739662692285206,0.003556905423601986
2018-06-15,-0.0009251525384562642,0.006417874773056109,0.006387304928916926,0.006361649878765974,0.003197729217121914
2018-06-18,-0.002573587450464432,-0.0059868894124408545,-0.004847654348482666,-0.005778869439838075,-0.006405508567601248
2018-06-19,-0.006181165664117194,0.0003146264161286716,-0.0008908260486928388,-0.000716016094565175,-0.005512628939433939
2018-06-20,0.002393271449687928,-0.0017057800263567957,-0.0025328021114759958,-0.002590215650245531,0.0032666080140648646
2018-06-21,-0.0078006671456354315,-0.003134936934896193,-0.002524541771467992,-0.002973628742075962,-0.008092906937799182
2018-06-22,0.0044483402574138076,0.006500939577068099,0.005364371751897412,0.006305443629271101,0.00550245649774217
2018-06-25,-0.013678473011029868,-0.005723419500007876,-0.005512812279104828,-0.004477735899289015,-0.0067514888476927215
2018-06-26,0.004120987318131819,0.0001891357280510153,0.0013035930430003173,0.00046328161888942176,-3.4440328714024915e-5
2018-06-27,-0.007915381489701057,-0.005464718929681034,-0.005852591364237214,-0.005785667455876831,-0.005526846908848082
2018-06-28,0.002922354993403875,0.0041998927598767555,0.0026610621051610384,0.0035316422045663654,0.00420310670767976
2018-06-29,0.002767806764842451,-0.0016193639228315737,0.0001652352864904838,-0.0008820896155881108,-0.0003576944623563394
2018-07-02,-0.00029578283168563146,0.0009013475708909979,0.0005612908065339983,0.0003440574973310184,3.94056766437334e-5
2018-07-03,-0.0022451163033010424,-0.00036736077573862325,-0.0012978586810057369,-0.0006177048065435509,0.0020366858291149814
2018-07-05,0.009717857676783348,0.008460875720813776,0.00811108250855308,0.0095045421347153,0.011453997896052837
2018-07-06,0.005927252141513906,0.005943658462021162,0.004888512627533981,0.00518901739118105,0.0061282388177406055
2018-07-09,0.007849559156985597,-0.0016488668188759936,-0.0019835796476376233,-0.0024670957814209027,0.0028540021282441597
2018-07-10,0.003928613626984934,0.00954783590853836,0.010457199253568916,0.01011020591949574,0.005124723132867048
2018-07-11,-0.009216666666666762,-0.0035482449344178546,-0.0039296503707551,-0.003909109497780339,-0.007313639494764268
2018-07-12,0.003635718539203081,0.003107320697702809,0.002545928823838084,0.002422156513955942,0.005383758118626014
2018-07-13,0.001948333570737315,0.004152831378569255,0.005135246837192575,0.0044779735102284945,0.003133118313924932
2018-07-16,-0.004364323561862449,-0.0025883334038615535,-0.0017383994247087697,-0.002724342442576355,-0.006286208914108027
2018-07-17,0.005224230491033044,0.005341984334721106,0.006204482672753198,0.006307792303914761,0.004713000940676171
2018-07-18,0.0036131347160248684,-0.0014390120158276343,-0.0014400970932944013,-0.0016771214989578231,0.0012799065313495728
2018-07-19,-0.0035374598667441415,0.00016254339883414737,0.0006620972053164031,0.00019794349490420693,0.0006736502255564325
2018-07-20,-0.0008994561150389435,-0.0002778881081864082,0.0001418509051827055,0.0003078064617976217,0.0019520308188067936
2018-07-23,-0.0035437729611481616,-0.004270729676619345,-0.004310095163924332,-0.00466957825807468,-0.0046721259265233295
2018-07-24,0.002134651052337233,0.0013496429931372234,0.0009305810082018695,0.001810079004393117,0.00395416055581177
2018-07-25,0.005942796669623496,0.004460649694000951,0.0059170286717109555,0.005643176949393647,0.0076240701993983695
2018-07-26,-0.0024894896741706196,0.001141925986022585,0.0006701191436715437,0.0012089973998317127,0.005574631391739304
2018-07-27,-0.004697292205371628,-0.001980835199534403,-0.0031987873246798193,-0.002459116600599498,-0.003376868096977459
2018-07-30,-0.005276815896976705,-0.003142982242469561,-0.004810874027056822,-0.004628703681378243,-0.006156615050372571
2018-07-31,0.009466789502627915,0.00551348951193531,0.005936706570058403,0.006001506567847592,0.010674876805209621
2018-08-01,-0.007370462050031779,-0.00597827066953005,-0.006316826295961975,-0.006865539899926554,-0.006767190754744856
2018-08-02,0.00398150000850328,0.005890594911419189,0.007202976229227609,0.006021468071299774,0.004837847786249627
2018-08-03,0.0042151073590117605,0.007934229118669256,0.006907085755386788,0.008493730310016101,0.006025451592776232
2018-08-06,0.0033721702116844554,0.00296081725837527,0.0027218849585159965,0.001771594254735609,0.0022233638540531953
2018-08-07,0.002996176135172446,-0.0027696506281251754,-0.002140945104535108,-0.003018750674175341,0.0010946123263855245
2018-08-08,-0.003337629330960934,-0.003175525414163105,-0.0026261395296747203,-0.0036669616749765988,-0.00748468016450532
2018-08-09,-0.001303333333333323,0.002243410739163343,0.002044006072579707,0.0011878756851595451,-9.079125282018818e-5
2018-08-10,-0.008142032782726627,-0.005324293940696556,-0.005475434066641194,-0.005243677729232954,-0.008099220086168923
2018-08-13,-0.005823776929724245,-0.0018401904998682772,-0.002646826933300317,-0.0022847320025837226,-0.0015324643159864149
2018-08-14,0.0055081410587756174,0.008065030549961216,0.008107436370643484,0.007243421357570945,0.006467606100072132
2018-08-15,-0.00971920353134903,-0.002641859631915322,-0.002741017426928005,-0.003414214005410643,-0.002414179067548705
2018-08-16,0.009133380859732476,0.010702406917415752,0.010226944855524334,0.010146579404823886,0.011408933955924683
2018-08-17,0.004611739012178706,0.004728626839213934,0.004736778695091148,0.005733331648293483,0.0058930985455944995
2018-08-20,0.004787191210662511,0.0011111593894439498,0.0015479937179361247,0.0014648561730725707,0.0027765906386900685
2018-08-21,0.005187888414179165,-0.0019200005118199526,-0.0026205485504561254,-0.0031381062612700905,-0.00034307793360155436
2018-08-22,-0.0030029042648950233,-0.0052897586433490185,-0.004849502053127952,-0.004520056043788689,-0.005348556027131468
2018-08-23,-0.0052223310670141965,-0.0024099030508790698,-0.0016016230363342654,-0.0030028190632284124,-0.0021697820720866234
2018-08-24,0.005267261883901808,0.002050628212627581,0.0005444217275398788,0.0022766798468343286,0.0007006227464403381
2018-08-27,0.007696262374861096,0.002251395464331951,0.002702593829451594,0.002466676790254807,0.005689003541517357
2018-08-28,-0.0014282209211271546,-0.0023717365797649714,-0.0020294771805574596,-0.002732773251131748,-0.003104283074523928
2018-08-29,0.0035423385309609756,0.005048061365584777,0.0052092900681861565,0.005072413661070696,0.002296154464956901
2018-08-30,-0.007152419884927208,-0.002736822540770012,-0.003271289287446799,-0.003674857654857311,-0.005035982320361843
2018-08-31,0.0004283639338493739,0.0002076122248926282,0.0005827676096548107,0.0001301871227570306,0.0003558700367689571
2018-09-04,-0.004250476823006499,0.00026027731198396964,0.0010492898141196694,0.0003188079133049637,0.0001210606573862627
2018-09-05,0.0017237426488838636,0.005496985754380512,0.006191289512718523,0.006272436499163536,0.005752463972452437
2018-09-06,-0.002446519964399596,0.002267047843815151,0.0024644854349482603,0.0024414729085882048,-0.00020509194297024802
2018-09-07,-0.002941813435414775,-0.0016575631316704253,-0.0016341961615899958,-0.002443409051010037,-0.003475222876478501
2018-09-10,0.003266666666666529,0.0023686524772967843,0.002429522870650347,0.001740221442821932,0.001604240508896293
2018-09-11,0.0007445773805569988,0.0005246624921706466,0.0004039414843095557,5.906997194249364e-5,-0.0006666966634768512
2018-09-12,0.005356218783200362,0.00609220767009222,0.0045709941694871414,0.007054358904469149,0.009763777938473384
2018-09-13,0.002486857090070682,0.002813982144451943,0.001714487095430428,0.0012500427273949288,0.003959473132162161
2018-09-14,0.0017675322261556659,-0.0021084507652429085,-0.0015732848450714654,-0.001775734152953845,0.0024585644847898713
2018-09-17,-0.003161426472152784,-0.0010005603701783716,-0.0013439785695044115,-0.0014309531182467028,-0.0019319645917732498
2018-09-18,0.005251319754535855,0.0006628635354499757,0.0009851232660269549,-0.0002286278254862717,0.002522514775685547
2018-09-19,0.0012728491624289795,-0.003069071475576335,-0.0019573244361075215,-0.002461311054789306,-0.003325481583073886
2018-09-20,0.00640921880885803,0.008047873289040774,0.0073375497894068165,0.00874035950956964,0.008981547921811828
2018-09-21,0.00034950416652645977,0.0019398588828991592,0.0009169257314760593,0.001887589722698868,0.0011808098637622333
2018-09-24,-0.008443155867653873,-0.011583662172145792,-0.011391679707878466,-0.011658393654994215,-0.011102442551433778
2018-09-25,-0.0016038848297060815,-0.002710234456890559,-0.0023004682688175793,-0.002295407660850346,-0.004198321980167008
2018-09-26,-0.004605396511080162,-0.0016187840168147005,-0.001974049819489787,-0.0022244209088125855,-0.004103218873087622
2018-09-27,0.0006312135927530882,0.0028550603719947887,0.0025433262845659943,0.0016971523307311998,0.002504571642961251
2018-09-28,-0.0035029210885371143,0.0028693059492577166,0.0017320264921423245,0.003017370977280498,0.0037064730685223424
2018-10-01,0.0015950219193601178,-0.0026957119876396263,-0.0020763856146984727,-0.003343228704049017,0.0010016141991877614
2018-10-02,-0.00113272404573872,-9.785719199073561e-5,-0.0019191175053635545,-0.0007189190328601436,0.005149222815121091
2018-10-03,0.00038846346792920095,-0.006575286079606668,-0.006560899325774638,-0.0069275446580623345,-0.001903669099883376
2018-10-04,-0.00775712835839637,-0.0017829310419137379,-0.002607978779769815,-0.0029616164347127105,-0.0024695813219870466
2018-10-05,-0.006184628043131801,0.0005538135478937445,0.0018613736604682352,0.0011064265046782928,-0.004356780677269079
2018-10-08,0.002128834496596621,0.00797024455233375,0.00805856126004989,0.00802709688300518,0.0034224255750820998
2018-10-09,-0.007633333333333381,0.00043202112972395845,0.00015346502963198283,-0.0006049742428616556,-0.004862183509572682
2018-10-10,-0.029574681737261188,-0.019756084866474177,-0.020913522195497025,-0.01763020132917381,-0.02388558614927616
2018-10-11,-0.017596962757468693,-0.022942212534480144,-0.023667694110311,-0.021848086122547405,-0.022968220176855736
2018-10-12,0.0069405452885256125,0.008291884559497031,0.007940098625414782,0.0071671802575319354,0.0061055629133173195
2018-10-15,0.000591198029736173,0.002657580161461004,0.0017473876146683054,0.003647234813862088,0.0035225989744480657
2018-10-16,0.018478495146531104,0.014718894649583314,0.015152148656112141,0.013364712102378773,0.015807536470479056
2018-10-17,-0.001836683170173381,0.0030913782266737133,0.0023219470311564017,0.0024657031954427033,-0.001970544150450837
2018-10-18,-0.01443884355835734,-0.006495647133958338,-0.007749171062855553,-0.00666793584700931,-0.007961591092293663
2018-10-19,-0.0031542650198752575,0.012625187606372545,0.011116593910271089,0.010862808722029271,0.00197298343036012
2018-10-22,-0.003414581808363404,-0.005930744846295188,-0.005902089372590846,-0.005865096476327936,-0.005110600319120584
2018-10-23,-0.005997481461155196,0.0015845149212707632,0.00045618825899618187,0.0019815271824068503,-0.004177063955030369
2018-10-24,-0.02908685924621479,-0.006854004209307041,-0.005243832871929421,-0.004691814563238417,-0.018150024760382744
2018-10-25,0.015491118200867904,0.004134491958976971,0.004926758074861981,0.0040671375423178,0.009014550416228229
2018-10-26,-0.01791838532013823,-0.0190691669542854,-0.01918759791687219,-0.017906329434441703,-0.012221753871270225
2018-10-29,-0.004755559322963232,0.0037728622876300744,0.001583089837844165,0.004140640744707547,-0.00207656046379856
2018-10-30,0.021288150688900664,0.014649238370109341,0.01297790075399785,0.015706442535551535,0.02137457934806597
2018-10-31,0.008560572301683722,-0.00031895417413507765,-8.94561644448899e-6,-0.0015817465501518635,0.0017036852246856693
2018-11-01,0.017188047276820884,0.005439494257162059,0.006647201528688029,0.0072792477224676855,0.015304769220615189
2018-11-02,-0.0007333333990937607,0.0008474359533057196,0.001741206243811133,-0.00012963996329107275,-0.008825262016573854
2018-11-05,0.004516319480232012,0.01212383753332702,0.012027615406685621,0.009513336807115191,0.0051676895710057735
2018-11-06,0.005594419576364862,0.006549780991894405,0.0067346045286993395,0.006204786844908883,0.0062052860142445265
2018-11-07,0.015616666666666612,0.010024890106511641,0.01035638199392519,0.007978968197615233,0.013558501119560473
2018-11-08,-0.004086578925775464,-0.00017116483829870965,0.0002339757688880617,-0.001963237389826844,-0.0018868654593379164
2018-11-09,-0.010460302645083686,0.0007746736525138243,0.001301537654923246,0.0005436586171088109,-0.008024278533080742
2018-11-12,-0.016432468013588664,-0.007570820078049656,-0.007656376945496701,-0.006711958639439519,-0.01788423742894074
2018-11-13,0.0008177918899530123,-0.0005979066064757399,-0.00023134068168984,-0.0013707960862854307,-0.003958750307846204
2018-11-14,-0.004131741860511462,-0.004332014245861493,-0.005266368342702332,-0.0020212488765921632,-0.007424695797409564
2018-11-15,0.00807330681061691,0.0011411825593936609,0.0012554504352633167,0.0025888860588483276,0.004900662466777339
2018-11-16,0.0023043055219862385,0.006133010350335644,0.005320436646832016,0.0071255612358718246,0.0008022493688180088
2018-11-19,-0.014583510380133724,-0.00400661962703841,-0.004815867673202745,-0.0033700274344355963,-0.013308174119762706
2018-11-20,-0.02065595581671753,-0.016862455673605004,-0.016148395850206,-0.016120115362447174,-0.014302226343428703
2018-11-21,0.005850663858205429,-0.0020080197840181002,-0.001991749560958711,-0.0019367649441577317,-0.0017671493008787342
2018-11-23,-0.00665579697768548,-0.00224109359869773,-0.001555949394971723,-0.0055326659127802325,-0.0018894563040011692
2018-11-26,0.011055290036905197,0.007045760447740745,0.007154545359171038,0.0049930172685548335,0.007083317475860884
2018-11-27,-0.0012887130389742651,0.0064905748090753335,0.005331872117374514,0.006949624926364084,0.0009692621952863689
2018-11-28,0.02249251435417965,0.012801306432931536,0.012819257838971643,0.011864470504378444,0.018466672553403285
2018-11-29,-0.0019348903494723624,-5.6441703954357436e-5,-0.0005980821606551556,-0.0012247375799598892,0.002292849104662542
2018-11-30,0.006358760270742669,0.0068144317127436516,0.008382975035824192,0.006847501393564048,0.005080249060186892
2018-12-03,0.01122480735854392,0.002102804219456633,0.0032275474797620607,0.0010211080719120247,0.011395297052628095
2018-12-04,-0.03293308823017149,-0.018577127864679355,-0.01886883516793103,-0.016230759842288167,-0.029604234123779882
2018-12-06,-0.004663237650781582,4.527623146843851e-6,-0.0005951419828635895,-0.0012392024080354336,-0.00648359744595306
2018-12-07,-0.02089174548450834,-0.012509346756610085,-0.013841132232826459,-0.010124834669314686,-0.01772170806158868
2018-12-10,-0.002306666666666568,0.0003603515865746587,-0.0001296637067368378,-0.00034247232398454397,-0.00042986866358885045
2018-12-11,-0.0014137457067636694,0.002106744468313826,0.0028410624840107257,0.0023419130037980462,-0.00047214547606122537
2018-12-12,0.006514604204806096,0.0004850308629105182,0.0008178005473837846,0.0005389639220505504,0.004762511437730987
2018-12-13,-0.0027899511226369134,0.005199591317929242,0.0042565462092154505,0.004869711946214661,-0.0013080895914571178
2018-12-14,-0.016510355428853263,-0.01347672689294821,-0.014225325552599366,-0.01313918754892196,-0.015821407941807197
2018-12-17,-0.018630588611454058,-0.02146764663169609,-0.022049397529943393,-0.020047336353658074,-0.019150990434216753
2018-12-18,-0.0002637526280038216,-0.006655775546962062,-0.006700962624689555,-0.0068181828703834935,-0.006682621091350427
2018-12-19,-0.0168351270509991,-0.008928679717370436,-0.009503159219754975,-0.011593526167926416,-0.015917537549399507
2018-12-20,-0.016079183580443468,-0.01383146455676465,-0.013418873796823494,-0.011474217670827347,-0.018067602952926642
2018-12-21,-0.017106272899518382,-0.011820207936065974,-0.010211445287592547,-0.010713467325929926,-0.020203416076527425
2018-12-24,-0.02609970771336545,-0.029085871811005637,-0.029101486425640255,-0.027676574414289834,-0.026222937652550127
2018-12-26,0.045466596972690176,0.030215965096574537,0.029221590525760233,0.027974131548219816,0.03736868483697009
2018-12-27,0.007415897793722648,0.008054771273985128,0.008034265328993095,0.008471428733842101,0.006266814154409994
2018-12-28,-0.0004016810410614191,0.0013007957066317744,0.00029631114240347145,-0.0009106718545448533,0.0001282720015658434
2018-12-31,0.00763651813449906,0.005778666807335853,0.005221256526667162,0.004997375716919716,0.007172511629296663
2019-01-02,0.0033355467121298776,-0.0035810512914007386,-0.004879246864750275,-0.004680289302119833,-0.0003461574373379017
2019-01-03,-0.021269926300784503,-0.01061989940401542,-0.00994079573828277,-0.009226030161501475,-0.023032758188745284
2019-01-04,0.03674418213873598,0.024122772204870913,0.023984363473036563,0.02604819326201202,0.031807921793851834
2019-01-07,0.00822783866774257,0.0028625186117825496,0.0020256037307817554,0.0014145381659533829,-4.4170035177204525e-6
2019-01-08,0.011904954461110284,0.009960346988328705,0.010906988501323545,0.010004030226540728,0.014658937218234191
2019-01-09,0.006254929166793932,-0.008439738548620235,-0.007788332159938571,-0.007761623254997074,0.00541507660060736
2019-01-10,0.00540666666666656,0.008321246452426045,0.008053907543505101,0.0070015586616929415,0.00868506223944121
2019-01-11,0.0016192887123618327,0.0017230984978249264,0.0013403495046537817,0.001429302616831718,0.0031237881902357323
2019-01-14,-0.005265406536197448,-0.007712096882466768,-0.007875830050684818,-0.008220830775583665,-0.006174193633786906
2019-01-15,0.0029944930218619437,0.007905776946887322,0.0073317400284074186,0.005443191824451077,0.0059986392275717115
2019-01-16,0.0017448879826715835,-0.003514862992494039,-0.003014897001555994,-0.0024169838606542537,-0.001024729999824392
2019-01-17,0.011152653125237055,0.0058980337430147856,0.0065170225059696385,0.006833616804211351,0.01048177314979526
2019-01-18,0.012994330668979703,0.010154096145826408,0.010473001504136548,0.010558869277342842,0.01487775025241711
2019-01-22,-0.015168479115285183,-0.006974818387811776,-0.005945288640037627,-0.007504654022023827,-0.017095655523412967
2019-01-23,0.00040453626858028,0.009982305465736196,0.008802489221545251,0.008315435169807595,0.00343492348015606
2019-01-24,0.0016173353422954673,-0.005311183063714919,-0.005975141873079015,-0.008553487728574338,-0.0031261517494319824
2019-01-25,0.010701530434623852,0.00016119677758252848,0.0010341559489350782,0.0026014200436734747,0.008077518268973849
2019-01-28,-0.0051360410528134,-0.00097425592596323,-0.0012354931899527521,-0.0007868779288157102,-0.0011558042907334753
2019-01-29,0.003361037788438992,0.001380241607058963,0.0018362496500639036,0.0026471052596728217,0.00854216775178962
2019-01-30,0.012988845524702697,0.007131376269422285,0.008041281002751921,0.009625366424092618,0.013860074076110562
2019-01-31,0.008113298693255055,0.014767800753547666,0.013562232166157262,0.014596950122076402,0.011750156008347945
2019-02-01,0.0008198229945792779,-0.0002112418924791193,-0.0003358060646274641,-0.0004350155526071653,0.0002048134773009469
2019-02-04,0.00628579989307676,0.004350274990560399,0.005455864123948384,0.004322910402546398,0.010094238312397197
2019-02-05,0.004605470755519203,0.0018622967999921691,0.00207824430859449,0.00184404420305051,0.005853453650157547
2019-02-06,-0.0029298984445285114,-0.0015512961805744796,-0.0013343090416696457,-0.0020074952619789643,0.0015579015970674792
2019-02-07,-0.009016822272285396,0.0003464616013184596,0.00014339994080292406,-0.00017801672222916842,-0.0054230250150575365
2019-02-08,0.0016663322032139938,0.00333671182720785,0.003340593774825651,0.005091469259408843,0.004642204392246052
2019-02-11,0.003090000000000037,0.0015154209005479036,0.0021703691285726023,-2.3384190198760813e-5,0.0016292648971230062
2019-02-12,0.014566446347452855,0.005658320812562678,0.005561967569556847,0.004269436386320269,0.014337249195591983
2019-02-13,0.003225850308156808,0.0030841473437197564,0.0036248032472587788,0.00364419489500567,0.0027839218747678363
2019-02-14,-0.0022656147342969835,-0.006688763065175407,-0.006049331659010004,-0.004026471445764845,-0.004920042286345572
2019-02-15,0.010768159811383127,0.01120992226990647,0.010761239726593708,0.011333401405834831,0.011552169091457065
2019-02-19,0.003990034889519434,0.0024753354105391256,0.0038238680852307194,0.005222756912391935,0.001573853345401055
2019-02-20,0.005813083285984844,0.002665454730879757,0.0022149245186433575,0.006606468375654817,0.00773668217373813
2019-02-21,-0.002872833122371743,0.003941543372480538,0.0036131984924159255,0.003089809099261709,-0.0011685826944738409
2019-02-22,0.006353660290224994,0.00010025110055611464,0.0003691631844411347,0.0019679470678459765,0.003828061379138381
2019-02-25,-2.2992330452442644e-5,-0.005499652722277482,-0.0057764071944099715,-0.00529553754600931,0.00016316383799797052
2019-02-26,-0.002650531432219494,-0.0014327863371544902,-0.0019711973513734105,-0.00140360979942733,-0.004275645125377814
2019-02-27,0.000915156230462566,-0.0013719753839949167,-0.0020921929330008915,-0.0015810545898468087,0.003339846706994276
2019-02-28,-0.004884039425277487,0.0034788399288405714,0.0029019352197854342,0.00213950654297701,-0.0003697103007154201
2019-03-01,0.005612339294224,0.004036842595686485,0.0036315941500966176,0.004330019902688775,0.003808098980227159
2019-03-04,-0.0044766562459553905,-0.00323106227701897,-0.002668832221931039,-0.0017863074555736214,-0.005000465064612047
2019-03-05,-0.003850476589853269,-0.0013229813441517635,-0.001484348403625102,-0.00044849415108594304,-0.004250236231983728
2019-03-06,-0.008083680659940584,-0.0032145822017707326,-0.00407348416788289,-0.002119849276999153,-0.004775167366235067
2019-03-07,-0.007401445942622931,-0.0026535664279422333,-0.0034917670445748783,-0.0027943571527659916,-0.004700604043644696
2019-03-08,-0.0030048206910603392,-0.0025484905262228574,-0.0026352065452504014,-0.0018147615737666989,-0.000201922700294066
2019-03-11,0.013556021481011538,0.011030333721706809,0.010808611054029527,0.011627250978836656,0.010339128328827885
2019-03-12,0.00032526150235989704,0.0020797288421861015,0.0025257793284254593,0.0023598161077975632,-0.004182243243659567
2019-03-13,0.005380000000000162,0.003980885036886317,0.004210605009862478,0.0032541402066825764,0.0075353708668259856
2019-03-14,-0.004244616960751069,-0.00017874869246281566,-0.0013198525215729617,-0.0016336168185783206,-0.002339881618272699
2019-03-15,0.0029902905764565,0.004930591599529244,0.004794703326648664,0.005490498132099564,0.005386185295372048
2019-03-18,0.005460369419629352,0.0018704513286886826,0.002429803822143972,0.0030378176048038164,0.0029065529340368546
2019-03-19,-0.0025956535068036857,-0.0036518507566132286,-0.0024005686614776423,-0.0027375040895898373,-0.004275729653984484
2019-03-20,-0.004322415225655463,-0.0020718119134323087,-0.0021174134229094976,-0.0008401073068524667,-0.003942189533952645
2019-03-21,0.011807086318116777,0.011253081643740614,0.011658488572112047,0.012019498072086465,0.01371089810080739
2019-03-22,-0.023052412071249306,-0.00325937179806568,-0.004941121689414851,-0.004730252259826706,-0.018373939920930282
2019-03-25,0.0011234414346610322,0.0007698090660768209,0.001478913223906586,0.0016437573263821115,0.0006479853796694801
2019-03-26,0.007325638245962773,0.008899455564806091,0.00860954715642337,0.009301278394855839,0.005775482804929899
2019-03-27,-0.001773893957345618,-0.002723634890529958,-0.002334490081649432,-0.0037108124394440445,-0.0042904215360829445
2019-03-28,0.005769329844698801,0.001571198813223651,0.0027699576746631482,0.0018804311693654263,0.004438685198876691
2019-03-29,0.0059282167838843325,0.0052203049720547234,0.006041075309403121,0.006726399676391548,0.009387766108182927
2019-04-01,0.012729796657249492,0.0012639353966632516,0.001085545624717632,0.0005742057017428248,0.010595094707561037
2019-04-02,-0.002723102614543893,-0.0030631205565867514,-0.0031311992505715924,-0.0030369011493901477,-0.003308494780156157
2019-04-03,0.0014657535821260836,-0.0007312952142948248,0.00010338463379500062,-0.003167965975090503,-0.003942741389475146
2019-04-04,0.0061230640434162265,0.004123273583678033,0.004538801350440158,0.0054294177952232126,0.006547479418093971
2019-04-05,0.005447911332169264,0.00533388298180526,0.005507716536562679,0.004261163401918733,0.004786961139145562
2019-04-08,0.0005265580932896086,0.0009013497925547398,0.0014250335574250705,0.002057757534355442,-0.0008774606702949272
2019-04-09,-0.008939939626708027,-0.002215863207466584,-0.0034327201769525084,-0.002810612936346213,-0.007363120839009363
2019-04-10,0.004644438662041228,0.0018165331881998537,0.0018091624732692324,0.0017593678969456406,0.0024075725859156183
2019-04-11,0.0016666666666667052,0.002658225988192875,0.00249027999892637,0.001408877645204365,0.00447367930084952
2019-04-12,0.007486338435940265,0.007224821362947331,0.006359714498463065,0.007096973710334131,0.008002763140561031
2019-04-15,-0.0015628503450068054,0.0026875374609447444,0.0027429064802235725,0.0027415563185382297,0.0008175858156005411
2019-04-16,0.003573748366074714,-0.0023852156286972015,-0.002505882825760697,-0.0028801314931838906,0.001979461021860418
2019-04-17,-0.0005307676171254494,0.0016060113869784676,0.001913551694597393,0.0021869017675282265,-0.0016788678800483403
2019-04-18,0.0017600456959072641,0.0031733386736001457,0.002957162924759782,4.7276473288615506e-5,0.000627743215414478
2019-04-22,-0.0023558306195398115,-0.001526556576801008,-0.0023750020620224577,-0.0018962589038896693,-0.003989103293156715
2019-04-23,0.008667370960778076,0.003364982623995205,0.003474548948167344,0.0031222044018157646,0.0091034789375104
2019-04-24,-0.0010422173844387705,0.0009879698398278514,0.0020371477555296558,0.0010304444650419686,0.0006591962025614961
2019-04-25,-0.012760612332151533,-0.0029027485815583676,-0.00410907153820983,-0.007899695844516663,-0.01324770409524767
2019-04-26,0.007280004189745393,0.008906656071347108,0.0086567267253026,0.00935309264179729,0.005889772792428971
2019-04-29,0.0018583454414076161,-0.00022995985573304178,-0.0012503339368323818,-0.00065498237051409,0.002219747418470863
2019-04-30,0.0018818374812770156,0.006796503115348518,0.007030395450069671,0.0077844809471492304,0.005683653881439765
2019-05-01,-0.01049218168007926,-0.008737942515747665,-0.0102035616069307,-0.011071835661837337,-0.0074538579215495115
2019-05-02,-0.0007607921176805421,-0.0018930778457189046,-0.0006053903848375342,-0.0022224736360033637,-0.0014191038322767247
2019-05-03,0.01429710174886445,0.009437334712737666,0.009665103963972355,0.010098791423001519,0.011422971223864264
2019-05-06,-0.006592910870697244,-0.002944945015990408,-0.002744483728667535,-0.0036536013885474228,-0.005854277250380457
2019-05-07,-0.015168815391343293,-0.008746562617290121,-0.008240495813445547,-0.007468838990902227,-0.01513022396069208
2019-05-08,-0.0036409106133517,-0.0020020439675243473,-0.0017301806244135465,-0.003947908988126914,-0.0033213331147350367
2019-05-09,-0.0022383922493059982,-0.000931449157100861,-0.0014055856044769,-0.0016923126722667714,-0.0026616329636942604
2019-05-10,0.0042867291312151945,0.008574029450126197,0.008079146232318424,0.008451253229062816,0.0029192069965198186
2019-05-13,-0.02571000000000012,-0.010140052461000137,-0.010400496512926516,-0.009786800132495665,-0.024058362120513155
2019-05-14,0.009515859070023724,0.004136821288239556,0.0040087572406135585,0.00471994442696877,0.008267605535168254
2019-05-15,0.004509105657830137,0.005837209182742775,0.0061068804271535715,0.0061599019450131465,0.004485209730910045
2019-05-16,0.006978747416865438,0.007245915332876329,0.007019607830722752,0.005900021056199689,0.007026237180210559
2019-05-17,-0.008961441456298735,-0.0010955278119352263,-0.0020184312039058794,-0.0005281889985218058,-0.004849106555295801
2019-05-20,-0.006197657413473445,-0.0025667976659177194,-0.002732943082669026,-0.003734368711347802,-0.005617718077538969
2019-05-21,0.009975777431064703,0.002500627170689107,0.0028571215547430473,0.001974775865075218,0.007801593392383399
2019-05-22,-0.006714792173539541,0.0007637705207359513,0.000355720326318254,-4.2853370101014754e-5,-0.0030984111943458403
2019-05-23,-0.013067481454941077,-0.004444207910629272,-0.004725605414705236,-0.003654889755303925,-0.00982277488234895
2019-05-24,0.00197312212034384,-0.0021256212302217525,-0.0018938737468175981,-0.002863445145044885,-0.0009468781646146951
2019-05-28,-0.010686428351963095,-0.013416878067873395,-0.013039629554266075,-0.015577961612371793,-0.01530790008776095
2019-05-29,-0.007768455026505916,-0.007397761018041682,-0.0075546934996609805,-0.0061552172009876616,-0.007706828152332812
2019-05-30,0.00028369242999470856,0.0035826521080164486,0.0039151481550034894,0.0023114201557941083,0.0010698699420683688
2019-05-31,-0.015309323095491378,-0.010149299993053473,-0.00997134485798501,-0.00930283118966213,-0.016907435439212026
2019-06-03,0.007927010134170187,0.010261954947934582,0.010424631127716744,0.012087746239538344,0.010294321887882596
2019-06-04,0.023854432949004467,0.011709995903774972,0.012754854840666852,0.011849566791550803,0.018058881440006003
2019-06-05,0.004423539439136315,0.010791774448765779,0.01128418498375705,0.008521483703898491,0.006474917099828392
2019-06-06,0.004401362422413735,0.007991365655368066,0.007920984781994544,0.008966678767343028,0.004626456066604057
2019-06-07,0.0088766323281404,0.0073812107461799226,0.007906976311482072,0.007822460965166478,0.008510246708041347
2019-06-10,0.003365997746534566,-0.0028569199318568828,-0.0015786646575920438,-0.0029833906347004335,0.0016630991956350094
2019-06-11,0.0004894283284575529,0.00044833151779344327,0.0003830230253369926,0.001230877661316132,-0.0008168574089559844
2019-06-12,-0.0031166666666666565,0.0021212829703005642,0.002052827329727336,0.0012360131844761924,-0.001911128465835188
2019-06-13,0.006746564459231275,0.003517649908877818,0.0036360955214596036,0.004206179988572867,0.005867959716187476
2019-06-14,-0.0041663610222978376,0.001082598709198912,-0.00019495258790958037,0.0007797922421084458,-0.007462195020700668
2019-06-17,0.0002976142733053244,-0.004220641300403893,-0.003998601737958962,-0.00266761120905723,-0.00014346626189842837
2019-06-18,0.011151284399797179,-0.0008495228050648951,-0.0011652940563016134,-0.001221364249742951,0.00973854489955639
2019-06-19,0.0031309210813785793,0.005601158772146064,0.005678475196619681,0.0049203756997098225,0.0013353298034937122
2019-06-20,0.009594567815925492,0.007806025611894363,0.008104413510817698,0.009531515915431,0.012196162787471598
2019-06-21,-0.003156137586632468,-0.00361159045564885,-0.003175851209970104,-0.002469837110163353,-0.004017669221691111
2019-06-24,-0.0036515141242805527,-0.00045575380527007603,-0.00034208176496097753,-0.0001707282560241552,-0.0016450465499656675
2019-06-25,-0.007694324558460419,-0.0020203887958915034,-0.001996836517237144,-0.002268111622069968,-0.003463631143907797
2019-06-26,0.00010540656533408743,-0.010186533521319818,-0.009773056586050322,-0.009675841147136377,-0.0026925842228133767
2019-06-27,0.006776571851063062,0.004339389730119381,0.004264389574057947,0.0034827920689455283,0.0024173474868072198
2019-06-28,0.008552138790575814,0.005590805053248493,0.005819026756607615,0.0053463529137312005,0.005694202262060077
2019-07-01,0.005341749996713441,0.0026813918052661645,0.002086453613535877,0.0010670983187948124,0.004059284446738198
2019-07-02,-0.001724574747783425,0.00745773748303713,0.0061756390256539895,0.007849184272227472,0.002356524133342086
2019-07-03,0.007809009339867945,0.011104826735594209,0.011989067852064661,0.01143788957864822,0.00876378271772671
2019-07-05,-0.0019261492212747644,-0.0020926081715101352,-0.0026550331734571664,-0.0029674652730653506,-0.0033179608750344425
2019-07-08,-0.005357676110882115,-0.002463575176658628,-0.002360220402962021,-0.0023362347850633958,-0.006638963595551384
2019-07-09,-0.003130261160440684,-0.0039292838865983,-0.004455381140926251,-0.004628615862318219,-0.0032513641957426787
2019-07-10,0.0021528170428386506,0.006900433111927784,0.006410554539906688,0.0072797851866157615,0.0020815535948075503
2019-07-11,0.000903426466294377,0.00011410505795206305,0.0004386748990072853,0.0004946567924632994,0.0020355705845211958
2019-07-12,0.009046666666666425,0.0024915044849582735,0.002262802520668794,0.0015764848590607006,0.008925968839598175
2019-07-15,-0.0015452727657127019,0.0008622432789631151,0.0009691249883760911,0.001145714217314353,-0.000981566527844091
2019-07-16,0.001175334567446784,-0.0015142074341075729,-0.0011938908239926826,-0.001132723366715216,-0.0002316895815264175
2019-07-17,-0.009323709362063393,-0.005028177027884384,-0.004337464807834923,-0.002759567813817143,-0.006396124820417071
2019-07-18,0.0017948634126723206,0.00461011542485501,0.0037615601483793615,0.007334191747808472,0.008684711574467485
2019-07-19,-0.001408769690316558,-0.009100346372404089,-0.008784963898770815,-0.0072677263842125805,0.0007372463491723824
2019-07-22,-0.0008223525284161148,-0.0020108244769286854,-0.001204918787343634,-0.0024498433516376705,-0.002354888704586666
2019-07-23,0.008745511522946892,0.0050163770039388655,0.004935099282983968,0.004092289303259111,0.01068134530658349
2019-07-24,0.005967508838499613,0.0010180380898776598,0.0005487223541500441,-0.0005411010798415106,0.0008719825920902036
2019-07-25,-0.006473318789849802,-0.00014597259390303208,-0.0010810598966130014,-0.002347717554369355,-0.004985257803258758
2019-07-26,0.0008881260712274575,0.012306858073306781,0.012239137298945213,0.011144325129947896,0.003003186267989344
2019-07-29,-0.00323955991291236,0.0002907059630326003,0.00047941318596933513,0.0013201932503814628,-0.0007703900003613873
2019-07-30,0.0021461164353540063,-0.0017135560065589805,0.0009318137327101184,-0.000845661635863415,0.0005799911861308349
2019-07-31,-0.012911147629413144,-0.013935509727345918,-0.014207607534887257,-0.016184385413249736,-0.014987931121337561
2019-08-01,-0.01592641412025475,-0.0024966593799286008,-0.002657908899821093,-0.002656883095326412,-0.007431400684412615
2019-08-02,-0.007208867036051503,-0.000560972206650856,-0.0018146902030212742,-0.0006877750129541393,-0.004775570905056203
2019-08-05,-0.027016105962378356,-0.023520336151457655,-0.023585291765114813,-0.02253189776508968,-0.02918095608041682
2019-08-06,0.008777261043758644,0.009712810378610826,0.009015820209778314,0.009320105051828342,0.008094456811723605
2019-08-07,0.0002749237964885243,0.003914889146425349,0.006160001154472905,0.0052915495706291615,0.004471610545393467
2019-08-08,0.01774988727633553,0.014656889157634634,0.015137054878331835,0.014510093037187977,0.016173851784952786
2019-08-09,-0.010274434926348275,-0.0025105102695711645,-0.003187585641292401,-0.003530624451756892,-0.008214528448557412
2019-08-12,-0.011803333333333499,-0.007539753915228209,-0.007635165633699037,-0.008276766236382072,-0.008802496596805764
2019-08-13,0.013017419272142172,0.009684839707182702,0.009636433080229212,0.00944714585039863,0.012018502872945813
2019-08-14,-0.027871474578445854,-0.017856139338162436,-0.017798885090260508,-0.016782418667404486,-0.024381259866532057
2019-08-15,-0.00027908646274998894,0.00733313605630781,0.007601938075329162,0.007213821226253581,0.003307938621980533
2019-08-16,0.0158196918507707,0.011806619263069251,0.011809148231293198,0.010693302283150796,0.016305552860609307
2019-08-19,0.011823027834500621,0.008125460949298668,0.008785008391738902,0.0074199662092564456,0.01017213704619313
2019-08-20,-0.007546333288414586,-0.006785810968326644,-0.006261359059000604,-0.00620308929165414,-0.008775869522035462
2019-08-21,0.0071789208565740115,0.003959464520200795,0.003949031988930818,0.003486501740936232,0.007067988292913663
2019-08-22,-0.0010922346107888892,0.001783971220104874,0.0016464891577947505,0.0015645196454034949,0.004451596931002388
2019-08-23,-0.02645505608576182,-0.01897675695605816,-0.01862800086039318,-0.0170454021751969,-0.022512102191664884
2019-08-26,0.009376586539918685,0.013214603385230506,0.013427272474483498,0.011024133242569345,0.0041447800868139595
2019-08-27,-0.007257700911837528,-0.004149634081261788,-0.002703720334960469,-0.003789282888925105,-0.015033235373543063
2019-08-28,0.009186664452451199,0.007035900924894145,0.006626286932628123,0.00795206223265077,0.010686385355229477
2019-08-29,0.013755527872864715,0.006694578172284693,0.006680232335195546,0.004120694077093701,0.00831949192222603
2019-08-30,0.002325353721336132,-7.43494651804788e-5,-0.00017126988903182205,-0.00043363889996395066,0.002378703542466054
2019-09-03,-0.009135938693170531,0.0019340651996291314,0.002406063770038269,0.003627789777445045,-0.007194598578370237
2019-09-04,0.012322189372610648,0.008791581747132016,0.008803114576424687,0.008295230130948905,0.010127687174140032
2019-09-05,0.010655461387676812,-0.00036847328417854985,-0.0006999648705174888,-0.00333485062764427,0.009945304383314202
2019-09-06,0.0020714715374354764,0.0032647393937981217,0.003185169444116953,0.0026422448235841056,0.0039357537338393644
2019-09-09,0.007985595254609068,-0.001619988101232761,-0.0019333110790159536,-0.002876895979385452,0.0020724424376328265
2019-09-10,0.007382475815767897,-0.003987988721133595,-0.0047759065895383035,-0.002750779767512923,0.0069944915809778685
2019-09-11,0.011410000000000142,0.008981047064225756,0.008890361892853305,0.00852474115491364,0.01531573786773599
2019-09-12,0.00038013136776027245,0.002428411766644656,0.003161426577458437,0.0030582185430818587,-0.0002569923574582411
2019-09-13,0.0006379898202883982,-0.005027895142439176,-0.004582551038293969,-0.005187165456958187,-0.004355499574108523
2019-09-16,-0.004460622884387533,-0.005994934013890396,-0.006392846301635502,-0.006655778252478539,-0.0015442649131011121
2019-09-17,6.87173602225144e-5,0.004492522693610335,0.005241610827769749,0.005187509313815175,0.00030779323387375435
2019-09-18,-0.003798504162612293,0.0008259561350107969,0.0005805802906870827,-0.00034300728079605936,-0.001413923379451787
2019-09-19,-0.0028406559223029815,-0.000695035902424257,0.00017326491270752697,0.00019774895418489535,-0.0029019541661295944
2019-09-20,-0.006262246451840481,-0.0026873561416045355,-0.0027425602698344376,-0.002213966571460557,-0.004387476648253008
2019-09-23,0.0007387928715114622,0.001203849709485505,0.0018292025542412382,0.002068133720046772,0.0013943549462638316
2019-09-24,-0.010946595254834324,-0.002202107158049915,-0.0018558683035581058,-0.0013440419897299272,-0.004184887670684256
2019-09-25,0.010299999185665376,0.0028874262046936217,0.002350211611143127,0.0027973823398337316,0.011906695029755276
2019-09-26,-0.00336044914399547,0.00034208009245051407,0.0012181138209934605,0.000814830012743073,-0.0007756991360229337
2019-09-27,-0.002611515573633705,-0.0025936323624918822,-0.0026961197095229927,-0.0038136153198895517,-0.005505049050001154
2019-09-30,0.004825299681788131,0.005761011300711827,0.005324058444433621,0.005178922289103216,0.005287326775002876
2019-10-01,-0.014121853969231046,-0.007185288224304198,-0.007815762318034825,-0.006507111997386628,-0.009492431741634944
2019-10-02,-0.017115036661864647,-0.01670487606012161,-0.017218883563928422,-0.01700155450736307,-0.01966638867061976
2019-10-03,0.006048490924728034,0.006338916718045873,0.006354185418280034,0.006540891379237301,0.00787711667110913
2019-10-04,0.011624071302950956,0.013030743155794111,0.012834877549621426,0.013126486700750561,0.013770993270836973
2019-10-07,-0.004749732490681224,-0.005881846396127766,-0.00632995116088475,-0.005795059916141154,-0.004964392080462288
2019-10-08,-0.01500771491731312,-0.010437367691002453,-0.010004757319945434,-0.009069208350948488,-0.013139092594018686
2019-10-09,0.007903184017599818,0.006197547126506109,0.005907351307963493,0.006057930764852726,0.008160733123311115
2019-10-10,0.007233333333333425,0.0018269601224958354,0.0022562769472382893,0.00265939055025477,0.004692652359490124
2019-10-11,0.015415669987093317,0.003875793630668367,0.003984307244727647,0.0013545416842335456,0.011938794860031132
2019-10-14,-0.0023193701280732615,-0.004316953348169172,-0.004165717150586112,-0.0035153577342459386,-0.0025645201465941403
2019-10-15,0.006971880561509991,0.00043292922451021454,-0.00038716558095397424,-0.0017243805171821558,0.00592742181977246
2019-10-16,-0.00023832585117966598,0.0017346177767392224,0.0019642857301391814,0.0015791647100116268,0.00020144093512453054
2019-10-17,0.005609925068961852,0.004067340373992145,0.00418762600792455,0.0030255872417139784,0.007114000197279147
2019-10-18,-0.002805261504905565,0.0015635148283101863,0.001786380704423829,0.00200204074197341,-0.002931151511919583
2019-10-21,0.005301436058172682,0.002017562870874734,0.0021400264991862095,0.00374000569670363,0.004499664682570792
2019-10-22,0.0019176901503088484,-0.001877379125416745,-0.0016574599289352898,-0.0014788646405922146,0.0015941495449820486
2019-10-23,0.003579229192164801,0.001478673524672125,0.001814296208163979,0.00319124064068399,0.0034589780768383704
2019-10-24,0.0007292308448119122,-0.00031505801741438244,7.266824985530107e-5,-4.503750973494647e-6,0.003129461439121961
2019-10-25,0.008285483011242656,-0.0023679863535136514,-0.001925652953663537,-0.0013469898978927253,0.0010382389522447522
2019-10-28,0.004085859514639578,-0.0019395214653137316,-0.0023235953380432717,-0.0029507702611029085,0.0015753440587213952
2019-10-29,-0.0022424242837947306,0.0011718670635652018,0.0012717001563926633,0.000770792025857947,0.0013831800724106724
2019-10-30,-0.001452277393671153,0.003135130329610325,0.002096529328008412,0.0028102355256061085,-0.0015278862932234238
2019-10-31,-0.008188962515294551,0.0005744630319675093,0.00019797497232798555,-0.0005534321928913899,-0.002648282159288584
2019-11-01,0.012382376644387572,0.0027156457417485402,0.0032585726098395273,0.0027941381555545153,0.0138014588047628
2019-11-04,0.006022420004815343,-0.006234681875976533,-0.006787913707864024,-0.007255987784366202,0.006588752788669439
2019-11-05,0.0015368667351005616,-0.0002360031711946542,-0.0011732759261698922,-0.002117653633244898,0.002764290838392469
2019-11-06,-0.0022445803210559,0.002812506343125243,0.0020640586522644444,0.001734839889561579,-0.0025088809836366632
2019-11-07,0.0023708123756336352,-0.002892496795122268,-0.002864509353398992,-0.003242535135410951,-0.0011308236227389745
2019-11-08,0.0018366666666667086,0.00047241396170694117,0.00012189808603357832,0.00047579647042295115,0.003526502470252213
2019-11-11,-0.002362442314282842,-0.003326852634823463,-0.0034158553970725647,-0.0031659630200919775,0.0013300179348278984
2019-11-12,-0.0005048950114838746,0.001821881279057358,0.0017879035906320784,0.001800298697568703,0.00703025959237924
2019-11-13,-0.001086875204941773,0.0076695591246054295,0.007439254496448111,0.007338841378968786,0.003211377284454864
2019-11-14,-0.0011372267347355969,-0.0005451718118015814,-0.00020834603377140049,-0.00034014924566194704,-0.00019543395935062158
2019-11-15,0.005262757378248439,0.0026507805773707815,0.0030237969711648383,0.0033663391460991843,0.009237045768328622
2019-11-18,-0.0006394299062244535,0.0019335312841857188,0.0018713716520977197,0.0023642054112826827,-0.0006267138965312391
2019-11-19,-0.002313017512174498,-0.001365244361150486,-0.0008734174809328366,-0.0012193630716486048,-0.0038623316424432064
2019-11-20,-0.0037675852941724264,-0.0006550222203930423,-0.0004628850623237257,0.0004020831776259115,-0.0005516061846576603
2019-11-21,-0.00202328637024185,-0.00322010812941953,-0.003499476632008447,-0.003550543557811481,-0.00258733564987379
2019-11-22,0.004245318541521215,0.0018229042774386972,0.0019070379980739016,0.0011970262045708502,0.0015074649990627353
2019-11-25,0.009681326380926114,0.0024438904374621817,0.003239421828077127,0.0026025552255433126,0.007796940019820342
2019-11-26,0.0027246350506324735,0.006556054748057205,0.006520092726145066,0.007733235297157082,0.0014259914179926003
2019-11-27,0.0038156839532981213,0.004094815499582127,0.0037985024836961756,0.00426743631911819,0.002507081993850857
2019-11-29,-0.005248474668692715,-0.0027734249334372407,-0.0031482380091131246,-0.002629936329530347,-0.004265986506290176
2019-12-02,-0.006794544430001381,-0.0024159826995514555,-0.0018330696780771705,-0.0008069892490538688,-0.00663221179395912
2019-12-03,-0.007837052314867088,-0.0031064298078437025,-0.0030835380364844234,-0.003066560661881934,-0.0043727031930389515
2019-12-04,0.006192981357106442,0.006186145162286438,0.006665131663543322,0.005802403714511906,0.004268403946724897
2019-12-05,0.003177345682217503,-0.0002949766424542588,0.0003686007710621553,0.0010570553676394479,0.002960391251496164
2019-12-06,0.010279381843110613,0.005071593908848815,0.004889423142314442,0.004514669881602318,0.009191211245621389
2019-12-09,-0.0016598099772411334,-0.002123306573819428,-0.0014073434908107307,-0.00043124320728904486,-0.0028227991000788766
2019-12-10,-0.002746666666666675,-0.0024700892967852717,-0.002345513399468868,-0.002045342510272996,-0.001026691648525202
2019-12-11,0.00539573428349871,0.0029144763822821496,0.003778090732496686,0.005146199336618196,0.005552699537791916
2019-12-12,0.009157507990429359,0.002554688309956532,0.0025176496564041084,0.0015806468178254374,0.0032920129499884876
2019-12-13,-0.003520928151047764,0.002641398571575193,0.0024825055359078974,0.00392511396350903,-0.0015628978786103032
2019-12-16,0.006103564509606585,0.005225607489176776,0.005015608649956205,0.004430068811540844,0.005751386212276666
2019-12-17,-0.0003151340618305909,-0.0011638882529061423,-0.0013228370487966545,-0.0003963693218062003,-0.0011176499341820634
2019-12-18,0.0018107265433846553,-0.00040786806157777633,0.0003790649085777531,0.001715912379225415,0.0016575040471382696
2019-12-19,0.0016390777678751967,0.004535968538139423,0.004189705976458846,0.0038307771768337773,0.0027584494339223387
2019-12-20,0.004176713117437059,0.0078719297108516,0.007409978017113961,0.0057126917766272545,0.004549844430579819
2019-12-23,0.0007326181428244372,-0.003978783810407727,-0.0036614933526192273,-0.002346278784730038,0.0025807699174422716
2019-12-24,0.000580130317488603,0.0005345594298613587,0.0010146750162745022,0.0011551204443009944,-0.0013582763942728837
2019-12-26,0.00317821054659162,0.0024360694389455873,0.002643045814906042,0.003371655354601266,0.002109415198465303
2019-12-27,-0.0010718398932546558,0.002168184029963438,0.002041128972089412,0.0017362919934624799,6.494107271648453e-5
2019-12-30,-0.004916248544491131,-0.004021404753624447,-0.0037476515549446088,-0.003481000030527648,-0.00368741574380671
2019-12-31,0.002777415696517682,0.0025331179414662675,0.0025094573664634634,0.0023041268704508955,0.001228310028711821
2020-01-02,0.0054785825846914715,-0.0020384680070253403,-0.003222904463049847,-0.0038963376362782798,0.003792423184851179
2020-01-03,-0.005840481218953086,-0.002301295363639433,-0.0030555461939104633,-0.0029696463736136325,-0.0029384376245327193
2020-01-06,0.001280569971613188,0.001381236046462675,0.0013217782846162152,0.002074776567461134,0.00211680914551593
2020-01-07,-0.0025912886301636684,-0.005032909299645394,-0.005093727966186012,-0.004704289524742333,0.00018616323473241714
2020-01-08,0.002339344378265551,0.0043519904389386355,0.0043347171897500925,0.0041442156792868,0.00267537213993152
2020-01-09,0.00131716369180368,0.005041838097932905,0.0047787453287906345,0.004429651538479185,0.004332959153180216
2020-01-10,-0.004853333333333265,-0.0019026433622343353,-0.0006393036321087342,-0.001017610248970846,-0.0038558689171903637
2020-01-13,0.01053160673133613,0.006679451294813621,0.006585343801129406,0.007329543744415634,0.008203294657520788
2020-01-14,0.0024269776963858902,0.0018521959678874378,0.001703090242757943,0.000534633355925962,-0.0007896061410980204
2020-01-15,0.002177608827540478,0.007417280468102083,0.007599450824660181,0.006957481630599505,0.0034071389322836154
2020-01-16,0.00797737073153404,0.006157696489147657,0.005757892029012224,0.004998615757338731,0.008468085355710864
2020-01-17,2.2730759325240157e-5,0.0035414403036633235,0.003183074496934779,0.003699567710517604,-0.00034748082762192656
2020-01-21,-0.006969075802139679,-0.0011030767628319449,-0.0018221097833356348,-0.0021624267032817057,-0.003281603645476583
2020-01-22,-0.0014724652467605903,0.0032991610293064966,0.0029556816688651733,0.0029891779288764297,-0.00040464554804897634
2020-01-23,0.0009256546894309547,0.0013130785592685434,0.001353371577789808,-0.0005811465239676794,0.0019769479438151993
2020-01-24,-0.010819924491138999,-0.00739916782138661,-0.007281272471919564,-0.007586246025122034,-0.004545891429489912
2020-01-27,-0.015671242924327866,-0.009520827792595443,-0.00986772431182692,-0.011701022742675038,-0.014162891076396011
2020-01-28,0.006187509662666457,0.00454965204592761,0.0046628726983994895,0.005011892763121972,0.007091950896381816
2020-01-29,-0.003954327103519839,-0.00359683980703962,-0.003435908974169677,-0.003760024800810058,-0.0012134759930236827
2020-01-30,0.003835875092629726,0.007587607842422406,0.007355350620052992,0.006970610856498416,0.0021268713676314555
2020-01-31,-0.017553108812326412,-0.011163179987805472,-0.011659010843592998,-0.01122213978474762,-0.02080642825280221
2020-02-03,0.009069533502094274,0.002542349241097641,0.0038490990044031115,0.004043715396301328,0.0022954444994673917
2020-02-04,0.01707568514297142,0.007463852313235764,0.00694814196736826,0.006900796180393076,0.011357640883831177
2020-02-05,0.01178966887970101,0.0059213450840873705,0.006707957273719423,0.005665690074882601,0.01141750528387564
2020-02-06,0.0003218979739254557,0.00096054157527381,0.00044161265468911637,0.0005122098801506603,0.004972108476085868
2020-02-07,-0.009317417744131085,-0.0017043918008508019,-0.0026622474490495263,-0.0018491878945613438,-0.0045710175914519535
2020-02-10,0.004928381221408706,0.0048986771349175395,0.004993034192459778,0.005403607727709092,0.008078838438325908
2020-02-11,0.004653333333333176,0.004178717291869916,0.003179898940638859,0.003932135333262199,0.0027518652509737063
2020-02-12,0.006720868890097931,0.0028669290398226632,0.00306906615283542,0.001468445599285051,0.004464246108273784
2020-02-13,-5.462774427089645e-5,0.0028537486746107454,0.0034088216211609623,0.0035234238638537363,-0.0011618108158013563
2020-02-14,-0.0011011134844362003,0.0019140785237909963,0.0020331838108280653,0.0003112608486881552,-0.001140141344226131
2020-02-18,-0.004046651074528285,-0.0020332426101405954,-0.0028401218879123835,-0.002925452664450101,-0.005124397740911779
2020-02-19,0.005652613278854579,0.0019384612371360355,0.0019562706466083046,0.002303746867183598,0.0036935137747837743
2020-02-20,-0.0014945391192693336,-0.00011298745551668876,0.0008343407685509341,0.0011843260224098096,1.446393153403669e-5
2020-02-21,-0.006938799884815938,-0.00234838436632967,-0.0028660153200085192,-0.0009493088372103387,-0.0033583166504517203
2020-02-24,-0.032077213572464736,-0.02308937548434331,-0.022730759641882536,-0.023810157361811468,-0.03040212416676069
2020-02-25,-0.03222268642073256,-0.02305985809851918,-0.02339435512090038,-0.02343081152897597,-0.030068237158268896
2020-02-26,-0.010553138784976102,-0.009937148644190708,-0.009999612725958174,-0.008559452514776855,-0.004588686078455528
2020-02-27,-0.0377943157448164,-0.040722173306827036,-0.04161121920155875,-0.041065622979113536,-0.043110848506220156
2020-02-28,-0.010325948215521796,-0.018864223729217366,-0.01948782246490144,-0.01876656564110013,-0.016361251074165417
2020-03-02,0.03413188451645066,0.041687786286312534,0.0424730115694989,0.04134011874525356,0.0417508395690398
2020-03-03,-0.021125386851652883,-0.017470414274173396,-0.015104502999477853,-0.012514553012788698,-0.017749220737132365
2020-03-04,0.0374544207998162,0.042242353020330414,0.04185072357258535,0.04251247736358277,0.04304866038613686
2020-03-05,-0.03597994613260036,-0.02961910717561822,-0.028511565222893442,-0.025903657748362452,-0.03379351027914956
2020-03-06,-0.015888601360151022,-0.010787464701820904,-0.010721368411827914,-0.011283454437326812,-0.015315584924835313
2020-03-09,-0.08426201668255939,-0.06311671059030821,-0.06386837667064282,-0.06689594720582848,-0.07861785990109282
2020-03-10,0.044266850008682024,0.03402614211293531,0.033824289131374474,0.034597939970206104,0.042682568400669085
2020-03-11,-0.05660025869090579,-0.048622780907170315,-0.05089217047398009,-0.05115471937401095,-0.05766732306744593
2020-03-12,-0.10288333333333322,-0.09611201158589155,-0.09621926361345201,-0.0967093631528172,-0.09605845616264308
2020-03-13,0.07778290597655424,0.07500215801522137,0.07306555292964423,0.06645218701793332,0.07308417782902055
2020-03-16,-0.11081838042358139,-0.10300141170289923,-0.09679521563100768,-0.09534351046937628,-0.09091836131860431
2020-03-17,0.052470289305311724,0.06299075993529257,0.0677808316213886,0.06631268361483089,0.06959456046384127
2020-03-18,-0.08381821004917922,-0.05456002884692057,-0.05547677930358541,-0.06807844347985448,-0.05710021840017332
2020-03-19,0.023423767946856744,0.0006622545861438844,-0.0015974536484543167,0.004912657525038888,-0.007167580986319089
2020-03-20,-0.04654930677460256,-0.06088492647957522,-0.064709968792375,-0.06375362959083342,-0.0640907066531291
2020-03-23,-0.028870013206326095,-0.031573326517448486,-0.0319674175206649,-0.030142239768304657,-0.02016814805667788
2020-03-24,0.10307180354543566,0.08932275289172176,0.09013826761580801,0.09191959697959273,0.07297870139441898
2020-03-25,0.024178307101387242,0.01302891917551463,0.012503622924894264,0.021488346229468824,0.008689301912968128
2020-03-26,0.05341710344062123,0.061337217827524215,0.06020442920121316,0.05826376236219111,0.05722344788769429
2020-03-27,-0.03717637216191594,-0.02030156437326791,-0.019482288410674342,-0.024166943417440967,-0.014510048816821386
2020-03-30,0.024717127485803125,0.0325384961478592,0.03163585840787331,0.03062450599879707,0.03766694709164997
2020-03-31,-0.010249076133453938,-0.021599792446520216,-0.022010505403226688,-0.013173513115575353,-0.016235245344686344
2020-04-01,-0.043772230231107656,-0.03667907058236186,-0.033645948078316,-0.032615206042378664,-0.03340908777979534
2020-04-02,0.016447960713378507,0.023855756384126625,0.025524975836019426,0.02403878827767003,0.022072284791155194
2020-04-03,-0.018760778813677215,-0.011343680028776726,-0.011515102998787219,-0.012133628422067888,-0.0018630347467692987
2020-04-06,0.07206927915643457,0.06057988767458444,0.0588253098578595,0.05612818835800315,0.049220530746371116
2020-04-07,0.006562013012276324,0.0013132091453222916,0.000998673007594597,0.005833106122675291,0.0017886430446065749
2020-04-08,0.036918589851980155,0.029517139880214316,0.02888341341213474,0.02777054435988613,0.025803248713619054
2020-04-09,0.023427629642624126,0.0231443456068261,0.025688842014490287,0.03100828503682518,0.014068200483654314
2020-04-13,-0.01590333333333327,-0.009077303074379595,-0.009488440859809155,-0.007471087151664446,-0.0024814718913364064
2020-04-14,0.025546042224849463,0.03623768357729329,0.03676870078273975,0.03880778650365202,0.02763748526590848
2020-04-15,-0.03173637452627687,-0.018472824074927563,-0.0219252077263421,-0.01991542506901034,-0.02513791796811471
2020-04-16,-0.003859634361133013,0.009058561090340644,0.007021858632999756,0.007800365785943342,0.007274670948334672
2020-04-17,0.03560181785270333,0.023229206938164992,0.020659073607065315,0.01909105169582781,0.02605889429940822
2020-04-20,-0.020889328063622092,-0.01754775193044067,-0.020007678197913492,-0.017174400039141613,-0.015852599973921855
2020-04-21,-0.027661329752208696,-0.024878515117180755,-0.02310857322406612,-0.0261684245995204,-0.023689993951722332
2020-04-22,0.018258705697067112,0.014913890549462572,0.013257964360526397,0.011242132720681974,0.015057051103672947
2020-04-23,0.002903643087278862,-0.0021673713247221116,-0.0028747468918943753,-0.0009078837105713777,0.003512792005477605
2020-04-24,0.009849899513734162,0.011067022866338982,0.012370323222506752,0.014488862779172162,0.010649723298607139
2020-04-27,0.026390158546375053,0.011217234267380194,0.010493457375955861,0.010382748141447129,0.017386393138275835
2020-04-28,0.012020204590596828,0.00045654854433041514,0.004864966977776497,0.005178956049500361,0.0032712458984103243
2020-04-29,0.03067713362130209,0.00871083027343622,0.006750477604573479,0.006953700763949078,0.0192742245062667
2020-04-30,-0.02240889240417321,-0.012240525403137359,-0.01521320287228456,-0.014562344092735602,-0.016052672043039506
2020-05-01,-0.03160759430424254,-0.0225350755054724,-0.020355484130968327,-0.019424258639597514,-0.02244113618125687
2020-05-04,0.005480426186980969,0.0003784089848763994,0.003357503081723001,0.0030212861802711988,0.0046013838827243525
2020-05-05,0.0008882484022409987,0.003984004047912881,0.0038897790102012664,0.0028160310584628423,0.006851981559504061
2020-05-06,-0.010236890548666389,-0.01193495803705169,-0.01370650557392894,-0.01030086763606397,-0.007971424578702924
2020-05-07,0.011473481366233163,0.005376602033895228,0.0061464395247883274,0.004568877757633594,0.008945512960525592
2020-05-08,0.034047887872231675,0.02159367974019366,0.02220162892302313,0.021802814535734516,0.023869112657277203
2020-05-11,-0.010368718302115942,-0.0012367044797831905,-0.004642820640748502,-0.0032641517459792713,-0.0035893990124969966
2020-05-12,-0.02461000000000002,-0.014588437266504384,-0.01243991794734467,-0.013417715728509916,-0.013971629525451612
2020-05-13,-0.02483938937245589,-0.012166029272200451,-0.010170796946723737,-0.010280321159702344,-0.014428164468220372
2020-05-14,0.011303248359899598,0.00488518610192612,0.005279880667595327,0.004678877078330368,0.008860767780461298
2020-05-15,0.006048118606058139,0.005602543826249917,0.0070678695465631325,0.009353349562349678,0.008136773368675021
2020-05-18,0.05012352588858704,0.027072691369253832,0.02368057969865478,0.021993914928730263,0.028967865825954897
2020-05-19,-0.01238404859171871,-0.01291845969909522,-0.013754307983096403,-0.012348174715402838,-0.009789653853896962
2020-05-20,0.018353529898864185,0.012834795103649599,0.009259153883448334,0.01072978106210476,0.010340599991238264
2020-05-21,-0.0036712549028230512,-0.007839794408835976,-0.010634191148820249,-0.010067926522079884,-0.0069624582191891715
2020-05-22,-4.3497110854606724e-5,0.00337921752345105,0.0032851727861440416,0.001808622030510909,0.002023985179150367
2020-05-26,0.026926060180548328,0.007558839131241779,0.00436623053379992,0.005934052639839926,0.008377639319260055
2020-05-27,0.025583805524334036,0.015812800300501362,0.014521210775743754,0.01654452439376075,0.017942201850308148
2020-05-28,-0.011131592423110348,0.0036119398120200152,0.006518218860293912,0.0012873251165261834,-0.0029474218022326193
2020-05-29,-0.0022002698816129262,0.006325500504450687,0.004546668590446057,0.003635462045372684,0.002216263371564775
2020-06-01,0.008121319131001448,0.0037467266975697022,0.00587449134074447,0.0054139213362549565,0.006310215421046372
2020-06-02,0.009830188219923208,0.0055722619379612315,0.004425979744293818,0.004169582895420909,0.005528778215211583
2020-06-03,0.025761199360864406,0.00858538939298592,0.00618166207988069,0.006343136482762635,0.014040191256247336
2020-06-04,0.0039308764381831285,-0.003943837085984336,-0.006348224128104651,-0.0022227401068455332,-0.0017520588634117873
2020-06-05,0.03227289313922821,0.016726962721574923,0.016620885407332864,0.01635886415357013,0.019067244994839916
2020-06-08,0.021085615876283992,0.016194825880723407,0.014188948829810366,0.012930738399653086,0.014171853642216625
2020-06-09,-0.0177388967569021,-0.012581879010495234,-0.008635618887665175,-0.008071960719472804,-0.012387947393716847
2020-06-10,-0.017853261779656182,-0.004745754840559724,-0.0013069246828641967,-0.001234151374762349,-0.008199067093156431
2020-06-11,-0.06924333333333332,-0.04777451828836998,-0.047897195170903406,-0.048957110762412936,-0.0542821781419367
2020-06-12,0.015344948375336287,0.004574250378543532,0.004263957793083639,0.005531993601280538,0.00915571543546978
2020-06-15,0.013538994118049041,0.009868984077454845,0.010176754703592472,0.01129600817975085,0.011737048177165255
2020-06-16,0.01958332621648773,0.016155387898920015,0.015403386699060162,0.01661400863409046,0.017637952719630423
2020-06-17,-0.00868223170346838,-0.002740887470624953,-0.001901685210389914,-0.0021675632295965475,-0.0005218061150382702
2020-06-18,-0.0020815837498003864,0.003700456500143501,0.003196803790934011,0.004661574671018576,-0.0012390583941972455
2020-06-19,-0.008572458131871352,-0.006656249937836867,-0.007029384089770052,-0.005625893640486823,-0.0011468536674233976
2020-06-22,0.003226983444047038,0.0007277617230494471,0.002326880510455265,-0.00021094978300217893,0.004238894150583539
2020-06-23,0.005375170200711876,-5.2805522007370875e-5,0.00016744590674577786,0.0017612489356564343,0.004459336913697598
2020-06-24,-0.028916831872468518,-0.01914317236815377,-0.018220189671807274,-0.01932425446439978,-0.021423705245665614
2020-06-25,0.0090912832506711,0.004994668986579853,0.005178789494198366,0.007184032268589213,0.008482397034993427
2020-06-26,-0.02358701754225012,-0.019412624166101677,-0.017952296817292157,-0.019795977697751432,-0.01687614765296286
2020-06-29,0.024665661571093178,0.016289659587811478,0.0157936983810687,0.016929364822363846,0.014680407170902576
2020-06-30,0.012582309730314822,0.010630428231940492,0.0121735523189892,0.01102830685702294,0.01501432177712081
2020-07-01,-0.003284167332211707,0.007179147297154076,0.007767569734938196,0.005594238846087896,0.004683767410588624
2020-07-02,0.007625259928934813,0.003738772260949874,0.004550680947819963,0.0038821121474799103,0.0022341634580549385
2020-07-06,0.018179351383052822,0.010874635817929468,0.009323107112815698,0.012587734233168835,0.016213613388748715
2020-07-07,-0.012596151296968894,-0.0013105068671527276,-0.001230815244186112,0.00043422756791655637,-0.00393405890487597
2020-07-08,0.0015554664542938301,0.0031270145092536783,0.003668003576253742,0.0029232151161908693,0.003497958673031709
2020-07-09,-0.017650785536923008,-0.0069739781176890725,-0.0065952121398352714,-0.007319255868043384,-0.004890489468955095
2020-07-10,0.019950388879119485,0.014256062473616105,0.013862841712462437,0.015939941145192593,0.010415872908033696
2020-07-13,-0.005303333333333327,-0.0058895042855625634,-0.00564928531518516,-0.005515038560411356,-0.008482722683748944
2020-07-14,0.017733308646857182,0.014135678970193188,0.014138008691892523,0.01368294225104938,0.018832240958656543
2020-07-15,0.018598845161374555,0.006454754921202177,0.0033060549634877923,0.004199577554123701,0.013620104500683627
2020-07-16,-0.00032076659546176334,0.0018839952694904571,0.0022877274708392736,0.0016777733392849825,0.0005183865663320741
2020-07-17,0.0008256614867199197,0.006206209297706433,0.008190989996222475,0.004752237167366946,0.008023716645074064
2020-07-20,-0.002655626027209923,-0.0016761310352712,-0.001963148257163483,-0.002419815746884657,-0.0008003127468604321
2020-07-21,0.009720483014078685,0.004800751634508549,0.0049603445675954205,0.005794418328012085,0.0037229102684934734
2020-07-22,0.006469253753511817,0.006370649199812117,0.007288860789015805,0.005232844021000327,0.007423126100389421
2020-07-23,-0.003786733020985422,-0.0035718861358122744,-0.0020687951293058005,-0.0018950876983755416,-0.005799823199686194
2020-07-24,-0.0038253769254718017,-0.0018291979026547889,-0.0023741586619522304,-0.0009522547744788001,-0.0020249560076853745
2020-07-27,0.010181928677949426,0.005232932235626597,0.00661297236447389,0.0077067996736543964,0.012496666263351441
2020-07-28,-0.010612858110908285,-0.0017418102548673042,-0.001965683498958426,-0.002433946833575451,-0.008949888633559056
2020-07-29,0.01263045214781866,0.005529082642510952,0.005047748705276911,0.0043482663052252235,0.007960201793473454
2020-07-30,-0.009004809311401463,-0.0013570271750629193,-0.002041906412877048,-0.0010314689180380698,-0.004315359044031353
2020-07-31,-0.0031061172764622613,0.0002806682664886484,0.001515939934939814,0.00011401818350909032,0.0012332320491124094
2020-08-03,0.007753938043747466,-0.000595124732462704,-0.002176138799598326,-0.0007906685082816889,0.0024287991040774504
2020-08-04,0.007654620766895492,0.009396599555372864,0.009293900977976666,0.007840975118512228,0.011978252405091983
2020-08-05,0.011049995852651762,0.0021987428435170653,0.001952929699402528,0.002275768287426594,0.007116066825677558
2020-08-06,0.0010336487839475161,0.0016439818419462515,0.0006260199563175028,0.0002924621595705723,0.0021351707895669314
2020-08-07,0.005665004847861921,0.005301865146861484,0.00463435857697192,0.00431005936064266,0.002756276050733364
2020-08-10,0.015092224945606247,0.0023269455811205653,0.0015917922873958101,0.0019348418838029957,0.004752678818868983
2020-08-11,-0.0036599999999999966,-0.006778208897968652,-0.010132962929374156,-0.005362655446246367,-0.009634088304123156
2020-08-12,0.009881012505771114,0.012714548423008676,0.014079617111071752,0.013374291251694759,0.01042147637525237
2020-08-13,-0.0023405371270642794,-0.0010866546773197205,-0.0005256772614242733,-0.0009347838240152395,0.0023800347784057596
2020-08-14,0.0026873237110660586,-0.0016154058368982316,-0.0022138699585291244,-0.0016712347595764232,-0.0014334280397385601
2020-08-17,0.003901312507350374,0.005413694261817925,0.006590989080805798,0.005784541063874382,0.007755046958152878
2020-08-18,-0.0008223019567130674,0.003596761001452675,0.0033137507670715216,0.004840567215476099,0.0016566475873343034
2020-08-19,-0.004788416516537608,-0.005270710057535544,-0.0056219734321482084,-0.005237316523145963,-0.005577485298719265
2020-08-20,-0.0008145248311977049,-0.0015311310147081425,-0.0018799678098697647,-0.0010606413099948364,-0.0003201487346804477
2020-08-21,-0.0013605446900399887,0.0004424440018448994,-0.0005716623047392622,-4.5123829672588656e-5,-0.004799963911358174
2020-08-24,0.014298446255052166,0.008217106222936366,0.007821462909342491,0.008457197235913316,0.0073023446733924136
2020-08-25,-0.0008236596719998213,0.0006159671519601062,-0.0009265720270914546,0.0002703865560591545,0.0020729903178975384
2020-08-26,0.005141666247573173,0.002945681505219566,0.003062809904619712,0.005107234475485667,0.0032066973805160437
2020-08-27,0.0038577384095477285,0.0020495886914946304,0.0008114124075255802,0.0014813233900539124,0.0011215642056268127
2020-08-28,0.01037337550261741,0.005764802573949845,0.006751566308581092,0.005784359711557441,0.010724693924178741
2020-08-31,-0.004759262607314407,-0.001321576297201199,-0.00043968680950590144,-0.0013614548065283838,-0.003014761047081871
2020-09-01,0.007008010251323249,-0.0016268343696005383,-0.0017736713714523455,-0.0019224082247969454,0.0023064093124629537
2020-09-02,0.011548228681523387,0.017522216318336392,0.01938808211391474,0.01851056977197496,0.01317565278293542
2020-09-03,-0.027578338533103208,-0.02148718645339065,-0.021388955639461527,-0.02129865106845441,-0.021328312591027188
2020-09-04,-0.0009545661097990488,-0.005409136835150319,-0.004584681589165696,-0.0045543138051560295,-0.004062450700559772
2020-09-08,-0.024534347932579914,-0.016275340970946406,-0.018134556089885234,-0.0177265235397861,-0.01748574510688561
2020-09-09,0.016252216238695327,0.015828432148673244,0.016839723577370735,0.016319314161620913,0.017407237799907938
2020-09-10,-0.012203333333333455,-0.012873147303587795,-0.01452289819468866,-0.012839689055188286,-0.013037750036390738
2020-09-11,0.007371911898197858,0.002396714630250374,0.0033352312079846236,0.0036609422196522967,0.0036384959696911245
2020-09-14,0.01856127688212661,0.010517058641519084,0.010631901062749582,0.009290778906390518,0.012054518814934578
2020-09-15,0.0034012845739048725,0.004180583421648398,0.0028958417319342455,0.002543141423491546,0.0024115039672694127
2020-09-16,0.004044086024038496,-0.0034216161850691984,-0.0038810256405733545,-0.005020930512560251,-0.002282643060610323
2020-09-17,-0.002253843216860729,-0.008639209060806619,-0.00737905090782065,-0.008458398580121651,-0.004911427490484455
2020-09-18,-0.006216678981352919,-0.009525164192217384,-0.010647854623121455,-0.010418889653724284,-0.007238282285434883
2020-09-21,-0.024813137094325755,-0.012129506445408667,-0.011431360830294501,-0.012418352840280922,-0.019535955544751626
2020-09-22,0.006096228890260846,0.00966016319319829,0.00992318261250702,0.009792846273809941,0.009636826681335586
2020-09-23,-0.02414660950149905,-0.018906206746094,-0.01966012418361196,-0.019755760843093606,-0.023373075439441893
2020-09-24,0.0019667413901489628,0.0038666252769616882,0.004738267722573575,0.0044981708749156635,0.003297635150999234
2020-09-25,0.011008151124092924,0.01005081308557565,0.01056773957208268,0.008158956757591485,0.009996828433695759
2020-09-28,0.019729538951178682,0.012101108662428528,0.013564196502777515,0.015530246016344229,0.01430502407268186
2020-09-29,-0.010405627227729086,-0.006076445932167607,-0.004827759365219175,-0.006586858140816054,-0.007367839150199562
2020-09-30,0.006115418523165106,0.008704487570978525,0.009846694995301775,0.009209694681600045,0.011255185053546946
2020-10-01,0.006243755629897096,0.00453918822552124,0.004823805754283317,0.004008554173097867,0.00532345652641375
2020-10-02,0.0014483452318549972,-0.004750553613653952,-0.003849156002169174,-0.00614278268491808,-0.0016217557566226004
2020-10-05,0.01886640092694103,0.01350767682374987,0.01258358658781078,0.011900699769291867,0.017341423994263083
2020-10-06,-0.01181257762383714,-0.009791085191712345,-0.009932251257108837,-0.012396363524073917,-0.012911210462180911
2020-10-07,0.01884984853929672,0.01612557981476659,0.015551630219521106,0.017636414829744984,0.016464273430402132
2020-10-08,0.009749889560858538,0.006985693574496077,0.009101473496086587,0.006530961881562991,0.00809414794744967
2020-10-09,0.0018166666666665776,0.0068282116549074345,0.007276409195645872,0.008033183466827687,0.005614283430990907
2020-10-12,0.006129466136518769,0.010836883381965867,0.011850630093240833,0.012019358053289464,0.007249309335654264
2020-10-13,-0.007240242990440238,-0.001284593141604784,-0.001474651230230939,-0.000487606908272209,-0.001809625291344652
2020-10-14,-0.000714053827767902,-0.0073448471890469325,-0.005725120800620154,-0.007656028384226743,-0.0022572097223646503
2020-10-15,0.001779471761847562,-0.0013451391763366072,-0.0026941430191800286,-0.0030838214205157755,-0.001485560958236154
2020-10-16,-0.0011974106634881077,6.808749621578514e-5,0.0007410853497562542,-0.00027714557082503255,-0.0021893019008253356
2020-10-19,-0.014475839766431853,-0.014664126293573942,-0.01329139072760177,-0.014722141345449136,-0.013460125685386792
2020-10-20,0.0026265977652883965,0.0011988398292703817,0.002180838508210714,0.0006337409661534288,0.0036305783432162286
2020-10-21,-0.0064191706523802905,-0.0020198412908265517,-0.0020388304282418224,-0.0016151593851997381,-2.0911498874620627e-5
2020-10-22,0.008346384802151663,0.007026635752268806,0.005343493542343536,0.004902918262508882,0.00164061328492493
2020-10-23,0.004950039828230057,0.003649095786383505,0.004364253168787968,0.004074752601215481,0.005877332788890577
2020-10-26,-0.021088504453477874,-0.013432101198399105,-0.012360481352389763,-0.014259827572861927,-0.01661540013707352
2020-10-27,-0.00836906330642373,-0.001021574578859874,0.0017930578653782003,0.0009283398824804223,0.0011878920754300193
2020-10-28,-0.03198392723456389,-0.030589563694352062,-0.031624484431034716,-0.031184442798554146,-0.03341151041668633
2020-10-29,0.009603825195779514,0.005090478116509978,0.0045873233136854985,0.0055390167944746604,0.007860087331683419
2020-10-30,-0.005884569327957334,-0.008575382532042819,-0.007920479327037877,-0.006610648014373166,-0.008140070040081215
2020-11-02,0.023358702923592656,0.010906354755811476,0.015964785913518797,0.013473673423884946,0.0154706240346143
2020-11-03,0.019842338359850942,0.01593283753096464,0.016118003808807346,0.01605119736420546,0.016213753000855258
2020-11-04,0.0001249045046458619,0.011366802062658055,0.004865080391396326,0.009686068895391475,0.006747535572526386
2020-11-05,0.02191624301213757,0.012418409052845636,0.012604628320270539,0.013138175846085343,0.015491438854160933
2020-11-06,0.0003179137791502473,0.0018906480044469376,0.0016249178915188622,0.002881111225291333,0.006415232143947014
2020-11-09,0.02256333333333349,0.005604119881849501,0.0025552348738278052,0.002375095382653125,0.003737195490468137
2020-11-10,0.010437281798356457,0.01054331416569676,0.011991200094476406,0.011789686232507535,0.007144146429167275
2020-11-11,0.000432023709540319,0.0071014709298531375,0.007284742208279571,0.00745391066342882,0.009423052598531712
2020-11-12,-0.014031659018111209,-0.007677618969989197,-0.007605962997804139,-0.005495295069298023,-0.010353026946989252
2020-11-13,0.020615645783864434,0.013660339567073576,0.013148361375782569,0.013668645712114902,0.01620414448115781
2020-11-16,0.023165172308042603,0.009437225044298447,0.009102607292966969,0.010574339327160232,0.013008108075385438
2020-11-17,0.0015234653607516524,-0.00420541153722831,-0.005425740534732881,-0.0031359040410052774,-0.0006153017402655836
2020-11-18,-0.008904025247128522,-0.012512609524067964,-0.014589789297205669,-0.012978592703992264,-0.013422581353775387
2020-11-19,0.004158350495830909,0.0018081766522684006,0.0015951556629296704,0.0025147941901639825,0.0025981710298210725
2020-11-20,-0.004561038673245532,-0.002462172473945423,-0.0019014875137850495,-0.002374581051877045,-0.000964392352884369
2020-11-23,0.018438862434903003,0.003962153951549974,0.0023154263946827403,0.002950286425426718,0.006144030835497416
2020-11-24,0.022367727279801297,0.010790445634502932,0.00973942607101086,0.011210747220696149,0.011241497868689443
2020-11-25,-0.005287020877742465,-0.0015429859649989108,-0.0002042273016746865,-0.001224188059622211,0.00043593106945061244
2020-11-27,0.0004608357220108328,0.001908860119416378,0.0019155881262811203,0.0025475182353302817,0.0023426194472118134
2020-11-30,-0.014397212727653819,-0.0038109767511546044,-0.004297153595209213,-0.0029448444159202447,-0.0038457850975158747
2020-12-01,0.009909461312725076,0.008377838152734629,0.008944667659827266,0.010070848123342913,0.0123125383850482
2020-12-02,0.002286188559908142,-0.0012351464396717082,-0.0022870570979097726,-0.0028627825655744843,-0.0015877706727843721
2020-12-03,0.006449469215382697,0.0014616498037616221,0.0010901197858828038,0.003016361559575076,0.005036159102085991
2020-12-04,0.014562448994325461,0.006774392119967443,0.006942413232176259,0.008435138191726255,0.009981771482935553
2020-12-07,0.0008111125888177195,-0.001507218587567416,-0.0013793618119439799,-0.0009388892289105,-0.004686003344337886
2020-12-08,0.007431523067792378,0.004734298652204316,0.004545076076282406,0.004785753617928101,0.00549634354835038
2020-12-09,-0.0041400000000001436,-0.005478364438088579,-0.005975940297550331,-0.006309042100786755,-0.003697206326656599
2020-12-10,0.00493868348295301,-0.0013795436958266016,-0.002467819774414126,-0.003089456729029605,0.00023672591243828478
2020-12-11,-0.004168807253859486,0.003568634326714948,0.0011415832123558012,0.0035273584745183495,0.0016001021872487087
2020-12-14,-0.005225405210777745,-0.0040702098796187025,-0.005295706021447355,-0.005845333433649014,-0.007203549561151212
2020-12-15,0.01414223576554452,0.011034130883684545,0.011842902001918398,0.010179055083697541,0.013197800401651305
2020-12-16,-0.0024746393322786497,0.00019477624858565967,0.0010589031450807251,0.0026002854192033187,0.000972644708064907
2020-12-17,0.0073954794383521705,0.007542824424868311,0.00891985165252085,0.008378278447123133,0.007932925747892394
2020-12-18,-0.0026511076305960612,-0.0016692052955130654,-0.0018616903495387582,-0.00030672359470074184,-0.004374417998307956
2020-12-21,-0.005122287186563712,-0.006921087447640084,-0.0063005905603576995,-0.005740874292411879,-0.004357850818689113
2020-12-22,-0.004237608485014199,-0.003438054093158005,-0.0045523405377063675,-0.005417953300510536,-0.003708015407160925
2020-12-23,0.005166150053231844,0.003159512977582102,0.003172345889870476,0.004342229893555372,0.004960283042475311
2020-12-24,0.001705805281974948,0.002848434294905333,0.003439299442829391,0.003029863604522509,0.003941060313871425
2020-12-28,0.00416299695860034,0.005211865386133496,0.004288397183168424,0.005269273852480438,0.006574309691769864
2020-12-29,-0.00461606343248222,-0.000765300101916333,-0.0008353942352067323,-0.00037137624378913436,-0.00118599944344
2020-12-30,0.008596491174494458,0.0021424211237413004,0.004409011767141369,0.0038678904158573335,0.0045385493691765255
2020-12-31,0.0038968945735784466,0.005611657091507238,0.004519573094904583,0.0035708934985851926,0.0030782044762667216
2021-01-04,-0.0124633095807275,-0.01250371954429308,-0.009737742370832692,-0.008348631666011519,-0.0062526943430756265
2021-01-05,0.013930118255881307,0.005111010386647186,0.006205547542083689,0.005854026361737263,0.007551074777823796
2021-01-06,0.02163130970955507,0.009535861737382412,0.011906412856692805,0.00930269753962909,0.01716260727135399
2021-01-07,0.010351124322672156,0.0032401363154359597,0.0031617685258609196,0.005159977928020476,0.0029999758074445992
2021-01-08,0.001815708117902437,0.003182262712824846,0.002525104340175055,0.001940208119834308,-0.0005077126771859675
2021-01-11,-0.0020733333333334825,-0.006764329019804394,-0.007653528928057929,-0.007626383311191698,-0.0033972278445173476
2021-01-12,0.008782006025826794,-9.606073184975639e-5,0.0023724963498361618,0.0011349670950262514,-0.0005341222296511017
2021-01-13,-0.004233530335541746,0.00017999116987499342,0.0008817242485257282,-0.000981957064040806,-0.0024150282715975635
2021-01-14,0.0040184043016491255,-0.0005556848678821558,3.214496605541406e-5,2.8064160107588165e-5,0.004142886507492838
2021-01-15,-0.011563610293492066,-0.0052552092442677,-0.005965748399760051,-0.007430545603741012,-0.0064600437380527564
2021-01-19,0.008235015540106527,0.0035797586686254768,0.0031272093587124683,0.004811627633685145,0.0047736319243185665
2021-01-20,0.00908956624193702,0.008304057071716775,0.00839331740371363,0.006616257451260044,0.008614455897015816
2021-01-21,-0.006404347280105416,-0.0031708905155167777,-0.0046906547343995575,-0.004298754466672494,-0.001601333178872899
2021-01-22,-0.0023167724732362505,-0.0007013154643485953,-0.0009865572991134552,-0.001120456121797453,-0.0014126674771429704
2021-01-25,-0.0013643075332632204,0.006357035088295326,0.004619869634311158,0.003992722816432037,0.005355570119985886
2021-01-26,-0.004740623509744246,0.001274397175745845,-0.0017496373976128021,0.0005665713949496443,0.00244931881313204
2021-01-27,-0.022715580783463363,-0.024720589490277667,-0.024240615388093523,-0.023860950498101108,-0.02244180275747676
2021-01-28,0.009192150032633517,0.009435344524914457,0.009931886847820204,0.010106379290109713,0.0059546356786255306
2021-01-29,-0.02125763984999063,-0.016702340107421776,-0.014962093295326162,-0.017278248398586382,-0.015060569293059323
2021-02-01,0.015055314508559903,0.011804330096341742,0.012487411805068405,0.012557508149079188,0.01390227112562159
2021-02-02,0.015224740146963622,0.007536308705296646,0.004890754866799574,0.005164155405587678,0.006796863985444768
2021-02-03,0.003036656212658695,-0.001737069555873827,-0.000662221189845491,-0.0012568427289233464,0.000775213480338488
2021-02-04,0.010106055540146652,0.008761031362634286,0.008412002899830018,0.00922527036414178,0.011506065662370446
2021-02-05,0.009746209070536027,0.010151426717019296,0.01276218158014597,0.012435904057075176,0.013036685057358666
2021-02-08,0.01350693280274684,0.006719985067390688,0.004388378175091079,0.006625444932680358,0.00937899271774656
2021-02-09,-0.0009561766003672867,-0.0015494582808893709,-0.0008861648327903593,-0.0015875066491950474,1.445067039052006e-5
2021-02-10,-0.0007933333333334236,-0.0014026125783671572,0.0004710026903622655,-0.0014361697846391186,0.0006605309242591062
2021-02-11,0.0004612032212221173,-0.0009958704255896844,-0.0036093123387658244,-0.004009464670459373,-6.925462700146934e-5
2021-02-12,0.007642135253103088,0.0026538434138141387,0.004198393819834889,0.004526807068815586,0.004987287620641601
2021-02-16,0.0011972872646941468,-0.004297374654768982,-0.003900375324198624,-0.003154267192454374,-0.0017864628906614222
2021-02-17,-0.001340257060006289,0.003936467644999331,0.003313220358783564,0.0037274601281720443,0.004114616849749009
2021-02-18,-0.007243521306569911,-0.0015305706258260665,-0.0008163893841713898,-0.001130561470566116,-0.004144662999285953
2021-02-19,0.008281388290911407,-0.0037029569012249075,-0.0004189075008396159,-0.0017535104744953456,0.003494645938666663
2021-02-22,0.0003300558900880546,-0.0032044693680066683,-0.004119090319290364,-0.0027953182782137764,0.0035719839007848364
2021-02-23,0.003835420639931586,0.00074554731043186,0.0007086844271304571,-0.0008829129391252355,-0.0003972607432087827
2021-02-24,0.015371331496843998,0.005492037882852019,0.0022970704052533986,0.0032004377864767175,0.0057590505844991036
2021-02-25,-0.030870432665350944,-0.020956606240062015,-0.020822032370727772,-0.022305613628239906,-0.023300056236286837
2021-02-26,-0.008270491059495622,-0.00862679182198045,-0.013248562654897045,-0.011870343594379107,-0.009570315311823174
2021-03-01,0.02635970391370379,0.017979563892860373,0.01862634061599633,0.017608513042076,0.02346491879325141
2021-03-02,-0.004926675946808068,-0.005046036617658012,-0.003966997370952519,-0.003479986660920198,-0.006258617416184498
2021-03-03,-0.0062619632508853496,-0.011885971773204274,-0.01219942026919818,-0.012516001920990116,-0.009768962832479633
2021-03-04,-0.018797739986823103,-0.01391006206030132,-0.01539262746302994,-0.015423372270856772,-0.01828108366805703
2021-03-05,0.02393503110454187,0.019779381046848288,0.02131351015507099,0.024318800162743237,0.023127270290392188
2021-03-08,0.0042289018896628505,0.00449872921354233,0.0008262577543696192,-0.0009278367087500738,0.003463045552424271
2021-03-09,0.008688179717788902,0.006916089165589057,0.007839030238985467,0.007452482793580906,0.005595180662614663
2021-03-10,0.012976257438607863,0.010844253476538723,0.010924494129665119,0.010728434385113284,0.01264384531545093
2021-03-11,0.008913968291268448,0.006621672462380879,0.009744292103128549,0.009706839652743326,0.010018956772894327
2021-03-12,0.005036666666666578,0.003375474236998466,0.003575391702016484,0.0019050301064731379,0.004047812584595523
2021-03-15,0.004637908069689223,0.006745162208382727,0.006898843035113789,0.004902802942901019,0.0016016524331481374
2021-03-16,-0.010872522035033194,-0.003888022140866143,-0.004476097542665425,-0.003143941459775146,-0.002532820874036945
2021-03-17,0.007941496032816353,0.003465086868996936,0.0013507576187219428,0.0026333337075525876,0.002152216759770509
2021-03-18,-0.01447518355647437,-0.015019643084893675,-0.013725044748455817,-0.013892207968959291,-0.011893880305705151
2021-03-19,-0.00041674892361975857,0.0025385316589263685,0.002934920006342434,0.003205910498772724,0.002960146331574265
2021-03-22,-5.0417188070306374e-5,0.007018431852699569,0.004130623606188877,0.006535858614026724,0.002845714380807829
2021-03-23,-0.018276043440703327,-0.010055820836397777,-0.008106833567620209,-0.009656910711782651,-0.015142863698126674
2021-03-24,-0.004930663835679305,-0.011806721938372178,-0.007287086944268717,-0.009541958865275979,-0.012440728850762972
2021-03-25,0.012405465648256842,0.006362126359061859,0.006067493304055649,0.0049311221256327364,0.007151466005405949
2021-03-26,0.019402708550655845,0.011830301188181735,0.017310047714389265,0.017866172068964126,0.01194563873217902
2021-03-29,-0.0063508037711593746,-0.00027305709972524905,0.00046376964466054993,0.0008412860986752868,-0.002822031105312539
2021-03-30,0.0033720716620695423,-0.0010874361885298,-0.0038106914535503966,-0.004300554938160395,0.001748033904857671
2021-03-31,0.001993234445370362,0.001652151927156842,0.003778169334232029,0.0019610839609918163,0.002173029221225864
2021-04-01,0.008843651979539624,0.0068637866515401935,0.007216185881424142,0.00776788784620841,0.00982563636295919
2021-04-05,0.0115588627684724,0.012729205791542242,0.014102216445139204,0.014289779425245008,0.013749919665470234
2021-04-06,0.0018647701269631778,0.0025545988829118738,0.0013106724634439626,0.0007192351858593682,-3.932302909603891e-5
2021-04-07,-0.005386104485740506,-0.003866938858919866,-0.0028831215944817856,-0.0034376198695219573,-0.004981715744586057
2021-04-08,0.002146118224177984,0.004078715334132399,0.0046506093961729,0.0047960749827598015,0.004735414961782869
2021-04-09,0.004002372538166155,0.0017533271047045496,0.00224803028149001,0.002237561085858708,0.002367879755244884
2021-04-12,0.0017043729560615173,0.000898041188492904,-3.790717888085826e-5,0.0002266167113025297,-0.00037609599269972094
2021-04-13,-0.0001666666666666483,0.0025687984302524836,0.002522572727169603,0.0014617420305362838,-0.0004577016619377039
2021-04-14,0.003688440740123422,-0.00065376109136428,0.002705810585781121,0.0021106608825585127,0.0038906394410136436
2021-04-15,0.007451841095609035,0.010721016733340694,0.012917131032014195,0.01328068477230726,0.01359515095751651
2021-04-16,0.005541570079801605,0.00616711114794688,0.005773624968533175,0.0065739924863010835,0.005558738871318081
2021-04-19,-0.008216530528703747,-0.006035440117852731,-0.0063285964274278905,-0.005722950298190144,-0.006654888002686765
2021-04-20,-0.011725639076651029,-0.003751749343573252,-0.0031831831781297115,-0.0032928494081803095,-0.0053576722061897675
2021-04-21,0.013341878166719168,0.008382254231892317,0.005581524202278532,0.009225941431757922,0.010743639131376437
2021-04-22,-0.007949681831810773,-0.007402154507010428,-0.009502812664269888,-0.009686632696229158,-0.009455054283429298
2021-04-23,0.010937364895264423,0.006194913591477835,0.007563551713341887,0.007876510307209816,0.007442504585362997
2021-04-26,0.004047860231762845,0.0003040278040258304,0.0014968460792852412,0.0014261064086871222,0.002981457133042875
2021-04-27,0.0005202631880341091,-0.002171853118525413,-0.0022668620337021883,-0.002510383016932405,-0.0029868104383802274
2021-04-28,-0.0007948141946757525,-0.00024356668838010354,0.0012779329882341983,0.0008087183249263497,-0.0004974921174771829
2021-04-29,0.003457535576577797,0.0036371342658922945,0.0033050683805146974,0.0021492369519844345,0.0005127419517356735
2021-04-30,-0.008720007176184041,-0.0032504534963326837,-0.00487763193931523,-0.006327582438994561,-0.0072958119949741995
2021-05-03,0.01256231671654029,0.003195614857856688,0.004439136199998028,0.006208735009203492,0.006912879877211564
2021-05-04,-0.002159808475750258,-0.005196729632179986,-0.0031339056764205786,-0.004515156465586978,-0.00515053419325362
2021-05-05,0.004576633449965506,-0.0011017667425017308,-0.0007318608287820716,0.0012869900726892869,0.0020603307610069788
2021-05-06,0.00565847693137167,0.0066886092575255685,0.008595810645719792,0.008465544965867933,0.007591007140941963
2021-05-07,0.012053754030912467,0.006471358674273953,0.007513437016102076,0.007280173924971933,0.011492066892179409
2021-05-10,-0.0053813775645110695,-0.005620322949926093,-0.0020615568944698515,-0.0033244368201066354,-0.005068141261706516
2021-05-11,-0.00583542296384032,-0.0038273105361841253,-0.0019357482974416973,-0.0014431123385584277,-0.00019576700077306164
2021-05-12,-0.026476666666666482,-0.020368515676491783,-0.02250758665198216,-0.01977625571736019,-0.024605884341101003
2021-05-13,0.012944753592620595,0.009429876287440297,0.010548496104058058,0.009212774068453777,0.009425087842501734
2021-05-14,0.01423921381801585,0.011036251690393684,0.01091113932085186,0.01049540321198661,0.01254063201469413
2021-05-17,0.0037307347895718657,-0.0005558625192373379,0.0030927994262066605,0.0035929091809063785,0.004012067847167344
2021-05-18,-0.011863379892718351,-0.006393111426755693,-0.00567924090092331,-0.006377658401556907,-0.007190077283393936
2021-05-19,-0.009619146973810944,-0.007606749908688704,-0.008610554449373864,-0.008613451678181172,-0.010340976317065875
2021-05-20,0.008063068918727767,0.010168259236028154,0.008546439866233602,0.009704433508713084,0.01091847655550704
2021-05-21,-0.00022914559319031635,-0.0023296602565284763,-0.002021281481151327,-0.0026932444973283287,-0.004836345130428077
2021-05-24,0.00862965081437883,0.006375772076992581,0.0058547011905154545,0.005975482773179719,0.007183886196494349
2021-05-25,-0.006361572620012246,-0.0020513380382257695,-0.0038063718057925744,-0.0019474470109513975,-0.0033065809689227788
2021-05-26,0.007059534943615331,0.003883927547907229,0.0035306814714755053,0.0029968837065155185,0.0028152464621533646
2021-05-27,0.009553054911911163,0.0010202085108650394,-0.00018554856141106413,-0.0008064777096220554,0.002309090769709643
2021-05-28,-0.00043773587969409,0.00024311310275870746,0.0009523891888008063,0.0015953105541599566,-0.0005663506311112121
2021-06-01,0.006100351717416519,-0.00203686379732404,-4.6110359092299547e-5,-0.0013830186776504494,-0.0005112443826988944
2021-06-02,-0.003261958314850988,0.0005993345434092134,0.001439353018191536,0.0009264272457354394,-0.003190302423502267
2021-06-03,-0.0028416550762792037,-0.004617946938591855,-0.004415753810205536,-0.003776288692598273,-0.004123723019442305
2021-06-04,0.006416906383024168,0.006168500102131436,0.005098420608192322,0.005697893354804862,0.0063522852835598
2021-06-07,-0.002644869168986985,0.0006269288691103103,-0.0005028257152613902,0.0005179481686854448,0.0006534183161064355
2021-06-08,0.004172127609031184,5.984338739084549e-5,-0.0005175321262422816,-0.0013331997307335364,0.0027232982712908083
2021-06-09,-0.006386048328796079,-0.002105803950177343,-0.002199325391401441,-0.001977266488299656,9.429595025922666e-6
2021-06-10,-0.0008124612840083589,0.005588006571917159,0.004920898368893534,0.006418800592195462,0.004262163143069708
2021-06-11,0.0046800000000000175,0.0021151743500020803,0.002712667204730179,0.0014765671020602333,0.0028607349767819645
2021-06-14,-0.005558917598970314,-0.0005051780214063717,-0.0022061275348423948,-0.0017874669666358978,-0.006625717865552216
2021-06-15,-0.0016970218625174116,-0.005507611201401308,-0.005396641233182953,-0.006565480375172128,-0.005572770130755078
2021-06-16,-0.007603583662020519,-0.0068635304045912005,-0.008478783238010101,-0.008007607744463296,-0.007918459722584092
2021-06-17,-0.011104376973565366,0.0007401948368164213,-0.003684208873603323,-0.002247516357694712,-0.005880131882274653
2021-06-18,-0.013376448453033096,-0.011657141328130338,-0.013954231179425847,-0.012326754326469458,-0.010654839647539549
2021-06-21,0.016874011169536685,0.010959193709994208,0.012779913547172672,0.011470366389716213,0.015126301051471502
2021-06-22,0.005114696071385261,0.005042873330436182,0.003978572953057924,0.005055535068265948,0.004880282376705347
2021-06-23,0.001171381801522875,-0.0018731605341945068,-0.0021679099261244783,-0.0022159839228466094,-0.0011408102438059675
2021-06-24,0.008848810217638725,0.005733884350038521,0.004767938438624553,0.005767088752238081,0.006023690619188171
2021-06-25,0.005390793957459117,0.003475072426064374,0.004149592658750478,0.00366126399596034,0.00410020626110752
2021-06-28,-0.005588002334493525,0.0009917892777553394,0.0014298183040957202,0.0023079973240536233,0.0012542485573781015
2021-06-29,-0.001578754882395117,-0.001160911447140256,-0.0023829301832807293,-0.00029542881521538167,-0.0005553033356687775
2021-06-30,0.006177754129134794,0.0017657723439319373,0.0009342232146269946,0.0011305158331584853,0.0025936407265516603
2021-07-01,0.005544857330578523,0.002910751320750249,0.0028200433653957635,0.0010388492191868437,0.003493061122720409
2021-07-02,0.000999971961865409,0.005438463414006334,0.005209417920824855,0.005107252290363462,0.0028524256834450146
2021-07-06,-0.010787114662539898,-0.0010551220193797395,-3.42993943803771e-5,-0.0008584092876099403,-0.003398254134745371
2021-07-07,0.0044804048355950865,0.0028319131486735927,0.004396850331354285,0.004145245371437234,0.002914504516312144
2021-07-08,-0.00970281309890031,-0.00561214563499024,-0.006824314619550242,-0.006280051796378916,-0.008216393282524659
2021-07-09,0.01700389164700833,0.00945954665548765,0.010353331933387055,0.009063954326279378,0.013128214753176604
2021-07-12,0.002479427175540172,0.00113163054297849,-0.0002452874392505633,-0.0007965849805322556,0.0004109789161830246
2021-07-13,-0.010406666666666675,-0.0055280571166546055,-0.00582578492307817,-0.004242122727205144,-0.0079835514145008
2021-07-14,-0.0024970004513635846,-7.206203348808504e-5,3.706275662973546e-5,0.0006867062982680583,-0.0018258225443359422
2021-07-15,-0.0029673780695984586,-0.0019343738665367205,-0.0009482526621584775,-0.001562385765545793,-0.0028447816343283305
2021-07-16,-0.013419021640392326,-0.00465404431689731,-0.0037795169076910717,-0.0036478487782286573,-0.008669110903733346
2021-07-19,-0.015925293793439987,-0.010151404780781692,-0.01199953300849299,-0.00897814032730182,-0.010627875371666762
2021-07-20,0.018289844679563627,0.012275847553266495,0.011564226051967275,0.010402137843054327,0.012962993764080721
2021-07-21,0.01283804425291657,0.0056117111879818715,0.005818046125110055,0.004567201818221234,0.007194370774524117
2021-07-22,-0.0034840935146055463,0.0017220595603295585,0.002845191856740925,0.0011298130689469943,-0.0011519616937588628
2021-07-23,0.007921774242184654,0.010911706449753922,0.012227851249590804,0.011074344511616596,0.011058703914154977
2021-07-26,0.006538636002711318,0.0023650138769126805,0.0024080066892264718,0.0013970679946520015,0.0037649827639147926
2021-07-27,-0.004677144122896659,-0.003352937756839647,-0.0012123946524146278,-0.0040147333994019485,-0.0036061460184363403
2021-07-28,0.002398777512057304,-0.00147873341099225,0.0006202152609369183,0.0007858977144603596,0.004631003723541971
2021-07-29,0.011716651450068394,0.004058107207064454,0.004608159712643056,0.002675916019523772,0.004823689723787883
2021-07-30,-0.005045535661395095,-0.006806010162995313,-0.009472358480418608,-0.006962680346236483,-0.007485571329548746
2021-08-02,-0.003190866974335016,-0.0018489150817433408,-0.002690953321750733,-0.002460667129410621,-0.00403308525854762
2021-08-03,0.007433190208192109,0.004421092329595755,0.006108272961040884,0.006132096934962972,0.006067320169985457
2021-08-04,-0.01072211571570636,-0.007831726474978429,-0.006593266188767655,-0.007601089272404105,-0.0045753118916975755
2021-08-05,0.0081316464302843,0.006624945813906935,0.006405044554215644,0.005726624918095835,0.007578245842895015
2021-08-06,0.0034616220046692625,-0.0014186257829652549,-0.0011339730760940858,-0.0009265418860189278,-0.0003638376535614052
2021-08-09,-0.0024507740736308126,0.0006873141777736791,-0.00017151852738483964,0.0015180007875246204,-0.0005584641587499384
2021-08-10,0.009311035723124084,0.0002040231165947315,0.0016224673129605627,0.0009232761336821493,0.003322152815374624
2021-08-11,0.007846666666666557,0.001494970119635619,0.0029062772554173666,0.0009902019654859373,0.002321455241604431
2021-08-12,-9.149936829011551e-5,0.0011271251277154004,0.0005296250823392246,0.0011274391887192703,0.0005090195618855375
2021-08-13,-0.001286813260437114,0.0031708228208844336,0.0030227001909162166,0.0035598573721151716,0.00046549092754477606
2021-08-16,-0.0022016253974392885,0.0002915341277283101,0.0002903273767023151,0.0019301969845793021,-0.0014968170516967971
2021-08-17,-0.012234707285913138,-0.005287211512818524,-0.006042433768077116,-0.00447464416043053,-0.00952474725183683
2021-08-18,-0.009802343385190482,-0.008994492615560845,-0.009976712237127261,-0.011079236989890107,-0.011838904280995544
2021-08-19,-0.008387712735707153,-0.00010134724679389251,-0.0002706998432104868,0.002339708643986693,-0.002863995402945796
2021-08-20,0.008472707398985202,0.0062754046769102345,0.007140786590372761,0.0061342104286779,0.008588869692862433
2021-08-23,0.012091137964445942,0.006491312035068919,0.005757976205613025,0.006148159177292278,0.009757878910865214
2021-08-24,0.006573797306848261,0.0008699811351406961,0.0009526214562187718,-0.001019592858005569,0.0020839116003010805
2021-08-25,0.004028968545833234,0.0002156241793447311,0.000461274130469036,-0.0006777921869044468,0.0005215185578486548
2021-08-26,-0.00832872973477261,-0.007324538519691837,-0.006469178453605728,-0.005879684535003871,-0.0068378873316191635
2021-08-27,0.01451461957395983,0.007459890612833142,0.008192402753091521,0.007089031574633697,0.01120612573820079
2021-08-30,-0.00045979571306509204,0.0046579991362545314,0.003966121414925361,0.0061075556573049194,0.0028363253874432726
2021-08-31,-0.0013308604866687501,0.002442210143276169,0.0007962509216903335,0.0011587946629223467,0.0007351628063112514
2021-09-01,0.0024951911325410414,0.0032087754917082822,0.0035516534989037396,0.0036058645173759896,0.0027731498620817696
2021-09-02,0.007031541757424931,0.0023722603442841717,0.0037073107441019104,0.0024534941470435445,0.0033285546155321644
2021-09-03,-0.0033108983131054925,-0.001366164035234041,-0.001332221319874427,-0.0004198507879066282,-0.0010062542927041784
2021-09-07,-0.003609419525322566,-0.005532960228719741,-0.0067799685455843806,-0.006322357175981508,-0.006609579808935284
2021-09-08,-0.005027091354093405,0.0023251054547330785,0.0013948145760016573,0.0017564209123974717,-0.0048516030089973405
2021-09-09,9.162681300334263e-5,-0.004924448473133114,-0.004389861942624362,-0.006195853449270428,-0.004358532393205494
2021-09-10,-0.0034999999999998366,-0.004420580878741975,-0.004474447212112098,-0.004459148403660018,-0.0031222734964613252
2021-09-13,0.0010063980598760125,0.0016278551441215594,0.0002912176402944944,0.0013623436999807836,-0.0004637495552175519
2021-09-14,-0.010364064977547494,-0.006972484767755915,-0.004027171077799485,-0.007180913981320369,-0.003933992407483045
2021-09-15,0.010166113553433442,0.004506400990823112,0.00546251636998174,0.006535311774992669,0.0075284192668478855
2021-09-16,-0.006178315855488781,-0.0005241067293830781,-0.004915406473772643,-0.002257455332981273,-0.006105697598646653
2021-09-17,-0.00894950451916865,-0.004831436004352763,-0.007657819242982922,-0.005712023935111388,-0.0063223423113667465
2021-09-20,-0.018090333716740736,-0.01505737454520506,-0.01453649531649881,-0.014955048116992553,-0.017490705481678193
2021-09-21,-0.0024664372076043106,-0.0012052259345013416,0.0003571753878757189,-0.0017041186870583314,0.0017490357894542896
2021-09-22,0.012998965936613649,0.006853856337267539,0.005973766057045804,0.006250858498615841,0.009351618366413295
2021-09-23,0.0133078719787465,0.007987967878954727,0.006753159503004369,0.006935285584814377,0.01097969757236239
2021-09-24,-0.0007954191157001356,-0.00099041604651684,-0.0011730500583291281,-0.001868321063652978,0.0015613547284845097
2021-09-27,0.007822713974338313,-0.002338636245961867,-0.003141005900754168,-0.003502825187919112,-0.0004652450503208616
2021-09-28,-0.015223985636752313,-0.016370983459827126,-0.0161617238257159,-0.016695120723605128,-0.01669208845474901
2021-09-29,0.0004395564752588399,0.003978724293405289,0.0035252604236009066,0.003820498297551822,0.00017592603257132744
2021-09-30,-0.01307852292770828,-0.01214939663219261,-0.012130268422848145,-0.011762651127739221,-0.011968447301807239
2021-10-01,0.014310556190003654,0.008131845912913382,0.005834021659602451,0.006589529515188541,0.0071968213796451685
2021-10-04,-0.0032573950561135545,-0.009687808322616509,-0.007730796894139802,-0.010771359601781771,-0.01156146103565614
2021-10-05,0.007656401208084196,0.0055619726833984195,0.004174682953341113,0.005867219103210086,0.005024707307553555
2021-10-06,0.0003348981596762446,0.003999290558680757,0.005957890190479764,0.0049980585526490096,0.0037357595493763274
2021-10-07,0.010542344085346267,0.008252310444998967,0.008763741871811837,0.009485638614636693,0.013711439271207215
2021-10-08,-0.0026825016094245147,-0.007408884222404377,-0.0046813283951206985,-0.006946422385859075,-0.00393162718229545
2021-10-11,-0.0038400000000001766,-0.006550753267617226,-0.004217579244261471,-0.00521295366775687,-0.0032613142229156455
2021-10-12,0.002349454237605686,0.0001414279950633368,0.001028716195053514,-0.0006985811875881431,0.0004909292171024759
2021-10-13,0.003722073144173166,0.0029544762936877245,0.006271956052322558,0.005952726235759487,0.0060345763080742465
2021-10-14,0.013673652160824279,0.012338702710089633,0.015331682753984222,0.014792349929400483,0.016840667729489223
2021-10-15,0.004280661380961837,0.0027926754312330715,0.00441250670098281,0.003748765517698205,0.0038649793401792643
2021-10-18,0.0046760077191558835,-0.001789136301956984,-0.002024931177220579,-0.002279196142477402,-0.001177049235574823
2021-10-19,-0.0005507915853322221,0.003024241540305672,0.003792594621873757,0.005159334063617349,0.0037908902023278124
2021-10-20,0.004456969191782401,0.003707917699236951,0.0044792844109620145,0.004541639632768879,0.003459605054202397
2021-10-21,0.0015719213549840738,0.0025110008093098823,0.0010052376772964333,-5.526217712825687e-5,0.0019461295773230969
2021-10-22,0.0012027407362700249,-0.001143242491225438,-0.00046844021149983206,-0.0013367364282007577,-0.0009047284092251751
2021-10-25,0.009010782660397343,0.004016400460684633,0.004328830754456892,0.0033094269541587007,0.005886558100697714
2021-10-26,-0.0011552089332090842,0.0024513383348525597,0.0015571459380250285,0.002344048829123091,-0.0003028067139753121
2021-10-27,-0.012806076639436559,-0.005818144476824605,-0.007869917746933242,-0.007723931140347418,-0.012529665007297242
2021-10-28,0.011821900224411097,0.008848375916785223,0.008480215945208425,0.008435199966049245,0.009822177102648988
2021-10-29,-0.0024914605473875806,-0.0027404522873351045,-0.0037797926712357377,-0.0009028115674896142,-0.0016278097028716854
2021-11-01,0.010730913571977307,0.007258354021548286,0.004676035615035046,0.0025583150611778738,0.0057925184384657324
2021-11-02,-0.002482864271299512,0.0022245273572760738,0.003838742552411789,0.005549079440624993,0.004382813880390746
2021-11-03,0.008885458264238366,0.010149665135714026,0.006860053872197236,0.008910394254384668,0.004754990116785818
2021-11-04,-0.00022440392977030044,0.0021022295238606326,0.0012918326393054347,0.0011281022557965148,0.0033449240917096112
2021-11-05,0.009975967197970892,0.007730934813492629,0.007245434254969263,0.004674974182567793,0.005877636868169889
2021-11-08,-1.953248930308682e-5,-0.0035006936280691514,0.0006891576881691286,1.8624525359944855e-5,0.0027862224749373166
2021-11-09,-0.0047599999999999865,-0.003532297451006805,-0.002130452009019068,0.0013677721538192245,1.2450889324444603e-5
2021-11-10,-0.008416787240598356,-0.0017127898337917502,-0.003273510312875705,-0.005122012555759503,-0.008802036527913004
2021-11-11,0.004334997757085235,-0.003252609530670636,0.0022560022664595003,-0.0015904951529727152,0.006430971584333811
2021-11-12,0.005237420951384131,0.0032799289774072538,0.0043873869570232316,0.005138648467928109,0.006606029942425984
2021-11-15,-0.0020717891750792194,0.0011697637692151819,0.0014793285951317792,0.0012683529171744201,-0.0009543567254199914
2021-11-16,0.0015457308955844073,0.0007936905129219962,-0.0005554451846921937,0.0008251554959264329,-0.00027266192885322393
2021-11-17,-0.0056715272979820375,-0.0012339674766469466,-0.001876904313022898,-0.0028751874510657416,-0.004698077945966994
2021-11-18,-0.002920403131830396,-0.0007958605228679527,-0.0003911713956971097,-0.00043437727766681977,-0.0005473873447812139
2021-11-19,-0.0050774358101565165,-0.004180499057626186,-0.0033810677012885426,-0.00364506011927912,-0.007866358708527033
2021-11-22,0.003516079570721642,-0.0013885851193708998,-0.001757791127158792,-0.004529741854661706,-0.0029628950731589443
2021-11-23,0.0020209631105359005,0.0008307794151840575,0.002034185848016845,0.0010616472920503828,0.0012581563413835983
2021-11-24,-0.0004222990208502253,-0.0006542400934473891,3.1443770759143064e-5,-0.001016160019535417,-3.837192988120908e-5
2021-11-26,-0.02467091956144085,-0.01773380194671459,-0.018111897506034924,-0.015328436481366725,-0.016955106202604875
2021-11-29,0.0054505973561609355,0.006108509943418161,0.007945596645743347,0.0067553621881144554,0.007370484321172599
2021-11-30,-0.02298120719653418,-0.022748765465615217,-0.022787331401994848,-0.023662441204765683,-0.02035027373875775
2021-12-01,-0.014323861861433862,-0.011607402132844835,-0.01013897324437718,-0.011354480475303408,-0.013529235948420593
2021-12-02,0.02139634618817876,0.015814347920042993,0.013310629952219433,0.014370165393327694,0.015281231746623991
2021-12-03,-0.0046818318324551855,-0.0018121979738857652,-0.0022163844430095336,-0.0005651945924133317,-0.002884857234476512
2021-12-06,0.014280983484174614,0.014647427860960072,0.015361781440148548,0.012087537847274454,0.012884954591333875
2021-12-07,0.014544259679073468,0.011176658988595767,0.01399077692121109,0.011424338868762929,0.013427731586340474
2021-12-08,0.004422480729655565,0.0023664408813486304,0.003013658399478425,0.002292648738441816,0.004723294960350399
2021-12-09,-0.009573333333333434,-0.00554418348367447,-0.0038749699157542006,-0.005746776670333853,-0.006416847603813891
2021-12-10,0.004188586063918587,0.007328511460075182,0.007411595027637885,0.007826655687777517,0.005360856000560021
2021-12-13,-0.0106749126944643,0.00013152445766539955,0.0037317452778846683,0.001226434327820991,-0.001810141368486451
2021-12-14,-0.004316593257028045,-0.0019449731887578592,-0.003531175853510371,-0.0017325431285044601,-0.003677919278149755
2021-12-15,0.008520745291716203,0.010782299665350381,0.011706372894448425,0.012231041560978317,0.008479680023073088
2021-12-16,-0.00175477434006166,0.001385524970895835,0.0027059986567949945,0.001869490975792365,0.0020737089076474646
2021-12-17,-0.005933829179816996,-0.008527066379872661,-0.009403816426240552,-0.007263439705859853,-0.005623234143261491
2021-12-20,-0.01413752653892586,-0.005578685081040313,-0.006029945391227698,-0.005653396153677992,-0.00931098330423008
2021-12-21,0.022582701314892706,0.008851930190367785,0.006975106841116574,0.007837642388502042,0.014334956451691916
2021-12-22,0.009094853773900624,0.008233735413749832,0.007388824415305306,0.00681332751356134,0.008692448893315552
2021-12-23,0.007194684026176068,0.0053731711039590735,0.003914613269630829,0.004584740263735343,0.00775090299119352
2021-12-27,0.011960299752554526,0.0068775341533082734,0.007914237203766827,0.007069857866335072,0.008873060813589184
2021-12-28,0.0005894677001490045,0.0027690324170994707,0.002871438448370567,0.0022564274994301137,0.0014596927983436814
2021-12-29,0.001973875234764,0.002590613061056901,0.003211356446039204,0.0022636425508739677,0.002070418847057498
2021-12-30,-0.002300311886280215,-0.0007007796307264558,-0.00037926784654807033,-0.0008218117452752915,-0.0004884376296686588
2021-12-31,0.0016752814814968708,0.0011725653924050672,0.0021006641037415452,0.0003635390965501806,0.001206197396778963
2022-01-03,0.006384489670344662,0.0020042554304857685,-0.0018470168819884059,0.0013810287250617392,0.0004320410299969435
2022-01-04,0.005863458483625239,-0.001085205660300459,-5.1174945407517214e-5,-0.0009557112131521883,-0.00030700077850309704
2022-01-05,-0.014394839995227837,-0.009032442478460911,-0.008289712642987057,-0.007998543046201068,-0.01415600571509601
2022-01-06,-0.00040315286049830146,-0.0028041993377928565,-0.005090160988636017,-0.0030557032896466607,9.34407766028933e-6
2022-01-07,-0.00419502430650176,-0.0020676991914723164,0.0006337917842105245,-0.0017596756334642416,-0.004665754610487238
2022-01-10,-0.006040000000000045,-0.006524744341951605,-0.0056700951160623125,-0.005141060028824529,-0.0072038565753286266
2022-01-11,0.010066196828846241,0.0043689596746168124,0.0048700680937874274,0.0064691465169575135,0.009105258947143646
2022-01-12,0.004941370222045549,-0.0007752870200955497,0.0016719077863407428,-0.0004316436312494787,0.0021221774419812878
2022-01-13,-0.007364105055732262,-0.006436929378526357,-0.006495997990539126,-0.006628730763193591,-0.007846938387059188
2022-01-14,-0.0002064138382862346,-0.002610530650440035,-0.0013879266377307964,-0.0006358081956474582,-0.003308015264446462
2022-01-18,-0.017087344013356875,-0.015831619018696896,-0.014415434105645608,-0.015511014437690762,-0.015224732465840995
2022-01-19,-0.008998431054204725,-0.0014494560423315983,0.0005609766636627267,-0.0007648128204449378,-0.00033092596599615387
2022-01-20,-0.014886560939827875,-0.009924611669707595,-0.009899441690229382,-0.01140433424748355,-0.01275243342618515
2022-01-21,-0.021325450187753336,-0.012036479495307284,-0.01192830702040193,-0.01328231352377729,-0.015389529103389421
2022-01-24,0.005518377179031919,0.002101146680290711,1.4078427194030851e-5,0.00251462122239543,0.0042261043301341505
2022-01-25,-0.009210879369607294,-0.011558917532706214,-0.012285170185822203,-0.012002968981768336,-0.014104223305107078
2022-01-26,-0.009079398708314868,-0.00977348680503154,-0.00853216782256705,-0.011049778981230607,-0.01028535819475751
2022-01-27,-0.00680896243570428,-0.002701818222759611,-0.0009130595500509431,-0.0008722109496979158,-0.004898849882603362
2022-01-28,0.014168371639607491,0.018663409293113054,0.014883152366519159,0.019186836519483386,0.01674788739952704
2022-01-31,0.019608319832628007,0.014488192924146492,0.013962831683477228,0.012894222971372216,0.01757342675927176
2022-02-01,0.013850042879870239,0.002096241837891366,0.0017565036137130452,0.002461531839704323,0.0076128244875033335
2022-02-02,0.0029664945428575784,0.005031596488060286,0.007667930344423146,0.006992443352201283,0.0037823872931221914
2022-02-03,-0.014437999444746663,-0.010526615128419792,-0.012718508740040213,-0.011059593557571357,-0.0152603939651772
2022-02-04,0.0005318650598189478,0.0018347972174810323,0.0005587985147590402,0.0004498058297881524,0.004385212192552945
2022-02-07,-0.0001721244487795648,0.0013437833884137884,0.0021943949694120946,0.0011819059461746217,0.0016403870188366199
2022-02-08,0.012586880190718297,0.007617279682551992,0.007988917929613981,0.008370561536558352,0.01111566611697512
2022-02-09,0.016133333333333333,0.008321149543226714,0.007379497845029226,0.008765911424199135,0.012251858602859711
2022-02-10,-0.013296804881249069,-0.01319982746710835,-0.015323223646759643,-0.013740407221335404,-0.012691073163398237
2022-02-11,-0.011210737894236766,-0.009139848451234722,-0.0067423313755635705,-0.0097655139998446,-0.00887656342604215
2022-02-14,-0.0027256722964591473,-0.003318416145945746,-0.004805532269356427,-0.003569226700310124,-0.0025777030993276995
2022-02-15,0.017466006000705914,0.008376492409279956,0.0059067546014850425,0.008270677273724658,0.014357342387462557
2022-02-16,0.0033654306127639533,0.0020794380840152282,0.002869101849304334,0.0011719890722234894,0.004691001136754913
2022-02-17,-0.015523779264404958,-0.007467442007128344,-0.004882050556264561,-0.007805544698363032,-0.010388832670802484
2022-02-18,-0.005130339223541447,-0.0029932557799090542,-0.00278908701400038,-0.0028046423723911973,-0.005146164329520975
2022-02-22,-0.014330607202402867,-0.009334880015586577,-0.008220949322367943,-0.008646998011303642,-0.009473107280073556
2022-02-23,-0.0141481170002693,-0.01569661845766024,-0.01272902646168006,-0.01410195523993063,-0.014432858584923935
2022-02-24,0.006084426432344747,0.0018892006970938624,0.001334324714392432,0.00182454370323204,0.004956701820366671
2022-02-25,0.028232390197458157,0.02797144684475472,0.030442089991055132,0.028051320206600616,0.02970095633515002
2022-02-28,0.00013966067378734515,-0.007288706031563397,-0.006704355423590935,-0.008736375849084155,-0.0056775274866268655
2022-03-01,-0.011871100341585672,-0.009545970511262714,-0.007372622940582607,-0.008953529554504902,-0.009624438528343826
2022-03-02,0.024038953488052073,0.012802878392770278,0.013110894767495829,0.012528732820380695,0.016330339773517277
2022-03-03,-0.0019100558150647595,-0.0012253988872078514,0.003572950562820809,0.0007721551011050654,-0.0020364693040189064
2022-03-04,-0.004353645685240881,-0.001738627220919442,0.0037850030818544766,-0.001810296537057332,-0.0013740914130132564
2022-03-07,-0.03259058160897421,-0.024373363727111852,-0.018089797415303588,-0.02192348868202998,-0.02617137467821351
2022-03-08,-0.003258827719655799,-0.015638570512929384,-0.01707462581336716,-0.018124075802954942,-0.010617256869842051
2022-03-09,0.018652664403983943,0.01366936654879658,0.010363145250718464,0.013323472087486188,0.017801852487017378
2022-03-10,0.003003457835514034,-0.003007701997102208,-0.002221291594734387,-0.005382083717339614,-0.0008634570410759324
2022-03-11,-0.014026666666666632,-0.01081072945921846,-0.010022717240120604,-0.010296798175629895,-0.010762219137067541
2022-03-14,-0.012202054484232394,-0.0052549499031826485,-0.006072359980830777,-0.005031499668460171,-0.008102701749849839
2022-03-15,0.018537580392153474,0.019262898394731165,0.01737993362861756,0.01861276066132822,0.017269563629895845
2022-03-16,0.020098028741619034,0.013688538693064745,0.011648387231288693,0.012896351068167222,0.017760004119194983
2022-03-17,0.015308023781035685,0.012236708322572065,0.013063155466603416,0.013318893182508784,0.014727111087152744
2022-03-18,0.00879243901362714,0.005858328161163273,0.004769774338843291,0.0068977293349608,0.0048704245843043115
2022-03-21,0.0010973645418816957,0.0008784752381405525,0.00337245742325476,0.0020479211347745885,-0.0007072883986365408
2022-03-22,0.008345285478393416,0.007985841745653754,0.005669809349970967,0.00711685203103718,0.0066666204517313865
2022-03-23,-0.007609773539686282,-0.008481833245939097,-0.007324962733573082,-0.008874468358733067,-0.009157295868903792
2022-03-24,0.010369445793361853,0.009248585901086459,0.009320019092192267,0.009285747269878186,0.01103731092127025
2022-03-25,0.004896730963906304,0.006561076397400889,0.007748958628234881,0.005894662917470317,0.005220997017874263
2022-03-28,0.0013554661132790802,0.006382530585321122,0.0036810924003500833,0.003532101701285928,0.0031491223470914154
2022-03-29,0.013015838259704315,0.011443400751542931,0.010192341124078963,0.01067077599481081,0.011619217360290035
2022-03-30,-0.006700726881751051,-0.003590614024624128,-0.0028908647966138235,-0.004460794112739586,-0.005830731744398854
2022-03-31,-0.013732005823638538,-0.009314006378335571,-0.009266966934285636,-0.010810579990168101,-0.011709362211859253
2022-04-01,0.006356633528318945,0.012265995244197248,0.01332045995035136,0.012746897738984186,0.011056651460564115
2022-04-04,0.0030575785279844947,0.000731264883299998,-0.0005217391737083465,0.0016626172833089647,0.0015267888755641223
2022-04-05,-0.01539105687808029,-0.007972116183587952,-0.007710988440154387,-0.009128512036465364,-0.010520227677135563
2022-04-06,-0.007926342584852808,0.0014593207049491408,0.0026871994718060677,0.0005037873774635937,-0.0033037642758549923
2022-04-07,0.004222326676130539,0.0069471983995996744,0.0071939626763912745,0.007741026834390929,0.005272840673916646
2022-04-08,-0.0006569664383112572,0.001881471588560002,0.0031964213704311906,0.0029525093807121205,0.0020342397924786315
2022-04-11,-0.008620000000000072,-0.008811816481863799,-0.008835167332769234,-0.007018472435651124,-0.008942607310220563
2022-04-12,0.003353608774301131,0.00041021707135668883,0.0006704938965307328,8.782122031458783e-5,-0.00023950246631787575
2022-04-13,0.016009758371498206,0.010080001511417969,0.00885646773491855,0.010453870066362336,0.015103180620190004
2022-04-14,-0.004600252097632596,-0.005226136225328637,-0.004915905754866334,-0.0061611876652243325,-0.007239531336314053
2022-04-18,-0.0020520598399872414,-0.006071594963101168,-0.005615480976439602,-0.006341375454392284,-0.004897762993992361
2022-04-19,0.017091520793341308,0.014309396608997327,0.012264326710744955,0.013540153590043014,0.01492215051213952
2022-04-20,-0.0032208104175048824,0.005934127262812616,0.00769169166486261,0.005900740226814971,0.004765917043682455
2022-04-21,-0.016798965891822837,-0.01423754445546388,-0.01698002247627106,-0.016869158856278488,-0.021075352132754577
2022-04-22,-0.028185034594674918,-0.02445913889185114,-0.02533561239355986,-0.026818502634665453,-0.027651198002145327
2022-04-25,0.0017440259007763803,0.003932330485575397,0.002937893726877583,0.004629720498511736,0.004491271324562174
2022-04-26,-0.023848670969199293,-0.021288752493997976,-0.01901468230568637,-0.020657152272678725,-0.025464567001943106
2022-04-27,0.005451683157417397,0.0015495983449251849,0.0022152228705409893,0.0032083255615940054,0.0026902215091058057
2022-04-28,0.017762110744747428,0.01488689205073368,0.015292112660701296,0.014668698917454481,0.01696776650004983
2022-04-29,-0.0261811148191754,-0.03348994570342578,-0.03299589914921419,-0.03384930785167317,-0.031604250026287306
2022-05-02,0.002718149848664586,-0.0048821359406622244,-0.006687110347670777,-0.005566974190794549,-0.0008944078954842283
2022-05-03,0.006323630295917981,9.670316592735873e-5,0.0013847872698493635,0.0009102464038690528,-0.0026932296340220763
2022-05-04,0.02961222738319913,0.02437432737942813,0.023480170736075445,0.024719628733668175,0.024267667239861623
2022-05-05,-0.03277879598364242,-0.026847117361167072,-0.02598316581005511,-0.027263195349050195,-0.03351494455952031
2022-05-06,-0.010667105965081358,-0.003712953642362682,-0.003803806592842185,-0.006425525685058386,-0.01698858980368234
2022-05-09,-0.03157853319441295,-0.017761421997343207,-0.016481844979935878,-0.016657159400559562,-0.01967185541900396
2022-05-10,-0.003961702316725435,-0.00455328885470041,-0.00544966099047639,-0.0035865811883968313,-0.004000970581543473
2022-05-11,-0.013860000000000094,-0.008855201844658045,-0.006996995988239996,-0.01119206683614149,-0.01510832813860219
2022-05-12,0.0026217011107283472,0.0030240541926422893,0.0016435192414725464,0.0034207576082940783,0.0040763311471576635
2022-05-13,0.023828782813367422,0.01849355686955012,0.017740362617474803,0.018486338925198575,0.02013678871000746
2022-05-16,-0.00433593499348961,0.0008747447751482618,0.0023102115567246173,0.0009861701844726678,-0.0036927308466697673
2022-05-17,0.0217086623503564,0.009372877768958787,0.008545703480198341,0.010798461587294694,0.015383055627665954
2022-05-18,-0.03898555739001641,-0.04595994241874868,-0.046210920079431506,-0.04956281195367884,-0.047671120163220726
2022-05-19,-0.0026648538574616243,-0.004306450810767859,-0.00450745162291577,-0.002412432958670774,0.0010837197493112072
2022-05-20,-0.003499793161761189,0.002770673772155785,0.00365853441528885,0.0036036592053128036,0.003001505574898422
2022-05-23,0.016978455654181213,0.014636215644936668,0.015033918790492429,0.01598080118737344,0.012725929998969265
2022-05-24,-0.009529052934265092,0.004413450737359215,0.006364102880673794,0.0024473567352640835,-0.00613777283816308
2022-05-25,0.013933588059046098,0.0058669703865221745,0.004575349013868246,0.006031896653505564,0.008251744020741913
2022-05-26,0.02289543994074572,0.01284401932574597,0.011156338079234551,0.013288140119184888,0.01636026278555902
2022-05-27,0.02130569561907314,0.016561400863447817,0.01576134386250594,0.01678373732278926,0.02048708769840424
2022-05-31,-0.010307286926246606,-0.007759444355608158,-0.00934042622275466,-0.007982953258902414,-0.006866245474442034
2022-06-01,-0.005826376295154034,-0.008485945364725578,-0.00787303392102967,-0.008816172058094929,-0.00988326676233775
2022-06-02,0.020561045083280494,0.014512122982023756,0.014421460126745389,0.015847245107693864,0.02027444181152327
2022-06-03,-0.012821241983973275,-0.01044105363592418,-0.009310941234369818,-0.0109577126502729,-0.012824587022634337
2022-06-06,0.006327604517764929,0.003457688154671512,0.0037146908871092954,0.003427009944325654,0.004616682124362281
2022-06-07,0.01240483613043697,0.006639020985639066,0.0070779512371099695,0.006988185678677539,0.00719873634534296
2022-06-08,-0.014449057248941521,-0.011283019809686379,-0.011980724349032856,-0.010099944890661683,-0.012899832441382597
2022-06-09,-0.0219448656385427,-0.0205560803351561,-0.020945323606038846,-0.020725615600300507,-0.021407368908960556
2022-06-10,-0.02613333333333312,-0.014965726055665374,-0.013414225000143554,-0.017246268785723218,-0.018438112207854962
2022-06-13,-0.044475781078860965,-0.034542471685070186,-0.03404884584578527,-0.0317446512666526,-0.03902139231632773
2022-06-14,-0.004337321124597948,-0.01320485791241488,-0.014290499188627681,-0.010673361194133535,-0.00956544034108553
2022-06-15,0.012615267165873245,0.009396791795027948,0.007929003365709786,0.009731354625519106,0.011897724230027551
2022-06-16,-0.03750266055357865,-0.020212607802124083,-0.018181717775816453,-0.020381722067001062,-0.023202625150941847
2022-06-17,0.002494231159254401,0.0010889869372043837,-0.0010444339978014083,0.004816311512445992,0.003302157598793043
2022-06-21,0.019243373968433453,0.02316326517897238,0.021185519084309323,0.02200824279979563,0.017294116547550198
2022-06-22,-0.006934315450949802,0.0030794749952505196,0.0008430082754566914,0.003996755643355776,-0.002018803471611541
2022-06-23,0.004376375302427293,0.014104299511353391,0.011469903078919819,0.015836815561259154,0.009519867396238224
2022-06-24,0.031268015426939355,0.023386449224944483,0.024095563555764254,0.022878330737971186,0.027366520208797596
2022-06-27,0.001547772228800648,-0.00024497930570432924,-0.0004319463603321694,-0.002482886560409958,-0.002026024005378102
2022-06-28,-0.016767729949047294,-0.017103634817039026,-0.016241398619248004,-0.01963416417500452,-0.020978829292040202
2022-06-29,-0.006528852087328452,0.0035554816697920266,0.0032072917294714287,0.005614086275120167,0.0005383470976638716
2022-06-30,-0.007946325848749325,-0.005017055299548989,-0.005980025422986035,-0.005688460654537986,-0.00679982556290859
2022-07-01,0.011840493157348364,0.01665780251665594,0.016015069279056604,0.01471204781149904,0.015049728065971157
2022-07-05,-0.005894632219036966,-0.005428117683444755,-0.007457721522966643,0.001325528203522941,-0.0013520432959513995
2022-07-06,-0.0023859275222416487,0.0030843370148554428,0.004037618478450522,0.0032517498236577236,0.00035292949342524693
2022-07-07,0.019188245100355994,0.009109252944099477,0.009304045594917376,0.008443727691080483,0.013552611466399522
2022-07-08,-0.002514541769808476,-0.002649696025761372,-0.003770473654450379,-0.002447601791959464,-0.004410628002328831
2022-07-11,-0.013120644694997408,-0.007578608922886976,-0.006658826990865618,-0.009002798054750571,-0.012726239143340368
2022-07-12,-0.0009574099129341374,-0.005089233650217739,-0.0061846950606084805,-0.004170856260123146,-0.0037619356995651776
2022-07-13,-0.0007366666666666077,0.0014490058644258674,0.0006147706705854628,0.000906137598351453,0.0006863401269101566
2022-07-14,-0.008425789998632083,-0.003460617888354278,-0.00479721078501838,-0.0011364708767772624,-0.009667158779469776
2022-07-15,0.01618018911798491,0.009567822589807262,0.007523780747809905,0.01045598204747078,0.014511349138134566
2022-07-18,-0.0006856936934176439,-0.008350662026915368,-0.007850027846090235,-0.010076162315029391,-0.0028102628331554413
2022-07-19,0.0291572870257657,0.016884804604749615,0.01613033901723604,0.01853893694340436,0.022508483961547476
2022-07-20,0.007294321586343466,-0.0018656500984017832,-0.004627763194394396,0.0001631602602949478,0.0028568778670297057
2022-07-21,0.008369319352833804,0.0035889217407658602,0.005591320132500632,0.003976639765163936,0.006673786697673378
2022-07-22,-0.007447836056273083,-0.0015326129206401085,0.00033782556706141165,-0.003226519672377526,-0.0031315664453096526
2022-07-25,0.004970282362308787,0.003012716196046039,0.0027822748358417027,0.0016797225195108734,-0.0012212206278124915
2022-07-26,-0.007989605646517628,-0.004743643090284633,-0.0016204469128374699,-0.005816751098611461,-0.007408437082668695
2022-07-27,0.022285624784758484,0.012106595469307813,0.009555919280481495,0.014022728216418034,0.019823462266310043
2022-07-28,0.013173466161080283,0.012142694194400727,0.01432605224950212,0.008426005174591467,0.01156628865316156
2022-07-29,0.011245729899121315,0.004187685255130136,0.003946954892909638,0.0022699441582254565,0.00787325138837125
2022-08-01,-0.0012620829807866718,0.004251115516868964,0.00343009706495212,0.006105325619766733,0.0021403703741240676
2022-08-02,-0.008154064977019537,-0.00658103885451744,-0.006828639670412584,-0.00682309932958558,-0.008041770830194528
2022-08-03,0.008912662866784382,0.011846586061524667,0.009535573037826817,0.014556805855443056,0.011464213613599172
2022-08-04,-0.0011614594889093333,-0.0015375254992614495,-0.0015419706546894174,-0.0018995255575460224,-0.0007227976631293265
2022-08-05,-0.0007262805189858224,-0.0011363310299571383,0.0005807393833601182,-0.002022514779777773,-0.0013684552434822805
2022-08-08,0.004120609982291468,0.0013356704366200844,0.0008411215708439279,-0.0003559509135420136,0.003621287908419424
2022-08-09,-0.0063293884248332155,-0.0026431019504614683,-0.0013662841148559535,-0.005057083420148545,-0.0027602314388945892
2022-08-10,0.024424778496059618,0.013953433952990535,0.013454491424733428,0.014932963349802764,0.018957454181721678
2022-08-11,0.005216666666666647,-0.0026318831205716098,-0.003344640849412328,-0.002501940475615916,0.00018498334478977974
2022-08-12,0.016664422927063827,0.013261597231910116,0.012970746708696579,0.01357714837352808,0.011482042300523965
2022-08-15,0.0017606545954593766,0.00646676443402705,0.00550615548581046,0.007585339459535323,0.0010729464556131774
2022-08-16,0.004284956447651922,0.007197448552699992,0.007427586662727581,0.006269899684161029,0.007340041830032229
2022-08-17,-0.01112928186700346,-0.006455466833228396,-0.006349809249197591,-0.007142520146856124,-0.010581724588937691
2022-08-18,0.006057669997216575,0.0020889183593957306,0.002595753669021983,0.000694367773510951,0.002351614333690355
2022-08-19,-0.014189361245055876,-0.007458912363151771,-0.007380824303652278,-0.007586395652521727,-0.01191837961272435
2022-08-22,-0.01825790999325927,-0.014262882599043736,-0.01375904580252374,-0.016010105642832007,-0.01656524840800966
2022-08-23,0.0023293170875418046,-0.003202374274474562,-0.0023642306446802763,-0.004777745230132413,1.110239269852542e-6
2022-08-24,0.005341592242141591,0.0033725949821861168,0.0031874855746656383,0.0032334240477742693,0.0025018590970327104
2022-08-25,0.015377804951001384,0.008678250688924471,0.00891729562831478,0.009054199896346926,0.014077567297872795
2022-08-26,-0.03023320329638468,-0.02625819280573094,-0.026527287771185293,-0.02896240840122355,-0.02805944322486298
2022-08-29,-0.005977014472533737,-0.0038868206353509516,-0.004249300274224099,-0.005242327788231083,-0.007355691408584386
2022-08-30,-0.01612751852466232,-0.011692286739645397,-0.012073329114908882,-0.009337638536618842,-0.013995648712565867
2022-08-31,-0.007161423208260187,-0.006938417050682766,-0.007622449740115278,-0.0076389364917865965,-0.007327597041388301
2022-09-01,-0.004011560840416872,0.00686179967989986,0.005685140241311837,0.006683196360510735,0.0021897627994738045
2022-09-02,-0.006266954660045121,-0.01043721922021379,-0.009929902259977696,-0.012616415768820444,-0.008670780995624572
2022-09-06,-0.004511000031981571,-0.005489316308062042,-0.005988238972764126,-0.007565296430086965,-0.007896332746161527
2022-09-07,0.017765038848298387,0.022462322047975603,0.02263069813350249,0.019606393209403494,0.020712046708061038
2022-09-08,0.004679863591403599,0.0039972469165503455,0.0042928499580487944,0.0024877210528149174,0.009534139652101592
2022-09-09,0.018386206755460988,0.011341722507304253,0.011161773719174928,0.012371686208195953,0.01724890387976008
2022-09-12,0.007616666666666605,0.007249361099997076,0.006722704046506767,0.007836339052544217,0.006914812287938554
2022-09-13,-0.0399285634417853,-0.03523788993793142,-0.03521669502477931,-0.039310768167919896,-0.03549339759114467
2022-09-14,-0.00014945191987469908,0.005126418597547255,0.003742452052363454,0.004095700060063878,-0.00019188947668014045
2022-09-15,-0.008948191813343831,-0.0100509061604801,-0.01107339819094022,-0.008853390006895445,-0.004868134899792986
2022-09-16,-0.01195593536545203,-0.0037688225586884894,-0.002961345637117363,-0.0022940733811004366,-0.007821093378394539
2022-09-19,0.01226311120788437,0.006431704269446836,0.0074598472870732735,0.005242589240087803,0.006858979461176196
2022-09-20,-0.01327292145126513,-0.010327896350565302,-0.00962311368950508,-0.008623111334142064,-0.01231893041778076
2022-09-21,-0.017228999832398784,-0.01292015074280306,-0.011355025382774664,-0.012188154649493854,-0.016702703166757038
2022-09-22,-0.014274490911108106,-0.005152628370937107,-0.0027754250619017595,-0.004760581306600287,-0.008201142585573473
2022-09-23,-0.02382655437600356,-0.015492883478969821,-0.015496566460318717,-0.013338889562944711,-0.019980991106155477
2022-09-26,-0.011477195034628629,-0.007937109687264354,-0.007046303032291035,-0.0057300691484087896,-0.007174017760733897
2022-09-27,0.0009244371819303598,-0.009876890389796222,-0.00998588080943108,-0.0092568740024902,-0.006406000097638476
2022-09-28,0.025596033951416963,0.019674948300475448,0.01978365942919158,0.01822458873921806,0.022760428557873302
2022-09-29,-0.021115893057431667,-0.020421678762616913,-0.01931482228782211,-0.019136938195487008,-0.016859062482529774
2022-09-30,-0.01413431863127601,-0.01553475666097237,-0.015261773254961919,-0.0162905511767516,-0.011259520016063784
2022-10-03,0.02808537813239309,0.021983450066600074,0.02279803766036692,0.02229497778074041,0.023065939848223138
2022-10-04,0.03382374022243728,0.022968096149931005,0.021551674902761553,0.022199580425893872,0.028220489114359593
2022-10-05,-0.00327521351970006,-0.006148538204662879,-0.006332953761097437,-0.0045227825367983865,-0.004171418719459141
2022-10-06,-0.008486510509967848,-0.014711264691838921,-0.014454831739984852,-0.012593116563256457,-0.011673910377234198
2022-10-07,-0.024645494031281467,-0.020285756285307932,-0.019745378947508385,-0.021522119117264538,-0.023409272864883368
2022-10-10,-0.002064157439513492,-0.0007541506234878259,-0.0005649936171178149,-0.002006195854172499,-0.0006767243209626628
2022-10-11,-0.003423333333333556,0.0024711256933589443,0.002299457957052331,0.0027310563402647148,0.00046733732412129747
2022-10-12,-0.001945882404096544,0.0032250779899813953,0.0008710125146582648,0.002581478827401451,3.914104679814123e-5
2022-10-13,0.02150531684151824,0.018274304228648175,0.01772149125778677,0.019204784395343344,0.016683787908192027
2022-10-14,-0.024534882004325076,-0.02133391481599367,-0.021742211395641253,-0.02151145271486765,-0.026013052690664673
2022-10-17,0.024675306183691514,0.020905052677841818,0.02114338376675584,0.01970336808757378,0.025974805286413716
2022-10-18,0.012976983172754641,0.011222664832152951,0.011399378997315468,0.011200337666734894,0.01001847224091068
2022-10-19,-0.010160600527601149,-0.011968142455935138,-0.013051858932637606,-0.010262689235334799,-0.010238444962744064
2022-10-20,-0.011678220057045552,-0.01224940108808159,-0.012676651421197005,-0.010999328540013509,-0.010447358894355996
2022-10-21,0.026578421241832295,0.019217205410492877,0.020079871728411858,0.01828793339406487,0.025323552432129137
2022-10-24,0.005877985948341546,0.010762348830470003,0.011340025788060037,0.01442980750591416,0.0023287344272475696
2022-10-25,0.01955734296951328,0.015331147313762727,0.016069488334795157,0.015355731490340085,0.019919901924509986
2022-10-26,0.0009489971285987497,0.002830737774980996,0.0033766994105886017,0.001820664599178512,0.005755660475041058
2022-10-27,0.00011275869408788886,-0.00047460028604873195,-0.0007483441580800054,-0.004157013619111138,-0.004951114078253993
2022-10-28,0.016781941243950937,0.015143542754481487,0.01378916110384143,0.0197091704090413,0.010837630923250963
2022-10-31,-0.005113156545425324,-0.00570506324213238,-0.005578084375438164,-0.006168335840314287,-0.0064312077597478146
2022-11-01,0.0018196076686249896,-0.0033095071641128238,-0.00251868261910948,-0.00493185429506704,0.0006558791368547201
2022-11-02,-0.027729393858755502,-0.0205959727174041,-0.020166910921528003,-0.02105770495469883,-0.02455835317254973
2022-11-03,-0.0007581322015419723,-0.003329426792174295,-0.0025318616098355395,-0.00739033439213721,-0.0015257467179522477
2022-11-04,0.0188679249122381,0.014905289370056973,0.01611367881942849,0.011419068816580724,0.0214087285500153
2022-11-07,0.006994082965211756,0.005822583857475472,0.0055576642024501854,0.0075180010223421245,0.004635927286599895
2022-11-08,0.005734533750456627,0.004112586528044471,0.004135079644647099,0.004180374305210677,0.008125820654408145
2022-11-09,-0.02435333333333345,-0.01588064000216416,-0.01690528110760614,-0.015303768371753734,-0.020052353741520257
2022-11-10,0.05318654840891823,0.037693540826055916,0.038993841566347776,0.03998842008551584,0.04924228360532923
2022-11-11,0.012948157265942895,0.0013269604366783483,0.0005081958077122195,0.0029920503667508758,0.012339131503898981
2022-11-14,-0.007654215423700816,-0.00726637474489189,-0.006910990000881689,-0.007156955932074438,-0.00711414724077053
2022-11-15,0.010742066866500588,0.007365279288504389,0.007237509648007734,0.007047202468241309,0.006976612551440775
2022-11-16,-0.010886678387219906,-0.0010531324445329782,-0.0012389858931750597,-0.002684669981722565,-0.006559676718212781
2022-11-17,-0.005434226323272506,-0.0031915491645342353,-0.004785131706552703,-0.0016527729878380581,-0.0059242881015949544
2022-11-18,0.0041822503666741895,0.008157228237221092,0.009024102461063999,0.007890777129321735,0.004894635502681988
2022-11-21,-0.0012724633978804523,0.005326098365000975,0.005443209274032856,0.0044676979099400604,-0.003357087841578177
2022-11-22,0.014594106490307013,0.009067358236617862,0.011234583188039382,0.009847971358790009,0.013797230253107973
2022-11-23,0.005926834492517186,0.003861613992156787,0.004245153255292289,0.0034872673542780674,0.006107191741915985
2022-11-25,0.0008532715160518567,0.0011556045957206162,0.000816429848602418,0.00025003721135763435,0.00016266772147988107
2022-11-28,-0.015274798251106558,-0.006395040350331227,-0.008162130069261142,-0.007355283191335937,-0.009445756747960332
2022-11-29,0.00415964187864204,-0.00221246843980194,-0.0006597472367969592,-0.002788730849156096,0.0020214586114915
2022-11-30,0.025987325770757908,0.02343831185609413,0.024565470365363717,0.023308254481706703,0.029378007596321254
2022-12-01,0.000901406661268922,0.0008784791382503432,0.0008672008923100716,0.0008502281122813038,-0.001018968457744296
2022-12-02,0.004525331412885247,0.004372351388886253,0.004697490302186358,0.004805742683686498,0.003449229925231334
2022-12-05,-0.02143672377042294,-0.016239553052893152,-0.01682590540289497,-0.016421987083821477,-0.019522570734805123
2022-12-06,-0.010854855601128977,-0.008082282661410756,-0.0061462321581906565,-0.009715572179326837,-0.008868834714645502
2022-12-07,-0.003116906055872337,0.0012708872845292873,0.001450723079859051,0.001683725426598226,-0.00029566511005651996
2022-12-08,0.0057896390192497815,0.0076239843646004335,0.007332708766523366,0.007664026164000193,0.008287423919821846
2022-12-09,-0.007899999999999796,-0.009146986890354647,-0.009139302352315526,-0.009251634483416704,-0.009980203566176127
2022-12-12,0.011670830897423157,0.01033163691047978,0.010173737859852094,0.00902091302647845,0.007239535027779853
2022-12-13,0.005091251803556185,0.0029855061422161544,0.0039174409619777695,0.00355314379329541,0.005185336458040979
2022-12-14,-0.005492184014071477,-0.0004019882880686998,-2.341790599558191e-5,-0.0004944459320633809,-0.0005483344626470155
2022-12-15,-0.02343143300242978,-0.018098309922875422,-0.018520974287885128,-0.01963518447453505,-0.023367039390012723
2022-12-16,-0.009982709801242606,-0.007715603239224156,-0.006929436236891795,-0.006051073057285028,-0.007915694073381663
2022-12-19,-0.0094759800036891,-0.005674572016805657,-0.005526331892021341,-0.005907981782483751,-0.009820437583348829
2022-12-20,0.0012204288515642592,0.0012406269280265114,0.002806621079370686,0.0022584647871131125,0.0024520379575676543
2022-12-21,0.017039302664602296,0.011661171571217155,0.01189454594070627,0.011918791069271517,0.011582353064917505
2022-12-22,-0.011771443413041704,-0.006573574048358344,-0.006294774488883159,-0.007227840005298081,-0.007734921604152012
2022-12-23,0.0064003889588399865,0.005826667257201601,0.005882547068680299,0.005516478229106392,0.006896398164285111
2022-12-27,-0.0012592517832233918,0.0019182343105590416,0.004406081006364859,0.002353463719201976,-0.0001402951748716852
2022-12-28,-0.016734731997432473,-0.011854136369774504,-0.012379112679037574,-0.01184749731496959,-0.012984778809520425
2022-12-29,0.01734056956471175,0.009163836102408007,0.008411078569705355,0.009431914394899099,0.012874270633815854
2022-12-30,-0.00279979226167415,-0.005379492525424467,-0.006239014840631718,-0.004887108356174785,-0.004715185796726695
2023-01-03,-0.00287865430867007,-0.0009930596428731064,-0.0001959576152193998,0.00029591515327354045,0.004133978435510111
2023-01-04,0.015122225075006046,0.00762331024579721,0.009442555318766255,0.007801330318559785,0.014207201599806707
2023-01-05,-0.00666734465883001,-0.010345574168261318,-0.009827375369584335,-0.008789222232321925,-0.006014097255022777
2023-01-06,0.025579145838684036,0.02336278632928379,0.024645967871227192,0.024293939964922906,0.024336415576908577
2023-01-09,-0.0011336097257853561,-0.007477828933163733,-0.00614134917377096,-0.007864185604650964,-0.004932491025452235
2023-01-10,0.009623836604692126,0.004471224513548755,0.005402494130626101,0.006016675862080989,0.010392009360148835
2023-01-11,0.01083999999999996,0.006709139812636433,0.005187768319665942,0.006566218480605679,0.008196694011705752
2023-01-12,0.005513382599290129,-0.002869650851178629,-0.0024266345373308296,-0.0032841614833326593,0.00010365932463596295
2023-01-13,0.004682970280435406,0.005911853374836795,0.005184344414830733,0.006089230864649853,0.008212796148452384
2023-01-17,-0.0029751917216661594,-0.00240538393047518,-0.0037060786565459303,-0.003198200813972041,-0.005469882381502478
2023-01-18,-0.01598588448353344,-0.020917364305179875,-0.02080467335901115,-0.020163753411537644,-0.017039476991005942
2023-01-19,-0.01007445608562696,-0.00832640243623839,-0.006267631145401298,-0.008029434144447789,-0.008995317043272943
2023-01-20,0.018563818013951128,0.009748192769100994,0.008061377283205884,0.010018494779107767,0.014532359367294356
2023-01-23,0.01066405335704812,0.0019513477873951413,0.0003017011558006377,0.0026341228731174837,0.005747914473295701
2023-01-24,0.0008384363650459914,0.0021725945871520214,0.0026454251148209096,0.0019967795070823247,-0.0002287155113772643
2023-01-25,0.002321469701986212,0.0022198477970951647,0.0036841311635429363,0.003894514664700699,0.008470475611142003
2023-01-26,0.008495429939128885,-0.0006533150026567514,-0.003139972683679937,-0.0009759211284848801,0.001119649774367737
2023-01-27,0.0031923430487383886,-0.0009204958696911181,-0.0032265002713112167,-0.0009302942371808287,-0.0016750935716517423
2023-01-30,-0.011124233021115315,-0.004555041439924357,-0.004244614208823827,-0.004874931584282205,-0.007523934220901141
2023-01-31,0.017283030973580527,0.012853819790340504,0.012648587327547034,0.013605991758984137,0.014277744446615337
2023-02-01,0.013066887364537427,0.007820556027888337,0.008287217703381922,0.010464204818489309,0.012834190215558872
2023-02-02,0.00970206881168334,0.001229424298266002,-0.0036216821261118026,0.0015942003809612526,0.007655307392567368
2023-02-03,-0.009606309517738998,-0.012164287627963954,-0.010203056185242088,-0.01111721327280435,-0.012417486888997464
2023-02-06,-0.0067420660902416385,-0.001407082390808445,-0.002103153795027124,-0.0031288870768695354,-0.008900796357066532
2023-02-07,0.006800113457730017,-0.00042870881359846624,0.00010773449904966093,-8.305486603932266e-5,0.0034972326951172583
2023-02-08,-0.010497316564770376,-0.010381277853322324,-0.009263561091179429,-0.009058134340813373,-0.004991569955679731
2023-02-09,-0.006781712645801519,-0.0064024314078684474,-0.006070646453815942,-0.005543922934914902,-0.008483694622018145
2023-02-10,-0.0001900000000001345,0.006673823334008455,0.007897030903386781,0.00702099905275011,-0.006139308878590821
2023-02-13,0.010796000906839076,0.01069315081084099,0.009636066312860736,0.011793785924135713,0.010998931718857685
2023-02-14,0.002888474693998111,-0.002581428687017495,-0.0039126129116959785,-0.005078886085370216,0.00010324891170832018
2023-02-15,0.006287664188287856,0.0037272248569366617,0.0028002741935320152,0.0030125733537287314,0.0060096057364973365
2023-02-16,-0.009940326985807046,-0.008561135019108823,-0.007620551552181443,-0.009273296784593432,-0.010942167967171623
2023-02-17,-0.0005384005189096319,0.006454981114295988,0.005510229785627763,0.0064936376103483795,0.004603539962989345
2023-02-21,-0.02316981270016716,-0.01251091623901579,-0.009686353407464598,-0.013284652869411162,-0.014507125994352665
2023-02-22,0.00016413656404035137,0.000169717371322875,-0.0011776188599224025,1.735542419023517e-5,-0.0020137544880967084
2023-02-23,0.001367271123269731,-0.0009845174858321704,-0.0004960094262901338,0.0019379858081651768,-0.002550130553386043
2023-02-24,-0.009178722637765535,-0.008197724207325896,-0.00723512723588593,-0.008576063050637295,-0.010384851143758311
2023-02-27,0.005821573598448593,0.000444944745324527,-0.0003149476984534161,-0.0004657039975550781,0.0016679685448157677
2023-02-28,-0.001559239171482707,-0.006270280794118732,-0.006465065015089477,-0.006264786797381072,-0.0027873196528028776
2023-03-01,0.0004200538748193594,-0.005280662390099833,-0.0024190647164483714,-0.00717703243654777,-0.0015428655136868752
2023-03-02,0.008263760003185405,0.010001095635692847,0.010064010837552928,0.01023963321563448,0.00682261853000754
2023-03-03,0.014042349168061907,0.009753584403482396,0.010578529212592391,0.009626456613794021,0.011179860090135385
2023-03-06,-0.008621903827555899,-0.002139979595289221,-0.0026322631552261333,-0.0009323840761308322,-0.008240398529777648
2023-03-07,-0.014470872807397894,-0.013030705859537695,-0.016089618035732833,-0.011678756399494783,-0.016866457179243177
2023-03-08,0.001077829127613672,0.0004515319003823848,0.0027179350831312288,0.0019547393980858807,0.0003884204723549889
2023-03-09,-0.019409227434257992,-0.012992457109771705,-0.01280161809811664,-0.011722962907984358,-0.01895242368027017
2023-03-10,-0.016946316512957194,-0.0082824338698827,-0.009333343633593838,-0.008080261800070931,-0.010258610178999983
2023-03-13,-0.006839217397725195,0.005046444168815611,0.0065688617012205075,0.005644966099641602,0.0011184692516017503
2023-03-14,0.012493333333333467,0.009941783919714675,0.009901452162155211,0.010134107422086425,0.01352022124503871
2023-03-15,-0.017318474854155386,0.0004800563353912768,-0.002642254058824678,-0.0006345961721293536,-0.006104330159741322
2023-03-16,0.013322566908359423,0.006464481175406656,0.0054902549182509475,0.0076667468881947975,0.009852017624968568
2023-03-17,-0.013777612588857013,-0.010337627307016262,-0.00922726513853922,-0.010568855868397176,-0.009999508300817084
2023-03-20,0.012499016694946352,0.012375328816295994,0.01420696141178146,0.012702826576459936,0.01361931550320783
2023-03-21,0.014302201869774489,0.002738579779498318,-8.723199902060941e-5,0.00469912952202356,0.010170936910630646
2023-03-22,-0.019231968657977827,-0.012640752410211564,-0.012140461303043693,-0.011645135640005244,-0.014358780402102367
2023-03-23,-0.000294931718756386,-0.0024730197704397883,-0.00200027267166325,-0.000446778978379192,0.0015377973093455566
2023-03-24,0.0050527121130499175,0.013694886869377143,0.016081221695867676,0.011572018628319247,0.005270820330898651
2023-03-27,0.006999497044449132,0.004219523277826598,0.00350640015107051,0.0033263988682794565,0.005605970729488208
2023-03-28,0.003439385329274458,0.0017802040963594834,0.0029494328083383703,0.0007217013232960756,0.0025903138725484887
2023-03-29,0.012721591343493488,0.008954556676595393,0.009512729751150362,0.00934064862417161,0.012136851289515915
2023-03-30,0.004516102949547518,0.004024189532548128,0.0040218134966765184,0.0043647180529828855,0.004478665065747567
2023-03-31,0.01606766422708561,0.011280854261320306,0.009350881508935593,0.011055544574943399,0.015647633237866998
2023-04-03,0.0031082075721899916,0.0028672898587722706,0.0037596320102009084,0.0047844001386208035,0.0014355859085464218
2023-04-04,-0.013564132145897245,-0.003358921542157667,-0.00416062706200393,-0.003889199199233473,-0.005338632373735441
2023-04-05,-0.0049354278145636865,0.004782289205029988,0.007047329025382965,0.0014292465217680128,-0.002557007905694464
2023-04-06,-0.001052268986177829,0.002761705823592253,0.0033575703226649267,0.003310045452698196,0.001949576840324596
2023-04-10,0.005768766235633382,-0.0008502326275956484,-0.0019182722645657568,-0.00041123039464718847,0.0016956602750595184
2023-04-11,0.007191453237272771,0.0027451173856940514,0.003205133048521658,0.0011702049704598316,0.004830253429044751
2023-04-12,-0.004739641487731094,-0.002959124315410233,-0.0010458388400439445,-0.0028971207859582737,-0.00593579019066337
2023-04-13,0.011216666666666653,0.010776634209961555,0.010485251019689112,0.012024522487452893,0.015920219256332135
2023-04-14,-0.004026967844016349,-0.0032014009139634814,-0.004537976495793794,-0.002836215722250457,-0.004496941353172024
2023-04-17,0.005415421260016817,0.004606223100944717,0.003178911509289506,0.004103974553602896,0.002493406000969145
2023-04-18,0.002598997906406275,0.0008383220306247274,0.0009683060566250123,0.0016649930916101674,0.0003901013161216049
2023-04-19,-0.002241841955805901,0.0019933212152831725,0.0013249749664241417,0.001825176706935494,0.00045928725651855906
2023-04-20,-0.006219139326085421,-0.0009519034296676665,-0.0016317389641528068,-0.0007489439288178579,-0.0051284518432017645
2023-04-21,-0.0013169774057210093,0.005530333234634588,0.00237938216230571,0.005431802773042671,0.0035658171445303033
2023-04-24,0.0033745206430761954,0.0017446714128568352,0.0022484283736801114,0.0015974573655390678,0.0007278589447903272
2023-04-25,-0.015576333781669782,-0.004284373788721485,-0.0037774852144453197,-0.005433184629822563,-0.013323959428472754
2023-04-26,-0.010979549226102892,-0.008220744992482154,-0.011217801367395253,-0.00753407382303295,-0.009281375096382605
2023-04-27,0.018713942548968632,0.011964231473203801,0.010565525451849078,0.012566066944436738,0.014805194347284667
2023-04-28,0.01029369038433492,0.004583410498637086,0.005805040388340732,0.004146893724977341,0.007687368729655031
2023-05-01,-0.0009847924850792111,0.0020431802232301344,0.0036847127214894027,0.0017102021254014055,-0.00010702216273905663
2023-05-02,-0.00982399680779289,-0.003173496649248375,-0.005430892001348608,-0.003622018602037591,-0.006011074281853546
2023-05-03,-0.005132202924944096,-0.005210503201087069,-0.004327499554421355,-0.004429365996880041,-0.004363949167650927
2023-05-04,-0.009604406346221173,-0.0028707786302853977,-0.0011812229684717845,-0.0036308994342115763,-0.005167825650005398
2023-05-05,0.019201396039558727,0.009977612961011628,0.010800771860393299,0.010596012190456472,0.017452299395456672
2023-05-08,0.0008098055379857083,-0.0011239410890246937,-0.0016744929496674832,-0.0010976313408828098,-0.0005969869178990006
2023-05-09,-0.003339516779289786,-0.0024626518438605194,-0.003302725916211724,-0.0026820816346578846,-0.004411290703731252
2023-05-10,-0.0020436547521700543,0.0011264655335474494,0.0003080136338535766,0.0013673780480680797,-0.004451747777464599
2023-05-11,-0.004773419110457144,-0.0009436322289759769,-0.005399752928809454,-0.00046894223192150974,-0.003953015440266383
2023-05-12,-0.0010533333333335726,0.0007578807817834043,0.002066141500051799,0.00046862821279125555,0.005544445421409527
2023-05-15,0.0057079023237811555,-8.114356985677862e-5,-0.00042054896272036846,-0.00028088333457987336,0.006672920458127063
2023-05-16,-0.014006706797703994,-0.008372787307336593,-0.010764341851612458,-0.0076663677131337815,-0.011403742108503923
2023-05-17,0.012624787792279601,0.002395188391805858,0.0011095237356095744,0.002489452590899388,0.009233164748067235
2023-05-18,0.007228794749629008,-0.0009387163067411386,-0.003207125130298971,-0.000990063277346076,-9.12127932733986e-5
2023-05-19,-0.004731016414907252,0.0001707172412910296,0.0016540369439395075,0.00037099137247342817,-0.0021015318544261863
2023-05-22,-0.0006212860962040434,-0.009355495756977583,-0.008235400499641665,-0.009494115901139355,-0.004025799787002016
2023-05-23,-0.010983716345775663,-0.007940088705981618,-0.008235934923629507,-0.0069843930612984995,-0.010650563515997247
2023-05-24,-0.009992897679689139,-0.0060639771571453505,-0.007605023446368153,-0.00552426583464849,-0.00881292089262109
2023-05-25,-0.0012876931779884915,-0.008704094005135388,-0.008126988072519437,-0.008847471532433926,-0.0056913243173364325
2023-05-26,0.008621440782253131,0.0036688919626368666,0.00192213753250714,0.004079231679496198,0.009892538679205698
2023-05-30,-0.002577548845038913,-0.006026465824664706,-0.006691758081899035,-0.005736853329508573,-0.003363319489496086
2023-05-31,-0.008287611962959907,-9.495683912374986e-5,0.0015672253787115675,-0.0008386294791286053,-0.0030112771264885208
2023-06-01,0.00995529244008897,0.0062189323973373956,0.006024681309310775,0.005982465691594552,0.012222361889403732
2023-06-02,0.026046790618376114,0.016051529361353456,0.017019772966336166,0.016511130741770907,0.02013117590322322
2023-06-05,-0.005182235888968489,-0.0032784676620154496,-0.0032915583734342,-0.004002555472622293,-0.0032187218211530144
2023-06-06,0.009456120491064812,-0.00037764939614515214,-0.0004546915783799621,0.000359513624008434,0.0042802218845212625
2023-06-07,0.009502771163662604,-0.0011022300682639319,0.0021178299546007473,-0.0017121099883102842,0.0009370129006698313
2023-06-08,0.002075581800254911,0.006791956550161959,0.005702320011019335,0.006833973479388078,0.006319913860026949
2023-06-09,-0.0013034244565840458,-0.001946281059414634,-0.0023602198672394437,-0.0017086647601602944,-0.0009363373629981409
2023-06-12,0.005593935154762919,0.0024002839164147804,-0.00016068007901026693,0.0026705671445421686,0.0026396912904507186
2023-06-13,0.010526666666666573,0.005895367642569482,0.005738123657043515,0.005240259524003754,0.010922923194910394
2023-06-14,-0.0017795195904447558,0.0004694946906793618,0.0017103715910913309,0.0014436646856421653,-0.0006334695922387557
2023-06-15,0.011737826231400517,0.010816834948947474,0.010900811161653756,0.010860653101445017,0.00800062745185004
2023-06-16,-0.0016905771790425295,0.0009662762542828052,0.001785574028404513,-0.00026893223786383924,0.0020638372887546996
2023-06-20,-0.004369235976138253,-0.0040041409525142235,-0.00635452474157594,-0.004884671631490312,-0.004556679360621763
2023-06-21,0.0011067476254371655,0.0015727384358523722,0.002800317508061534,0.0013818899439830279,-0.0012089939853064946
2023-06-22,-0.0022740006519783584,0.004808188367258381,0.0027669373057110924,0.00575084031036921,0.0035804433213169062
2023-06-23,-0.008940737357623685,-0.0075398221935366605,-0.008701165417472234,-0.006858927487742306,-0.010804384642030707
2023-06-26,0.0024630856011875757,-0.0022124364253446327,0.0008649994724208021,-0.0019035632006356717,-0.00045355971036420417
2023-06-27,0.013717149257151506,0.006220181476479292,0.0056028052462135935,0.006368465591954031,0.01084415069480582
2023-06-28,-0.0007782954482385973,-0.004321706136212633,-0.0069075424689787335,-0.0051638135361657955,-0.001994296803551343
2023-06-29,0.008020267484677657,0.003738719845974847,0.003859585377288033,0.0028157529386692026,0.0030252327542275026
2023-06-30,0.008070339147916883,0.009373839575435694,0.009549169729090368,0.010333321118894956,0.009543272687702276
2023-07-03,0.005036564173386493,0.003640967561529429,0.0026516523081192567,0.0013891676018540355,0.006244347334839029
2023-07-05,-0.007357040337750309,-0.0008472222158860676,-0.0018887845572959083,-0.0011586969994724639,-0.004510668278159491
2023-07-06,-0.010738362540426927,-0.0057449708618368955,-0.005886248155500873,-0.0058517567349548605,-0.009881004215321787
2023-07-07,0.0037615354308027094,-0.006837974440300543,-0.006848313576625631,-0.0068950139922736575,-0.0013369032062268138
2023-07-10,0.006747155128059346,0.002061226326553811,0.0018318677218487345,0.002452152843378963,0.0035475495398487045
2023-07-11,0.009529085665380022,0.002699712369274687,0.0031626524108494536,0.002642505737083356,0.006041035574117615
2023-07-12,0.006098903381629883,0.003408837847735935,0.005068035859817188,0.003803507440915066,0.008328803572030141
2023-07-13,0.00645998102686951,0.006400105221964658,0.007963276373287087,0.006298964048843558,0.008938682716593593
2023-07-14,-0.0059033333333332605,0.0015902021355223006,-2.187267457698372e-5,0.0014486896143033334,0.00039232425529611703
2023-07-17,0.0020408521639412314,-0.0021232811784837047,-0.003257151885214804,-0.0022187293690755228,-0.0009921775731169813
2023-07-18,0.007636096602934517,-0.00015787757420915316,-0.00016311091531218125,-0.0001175712133747453,0.0038500765322573294
2023-07-19,0.0020039114734653474,0.005764206756299739,0.006115573616030767,0.006587330319847373,0.0019457221308827322
2023-07-20,-0.00441208017628647,0.00334663936908286,0.006531148575594781,0.00406545980763684,-0.0022236181921593268
2023-07-21,-0.001103490538599039,0.00222203641366292,0.0026751345231434964,0.0023856342584056556,-7.09869053689971e-5
2023-07-24,0.004214995389668408,0.002030846095202543,0.001924841574203029,0.0017796833360173014,0.0006778593106291364
2023-07-25,0.002929075632270184,0.0010143075024671155,0.0039051832094303407,0.002824227103429333,0.003839725301247654
2023-07-26,0.002198273610052315,0.0007052838804322281,0.0007241554741794776,0.00023806178682828083,0.0009138152877516958
2023-07-27,-0.008057966690297236,-0.009113001344375538,-0.009488266084016872,-0.008892027809793701,-0.009049907544349423
2023-07-28,0.008138900875145572,0.010364059522968816,0.009280357770285352,0.010574624479811279,0.010840213141491972
2023-07-31,0.005921631460134913,-0.0028503728648587856,-0.0026385097070794616,-0.0023774991395888456,0.0033634612147577236
2023-08-01,-0.0037046521317185555,-0.0056352468732004946,-0.005818262345565484,-0.005047960314139344,-0.006595243970729747
2023-08-02,-0.012472455180794872,-0.002448474059902117,-0.003207891852314182,-0.0034314436013767047,-0.007330295388922381
2023-08-03,-0.0031573804642657244,-0.001419135757163792,-0.002976549801069095,-0.0009399373218338392,0.002073299586307753
2023-08-04,-0.0032461693568598404,-0.005457955055244157,-0.008554172753058031,-0.0029900844856329822,0.0005650078579177986
2023-08-07,0.009123327454757524,0.009933619162768803,0.007293753002989067,0.009908355440229277,0.008395649802887872
2023-08-08,-0.0026052931956283,-0.0032806192019071423,-0.0019253147759139555,-0.0036009007083871447,0.001025472744204503
2023-08-09,-0.003702775202550801,-0.0023114109479103195,-0.00209316354381317,-0.002573335816644984,-0.0040778909001127905
2023-08-10,-0.00239037084171434,-0.0012051719768843006,-0.0019908807167677844,-0.0011366272625861207,0.00011293740555373688
2023-08-11,-0.0003082064765788095,0.0017188077466436802,0.0009907503221264768,0.0019967043236779336,0.004253622140641511
2023-08-14,0.0019466666666667631,-0.0014967472911238122,-0.0014179077017062447,0.00055330841661827,-0.0005551011778619497
2023-08-15,-0.013280132342373241,-0.01024381423150067,-0.010937382319793132,-0.009899904456484698,-0.012398765622619101
2023-08-16,-0.0065807316483392775,-0.006505164154182563,-0.005790726130021295,-0.006087360175056844,-0.006751689528795679
2023-08-17,-0.009084438556054675,-0.009498710969386037,-0.0077966106128596335,-0.009068218897805402,-0.010082119396022216
2023-08-18,0.0015294944482553419,0.0005196779287595099,-0.0003405670977958408,0.0007183035361293388,-0.0010350990182819153
2023-08-21,0.0006821882647578548,-0.0011320764251026016,-0.0010272066212154707,-0.0006856010347420227,-0.0020293818592003188
2023-08-22,-0.001151498895340053,-0.002332148118890265,-0.0019299837746374893,-0.0033645083102367135,-0.00038457595068064343
2023-08-23,0.007317852583946571,0.007802036124897382,0.009138023978830345,0.00892209189854909,0.007649708813522116
2023-08-24,-0.012408787390955522,-0.00835234534257745,-0.008289496300455945,-0.009816644352307446,-0.011319390376396399
2023-08-25,0.006181213062167457,0.0070660100312498475,0.005531058136981626,0.006280448436171149,0.004166277208331515
2023-08-28,0.007919235870130104,0.004438154049590137,0.005258612909646798,0.004477235305821559,0.005222019664953725
2023-08-29,0.01463696758446087,0.008726894146627195,0.008394033237557608,0.008356037073937062,0.01152335006296501
2023-08-30,0.002729745977388287,0.0016268963857144492,0.0015699101235910895,0.002223655578476036,0.003261866536530267
2023-08-31,-0.001414697949236099,-0.004287680496614543,-0.005082664635263745,-0.002669747860323479,-0.0018563612801495433
2023-09-01,0.004460649183836596,-0.0017998644448411483,0.0005709385163601421,-0.0008192292108818444,0.0013949669077395477
2023-09-05,-0.011831988125193926,-0.009179770841325596,-0.011844076738499076,-0.01002231138077414,-0.012368871254279434
2023-09-06,-0.004757387201042018,-0.004397957042682643,-0.004466091540389905,-0.004781875268877855,-0.0032846412135981717
2023-09-07,-0.0035480160539373973,0.002179680675448825,-8.129671364720537e-5,0.0016634931587315993,-8.779437890538144e-5
2023-09-08,-0.00016300329967988691,0.0009279688791394847,0.0008172445475349566,0.0003881519004733658,0.00035993176584936393
2023-09-11,0.005093770469487557,0.011985005758373468,0.009482975865195975,0.010373735651500349,0.010407853407345069
2023-09-12,-0.003452841761906522,-0.004743270491814222,-0.004804871192705118,-0.005491753633699137,-0.006624289328215904
2023-09-13,-0.0023966666666664915,0.0025105826663101016,0.0017744946424758101,0.0025219325444034713,-0.0012558378650469049
2023-09-14,0.012927178471068501,0.008264590348647127,0.009242417371659872,0.007938666351709589,0.00948498791191521
2023-09-15,-0.01022626608116839,-0.009309777466405267,-0.008067383716989895,-0.010073210545350486,-0.012008447964076518
2023-09-18,-0.0013001261186096347,-0.0004859458159366392,0.00039133134015667537,-0.0002567649863062238,-0.002799129331307215
2023-09-19,-0.002995868393283918,-0.003585939523784165,-0.0044554095902139546,-0.004436663532506713,-0.004767891860730344
2023-09-20,-0.00587275629923556,-0.00214428750151352,-0.0014305801943030882,-0.0030706238644964134,-0.003987575453073489
2023-09-21,-0.016074783607425647,-0.01592949263367127,-0.015248796388581343,-0.016626248613458183,-0.01479446373245541
2023-09-22,-0.00482162261620811,-0.005705902164004684,-0.004861787059724176,-0.004847328768510795,-0.006147107085063941
2023-09-25,0.003534003674243724,-0.0018197998589695175,-0.002308390443581332,-0.00036379926433305343,0.00013833577741584335
2023-09-26,-0.01297594944628011,-0.010298150183973509,-0.011313529056305338,-0.0114538511262271,-0.011797215046165377
2023-09-27,0.003180549660654952,-0.007728838006104688,-0.008712439710051423,-0.0065588575179510444,-0.0043698665413283155
2023-09-28,0.008271569183697425,0.004797279865563997,0.00373487541771933,0.004067704314336007,0.006661974156714656
2023-09-29,-0.001648616777754075,-0.0031772151857464292,-0.0031806293664004004,-0.0033622450489542155,-0.002079123506662728
2023-10-02,-0.010128124420551998,-0.007212621279279907,-0.011365521059933825,-0.006526204506958511,-0.007109726383983106
2023-10-03,-0.012511053986649423,-0.011016890865218398,-0.007841129207610265,-0.01146728752637094,-0.013982064042709297
2023-10-04,0.005458063174777594,0.007147541026867321,0.00525975326871464,0.006190279381076191,0.00799434927417142
2023-10-05,-0.006195525421393455,-0.01337835492311612,-0.012858953348288571,-0.011822430810935924,-0.009588515281041876
2023-10-06,0.009024224760884936,0.004908820276392278,0.008155467194916222,0.006743286113093605,0.008593997342461579
2023-10-09,0.0075214231111315755,0.0019182889933948566,0.002258118987871649,0.0019293467191652258,0.0017273728153712753
2023-10-10,0.008692009317700311,0.010152456360330353,0.010138436088346303,0.00952906219968952,0.008910634677846474
2023-10-11,0.0014322202293219899,-0.004438582462968355,-0.0033809909198813104,-0.002736374967178712,-0.001067818508669216
2023-10-12,-0.015283333333333426,-0.01633933104678864,-0.017565528628863625,-0.014769795400504049,-0.014276333873719849
2023-10-13,-0.003427765685560913,0.0038928476692601244,0.005454167342959337,0.0028873457974647465,0.0011038987115334908
2023-10-16,0.012933493309901012,0.010729068669918851,0.010438554375486353,0.011166619071791839,0.015310723225721468
2023-10-17,0.00575516938708498,0.003760540601805973,0.004070451663887642,0.0037490876412369367,0.006641845046010619
2023-10-18,-0.016197687030032437,-0.00483369460207328,-0.005748910850339017,-0.007041298105237681,-0.01021313906339738
2023-10-19,-0.010380704086890735,-0.009317783818734604,-0.008384893447745623,-0.007808332775837257,-0.0070882503429928745
2023-10-20,-0.009654501070137989,-0.0042523998605826785,-0.004450264299937778,-0.005444880661963469,-0.00692342271128521
2023-10-23,-0.004651967617681385,-0.00401993970201997,-0.005120582674672858,-0.0035278762940855746,-0.004316675349735233
2023-10-24,0.009697157279370039,0.010308500597773218,0.011519520565910435,0.01032866799408283,0.011670801788716156
2023-10-25,-0.010496330988866043,-0.0049605568119748256,-0.0038085338519110445,-0.007038638097682015,-0.011803549674964331
2023-10-26,-0.006445383316844078,-0.010147524420297094,-0.008152572451662343,-0.009164554916044843,-0.007745202496181158
2023-10-27,-0.007616524137199043,-0.009521085124319817,-0.011897144712817553,-0.006976179216509948,-0.0057398644602316695
2023-10-30,0.011520270011049494,0.014053747005121409,0.012188497995935688,0.014791496446693753,0.013585228015328576
2023-10-31,0.005111597995605566,0.0043576524900934555,0.003715096002512075,0.003964589444857891,0.00311213866256832
2023-11-01,0.006314080988331527,0.0033823591793957775,0.004207656399626725,0.004491520335329069,0.003790850863876871
2023-11-02,0.020692651340532775,0.016794148662348407,0.017777997522768985,0.016318035650339402,0.018867489907940183
2023-11-03,0.012266970306815228,0.0052380697293143985,0.005100218009062685,0.0052292297910767616,0.009265950194838668
2023-11-06,-0.003767293535565708,-0.00023836353321926573,-0.0008411449585619124,-7.962163747043949e-5,-0.0011561766025659503
2023-11-07,-0.00301494587118023,0.001023361628419428,-0.0023256962100349776,0.0004954474906868622,-0.0017441098752267736
2023-11-08,-0.0011764790761095156,-0.00277345433734677,-0.0036500182325647224,-0.003184110614760427,-0.0015255996615771705
2023-11-09,-0.007404273675197581,-0.009225169312516601,-0.009007344197604072,-0.008954110141580651,-0.009909518439744858
2023-11-10,0.01097333333333328,0.006297751607311275,0.005367326238356895,0.006961569864737616,0.00599903046590633
2023-11-13,-8.05609775400562e-5,0.002826642648467992,0.0021909169642455595,0.002411996321894927,-0.0002485703331923661
2023-11-14,0.027538027521087027,0.015147827645054512,0.016364952629212892,0.013782361965434253,0.022167942637565607
2023-11-15,0.0035584758894611213,0.00043978974836411666,0.0005338147918179104,0.00016732888996173756,0.0007507140162397175
2023-11-16,-0.0037603400110511886,-0.0014605355098108452,0.0012161734227593701,-0.0014989033834311716,-0.0008861371446159394
2023-11-17,0.004537679415050455,0.0012571882373482168,0.00029460062755348737,0.0009782480475619693,0.0019685607279347206
2023-11-20,0.00392022569218331,0.002348864258783445,0.0020918871338011513,0.0028316983486877945,0.0036393378053596326
2023-11-21,-0.001152114536116966,0.0005848369439103163,0.0017713049610783571,-0.00047896131884805904,0.00048816200910706264
2023-11-22,0.004884562633870937,0.007153519924729457,0.006250521103702722,0.007420437831931359,0.007017684404917235
2023-11-24,0.0029946987117388524,0.003013330511400847,0.002496283860429882,0.002910199260792279,0.0019539532758725553
2023-11-27,-0.0008847047376923101,-0.003793274562544968,-0.004710391524166413,-0.0034738225026764713,-0.002331613470524352
2023-11-28,-0.0001914528074717925,0.0015745328827259097,0.002096620407060268,0.0008533948077749098,0.0007159521436421734
2023-11-29,0.001205795060950976,-0.004138482317007752,-0.0036245779759727093,-0.004074103448968858,-0.0010629003532894865
2023-11-30,0.006857297227788495,0.008735949099693885,0.008900518731491003,0.008462398951465167,0.005516667271738385
2023-12-01,0.015120342338607928,0.008047120908190264,0.00905935879619757,0.006360791592327608,0.013979574572430042
2023-12-04,-0.0021630743267229136,-0.0003548029705513489,-0.001547004016880904,0.0005366852721013782,-0.0027488108004197764
2023-12-05,-0.008268723982338577,-0.008187204451083785,-0.010095544561564584,-0.006812934502029133,-0.011262401023895197
2023-12-06,-0.0016045018204577932,-0.0033423668368102177,-0.002565895448445543,-0.0034887987896465855,0.0003121778095123151
2023-12-07,0.0050678352006419125,0.003825029306585126,0.003388982204914237,0.004197596527877767,0.00531637654122985
2023-12-08,0.0032517686474120566,-0.0011630246857542437,0.00040487739841377213,-0.001877055715824416,0.002397141136898595
2023-12-11,0.005516461999278022,0.006568425819404755,0.006820961244633272,0.006987632925106402,0.00485711919457521
2023-12-12,-0.0006200000000000649,0.003592004018883932,0.004210558797664854,0.004691931983785924,0.0018468219677227893
2023-12-13,0.019642144462900468,0.01795764708533798,0.019341760838992972,0.0179558047826629,0.021072275484999903
2023-12-14,0.013246411628341503,-0.0025529204030413366,-0.001772921168002095,-0.0016601033928234088,0.005476725615471301
2023-12-15,-0.00239377321020362,-0.0033560125960546694,-0.005728486077264172,-0.0025223779225937992,-0.0036908391746941493
2023-12-18,0.002825786109888817,0.006423882768972211,0.005506451411690927,0.006489986801957226,0.004640878357202505
2023-12-19,0.011594862679169982,0.006995941482755397,0.0062575078825375385,0.006154013113848222,0.009817594746551084
2023-12-20,-0.01686725815695178,-0.017871329610131936,-0.017965347725416914,-0.01761059778677343,-0.016708091407771297
2023-12-21,0.010923458836287425,0.010032379931378843,0.010148927233414984,0.009918665388329417,0.012353612169917927
2023-12-22,0.0018477976547222053,0.004959939130157354,0.005550376261989509,0.004415533197993815,0.005192589107842149
2023-12-26,0.005721721178127748,0.004718044328321014,0.004881941515836319,0.004185429487517434,0.004843907467219966
2023-12-27,0.002538618208383081,0.003648592539677642,0.003493528337284335,0.0032803483153029944,0.005801349960327551
2023-12-28,-0.0011664934433684992,-0.0001881623467350213,0.0004125114879405256,0.0006757983760328212,2.342258739695957e-5
2023-12-29,-0.0043507344632965905,-0.0018767490371929263,-0.0014362599332971016,-0.0018500100404659214,-0.0025405425340196963
2024-01-02,-0.001908174550859676,0.006032933791180639,0.0051276481202133795,0.003555659840983605,0.0006628087989060116
2024-01-03,-0.011846770636106174,-0.007680833532405562,-0.0074630883164001904,-0.008290960533210656,-0.012062696849612697
2024-01-04,-0.001564068403184904,-0.0011525176917334123,-0.0012306560541329725,-0.002169589618601808,-0.002114446023192662
2024-01-05,0.00162770524298117,-0.0008670895548472668,-0.0018049864593248088,-1.8656063730637662e-5,-0.00020918074846321133
2024-01-08,0.009391146422068841,0.010857805552660693,0.011357793163125462,0.013265331287343862,0.012927928921958598
2024-01-09,-0.005338783053686402,-0.0005632189119016973,-0.002221781536661638,0.0002239923869651328,-0.00304223049414587
2024-01-10,0.00022514591942779383,0.00042053933941543775,0.00028348346310691497,0.001775825043541568,0.0023118758852929133
2024-01-11,-0.0023284115903102753,-0.0020274338900633238,-0.0024707482053478724,-0.000815026885392478,-0.0011607226929232217
2024-01-12,-0.0014066666666666672,0.0014847310775889522,0.0021628901601074,0.0018522228624233694,0.0006822127019221469
2024-01-16,-0.010178629605645195,-0.00806653939328772,-0.009142557940014617,-0.006791883758296313,-0.011772466643382273
2024-01-17,-0.006223357142590702,-0.003949961711895766,-0.004267609532965788,-0.0037681937712470415,-0.005829646570485902
2024-01-18,0.008406901222514307,0.0035680575136698423,0.002709048967961092,0.004137531565789443,0.003713949671117378
2024-01-19,0.006737922370609439,0.0022509613608021617,0.0015602295926409049,0.002715314321455553,0.005480336614875236
2024-01-22,0.0035017802496724038,-0.0013523126548432574,-0.0012883567630901371,-0.0011313354720108304,-0.0004709469776503772
2024-01-23,0.0010253119699543678,0.006072321071028286,0.007732586878768766,0.0076314936030501546,0.00685951261088924
2024-01-24,-0.0030462140359872603,-0.00707767807020776,-0.007408478361933701,-0.007224536861368036,-0.003595421139471089
2024-01-25,0.006048684339513555,0.007278541231826807,0.00811296186568744,0.00826383741407688,0.007877938734827561
2024-01-26,0.0026075765432891362,0.004218710138713888,0.0030705851821366537,0.00429768584226653,0.0028508481912028483
2024-01-29,0.00834264206344626,0.005760287357442939,0.005571997786464111,0.005102118481916884,0.009121412504609516
2024-01-30,0.001960472377367406,0.0017329272940693752,0.0020792426662719077,0.0015709585487067024,-0.0018915208424485908
2024-01-31,-0.014074393972415056,-0.009671359560052162,-0.008882195708111329,-0.009924178911193127,-0.010291890810175341
2024-02-01,0.015239898357158221,0.01887150023027595,0.018466583746043375,0.018132021335069304,0.018157183161272572
2024-02-02,-0.0002548282758578768,0.002983810057062497,-0.0021023061656331166,0.00385566465982623,0.0007859940636811835
2024-02-05,-0.011520064344631042,-0.0054915456414860175,-0.004676234424803805,-0.0027595886959688176,-0.010654200756847643
2024-02-06,0.004219198412583225,0.0042029727515529025,0.005855281609334462,0.004359803494162318,0.008919812393028304
2024-02-07,0.004536246679033518,0.0018758577851114566,0.000895354674650406,0.002446944633525794,-0.002434109539005802
2024-02-08,0.004718654540735612,-0.001568343455604193,-0.0015601738290187406,0.0002462202102755384,0.0032806285315742922
2024-02-09,0.0018960641189056382,-0.0017236617848048752,-0.005240419121429918,-0.0027066676162041947,-0.000357101656443759
2024-02-12,0.006867587089482319,0.004906434171333185,0.00668980141543396,0.00491879093917813,0.00490374732103005
2024-02-13,-0.016799999999999926,-0.010004979675969694,-0.010510516994302166,-0.009775876917407667,-0.014826906722932631
2024-02-14,0.01091336181177116,0.004206687044117086,0.0039591507678815585,0.0034382480189907305,0.006209220193282183
2024-02-15,0.010858225558966872,0.005693080459766575,0.007167813220041452,0.005628564919115009,0.011165648008185425
2024-02-16,-0.004499605981485577,0.001188616948594401,0.0013369593957455184,-0.000378695007793417,0.0009337324765756883
2024-02-20,-0.006523191374175452,0.0013607033705842486,0.0018598778727902943,0.0025653882665503946,-0.002230349180622593
2024-02-21,0.004388268573084275,0.004905570583354724,0.0044861712423343025,0.003438536365890643,0.003918846771376661
2024-02-22,0.010181541653955017,0.009213515152224572,0.007231396723364147,0.010602724977735178,0.006512628284485178
2024-02-23,0.0019886353108429233,0.0035061883649960546,0.003476410241134875,0.003479031565249091,0.0021709644073457657
2024-02-26,-0.0004620611646279915,-0.004646648803960818,-0.0059645952979976435,-0.004554791179112283,-0.0043003761291146025
2024-02-27,0.004372482548702594,0.0010227543730172428,0.0012070445918772599,0.0008810948904596216,0.002622488110817889
2024-02-28,-0.00280245883813246,-0.0007362286336615176,-0.0005681671426907009,9.657102205107293e-5,-0.001996988257180199
2024-02-29,0.006681793029839733,0.0013101032597555573,0.001607407633122726,0.0010134642751540301,0.006349709119695346
2024-03-01,0.004127767826142437,0.0029396587178971423,0.0027007764706348247,0.0031128544208527398,0.0008162457238969356
2024-03-04,-0.0025186053193170244,9.865501564654267e-5,0.0010395618779577287,-7.74662266989079e-5,-6.322698561767037e-5
2024-03-05,-0.007537368507627873,-0.005752111403088511,-0.007118308369257531,-0.006617102168193889,-0.005510588911197822
2024-03-06,0.005267287333160509,0.0060994889078367365,0.00560877679980698,0.00445423707861381,0.005972392754983735
2024-03-07,0.009792916797337403,0.006027574370709887,0.0064915624044858955,0.005603069888643342,0.008624603025966682
2024-03-08,-0.0021616318662784906,-0.0009422872304342134,-0.000746061390668129,-0.002190359319906854,-0.0007654320817733762
2024-03-11,-0.0012909597244162851,0.001257594985533128,0.0030096752347112954,0.0013095534281937216,0.0024393744208273116
2024-03-12,0.0017929462212489256,0.004359635637137593,0.004189614072919179,0.005619421147779802,0.004017988716480181
2024-03-13,0.002666871222374523,0.005758869560920754,0.007361330157849011,0.003341783415835353,0.008096824627894295
2024-03-14,-0.008336666666666437,-0.004881026650946585,-0.005112703637016547,-0.005820126831353578,-0.00543765757681236
2024-03-15,0.0004683024144616077,-0.0005690461414525894,0.0011345604163850442,-0.0014161454769945347,-0.0016842020408385228
2024-03-18,0.004646604452287484,0.0038234795060165805,0.005019857696696439,0.004283010223368633,0.00042144870577853766
2024-03-19,0.006055485604259392,0.00501207373854351,0.00419108335302254,0.006181109088119641,0.00365851963135988
2024-03-20,0.010687271343024607,0.0057340911758525515,0.0059613151025244004,0.005093881884919105,0.0090470844190782
2024-03-21,0.006297216192546529,0.0018646353993878595,0.002126935644708894,0.0019520287004439751,0.004173059846683369
2024-03-22,-0.007108784339713514,-0.0036363930840020986,-0.0030848462609451843,-0.001589206601596227,-0.004330159324218985
2024-03-25,-0.0008985244857989683,-0.002237070666178509,-0.002012392622421144,-0.002246475073516052,-0.0019994346020540954
2024-03-26,-0.0015603836672218874,-0.00010175473024520709,9.930574556271665e-5,-0.00010741899047228554,-0.00012141615966598795
2024-03-27,0.014083950585252802,0.012786449230560493,0.012426719919870655,0.01133475429091746,0.012509619871293953
2024-03-28,0.0023429404179104996,0.0025423018357939586,0.0036244448458981893,0.00225958018907102,0.0030371551587782264
2024-04-01,-0.004747913550600558,-0.006446770389988976,-0.006576293052288462,-0.006379577112945678,-0.006434110578350527
2024-04-02,-0.008752670573909271,-0.005987653493968459,-0.0054820590780103595,-0.007282259678166869,-0.005532908824398497
2024-04-03,0.003073389358030143,-0.0036616450530171374,-0.0028278669857032535,-0.004740286536085714,-0.0007716383247392544
2024-04-04,-0.011208781745921437,-0.008303277218403737,-0.007484284781159256,-0.008167373996201044,-0.009268407709090098
2024-04-05,0.00680737015723154,0.0073596326050575644,0.0071128052424633825,0.007060393731737058,0.007194925013239484
2024-04-08,0.0017792648585013282,-9.912318061133796e-5,-0.00012900031414220248,-0.0012309283160264473,0.0011523377703599458
2024-04-09,0.00295050810814379,0.00333580289499813,0.0036982766816704427,0.0024805866443446956,0.005055189485506428
2024-04-10,-0.01242764536432095,-0.007778640985390717,-0.007803118885718052,-0.0075855905728299255,-0.009070383980274044
2024-04-11,0.0027690981275467763,-0.0009051878880065312,-0.0007448522472116581,0.0009472455926511358,-3.9345162334503136e-5
2024-04-12,-0.014888992539120571,-0.012029568214125375,-0.012074046707772457,-0.012485366913456586,-0.015232171396344252
2024-04-15,-0.008016666666666561,-0.005635455084727292,-0.005668118319339555,-0.006350040913705057,-0.004974172208640937
2024-04-16,-0.0015593484433541471,-0.0008217396529014431,-0.001709813614114375,-0.0014878534496013396,-0.0025139794519963843
2024-04-17,-0.003473735968020586,0.0014914516597770433,0.0022592741963285423,0.0004948932548405338,-0.0004124325438461529
2024-04-18,-0.0010082117725946915,0.002461599880110521,0.003329785063661328,0.002596303494776686,0.0015188595618862433
2024-04-19,-0.00047393831171649303,0.004365568517114893,0.004204958172494111,0.002407097153347193,0.001880343647228333
2024-04-22,0.005703339924643336,0.007710807170435929,0.007490210616279747,0.008614367542761014,0.0060718354312843115
2024-04-23,0.007964644114042185,0.006225830234239282,0.003533826830030895,0.0038752874520655567,0.006962060720896224
2024-04-24,0.0016685532453262208,0.0026629178613453153,0.004034867494046246,0.0031723392453841814,0.0011359713952134864
2024-04-25,8.59194729656565e-5,-0.0033082672698276916,-0.002032809188242224,-0.0030169347820778736,-0.0010683147482704047
2024-04-26,0.004681387068074416,0.002039516765075966,0.0016631055537348338,0.002661374574264741,0.005517309593163544
2024-04-29,0.009093682228338729,0.0059709108633339,0.006353456904721222,0.005707992741043055,0.00699733501044375
2024-04-30,-0.018820411788568525,-0.008478494453931118,-0.008603064287597717,-0.00798494439251407,-0.011394561694331506
2024-05-01,-0.0031334562517192355,-0.0005235765474068677,-0.0012547279917811682,-0.0017107976197549002,-0.003561503254071896
2024-05-02,0.009207093854411097,0.00741493412618599,0.0061384134729363105,0.007532899490436007,0.007100922227352369
2024-05-03,0.008494513834619744,0.004037516412903841,0.004353969644710576,0.005000379775950137,0.005890063666300405
2024-05-06,0.006944774160124734,0.004089425174910621,0.004232167856935476,0.00418184404508426,0.006479249091135175
2024-05-07,0.0013261152450423364,0.0066757221668660716,0.007075787810182366,0.0069703406343937235,0.0023900698263483733
2024-05-08,-0.0008307073148172694,-0.00267138285949009,-0.0030908932089692698,-0.002867303633322993,-0.0033212318185220635
2024-05-09,0.008872759350428527,0.00864295399722792,0.00866171833909446,0.0075855419488819464,0.01094333061100028
2024-05-10,-6.162558875300039e-5,0.0022305760295251442,0.003089216553821883,0.0025996107970613913,0.0037140341060100113
2024-05-13,0.0003447594810668253,-0.0008374685216298028,-0.0003880474067055051,-0.0004460329463507051,0.0013892220502105257
2024-05-14,0.004003333333333137,0.0015708256660269537,0.0012750980067632867,0.002565617919342955,0.003287240236975242
2024-05-15,0.005492147768433986,0.0041627149268474994,0.0042396894615783776,0.004530925592054702,0.003242743537533732
2024-05-16,-0.0030627510129755953,0.0014518901191442612,0.0012778378577413818,0.000550727390264294,-0.0006383107517935471
2024-05-17,0.0020653282311529075,3.8583152523585795e-5,0.000876889316153262,0.0016373845016903754,0.00342308119532464
2024-05-20,0.0010520054675811075,-0.0038906940380474264,-0.00315687443862267,-0.002420462981588156,0.0005333185188467482
2024-05-21,0.0028302247239211376,0.00253996592752892,0.0023566277622144582,0.0010719287630298613,-0.001766209229997151
2024-05-22,-0.006508105239551365,-0.002367816321223626,-0.004955247085514758,-0.005037921182470484,-0.00890895261104796
2024-05-23,-0.011936365701279206,-0.011929712156213634,-0.01237737977390685,-0.010589741992847568,-0.010783331826160092
2024-05-24,0.008566197824545263,0.00155615996850611,0.0016700269063949502,0.003278425393812734,0.00665866201832932
2024-05-28,-0.004529636312446295,-0.006768595649290332,-0.007890000371082007,-0.006300523127576341,-0.003930655862326882
2024-05-29,-0.009509401826634067,-0.00728524084003368,-0.008748022422083168,-0.007742320006959624,-0.008781013487555445
2024-05-30,0.006710420640438697,0.0036837074624278543,0.00453163139004098,0.0050398815233507754,0.006796112607131866
2024-05-31,0.012363979050071805,0.012138062730183696,0.013230911099801013,0.011297890411801959,0.01203323066240869
2024-06-03,-0.0029486638473648075,0.001091532173185028,-0.0019107208683188937,0.000545194388445136,-0.0017915016624395763
2024-06-04,-0.008809663515943145,0.001954992367696029,0.00045546051521605513,-0.001191578221764078,-0.0020776938200574024
2024-06-05,0.008462205016926516,0.0021138355793772767,0.0010372517196586273,0.00345873182320533,0.004561437424226877
2024-06-06,-0.00103589710150076,0.0037145072756907815,0.0025074718892830195,0.0029391363071347154,0.0026665262307048465
2024-06-07,-0.00625324122255666,-0.004049501600780547,-0.005163360059602939,-0.003780521358201283,-0.010068120261909952
2024-06-10,0.001599914636885913,-0.0008966292504847262,-0.0020880891282170078,0.0009123682016562995,0.0011627222588355135
2024-06-11,-0.0044705249584510165,-0.0016200154432243208,-0.0030013331895840656,-0.0014617359074483582,-0.0036889162909914397
2024-06-12,0.004927037666166978,-0.004414399472061126,-0.00419677552048725,-0.002514930601921095,-0.0014110577708587035
2024-06-13,-0.0024133333333333784,-0.002622491588300191,-0.0011844736604565975,-0.0006630094873379955,-0.0018046710061484506
2024-06-14,-0.006904148344671679,-0.0016102840706102572,-0.0013569170636057448,-0.002100629010054589,-0.0025766557281438063
2024-06-17,0.008210068366023116,0.006138767228294428,0.005665584442220428,0.006464597824689333,0.003511055128145646
2024-06-18,0.0014675135183186416,0.0013338670264269048,0.0023227433763064465,0.0014917146757891242,0.002457864214739258
2024-06-20,-0.00045106651487591964,0.002087779492760511,0.001008229176034492,0.0004037064029291937,0.0014788454939211881
2024-06-21,0.0006498651624504692,0.002990893727656374,0.0014361537224050203,0.0020923631194094128,0.004673657451430113
2024-06-24,0.003923411295953638,0.006556699133598354,0.006406097749224182,0.004643060330473903,0.006031653400953907
2024-06-25,-0.00666179757420593,-0.00489627672016435,-0.004588891167627063,-0.004715562786321903,-0.004407188820634289
2024-06-26,0.001388496096345282,0.0013116306161280455,-0.0009546379815068562,0.0013265403298561296,-0.00019483641734463486
2024-06-27,-0.0006286308812752939,-0.001329780170058359,-0.0017339230441039133,-0.0006782240669961359,-0.0010928636605707087
2024-06-28,-0.0021609313600244873,-0.0050439805463669,-0.004899695924337921,-0.005971202986056023,-0.0028019041302046466
2024-07-01,-0.0012954390692119233,-0.002838666973696391,-0.004344993983506629,-0.003374798535437429,-0.0053006318467152536
2024-07-02,0.005457778572279137,0.0032802081633513946,0.002986103110150129,0.0028949178303374623,0.0038035898978350247
2024-07-03,0.004931270048352143,-0.00043591359941275165,0.0016972335316609577,0.00032216200162804576,0.004299505470191534
2024-07-05,-0.0004989782453884706,0.007278603791615934,0.006465759291768958,0.006015055430101279,0.00543853294692731
2024-07-08,0.0009779101613300867,0.00015968659781551153,-0.00017381861593346315,0.0017049733122860289,-0.002596760116083674
2024-07-09,-0.0032631558816614836,-0.0015849110547949685,-0.0012934573269990368,-0.0017926353647955695,-0.0022960297006857644
2024-07-10,0.007972809943946668,0.007840985663171374,0.008909210871864026,0.008387481711261024,0.008389317310216304
2024-07-11,0.008223317777968475,0.00515922016961623,0.00553242564040457,0.0033380391176027757,0.00492372744023295
2024-07-12,0.008913181937458603,0.006745737349401981,0.007286436199163582,0.006881204226648396,0.004433636074571368
2024-07-15,0.0030834916657527245,-0.0038491461590104414,-0.005014263799727581,-0.0025417867182662146,-0.004477359927367419
2024-07-16,0.01731666666666687,0.01080266669409613,0.009818225750438003,0.011411633736786442,0.014214715884395934
2024-07-17,-0.00749854879667089,0.004228869365502597,0.004511803143435689,0.0009717028639075753,-0.003901312754051256
2024-07-18,-0.009335326040122549,-0.011371470492184677,-0.009311374037646702,-0.01037269401011709,-0.015908928486438767
2024-07-19,-0.007735075788013801,-0.0026244157608283913,-0.003227822858467677,-0.003548403210634543,-0.002681339614503675
2024-07-22,0.007232348024808655,0.002805375859352477,0.003588493801167436,0.004468351399180781,0.005558603208040802
2024-07-23,-0.0015914321264124398,0.0018312509207736305,-0.00036788742582349876,7.688757720569761e-5,-0.00029826512193320553
2024-07-24,-0.01666298537296418,-0.003359939881119378,-0.0023522343529744916,-0.005704723296003356,-0.00979615705750947
2024-07-25,0.004310080348906675,-0.0006072131168315398,-0.00012750827630025885,-0.0019825835067108777,-0.0033415374055276725
2024-07-26,0.01754697112326653,0.011208003394188815,0.011329971186452292,0.011751871249778612,0.011397764480380213
2024-07-29,0.001402409755394185,0.001554607729228108,0.0009249496165470994,0.0008379220969561008,0.002417147397690833
2024-07-30,-0.001483800825600734,-0.005581952728723527,-0.0064620920862250575,-0.007015989711576576,-0.006042625028952697
2024-07-31,0.01045506164641008,0.0034543958471087155,0.004800134424077118,0.006166573214628102,0.00687071324174493
2024-08-01,-0.015311925446801045,0.0037460018847983445,0.0034766685467495506,0.0007660271196685553,-0.003438961272534291
2024-08-02,-0.01961417959978462,-0.0061127876740034726,-0.000666559847858017,-0.007684302384174613,-0.012850718786941884
2024-08-05,-0.025590540498167558,-0.024830738120269813,-0.024859439280379814,-0.024934447961967976,-0.02308615552131099
2024-08-06,0.009207992995089453,0.007406564771997193,0.006871378400482575,0.008382165227691196,0.009948418817145255
2024-08-07,-0.006861084684204211,-2.0266737172813798e-5,-0.0008878691021121377,-0.001683232449790073,-0.005478212762635271
2024-08-08,0.01832843757362035,0.014034029084900368,0.01373413192338191,0.015279941683917997,0.01630354142653645
2024-08-09,0.001901972679595687,0.0006807712476439853,0.0002454742763031703,0.0005090860646912443,0.0037318975742328675
2024-08-12,-0.005401200670906436,-0.0049446683600041785,-0.004509931042293358,-0.004984028814573049,-0.006373409434922039
2024-08-13,0.014460009164871668,0.010821558164443301,0.011113325863475243,0.01121222256176746,0.012625299313921312
2024-08-14,-0.0014533333333333065,0.002654224429537555,0.0034509566638578626,0.003921667353384173,0.0019161669544252025
2024-08-15,0.016108161194269277,0.010651244694440898,0.006579530167529768,0.01116696706961351,0.015742315358155512
2024-08-16,0.0021203611444644554,0.0027010031684113756,0.0030373981990909904,0.0025368991158203347,-0.0004909572885015701
2024-08-19,0.008598594837682771,0.006372864196698469,0.006748851211839435,0.006662080057607378,0.009114641290994152
2024-08-20,-0.004781660567295787,0.0015444782018370073,0.001496875014789012,0.0016770466055469058,-0.0014837121166620948
2024-08-21,0.00852549970644434,0.006176976870558182,0.00461208846917871,0.006127408588265437,0.008152513467436728
2024-08-22,-0.006632148347982092,-0.004550402393621478,-0.003416263768399652,-0.004721719345003761,-0.006749309127928038
2024-08-23,0.015291023798661207,0.007881582260313769,0.007914049950069169,0.008104623128255772,0.011322962606501674
2024-08-26,-0.0011892602033255484,0.0017272741153131488,0.0014560888103862801,0.0015433632961121546,0.0012198512049264032
2024-08-27,-0.0004249369546014403,0.0021107909157609406,0.0028635072412674933,0.0018324280848085461,-0.0011518702884907306
2024-08-28,-0.005314571303470017,-0.0022329883637134396,-0.0017997756526355602,-0.0026208250261532395,-0.007510081362230192
2024-08-29,0.0034436752628195233,0.0017521624260607993,0.0005343850275469908,0.0011450754383646178,0.0006907730461205297
2024-08-30,0.009430513521942352,0.010111769457214148,0.008585706684395955,0.010388124951224098,0.010521999114356806
2024-09-03,-0.020598037721107465,-0.00496954873706823,-0.004044184925828254,-0.005557326592743661,-0.01635557254136355
2024-09-04,-0.0007332739943283206,0.0014356639762187484,0.002514808416276937,0.0015502146372241565,-4.3631855172310274e-5
2024-09-05,-0.005858031884744208,-0.006851237014947165,-0.008059364356314491,-0.006372671256977158,-0.00318355723766095
2024-09-06,-0.013796921242274052,-0.009186787191938217,-0.0075580140179042354,-0.009387629924195395,-0.012309193929865958
2024-09-09,0.008259151282751898,0.009162278696003057,0.00808541707138355,0.009489083198776616,0.007179607510892971
2024-09-10,7.755049283120208e-5,0.001631764138474212,-0.0002716373262682259,0.0022559277724647497,0.0024258011271018898
2024-09-11,0.0028264609346257963,-0.0021162823116436247,-0.0033043997852439944,-0.001419555971582609,0.0015666811181858087
2024-09-12,0.008395180846473282,0.004641922691789757,0.0034339650849775083,0.004126760230219961,0.009381443743687212
2024-09-13,0.011980000000000102,0.006083332595509194,0.0065286926865271155,0.006504870733361923,0.008637385105666917
2024-09-16,0.00399375481728903,0.004528196105310522,0.004836186475509763,0.005127892272347001,0.005010790960740197
2024-09-17,0.002399243775329074,-0.005310358179134611,-0.005291314841637473,-0.005675317367965338,0.0006725402054230667
2024-09-18,-0.002388404288447221,-0.0033578429496615714,-0.0038268368641182215,-0.00337468495679516,-0.0006351273937348356
2024-09-19,0.014466134562352462,0.000665211509887742,0.0003190007788673732,0.0017003224752265567,0.006285426665302074
2024-09-20,-0.0034252382332657927,0.0010943372452418831,0.0016254732223162094,0.0014491585135449903,-0.00031451182378683384
2024-09-23,0.005121873219407158,0.00323956905016054,0.003150863196250908,0.002551507538932629,0.003539164077813517
2024-09-24,0.007136838495442888,0.00034832065660550526,8.174509123826112e-5,0.001072875569450904,0.007760096417640749
2024-09-25,-0.0056519407372684904,-0.003901097920673613,-0.0034853195746905596,-0.003972230099540508,-0.006951389994955259
2024-09-26,0.00947606072012075,0.0030152613451155386,0.0031608227932846678,0.003249590619191167,0.010524167168753928
2024-09-27,0.004159815673570044,0.000303679603796736,0.0013090869773655367,3.826479100688118e-6,-0.0009250422749002007
2024-09-30,0.0008341915796792332,0.001606275314774308,0.002069829799339784,0.0017110262896777861,-0.001914721165350075
2024-10-01,-0.003782264506250299,-0.003140622266728399,-0.0029829455899172963,-0.0037907622037866018,-0.003049410484222692
2024-10-02,-0.004193531364532488,-0.005689619058874107,-0.005169949355560921,-0.005892102021328838,-0.0035168731944366094
2024-10-03,-0.007588257336780813,-0.009930691785654644,-0.009092233959746676,-0.009686333100945577,-0.010775353655381958
2024-10-04,0.009326074040503451,0.005435182922848059,0.004771256978473026,0.006222164087726467,0.00666952388455222
2024-10-07,-0.006470498965354454,-0.009649672584032265,-0.009145456268286778,-0.00988279720736196,-0.009286979570157006
2024-10-08,-0.00021787478450685516,0.004153998029754469,0.003521710736936745,0.0039789211442275985,0.000860803352090489
2024-10-09,0.0069176220964557444,0.00750578480189068,0.00667582985731352,0.007217323457691771,0.007526830104074955
2024-10-10,-0.002789362465866918,-0.003034733836170145,-0.0027154900208967714,-0.0037192751432157944,-0.0027950461122355774
2024-10-11,0.008752452324119808,0.008357217073516221,0.008341734228274778,0.008567904680429894,0.009556501380119986
2024-10-14,0.004949999999999788,0.0035209051909363964,0.004688340267536617,0.0039080257941839225,0.003878049755687396
2024-10-15,-0.0043859628173875675,0.0002914095194885835,-0.0010121736873571763,0.00022291498868454163,-2.9538081752877865e-5
2024-10-16,0.007342079948488678,0.003565713489352307,0.004171368748086879,0.0034994093717919394,0.003699877743730484
2024-10-17,-0.0024437306796268876,-0.0034767558454700254,-0.0031811169827440366,-0.0028507575762724002,-0.0016786417918711605
2024-10-18,0.004318204969353756,0.0033001346008731947,0.003456483154657075,0.003577749915043116,0.004814995680227252
2024-10-21,-0.006798824740253284,-0.007233749720100047,-0.006362254939316747,-0.0067144296204231235,-0.00686808618971646
2024-10-22,-0.004310801773667716,0.008594436487539658,0.008417585590417165,0.008516031449694594,-0.0002412552444437388
2024-10-23,-0.007345961418942393,-0.005619802645470573,-0.0054676837259385325,-0.005718341565470464,-0.008152387487098678
2024-10-24,0.004785993709712111,-0.0017401707042703496,-0.0031354812545346666,-0.001834969071103587,-0.004228312787112443
2024-10-25,-0.005365342739834911,-0.007157841196156478,-0.007478521003429828,-0.00712722356920148,-0.0035672488445227524
2024-10-28,0.006152436648128035,0.0048620793457405664,0.004131626967605273,0.004570228003228705,0.006330866207203467
2024-10-29,-0.003591363194886732,-0.0028360568290733967,-0.0033529413918786943,-0.0025411082903523674,0.0001278487903024761
2024-10-30,-0.0034251603192824165,-0.0017706414744338428,-0.0028082242552717185,-0.0020257104987844166,-0.00404176718068372
2024-10-31,-0.008183115686429154,-0.005383596966427873,-0.005609427951589141,-0.006529285571774124,-0.013052663459373282
2024-11-01,0.003618903462790257,0.0025907106809168745,-0.0005285597301817324,0.002846000592598763,0.006765473661858978
2024-11-04,-0.000592721613831837,-0.001679923844915332,-0.0013764074362220269,-0.0018111136468837996,-0.0030998766367522634
2024-11-05,0.014382345591161139,0.010437075232153203,0.00993140747543797,0.010062559264646387,0.01113552164110021
2024-11-06,0.02941732030560762,-0.0004418848565999056,-0.0024981468687832464,-0.0017036134782482115,0.006543721567347838
2024-11-07,0.001252866019381793,0.0007473544536673593,0.00077027562414278,0.0012890892323258463,0.008569429923076077
2024-11-08,0.0062895543330576675,0.009683259273652434,0.009366870881015954,0.009683663818648602,0.0038268241044798756
2024-11-11,0.005587571667157398,-0.0037913998658291037,-0.004484355406339846,-0.004119263051721278,-0.006748172643861738
2024-11-12,-0.00982666666666665,-0.004720952533118883,-0.005407605693890427,-0.005102077729248422,-0.007448965799494167
2024-11-13,0.0006364387379991232,0.0034438789243755874,0.0015459988855390794,0.0024766593544496285,-0.0016749199334810116
2024-11-14,-0.006683845086394413,-0.0040308746568454845,-0.0028607272947525075,-0.004760496011347981,-0.007799730906994151
2024-11-15,-0.0071392261790720335,-0.009033397167904189,-0.006880030393442871,-0.00968827037003861,-0.012871082036267967
2024-11-18,0.00591348824239879,0.006020005569069564,0.006421351289857213,0.0058884956199929395,0.005690271182202888
2024-11-19,0.0004169277135124272,0.0004679326746073187,0.0006789680832011147,0.001453414181453283,0.0037346646956881724
2024-11-20,0.002881844061234151,0.00204243068430654,0.0028213841642712456,0.0015973315292900914,0.0009640937047084019
2024-11-21,0.010967509637753281,0.00805868324677217,0.009751226625892784,0.00766151940005777,0.0077049325642535305
2024-11-22,0.008974955727485856,0.005258940496411846,0.003663005943806308,0.005384663139641477,0.00843041651222376
2024-11-25,0.007375312139487278,0.006677803625719347,0.004618846798099652,0.007156298462161814,0.009039710904607201
2024-11-26,-0.0029745548260970978,0.006584374083475009,0.006053624661003232,0.0055625366739586735,0.0011447989799693303
2024-11-27,-0.0014437908626098173,0.00011598966852544024,0.00017712160730032345,0.0004039604535894803,-0.0008559083349631846
2024-11-29,0.004824269771669609,0.0037111204272270992,0.0034696023039157975,0.0036239338255437126,0.004074034121813952
2024-12-02,-0.0005863711763336443,-0.002722614786479949,-0.004625269159031831,-0.0027554192905826502,0.0004925463095111215
2024-12-03,-0.0036364314077651505,-0.00523833658206907,-0.00610474120098603,-0.004461037001757928,-0.0016457862344985141
2024-12-04,-0.0013212235272619388,0.00023232005081008644,-0.0006781125378603203,-0.00016467309171819267,0.00012072299368304229
2024-12-05,-0.0027645918083019083,0.0014853742107889811,0.0010375867102299097,0.0007907784951368679,7.764289988365647e-5
2024-12-06,-0.0008636002009241306,-0.001622715909113337,-0.004634201085355727,-0.0016297796044132395,0.002082236767722234
2024-12-09,-0.003989989355093426,-0.006696089270616712,-0.007425249569351977,-0.005036162703980107,0.0011478677447682717
2024-12-10,-0.004186223546782997,-0.0007323470555437028,-0.0016848382615131108,-0.0018775348511308465,-0.003936723540312381
2024-12-11,0.0025657697803684876,-0.003411722701397224,-0.004710853633044798,-0.00257697166146853,0.002621934175205176
2024-12-12,-0.005126666666666724,-0.0017515045330109835,-0.0013963651901049978,-0.002146571505521111,-0.004458974804229299
2024-12-13,-0.004368980305700321,-0.0013740744695119878,-0.0019731262925766213,1.156281394298908e-5,-0.004900934778197974
2024-12-16,-0.0024349777886564228,-0.001626827988722268,-0.002615256815341249,-0.000240882683217869,-0.0008797086522379649
2024-12-17,-0.005997220821219895,-0.002129226973975773,-0.002951741963853949,-0.0023566148872056214,-0.0027471174488938876
2024-12-18,-0.029222234582346962,-0.02268012513528528,-0.02173484318297081,-0.022575541129232324,-0.02868624056104485
2024-12-19,-0.003977030475544985,-0.004047356416644443,-0.0039111909223839,-0.0027375487443230817,-0.0037256706707300413
2024-12-20,0.006835233299401944,0.006520169524532937,0.006366210876339151,0.009112045924805523,0.004285394320534763
2024-12-23,0.002032990848487959,0.0010708158959031877,0.0008935287922473556,0.002787665505926462,0.002294475638591864
2024-12-24,0.009173477973358768,0.0066454152004458145,0.005622639311180677,0.007043966531069978,0.009987889600547195
2024-12-26,0.00027593612275378376,0.0007822614953412188,0.0008644679321256898,0.0013644790355811232,0.00024921619144513407
2024-12-27,-0.009081784687771988,-0.006722627198278541,-0.006092628241035181,-0.00714846255359014,-0.009103265545768569
2024-12-30,-0.00958690741883994,-0.01036610391831816,-0.009349876944854008,-0.011044333487480795,-0.013440344926637038
2024-12-31,1.9196377269770082e-5,0.0007520098559217203,0.0011683042842867142,-0.00016260299777048903,-0.00010313343589951618
2025-01-02,-0.004466012103397143,-0.0013289092303028216,-0.00037840492849638974,-0.000891393887320957,-0.0021480965681600628
2025-01-03,0.00913439344570599,0.006676162522967877,0.00571568307922421,0.007554942417181909,0.006592322684842333
2025-01-06,-0.0010245126955410466,-0.007564765481522184,-0.008225702622047693,-0.004573934761426313,-0.004562654518346698
2025-01-07,-0.005289460431456061,-0.0032639246051544557,-0.002660385266332832,-0.005294428213261759,-0.004247328855720878
2025-01-08,0.0008361879620706336,0.0028258113260852813,0.0025305613400457005,0.002762848525893702,0.004119087482806094
2025-01-10,-0.015696750245598023,-0.016694396531328426,-0.017082665720074774,-0.016080423604812877,-0.012698030238477709
2025-01-13,0.010041341659744463,0.005086975358426615,0.00535628617209527,0.002567068957711305,0.005709654368530881
2025-01-14,0.005869981743278352,0.0009912005046075478,0.0010312482716259286,0.0009160734377022806,0.0009500547919396585
2025-01-15,0.01208000000000009,0.007066067296615408,0.0072373636830298516,0.007698560743282679,0.0099653321601898
2025-01-16,0.003658577714541922,0.005930888544882995,0.007135298777890098,0.004926048073586875,0.003497193734876447
2025-01-17,0.007525849257593142,0.006677154201930602,0.006461017571584016,0.006846901070585609,0.0031682283859801874
2025-01-21,0.011112849018098503,0.010462322710936611,0.011258123577432055,0.009879270883409896,0.010288377997282439
2025-01-22,-0.0029574668290131,-0.003595332376791549,-0.00519092097640228,-0.0016012314308218034,-0.002875208987179856
2025-01-23,0.006524402074653768,0.008083207602522569,0.008083990343590086,0.0075410524134300605,0.005204299226851283
2025-01-24,-0.0020560068987712787,0.0018707179685912845,0.0025381725351729667,0.001234945351546557,7.362499111307486e-5
2025-01-27,-0.002722566199734544,0.014564643545610823,0.011777370974662027,0.012072610126911965,0.011608620842886275
2025-01-28,-0.0046658185543148045,-0.008921481343694193,-0.008792708408178251,-0.006584746239097217,-0.00811817888695443
2025-01-29,0.0008839584559419134,0.0007853682765779357,0.001132310875151088,-0.00024104727914553425,0.001176499699681699
2025-01-30,0.008101292707465069,0.008382022098833986,0.008767530041478011,0.008689897066975538,0.00966407461506047
2025-01-31,-0.009447887476934036,-0.005805411027889007,-0.005644924796358697,-0.005898762918731482,-0.006580760025208576
2025-02-03,-0.007998069548914799,-0.0008718024376980216,-0.00041502649668101466,-0.001331016779765215,-0.00024798054645336354
2025-02-04,0.004378039233467801,0.00017792757965673367,0.00024979461973750894,0.0007487825614720389,0.0053921093688826804
2025-02-05,0.001906597146546618,0.004752953069671939,0.005267585451875778,0.0057066327026349395,-0.001669523517808691
2025-02-06,0.002560720886688017,0.010350084112509927,0.010113915571379861,0.011514909440988985,0.0005809117547235232
2025-02-07,-0.00784671552833649,-0.00790201751262809,-0.007664730472572434,-0.007636539032924827,-0.003951505928310173
2025-02-10,0.007428207366548367,0.0064408833539582044,0.007301923534985155,0.006336044114064521,0.004826834497275501
2025-02-11,0.0005903843983077195,0.00725560709149331,0.0071736796607939635,0.006803172256781176,0.0018006151014664518
2025-02-12,-0.004179636828678945,-0.0008137570577934072,-0.00114094251429242,-6.577214584901903e-5,0.0014579463780046709
2025-02-13,0.011747868840855213,0.008269621839774421,0.0076165730565436185,0.00872278812581917,0.013852293365451462
2025-02-14,-0.0034533333333333083,-0.009459979646231687,-0.011377619495766766,-0.011169634925061178,-0.008379507527054297
2025-02-18,0.005008358865949969,0.0017027175483963486,0.0017294689050071366,0.0017658983979689236,0.0017518676604366679
2025-02-19,-0.00034816882229016244,0.0038677198752441466,0.0035835836013986544,0.0027006576365522506,0.002408389968867164
2025-02-20,-0.003347005754108512,0.000243351041739448,0.00036585556088009064,0.00033050701269266014,-0.008050771432649317
2025-02-21,-0.01594557322020196,-0.0005624453373075378,-0.0002274321955992864,-0.002177921093027946,-0.011079504627700687
2025-02-24,-9.888039368532997e-5,0.0040425454195132104,0.004956653800346267,0.004703413849798999,-0.0019552635619664027
2025-02-25,-0.0009675459478244441,0.0058069747478426414,0.005839150678713878,0.005823819446552969,6.686937300015572e-5
2025-02-26,-0.004072308669435976,-0.007862198981389068,-0.008280325857478066,-0.007688628608424453,-0.005853420673975207
2025-02-27,-0.00984588761342653,-0.004960292876676209,-0.003989752396099111,-0.004060143658941584,-0.00782977891575054
2025-02-28,0.011930933655502018,0.012441657712274123,0.011815173879307306,0.011129767400237744,0.011242917679076703
2025-03-03,-0.014202348656879749,-0.0019020923820469715,-0.000851488975652237,-0.0014003113712013349,-0.008866077078884205
2025-03-04,-0.01681214277396148,-0.016393541849293758,-0.016564777422373278,-0.016691658581305613,-0.013980423276869436
2025-03-05,0.01188931936698201,0.007171182493197037,0.0060775260532384134,0.009004407291228533,0.014848444917471282
2025-03-06,-0.009648077488321305,-0.0054971419504369345,-0.005100744001428792,-0.004478687229142575,-0.00642449415044033
2025-03-07,0.004440231680063578,0.001044351532161869,0.00036173513868442697,-0.0009412983056810154,0.002295346810655907
2025-03-10,-0.017021211065321507,-0.006016718013171052,-0.003557376358335973,-0.005029827674275955,-0.017419556434025596
2025-03-11,-0.005825031100955336,-0.005472697555377493,-0.004286242683832153,-0.003760898207640029,-0.007281815916507894
2025-03-12,-0.004260958485267974,-0.01053804907326994,-0.012530458785040888,-0.010927774124428913,-0.006888875975781361
2025-03-13,-0.009321148021202652,-0.00477711854746532,-0.004090201741989263,-0.002972773725267386,-0.007560465176754905
2025-03-14,0.018219633933742374,0.009911386712830206,0.00946274845297923,0.010073745964399583,0.013551370272048446
2025-03-17,0.009448244845758014,0.011697996711605763,0.011241793988186366,0.012450437885796806,0.009645885064246018
2025-03-18,-0.006823333333333292,-0.006808742394014966,-0.006576010242661745,-0.007380113092043117,-0.005887755539837225
2025-03-19,0.009720051820253595,0.00464777645040626,0.004655513689329371,0.00456693661079699,0.008526759465045997
2025-03-20,-0.003986020485353126,-0.0021709402380529763,-0.0015828751671026486,-0.0023158036296978546,-0.0035082795375427356
2025-03-21,-0.0047998100062404125,-0.003705421888662408,-0.004785961263227723,-0.003878213065941938,-0.0026402670785202753
2025-03-24,0.018796916626037552,0.011409334459531406,0.00834006031430179,0.010319656933836185,0.011729772154252416
2025-03-25,0.0010714509862059796,-0.0027602062155832607,-0.003912168949289363,-0.0033884182226052717,-0.0011836560310596322
2025-03-26,-0.003696510324718294,0.0021347466191186104,0.0023956614719489178,0.0011894064925768166,-0.003099347275055009
2025-03-27,-0.000922777604846714,0.004944108513057266,0.003679345562289882,0.004573217764186399,0.0007113803104401573
2025-03-28,-0.01958183238882316,-0.011204454039309808,-0.008332515015464614,-0.010688176689792939,-0.01622444470198703
2025-03-31,0.00454959878309924,0.010268852643360304,0.01084380414609143,0.010276750180298722,0.005940355138357223
2025-04-01,0.004423956743983881,-0.0010092026023559297,-0.0015784277343887654,-0.0012907234652654864,0.0015549609132392561
2025-04-02,0.007419658020950237,-0.00017892323576729208,-0.0015931324933881053,-0.0008855400793384982,0.0045455190700887105
2025-04-03,-0.04700800680008621,-0.018178546099047455,-0.01618244891955034,-0.017372197991963323,-0.035870290059589194
2025-04-04,-0.05413152384106912,-0.054986651352629146,-0.05882734323495009,-0.056195095862011546,-0.05555322285961861
2025-04-07,-0.00849090060305957,-0.0066607266031420975,-0.00829398751929089,-0.007123229207109505,-0.008070462949202661
2025-04-08,-0.016334384403059454,-0.01124203796368839,-0.011800036958926396,-0.011681037633002989,-0.01307385947456663
2025-04-09,0.08172733267044596,0.055171787089617785,0.05486050249982255,0.05743825222419319,0.07193519980879204
2025-04-10,-0.030169422004118096,-0.017793459975407933,-0.018506576541368003,-0.017811431090586805,-0.021373320247619065
2025-04-11,0.018138907719759345,0.0195719809735988,0.020066092405510938,0.02026509851663283,0.023691857835447916
2025-04-14,0.008394071718635931,0.010913388353805287,0.012644630539091484,0.011787005283075747,0.008903557735586265
2025-04-15,-0.0021696010219336426,-0.0020120722574170635,-0.00048391606734565773,-0.001218438996923088,-0.00402976157035384
2025-04-16,-0.014546666666666819,-0.011762311493491051,-0.011964343979760095,-0.009510735857497177,-0.011743446489694609
2025-04-17,0.010720500886225004,0.014269071743531425,0.0137010559947639,0.014764242176056763,0.012116846505924261
2025-04-21,-0.01965686836420477,-0.01716909324816207,-0.017265086428316367,-0.017692914597251086,-0.015973176398294875
2025-04-22,0.023499462024828333,0.020754992862068722,0.02043879330879772,0.020534501211524114,0.023525760731869294
2025-04-23,0.010987421443048984,0.006447292706393881,0.00589577632741678,0.003835740225048845,0.007560928349759299
2025-04-24,0.017847835121171052,0.00792082277084627,0.006805531631172146,0.0045449051024077924,0.010369523076846576
2025-04-25,0.00024152456098636144,0.00019132291857126837,0.0006302235204314055,-0.0008520253571533409,-0.002448825527687659
2025-04-28,0.0015049320462421356,-0.00012810856131317827,-8.969873034558873e-5,0.00028003413904964525,-0.00030197783292595926
2025-04-29,0.0058978174742028155,0.006648690342123897,0.0066614144028265265,0.0068239534737604135,0.006166760216251177
2025-04-30,-0.0015227572793391486,0.0023677525220031637,0.0028181558941988705,0.0013452637024171654,0.0012064392648427624
2025-05-01,-0.0008796151799936869,-0.00680660291056423,-0.007096606146244744,-0.006947322768332542,0.0002811978526244818
2025-05-02,0.016618235979601437,0.010833552120934842,0.010496118006781074,0.01095077344139872,0.013367755247978952
2025-05-05,-0.005713549672670459,-0.005121525523135384,-0.005319282347105214,-0.004378041654127807,-0.0025456997248256563
2025-05-06,-0.003310719328030065,-0.003986049627693777,-0.0035170990355068987,-0.0012075171576138022,-0.0037570985292644243
2025-05-07,0.004212917424313289,0.0059908384283702265,0.005860623581546376,0.004817409665632599,0.008088353605043341
2025-05-08,0.0068262791091278086,-0.005113615731904386,-0.005138108519532114,-0.006253642279932969,0.0016620109820344453
2025-05-09,0.00012887107382164587,-0.004879400284216184,-0.004728402826073674,-0.004455622361699718,-0.0038778922265095828
2025-05-12,0.026499972646107484,0.008596450421720192,0.007645144267612869,0.003808984594994458,0.013502378304351303
2025-05-13,0.007212115590171653,-0.0006923046837689073,-0.0003451717235919416,-0.0003147819595741286,0.00033025251764784436
2025-05-14,-0.004091045837473994,-0.0066128234841209554,-0.005806142120056812,-0.006503617470880796,-0.00555964357389005
2025-05-15,0.007969139138424453,0.01679939093270577,0.018030790386862616,0.018964404773062382,0.013884242230394861
2025-05-16,0.00918999999999981,0.011492913389874682,0.011595495660528421,0.011859412591409324,0.011165017390325715
2025-05-19,-0.001203848961377818,0.0025522427061079878,0.002311569830232063,0.0024685300990390235,0.0015619573216969496
2025-05-20,-0.0025022765121823776,-0.00022511962795279672,-0.00015433881312820752,-0.0001340637721272131,-0.0006216193479000598
2025-05-21,-0.01719091938670947,-0.010922986648057464,-0.011462298857784381,-0.01080159725683083,-0.013473796188825271
2025-05-22,-0.003390788955730528,-0.005607643940757412,-0.005776822440771823,-0.005910713473484375,-0.004155567979465924
2025-05-23,-0.0018269266338436507,0.0027149272623827603,0.0030478814121712716,0.0034961345431712143,0.0014789397350749578
2025-05-27,0.020214654901319795,0.012942645992577884,0.012184251511235145,0.012518978714224804,0.014080937411961036
2025-05-28,-0.009843495547114944,-0.008007339346699283,-0.007702219895556417,-0.008663740674812237,-0.010196337909597508
2025-05-29,0.0021432865800135037,0.0033474024314628092,0.0035625522945539334,0.0035057386682364466,0.0028751979700396557
2025-05-30,-0.001251115350107801,0.004794119785801021,0.004609815261719996,0.005049338588872132,0.005057096587916643
2025-06-02,0.001045892773076984,0.0014518651693811169,0.001228274666104534,7.233664548267349e-5,0.00015670876146756108
2025-06-03,0.0067878903456335404,0.000771256652676966,0.0008592578025388153,0.0007884944832863283,0.0032201619558371863
2025-06-04,-0.001443700882356791,-0.005907188076315628,-0.006186722708972359,-0.006163311135633953,-0.005349384202791074
2025-06-05,-0.006350906712400017,-0.0020041830117631942,-0.001129848436666303,-0.001805724079949056,-0.0008892037980503531
2025-06-06,0.007292147445584929,0.005618590801141021,0.004983233780444518,0.005087092795292181,0.0020368385944571354
2025-06-09,0.0029187832323036567,-0.0019443593912158441,-0.0022351455314816304,-0.0024309797663569777,-0.0022523031545413907
2025-06-10,0.005104911978352167,-0.00035444970521703034,1.7477159313106228e-5,-0.00020660412866779776,0.001251677638158366
2025-06-11,-0.0016643440741167526,0.0017729876331475936,0.002372080739269311,0.0024550421584816906,0.0008551778045218228
2025-06-12,0.0004630759478079227,0.004865736755301997,0.004977911765483345,0.0052466529414978424,0.004793893695911766
2025-06-13,-0.009924190016857515,-0.006823821910102779,-0.006534641335119273,-0.007684057628431495,-0.011126923368081632
2025-06-16,0.008559211844595849,0.001196216462054478,0.001110829480661879,0.0009502174688544862,0.003183144794288717
2025-06-17,-0.010633333333333495,-0.00763497271418534,-0.007940224372037674,-0.007871933492804906,-0.008401913634597191
2025-06-18,0.0006116724503890669,0.00047703159655321237,0.0011295749659647747,0.0005645650421275406,-0.0005275926825826227
2025-06-20,-0.001391838204703233,-0.0010236131599664633,-0.0007724641509416763,-4.215041080413151e-5,0.0029543691340585543
2025-06-23,0.01195661862276487,0.008272760537562318,0.008272588451323282,0.007847623986593444,0.010984286108045582
2025-06-24,0.007043947990922339,0.003994136759432498,0.00440628718894831,0.00500759324492317,0.004820622391524365
2025-06-25,-0.008195622797339208,-0.011246270964401672,-0.011301530939978544,-0.010517905936269778,-0.012330185705634267
2025-06-26,0.010863376226560195,0.005179240177858757,0.005423174717688939,0.005054375669524269,0.006958290087839769
2025-06-27,0.007340558896219429,0.0046051360091488025,0.0033542656096214873,0.0035439175497491426,0.008707592698606437
2025-06-30,0.003422291680847289,0.005789212745427097,0.00620946890691032,0.0056425771258992174,0.0018246014429297297
2025-07-01,0.0056635929370363325,0.0008481282280841107,0.001212777017969069,0.001595492769363993,0.0064170442953299656
2025-07-02,0.011476634141938113,0.0015055535278101218,0.0003992306531415135,-0.00020998673514338595,0.000565689956750326
2025-07-03,0.004759488451299365,0.005982050838031272,0.005931363355125452,0.006301000015450642,0.006143357637440561
2025-07-07,-0.009250755030085656,-0.003506557722610215,-0.004025641534214697,-0.003708549031271602,-0.0018935321200116428
2025-07-08,0.00023711479140753333,-0.0060801260381514455,-0.004857203346708139,-0.004679086121490816,-0.008424718614499671
2025-07-09,0.003500888371826605,0.0012711212173257547,0.0011590877099532104,0.0017490254141927508,0.0033627618922045244
2025-07-10,0.009613464953928785,0.006449772452278735,0.006783592172237896,0.005619025397450406,0.0050202099510257
2025-07-11,-0.004050682100688596,-0.0031603516611905524,-0.004056829684382701,-0.00428228290258037,-0.0037496248505199947
2025-07-14,-0.00016573505310957248,0.002335542203774965,0.0033257632398073778,0.0028306065688366022,0.0015487606241193497
2025-07-15,-0.011304106502663558,-0.008311875399597546,-0.009788141614418211,-0.008457258475994656,-0.010169176188329465
2025-07-16,0.0036376462890874706,0.004966933370393889,0.005651207049015561,0.00605766356311932,0.0037367097228144797
2025-07-17,0.010735407193542601,0.0023933171941252773,0.001594177020029619,0.0009264003324507275,0.0036262594777372037
2025-07-18,-0.0012666666666667492,-8.912060248900122e-5,-0.0006108059174443348,-0.0004884398666282763,-0.002797240689626501
2025-07-21,-0.0007021904412256585,-0.0002801363168599691,-0.0011618218803095548,-0.0007198192846101792,0.0008716097733210137
2025-07-22,0.010389648967970455,0.0021517327337259307,0.00015092097678781613,0.004196476990758979,0.003568516717815884
2025-07-23,0.0062255266944983845,0.0035916703746801115,0.004724161429785045,0.0037107966275511384,0.008342447197598135
2025-07-24,-0.006795623201228507,-0.0056910770641674935,-0.006002666994332384,-0.006172697615927536,-0.009311164865931087
2025-07-25,0.005466354110602367,0.0010989756622044045,0.002058077897056476,0.0015159581485808538,0.00746211644479966
2025-07-28,-0.005475886437465438,-0.011143667514528444,-0.009486817662408331,-0.012037463806064297,-0.005015469432238295
2025-07-29,-0.003034544392881533,0.006134513345886994,0.00559737069024191,0.006847374321625521,0.00043201630066103114
2025-07-30,-0.0075739791772792,-0.0032217419676869863,-0.00252558572589745,-0.0038800334830469962,-0.0069085492278092575
2025-07-31,-0.010270148381557709,-0.006804932754960968,-0.006364155319389164,-0.006867100455236752,-0.011002948256843448
2025-08-01,-0.009517250888572026,-0.002414515881389967,-0.002574619235564679,-0.0013420687386527241,-0.006702850710700647
2025-08-04,0.012452357917421386,0.007224082556448019,0.00613123956335726,0.007082104722273774,0.006580614331729517
2025-08-05,0.001294731690559825,0.00025790231432520905,-0.00010897467830373042,0.001098933312362993,0.0029234538559153034
2025-08-06,0.003309567124750945,0.0005458311030315244,0.0014446089528834527,-0.0010261454380523505,0.003927366031786006
2025-08-07,0.0014893775632225381,0.0026124495562351857,-0.001744338693466685,0.002591474629053181,-0.003329206518504324
2025-08-08,0.004495477791446545,0.005489676547893563,0.00392945226546626,0.005421687728894398,0.0036894081304930104
2025-08-11,-0.001117948636427224,0.00088203317226343,0.00045528523752258465,0.0008024217953583879,-0.0012642838174874438
2025-08-12,0.015324227246382272,0.005144744957600755,0.0041547965304160606,0.005786967680479371,0.011320530294189224
2025-08-13,0.011801472596920881,0.006404525487764712,0.008211511302168129,0.007101106901272969,0.012711375333591013
2025-08-14,-0.006907403710099902,-0.004322471180427168,-0.0035514214442895486,-0.0045480159913702245,-0.010697737236449512
2025-08-15,-0.0039035556372515323,-0.0007859221862118737,0.000216851615847391,-0.0005772537797970045,0.00010514351196300176
2025-08-18,-0.0003133333333332766,-0.0022839906011807853,-0.0019714540262234515,-0.002412709150470871,0.001461057551979339
2025-08-19,0.00048411102145307083,0.006108709985608307,0.0073153078828827045,0.007246996367662462,0.005114237668661481
2025-08-20,-0.0023534708952085426,0.005808381173626476,0.007656590393715579,0.0036904979606291466,0.002666733638911456
2025-08-21,-0.0012706140965823565,-0.0006000854017517154,0.0001119685787858149,-0.0003289987718280152,4.678357802556654e-5
2025-08-22,0.02030096490401956,0.00564498139299352,0.005761502937793761,0.007853692293809944,0.0144258031468818
2025-08-25,-0.005997782039962707,-0.011746513096798528,-0.011047204851930004,-0.012294815284455751,-0.008157213772745697
2025-08-26,0.0025945614585027865,0.0016497347260724382,0.002199499658110282,0.0016264464539117451,0.0020505674014086317
2025-08-27,0.0014405378471471497,0.0005800707233649671,0.0009613501836898131,-4.5636742014854015e-5,0.0005045391837554813
2025-08-28,0.0005646035686863726,-0.0013522998747368398,-0.001058499513571065,-0.0014465326080638219,0.0011495510138792575
2025-08-29,-0.0020602867654888612,0.0038265380009696592,0.004177639672484634,0.004011918352035071,0.0011036097580534587
2025-09-02,-0.006656158889712049,-0.004360409023134171,-0.0026209028239085885,-0.004530786918592433,-0.005523812972307973
2025-09-03,-0.002497406471563046,-0.004994332299383397,-0.0062652781907445165,-0.005446367523029294,-0.00397198141493027
2025-09-04,0.008574835166817563,0.0016951458243843476,0.002750974089643643,0.002713327096917739,0.009506460808989203
2025-09-05,0.0035489619972666198,0.002241114133928468,-0.000928518560840419,0.0040639680201775,-0.0060823102372696836
2025-09-08,-0.002764881916756168,-0.006982729319738201,-0.0049030958015078285,-0.007876270826411624,-0.00140192973546438
2025-09-09,-0.004980760484259772,0.002058378475751743,0.001430512914310622,0.0007596968068965815,-0.004958947891972709
2025-09-10,0.0008720776675639197,0.0009753947142507879,0.0007909004048864965,0.0014499667690777152,0.0004292245482542256
2025-09-11,0.013260482505231597,0.00943755541606106,0.009835759660095977,0.01063826286770353,0.013513716793563058
2025-09-12,-0.0053593858054559185,-0.005161488052704555,-0.0060376695630959265,-0.0066460151612030005,-0.010411447062978252
2025-09-15,0.004202370574057479,-0.0051449548141695445,-0.006370706523838754,-0.00552934055432619,-0.005545640677025232
2025-09-16,0.0009640862674944461,-0.0003498668907129243,0.0010834422235601604,-0.0013681447343927289,-0.0005390686540259759
2025-09-17,0.0007733333333332926,0.004572479427586318,0.004114316980796007,0.0040161214838565495,0.0013922337200864554
2025-09-18,0.0037735810972849837,-0.0026409212188441833,-0.003820001143814755,-0.0012319052047300438,0.0007154475291828444
2025-09-19,0.00038844125037651445,0.001575237175083899,0.0004579718276518374,0.0009712101813581508,-0.0022700732733810236
2025-09-22,0.00028285691567431215,-0.0014615420227327425,-0.0017568097976541353,-0.0019438270225065057,-0.0025880184172466514
2025-09-23,-0.0008697773739440029,0.005462577697030957,0.0076990173559230435,0.005066801112376673,0.00499714918221561
2025-09-24,-0.0007084356283469928,0.0016295923228277776,0.0007499483741668644,0.0018895832867151796,-0.0012793679377260947
2025-09-25,-0.008485821238685132,-0.007263379183651497,-0.007039489838954749,-0.008081968744138579,-0.010917668792039481
2025-09-26,0.009635000713953845,0.0084923319354,0.009926399418769494,0.008670164409445347,0.010340006575154659
2025-09-29,0.002693688099717262,0.001374771221485771,-0.0012282339516442864,0.0015883095334394692,0.0006940841254441388
2025-09-30,0.0026702191716667656,0.005606005643986611,0.005397734346320515,0.005102399528313928,0.003593294900515742
2025-10-01,0.003774801154200702,0.005421067108651867,0.003242174995252256,0.007432459488371901,0.002739929351347037
2025-10-02,-0.0002644383550676199,-0.00357298391133809,-0.0042698650317508635,-0.003932882608067012,-0.0005265409795295328
2025-10-03,0.002087661013982167,0.004001981879092176,0.0023046122377059497,0.004939353563801374,-0.003047040685394964
2025-10-06,-0.00035172189644394614,-0.0011396203361961899,-0.0011828672952555186,-0.0024276237644881293,-0.0042532938173655
2025-10-07,-0.004883478031656674,0.004814064980381172,0.0033153007111885735,0.0032197879052442424,-0.0044499833441200565
2025-10-08,0.0057343595288894544,0.0011917445814546568,-0.00015329635507688177,0.001123591574723859,0.002963110889630638
2025-10-09,-0.005304293854288433,-0.0007063649944980543,-0.002189354742893612,-0.0005570589257521963,-0.008705105024019555
2025-10-10,-0.019101244553088148,-0.006264104897054201,-0.0054177736816560795,-0.0037053736334692333,-0.013067636148871742
2025-10-13,0.016983680200697293,0.002379472742862765,-0.0002918966092948505,0.0029082172926775396,0.006669168655903945
2025-10-14,0.009537293651808776,0.0066510445238334714,0.007290002643772997,0.008530692024918185,0.011220565137420646
2025-10-15,-0.0008467176763957696,-0.0028378060486382584,-0.0007408028753885798,-0.0028666681047881948,-0.002266863332886726
2025-10-16,-0.006966666666666788,-0.004399104053690039,-0.006189764929666497,-0.004386178051446699,-0.009470057218564754
2025-10-17,0.0015845261991873638,0.0051026450364382026,0.007023251569156175,0.004626633758620269,0.006877638554291021
2025-10-20,0.01156410072654701,0.004990099590771235,0.004935957115333345,0.005040294586862837,0.006504010735697507
2025-10-21,-0.001006588185979318,-0.006776392091879302,-0.003921657455709604,-0.006940648938877025,0.0016824792779561726
2025-10-22,-0.009536081405963293,0.002348014357890893,0.0038308877796475738,0.0013145803371767961,-0.003201564557676395
2025-10-23,0.0079005502735352,0.0006776777305448345,0.002077608375968376,0.00026001853930845975,0.006521249834035681
2025-10-24,0.0003365444882874602,0.0018637814123010354,0.0004543072298444084,0.001836137298896201,0.0009959973363886654
2025-10-27,0.004703612262030088,-0.000384891997547987,-0.0010265728391863904,-0.0012524702616915073,-0.0024408390392931523
2025-10-28,-0.004066339743338032,-0.010483065201910002,-0.011231836994427202,-0.011993738037473278,-0.0112893585275895
2025-10-29,-0.0063599012081406725,-0.01274867555099568,-0.012057788543189396,-0.014123009719548052,-0.015710142736622412
2025-10-30,-0.009481244085059237,-0.003157612355126238,-0.0008322838494078111,-0.0019338821711963883,-0.006867946589964813
2025-10-31,0.00377684494133379,-0.0008862631548717248,-0.0021377028453888336,-0.0012946895084100518,-0.0017254600217830873
2025-11-03,-0.0034496590305218566,-0.0013926737791394306,-0.003018814189397978,-0.002001818448816861,-0.00799625205603205
2025-11-04,-0.010624604451280217,0.0014582228027808508,0.004027768012530908,0.0021919132637535643,0.0005900829638698646
2025-11-05,0.007639828032217633,0.0026139565324116987,0.0029977979201247784,0.0032461847415918843,0.00682735586510308
2025-11-06,-0.0057649637210535065,-3.2872440357767374e-5,-0.001235930774152627,0.0011629737888423364,-0.00556162132337823
2025-11-07,0.008497360269016152,0.010664709493202862,0.011329853673187174,0.01113705433115375,0.011035478916202601
2025-11-10,0.007526571526447645,0.004241212220502444,0.004097912139937376,0.0030173351074396226,0.002314970232442537
2025-11-11,0.004142256700105484,0.010067923727821837,0.010760627993094074,0.010103816013508515,0.007109821855165288
2025-11-12,0.002767279102851905,0.0018406548016833835,0.00037339355212373526,0.0022973626793902913,0.0035138359833351007
2025-11-13,-0.01483547763388926,-0.0038528103125378133,-0.0008676414134323185,-0.0038771406807236453,-0.006091761992447764
2025-11-14,-0.003449999999999842,0.00022536511593318487,0.0003492256151531592,0.0003473975268091234,-0.004020297031305797
2025-11-17,-0.012597004666098033,-0.005534026514879775,-0.006467040044845218,-0.004278068059136331,-0.011933560450562597
2025-11-18,5.438556469861133e-5,0.004691868994560755,0.0067274393425447165,0.006348731365021454,0.006003880998027178
2025-11-19,-0.00231697608387349,-0.0039005667678378986,-0.003935245456321512,-0.0057517972228717795,-0.001015857057434455
2025-11-20,-0.013946654564868544,-0.00512095850719041,-0.0043585573950084555,-0.005111790582344566,-0.007536155419672674
2025-11-21,0.016885380505570202,0.009440730944343168,0.010604852225845285,0.009203237175767098,0.017549633968231504
2025-11-24,0.005694794245101553,-0.0009544609725895548,-0.0026328973692877344,-0.0021055594732127814,-0.0015792857524251636
2025-11-25,0.015060001370966747,0.011720740090297888,0.012444607730601076,0.011401198912848631,0.02148606879341952
2025-11-26,0.008854912085563438,0.004981514510585816,0.00369821126487091,0.005320061637547058,0.00551094765546245
2025-11-28,0.005635743906644786,0.004092119227137037,0.003691602586907372,0.004080425529500831,0.0024930694867579817
2025-12-01,-0.005710265195050135,-0.008370364032078026,-0.007687428878404234,-0.008644946022341116,-0.00588567010676766
2025-12-02,-0.0013201673296103777,-0.006408251864441161,-0.007911116866383128,-0.006469961000026281,-0.006331610179546199
2025-12-03,0.00828931532483801,0.00028356139057672536,-0.0008282140344543221,0.001316255524473231,0.003518585596534951
2025-12-04,0.00022122801630519717,-0.004015530669672307,-0.004043855234305949,-0.0037538759813044997,-0.0032223959197530405
2025-12-05,-0.0011664953060588346,-0.003285089451728118,-0.0031292924594416016,-0.0034523573095118776,-0.00022081850056854258
2025-12-08,-0.009253699756734735,-0.0063162506293934495,-0.0066709478645610165,-0.006073893561169719,-0.009280569864675625
2025-12-09,-0.001493765961694038,-0.0018237421170538282,-0.0025936494024543233,-0.0020199699471713517,-0.00465667283043647
2025-12-10,0.012785374546366635,0.006460493573852144,0.008579899647636058,0.0078006318874861424,0.013436652279972039
2025-12-11,0.010386540094460717,0.005625263856359419,0.004768091265467067,0.0063776490974136735,0.010452958993803607
2025-12-12,-0.00396072765428479,0.003131725605549418,0.004202707565664987,0.00421215499025096,0.0014083814561676178
2025-12-15,0.0011276280068732714,0.00778015254343134,0.008174716187977715,0.00806898692718816,0.007857812125751762
2025-12-16,-0.004979999999999873,-0.007641518183031493,-0.008429725516950648,-0.007648408163082876,-0.006504216992558209
2025-12-17,-0.0045720260229275,0.0004915763560764397,0.002028274609623182,0.00030034310597093494,-0.005255915620324125
2025-12-18,0.005245654291357482,-0.0005669767181489815,-0.0026632951916597536,-0.00016162886498327644,0.0009771637444271342
2025-12-19,0.001459519749314131,-0.0024643107207104054,-0.0017741199009869701,-0.002908668964781369,-0.007047601892619548
2025-12-22,0.007227492888278508,0.006369706776317985,0.006371879432447436,0.006228166946723235,0.006337854967429335
2025-12-23,0.0008305912815724792,-0.0006047467419670882,-0.0007809337389851345,-0.0017284326661234362,-0.00044292347940300125
2025-12-24,0.0035402855269426325,0.003497991282694235,0.0033624236704217214,0.0033872646446266863,0.005569856776519444
2025-12-26,-0.0005558811893991988,-0.0017256826414010495,-0.001563832330744419,-0.0019827092673614377,0.0003237165252008012
2025-12-29,-0.0037269555420649247,0.0019863831115929376,0.0019124577540237109,0.0021156572286709086,-0.0001298053060057036
2025-12-30,-0.0020679057598947947,-9.92977563826214e-5,-0.00019996113141640404,-0.0003474901496218763,-0.001762916012751914
2025-12-31,-0.007158003297141113,-0.00584053661170314,-0.006253806091725322,-0.005817426728780273,-0.0054977567359622
2026-01-02,0.009009751873296779,0.0011737031536689368,0.0011128653746095285,0.001211826844289332,0.004516150491055582
2026-01-05,0.008089458850655262,-0.003921119751975066,-0.002044288985310616,-0.005305095760403833,0.0024829457451331916
2026-01-06,0.007565883529301098,-7.976728048242343e-5,-0.0013678144366052747,7.233608220458265e-5,0.004916886395303299
2026-01-07,-0.009798564947067434,-0.0057099352324027075,-0.006439865523621191,-0.00584900542278699,-0.009110978891764598
2026-01-08,0.013139662591386436,0.012463094230787508,0.01373631844764489,0.01277181149679385,0.012724384363744123
2026-01-09,0.011903039058154485,0.008586143181955608,0.008102366538944583,0.00884765150639133,0.011669424057547673
2026-01-12,0.00560516530696531,0.004699111151958757,0.004348461680625748,0.005492736957739108,0.00505168817656565
2026-01-13,0.0025647104231725226,0.005297415685760587,0.006244395246547185,0.005281410850774826,0.006220200818867205
2026-01-14,0.00331475249133395,0.01190515424322669,0.01299245552661299,0.013632194628588001,0.0055822416088786575
2026-01-15,0.006023530694627022,0.0012794545024648052,0.00160211188443804,0.0017035764054598168,0.0050626489254534945
2026-01-16,-0.0026366666666669536,-0.0013383519885658002,-0.001086079518946348,-0.0023342689425605023,-0.0017367808113132321
2026-01-20,-0.01313345688131018,-0.007384380213258268,-0.00831436542596442,-0.0054765937495312444,-0.01528372520523602
2026-01-21,0.014561093771604305,0.007366024104887847,0.008401879887746766,0.006759641304437292,0.013806418553834021
2026-01-22,0.002171647560978096,6.267119406921928e-5,0.0008413075709243767,-0.0011901116413034485,0.0005581817443405246
2026-01-23,-0.0008717423959482273,0.00171642374857095,0.0015321105301311366,0.0009802998086869685,-0.0019128782598809568
2026-01-26,-0.002796007076683593,0.0036044140190081286,0.004186408037686995,0.0017714510768562786,0.0020495034735741324
2026-01-27,0.0031604018833544245,0.007034811971399213,0.006107313052537311,0.007599661722563988,0.0005809014598523454
2026-01-28,-0.0034054661447943113,-0.0057558252457046155,-0.0054304443458397245,-0.007069326424535283,-0.007838150097985164
2026-01-29,0.0025884998883958232,-0.0004823773093646233,0.00024436883317480174,-0.0005940374002629811,0.0005390007279797437
2026-01-30,-0.0025118417008106464,0.008461841624368471,0.009132175545765842,0.009239280022793839,0.00463655040865385
2026-02-02,0.004903488331442496,0.0016270266255611343,0.0026652898648322765,0.0011927490005141372,0.007760954983888846
2026-02-03,0.008339440151704736,0.01032469932237623,0.010342686452164074,0.0127642460855808,0.004760521513869298
2026-02-04,0.0036843687131102865,0.009911355787551646,0.010973034641325485,0.01039666348017576,0.013338981513250747
2026-02-05,-0.008540903749534423,-0.00024735631042427375,0.003704021336466523,0.000747820671577859,0.0036923815005216465
2026-02-06,0.01994571261927769,0.012099531445450395,0.012731348373405504,0.013150689339021637,0.017762687279566647
2026-02-09,0.0023839363821889226,-0.005129706642595266,-0.005379511218379429,-0.005832438044797383,-0.003547696790902166
2026-02-10,0.0027104169318330484,0.0009097951199230625,0.0004673319878636395,0.0003984061660631255,0.002991154448657163
2026-02-11,0.005786098311054477,0.010813929258147947,0.011389002401147152,0.010914818255278957,0.008052381783872908
2026-02-12,-0.014066875689760061,-0.00017496358043211924,-0.003023064574334433,-0.00035072884958731176,-0.005620545560994006
2026-02-13,0.005377996102851501,0.004259891480978828,0.004767227661933049,0.0033626615010780014,0.007265600300589092
2026-02-17,-0.0035818021242546294,-0.006244502098441407,-0.006194904298341686,-0.008015345170531152,-0.002793397667410713
2026-02-18,0.005273333333333241,-0.0004850221350544137,0.0004800603870627196,4.075831269445551e-5,0.001192389713065678
2026-02-19,-0.0016764806918185826,0.00153268824000663,0.0010039882792527433,0.0018462517648774046,-0.0011698621490855432
2026-02-20,0.004997057546591632,0.0023836491316584496,0.0023360713000575295,0.0023692821819722987,0.0038267830434954853
2026-02-23,-0.0071989808381731635,0.008708938115966403,0.00925776992148708,0.01015814719496011,-0.004084247518161277
2026-02-24,0.009317725354297535,0.004440286641539837,0.004300535899370406,0.004541655222688901,0.00592672154290752
2026-02-25,0.00044647156347354944,-0.0014796404588320877,-0.003010396273609439,-0.0024239693706763488,-0.004437158785714934
2026-02-26,0.0007436127091624556,0.00014523907206354103,0.0013236033323984486,0.0002503101877282532,0.0022419977680623315
2026-02-27,0.001965330429044565,0.009113618036207694,0.010040955160026677,0.009679079769333132,0.0014237921580195767
2026-03-02,-0.002228556989203434,-0.011467698579033736,-0.011462689813845017,-0.011302781092116465,-0.009765366049915292
2026-03-03,-0.013725128233700978,-0.011191657309570946,-0.0125911929599416,-0.011931479642006804,-0.015803627524710095
2026-03-04,0.004523584917208279,-0.00036236293760316673,-0.002423955163627145,-0.0017992009583868152,-0.0014322904147268112
2026-03-05,-0.016050149744417985,-0.01446015260787148,-0.015125168010282297,-0.014821992943586104,-0.021819782819653688
2026-03-06,-0.013807390946358744,-0.002094184066348981,-0.0024266803302437356,-0.0016543659054226723,-0.012687204774377014
2026-03-09,0.006205050898469899,0.0047827969219129685,0.005220468892507046,0.0052125964292688565,0.005414492147181926
2026-03-10,-0.002593628680640836,-0.004749246273922703,-0.005546377766224686,-0.005057542162095641,-0.005552509044232989
2026-03-11,-0.001336761139999032,-0.006930758382784341,-0.00559949606207788,-0.005974025448581166,-0.008260297430780161
2026-03-12,-0.013982204564548906,-0.0027331131104346706,-0.004454788626427342,-0.0027819348881406025,-0.011951222614960622
2026-03-13,-0.0029877339756655408,0.0036689830010367963,0.0035148450916504537,0.004203564733582521,0.0018823791342130747
2026-03-16,0.007112039441063311,0.0027564708691958373,0.0022547872007072645,0.0020912763446370164,0.006030720125442368
2026-03-17,0.0031757503076996763,-0.00287676747322807,-0.0028141118366061812,-0.003063126086358503,-0.0019193660038803184
2026-03-18,-0.01541030659019349,-0.01940719268409019,-0.019091079545804024,-0.018156856224122664,-0.021226288733485088
2026-03-19,-0.004830000000000112,-0.003104467326272564,-0.003219048029522331,-0.0031593859348743036,-0.0035867842314919463
2026-03-20,-0.015661490666585953,-0.012819402198178231,-0.012732579028824076,-0.013950000912486882,-0.014556040283094096
2026-03-23,0.013891382271961072,0.00479491702069601,0.004625198667692398,0.004132170369917532,0.011031483010024434
2026-03-24,0.0067216430205598865,-0.0007532171664390575,0.0007504656880030769,0.0008314501660342533,0.0036313847003934807
2026-03-25,0.007087689527077723,0.006428433139995748,0.00618175726839687,0.006428666299368446,0.006292805972579307
2026-03-26,-0.015046319073235948,-0.0038660478538327103,-0.002751932037681537,-0.003097524958122877,-0.014803391760398354
2026-03-27,-0.006808382255077627,0.00018804349435996848,0.001621447747610416,0.0020181102072283075,-0.006361475071152589
2026-03-30,-0.005752480415469385,0.0063215883988394506,0.005601957720109407,0.005744550143031768,-0.00402055126910017
2026-03-31,0.02127745348999821,0.004892439170295804,0.003758886986483745,0.002824296307245122,0.020167885951707376
2026-04-01,0.003134465302535361,-0.006141511604342842,-0.00577671654534373,-0.005201579385759381,-0.006005133132826801
2026-04-02,-0.00202832600480074,0.003084515056926973,0.002897769158430652,0.0030994790886487156,-0.0029675460345849336
2026-04-06,0.0028084419282401463,0.003127444893873399,0.0029616580526028446,0.0026583639097117473,0.004615177941757809
2026-04-07,-0.004721324303694319,-0.006778714547155618,-0.0070676741500786955,-0.007733939086953301,-0.009324468767972771
2026-04-08,0.024359174913722192,0.010750196598331874,0.009857577430441022,0.01031265868247555,0.02858983723436026
2026-04-09,0.005889327088598018,0.0065030880341310215,0.007446099900880521,0.00721964483084081,0.00930248000918521
2026-04-10,-0.0017230796281338945,-0.007370499726352953,-0.007150175047373697,-0.006780623223921589,-0.008030306071515558
2026-04-13,0.005314372385562649,-0.0018083189711757264,-0.0030214537492392335,-0.003786898796065974,0.003450877266180985
2026-04-14,0.0054145679763693,-0.0027103052699615215,-0.003697040072637492,-0.0031586937100248624,-0.0013362432424084414
2026-04-15,-0.0022064345605659064,-0.0065293959271659485,-0.0074304319701677946,-0.007308040899054791,-0.006580869403099432
2026-04-16,0.000803568199164717,0.0038560150746917987,0.003894179018475219,0.0030874797973159396,-0.001646010823213695
2026-04-17,0.011918166444137679,0.003572886693680166,0.0028410397290870026,0.003398174257139841,0.01727515167911875
2026-04-20,-0.00030333333333343315,-0.0038332684406264805,-0.0032728446134971945,-0.003890267112382162,0.0014239834694520503
2026-04-21,-0.007314230649963727,-0.010949201798811647,-0.010331442597637963,-0.010787210950983783,-0.008289834842695631
2026-04-22,0.002723269879131962,0.008305091877759407,0.006891016099608294,0.006668231325217988,0.003938054331830587
2026-04-23,0.0020667776831200246,0.013229857056925143,0.01272632590874001,0.013387373493087162,0.00713440709466906
2026-04-24,-0.0026882272931401108,-0.006123400851241745,-0.00748307863975195,-0.008056171779902699,-0.008840217918364979
2026-04-27,-0.0011917146144825308,-0.006002657595450156,-0.005581430873999205,-0.0057430588621795176,-0.0016650682785038784
2026-04-28,-0.0025133178100713582,0.010625515400730645,0.010454891108017561,0.011292326070781566,0.00397053361886246
2026-04-29,-0.0037003299612704543,-0.004500074569195656,-0.0036920623705941624,-0.006473568480498737,-0.009156440596685411
2026-04-30,0.01471850144566944,0.01712200913461892,0.016121189773552702,0.01756833511923883,0.016260821977376105
2026-05-01,-0.0034239992267336428,-0.0026066235263629833,-0.003324729483683897,-0.003858657798258225,-0.002025090733200896
2026-05-04,-0.009936702213235393,-0.0024661872794172757,-0.002094154363502354,-0.004041637122129349,-0.0076874932807227125
2026-05-05,0.008664014229695871,0.0019714730112512235,0.0010752546269614527,0.0018278179673654193,0.00651194463468685
2026-05-06,0.014640696919471674,-0.0018561658485511945,-0.006993385924223272,-0.00040688449984693786,0.005141766084327815
2026-05-07,-0.00992922702268939,-0.005368411304588427,-0.0055492444839979616,-0.004741152040704133,-0.010542436353202955
2026-05-08,0.0016826336775146444,-0.0014817053822118176,-0.002165212587915799,-0.003711930494752269,-0.0013378430409695108
2026-05-11,0.0012558264219595383,0.008654742731072584,0.008719596449549671,0.006850506354129315,0.005261674732492061
2026-05-12,2.5056535487344433e-5,0.010734897531331722,0.01029134613841598,0.011554516411052651,0.0047625800125183915
2026-05-13,-0.0005626460982618431,0.0011447921442053755,0.0016944882093947733,-0.0014045459358593693,0.00041545980380996994
2026-05-14,0.0029827478042896427,0.005215753447047167,0.005376585089356567,0.0047393896811749325,0.005920240302273783
2026-05-15,-0.01569103113969572,-0.0061143259187126375,-0.004069354610871434,-0.007197524797794896,-0.01049388047383637
2026-05-18,0.0014356800603638753,0.007064086412213344,0.008459491000277097,0.006839954902701617,0.004563200384412047
2026-05-19,-0.00828333333333331,0.0012171084807255372,0.000811246276797295,0.0008102861398213701,-0.002851239887787127
2026-05-20,0.011625876342369557,-0.0019177078299670303,-0.0027858117481981415,-0.0019090503217773502,0.00952510056912459
2026-05-21,0.005770389310862711,0.0012857294155259602,0.0010779461383307876,0.002227728298383136,0.00716399557412184
2026-05-22,0.005844776402024632,0.007708576406535439,0.00762273753453413,0.007815567918353805,0.006470100366855247
2026-05-26,0.008516080247873425,-0.00970729152838623,-0.010653038211464905,-0.007233932627771944,0.001563854577923962
2026-05-27,0.005868640974632688,0.0021571010811305413,0.0017287360124635942,0.0040266953819663165,0.004492669193960408
2026-05-28,0.004374043148978268,-0.001959485339755096,-0.002214009584676657,-0.00042903626819523755,0.0023343083253941632
2026-05-29,-0.008336267917104512,-0.010324025391848735,-0.009886323659488494,-0.013861653828907361,-0.00916017578135464
2026-06-01,-0.0022545885634961405,-0.010310790569435069,-0.009431247308132495,-0.009439686572148887,-0.008714252534285594
2026-06-02,0.00573686848377819,0.00328177104796068,0.0029832877918440914,0.0042000655742651105,0.0029426009680939558
2026-06-03,-0.005669635735189971,0.0029009630146490384,0.004700133730316747,0.002768379974319002,0.002959158474221679
2026-06-04,0.00548019479873707,0.003877750254475565,0.0046312213077506215,0.005175250224327188,0.0041084604015722
2026-06-05,-0.013979318074151093,0.004011757312262665,0.0064239072038079215,0.0043352388031772104,-0.005745547889798974
2026-06-08,-0.0009248472394703944,-0.005405447882232739,-0.005044477244498746,-0.006629917384668671,-0.0002431759561186686
2026-06-09,0.008043248603999631,0.007533354840453255,0.009107280291616782,0.007949039790325907,0.01307795920176047
2026-06-10,-0.013624225363153109,0.0037880506210326015,0.004233060638202613,0.003551499453353202,-0.009848503181434043
2026-06-11,0.021155558912209438,0.0008970310594458297,0.0004217839778004606,0.0008086292888007662,0.017576220828851685
2026-06-12,0.007505185748500676,0.00642174251076888,0.0059857813126809045,0.008137223974846508,0.004462184401571312
2026-06-15,0.004758733426987627,-0.0026674310064492834,-0.005291330925396132,-0.004152011941869871,0.0026675846136168246
2026-06-16,-0.0013856813583039695,0.00013260622419886126,0.0013459121300720689,0.00026802882635146297,-0.0015355851200299364
2026-06-17,-0.011762591885677853,-0.013670054106239116,-0.013305630914765776,-0.013374778349168892,-0.013209401518276875
