Food,Beer,Smoke,Games,Books,Hshld,Clths,Hlth,Chems,Txtls,Cnstr,Steel,FabPr,ElcEq,Autos,Carry,Mines,Coal,Oil,Util,Telcm,Servs,BusEq,Paper,Trans,Whlsl,Rtail,Meals,Fin,Other,Date
0.016790137044519277,0.059365582561632664,2.1751782910185625e-9,3.1082549070785404e-9,2.9373431563376724e-9,0.08327237813772989,6.44766628461737e-10,9.194552034112518e-9,0.016388121204118245,2.2096600226924179e-7,1.4968819071165647e-9,2.3235901839399636e-9,1.2113477611847577e-9,1.0728487412825814e-7,1.0852682250955315e-9,0.060289511518334386,0.13426964126908342,1.3428557400373217e-9,0.14999999820140764,0.14999999968731273,2.8606057326426997e-9,0.09242639550077035,1.9893135664093215e-9,7.469521936428267e-8,1.3526731434774623e-9,0.14999999777663645,5.738953542709653e-10,7.703089540978195e-10,0.08719780049424407,5.912792899315687e-10,1995-01-26
0.0028386943386447976,0.08471408250270343,1.8529475551621392e-8,3.900007098724557e-8,9.14341423351717e-9,0.07135901422029403,2.584540980342504e-9,3.1587820346290554e-8,0.01586146265532769,4.171913096304751e-8,5.7949929059211046e-9,1.4400107685778751e-8,3.5931929776262854e-9,6.249155135966361e-8,3.552107137345761e-9,0.02191762928408327,0.10244345461470179,2.939949895688902e-9,0.14999982876840634,0.14999999781482246,2.1122890506101066e-8,0.10261296461277006,5.410196388542337e-9,6.349811962885146e-8,7.358422957030793e-9,0.1499999829809501,2.318982732067123e-9,4.949358618207387e-9,0.14825254567949397,2.5334762902838285e-9,1995-02-27
0.033617462534158024,0.0726023221150945,2.455647729589988e-8,1.0585290725263551e-5,4.334710791050518e-8,0.10517634929809688,3.5809852394322025e-9,2.3642211723158466e-6,0.0016249615035848351,1.1457775398822826e-7,8.260529634249419e-9,1.0081105388875944e-8,5.287130921004603e-9,1.0438522317673286e-7,4.626563390081836e-9,0.02369984004705276,0.11480001870568991,3.947535237669657e-9,0.14999996517322373,0.1499999972983371,7.139341550246309e-8,0.03575983359845252,1.0138452987734472e-8,0.012706032554808204,1.1796034324030384e-8,0.14999999297351163,3.1237431443683182e-9,9.270500571374598e-9,0.14999984278403458,3.529499129881911e-9,1995-03-28
0.04149225119004386,0.04027786242594224,5.197255245712441e-9,0.008897263998939415,5.900667624095612e-8,0.08856589744815375,9.173642428998109e-10,0.015004964233302703,0.033406233121201334,1.385345663397346e-8,2.054692598886963e-9,1.8471784616512643e-9,1.6257169075355958e-9,1.013245397245821e-8,1.1121203508325784e-9,0.011807679211383544,0.13334961458454042,1.34170846519435e-9,0.1499999955258034,0.1499999994713946,4.4257227452239745e-8,0.027196653999761393,3.3355945963789253e-9,1.443452529955163e-6,3.153356329200011e-9,0.1499999983115505,8.684492215504803e-10,3.1124730956869916e-9,0.14999999016073187,1.0489972666476556e-9,1995-04-27
0.05526116383575588,0.019223137951961986,1.8339780013394688e-8,4.6332612266482935e-7,0.0018045961744756435,0.07390992877423794,7.381479618215544e-9,0.004817545190907205,0.04813522165384727,2.685578997619465e-7,1.7071289889393105e-8,1.3931881604976809e-8,1.4244017473136212e-8,3.82817333329197e-8,8.390526324300333e-9,0.045142575049168104,0.14009931828606473,1.4923371589750746e-8,0.14999998001884085,0.1499999960649619,3.8098831595763222e-6,0.002720655250986822,3.9135677082160654e-8,0.008881208872470403,2.49474531729275e-8,0.14999998002615988,6.6203484470249474e-9,2.475256914634958e-8,0.14999991488745748,8.175394416804292e-9,1995-05-26
0.043163051310187765,0.025677691227831385,4.135133454908063e-8,1.6357795030462946e-7,0.005430731739967284,0.08057793138491344,1.0480241489040334e-8,1.7293100444524142e-6,0.05768308794033398,1.6355978699722856e-5,2.4060710292401636e-8,2.2264551100546077e-8,2.3047826460569155e-8,5.431669289056559e-8,1.325626965245787e-8,0.042620195009394665,0.13818725274421498,1.6757816393901275e-8,0.14999997291188358,0.14999999355816526,4.3388814306160504e-7,0.005456958523475605,6.639168384252622e-8,0.0011841919271618228,3.1103949544298083e-8,0.14999997375332833,9.414333672190707e-9,3.059788148203702e-8,0.14999993074113083,1.1429882589031321e-8,1995-06-27
0.02933695378675861,0.05165314677364431,1.1211097672207975e-8,6.541001499072975e-7,9.362998544338116e-7,0.044065330226340724,5.377682379401835e-9,8.905498891284292e-8,0.06015697665515102,1.0796084812899735e-7,1.1590461752265819e-8,1.1486313975572406e-8,1.1072213788399573e-8,1.774218785264453e-8,7.92421030763478e-9,0.05532594462708464,0.13468392219194947,6.072515004601036e-9,0.14999998108843637,0.1499999959344426,2.5973969064211167e-6,0.02477192728543769,7.300237509486008e-8,1.2728084724045244e-6,1.8261268358375676e-8,0.1499999852005125,4.914711336860235e-9,1.74255062355154e-8,0.14999997737098653,5.157491462827076e-9,1995-07-27
0.012836604547091115,0.037021212770047544,8.74187755265734e-9,0.004882093895195523,0.02758587546341744,0.0008281270751432234,6.415327620576511e-9,2.0150315123696717e-7,0.03080261656598194,2.5457844264106027e-7,1.0748179998522835e-8,1.0299656272787471e-8,1.3405403837731286e-8,1.5997549365222234e-8,7.136756194681599e-9,0.08467265531675447,0.12739884417990807,5.902435031486666e-9,0.14999994401302927,0.1499999962518576,0.038944177384064776,0.035019793598648596,7.341504898130703e-6,1.2230595703953856e-7,2.996196431432703e-8,0.14999996974582422,4.997787479097089e-9,6.341126776892586e-8,0.14999998695096525,5.331416528769235e-9,1995-08-25
1.490303032227536e-6,0.030012211853571984,9.58135179558959e-9,0.0369505066848163,0.016553115906420935,0.019373879022425676,1.1766797360948402e-8,1.4289414586415774e-7,0.05080641645974191,8.979609325365123e-5,1.2666465228542572e-8,1.0133469390868409e-8,1.625947690912428e-8,1.614172595267724e-8,6.895759499414352e-9,0.07437800850386055,0.11937759600312636,8.160640189862474e-9,0.08987800600949708,0.14999999673601058,0.07926855937838158,0.033309966397416714,9.375407652565333e-8,8.572294645655025e-8,3.435015901891736e-8,0.14999999220413074,5.324705813294962e-9,3.9450475248974365e-8,0.14999995932760224,6.014516523402136e-9,1995-09-26
5.708085147368585e-7,0.05098708611811825,4.358159343671301e-10,0.01331274780783422,0.024652459607180984,0.04660006080087783,1.16479641924825e-9,8.85293347073391e-8,0.029178379790174378,0.041507446077858064,9.350977469442963e-10,4.724741922653144e-10,1.0364583836650005e-9,3.783152700193495e-9,4.979976109233157e-10,0.11068024771456,0.11479016328643296,3.5969477448190137e-10,0.07613224887324697,0.14999999967544145,0.03007860102131748,0.0120798282332277,7.115158226490482e-9,2.844110315993728e-9,1.9844054686959598e-9,0.1499999989512916,3.7539471143200864e-10,5.209338235573252e-8,0.1499999992173161,3.893334833480013e-10,1995-10-25
4.073531821443309e-7,0.05619025881262103,7.549112799791547e-9,3.1599740094261845e-6,0.037226863757862896,0.08502494522930493,4.193660531071409e-8,3.998283594023009e-7,3.4866290826306483e-6,0.037953989055613715,2.922849402832407e-8,1.366700821569475e-8,2.6224698889659637e-8,1.9222187670890592e-7,1.130180387812432e-8,0.09882623379459789,0.11765231895186996,6.584245332036687e-9,0.07071625886167526,0.14999997698840883,0.01777994786821439,0.02861965865232044,8.445070868899814e-8,4.433919003540243e-8,4.274689737984785e-8,0.1499999858893763,7.764782654275317e-9,1.6055002933392956e-6,0.1499999863600823,8.477701219918243e-9,1995-11-24
0.010974673075642262,0.04024237638256888,2.355997333590602e-9,1.7930298732384316e-8,0.037163524373920426,0.05230229443919452,4.826521748336485e-9,1.1384740305046059e-7,2.854469038363858e-7,0.03295732978228501,6.232470837513761e-9,3.929849178465501e-9,4.71371819456003e-9,2.288679489364524e-8,2.2430900179109364e-9,0.10672074888030161,0.12284109602170179,2.7525928572813036e-9,0.105886318857541,0.14999999686933146,0.04091118392338104,9.04455865153336e-9,5.215371544148026e-9,1.3501879717381141e-8,6.7213812478170226e-9,0.1499999448885231,1.643851849036232e-9,1.3564115970692821e-8,0.1499999929289333,2.7198762560369456e-9,1995-12-26
0.015501334147849693,0.035086479118407,2.457680660615858e-8,1.0943654784441007e-7,0.03472775513080142,0.03351930307891644,4.929498124180977e-8,0.0024766517808351724,9.743072162885933e-7,0.02798640834561271,5.924097153002961e-8,2.9409872711963663e-8,4.3836335896224836e-8,4.2692245215874167e-7,2.441434495201119e-8,0.1007238783831806,0.12378814784396132,3.907232236253592e-8,0.1173710852676184,0.14999998106967175,0.05881715575755777,5.464429943492886e-8,3.987617886401142e-8,1.0100968467835484e-7,5.24245297411082e-8,0.14999971517701638,1.660662232629376e-8,1.1172837213059625e-7,0.14999992101329626,2.7083735950091103e-8,1996-01-25
0.049905264446253046,0.01613948543517177,5.6815550296033045e-8,7.139783358293965e-8,0.06574794568662493,0.031614074471167666,5.506069237746007e-8,0.006441562641173841,2.3512579266671315e-6,0.03425858908578686,6.388809489488728e-8,4.146099279983463e-8,4.496704208152678e-8,8.63496207508953e-8,2.0735613933929574e-8,0.06437168958411014,0.1260983816721522,0.014782017502817475,0.1293191616230002,0.1499999846764946,0.08329427108127593,2.262324132080453e-8,2.4152157587896333e-8,4.708336626829473e-7,4.614231231751883e-8,0.14999974674980593,1.822724981386164e-8,5.804977210718963e-8,0.07802433152884776,6.185355448265812e-8,1996-02-26
0.04018668052841663,0.02484239029757966,3.890046858565944e-9,5.123954171612984e-9,0.06847538633465673,0.027686058626134772,4.589552766070355e-9,2.9903450335894796e-6,4.909169346166664e-7,0.02771494022325934,4.535478352067674e-9,2.808607188284206e-9,3.201468296125757e-9,4.640018266264788e-9,1.4901093028600267e-9,0.07414739493905491,0.12417539776759424,0.007641631858108708,0.13041073651333074,0.14999999876221526,0.07090891170240271,1.7210470718735775e-9,1.740632122426022e-9,2.7054029825298894e-8,3.2462036081901846e-9,0.14999998983491553,1.370131647898161e-9,3.369480117841881e-9,0.10380692799384517,4.5757576745374365e-9,1996-03-26
0.046447472030209165,0.022669120152856107,5.368945441740891e-9,9.225892907598944e-9,0.06918596508051106,0.029237296949639446,8.559224797226271e-9,0.0017527478493215849,0.01800675480095214,0.04235598627969423,5.790105907227468e-9,3.2781090981532023e-9,4.140161164684635e-9,4.327068326823019e-9,1.7886498758446424e-9,0.06832821899754395,0.12419586842655816,0.009885000671486994,0.1289738341714591,0.14999999880379444,0.06093957100908933,2.0252111505403597e-9,2.272749336655333e-9,4.790875263594004e-8,3.8023841299575345e-9,0.14999999177831289,1.727253997338159e-9,3.901383097406366e-9,0.07802206021346329,8.669216483872504e-9,1996-04-25
0.032233604070831444,0.031009735510629563,3.349638117657921e-8,1.2938170552858803e-7,0.05908938773415118,0.03582453961745726,1.2535970887389713e-7,0.003586588119495725,0.031024189064692658,0.03305162431233407,4.92551243626902e-8,2.953806423414637e-8,3.854154027576782e-8,3.752442657293893e-8,1.6723658345593927e-8,0.06349496956035112,0.12571078333516003,0.009392184872750625,0.12275876398980565,0.14999998191022276,0.06038274345900463,1.8860238205416198e-8,2.3799188919102247e-8,4.2607214840868065e-7,3.112028396004499e-8,0.1499999798186654,1.4459548235664805e-8,3.6349383481437344e-8,0.09243984062920141,7.351384590057451e-8,1996-05-24
0.02829299494750017,0.04539813805035409,4.5683509947213115e-9,1.9400764330105608e-8,0.0476379494448582,0.03356154566687885,2.962943315968058e-8,7.920894407196584e-6,0.03473305458892071,0.030767366779323683,5.375539979174736e-9,3.858132377884887e-9,4.682895357989529e-9,4.611263602966375e-9,1.9484372682050218e-9,0.06586365283529945,0.12748791286920347,0.00922275144702979,0.11998011375427997,0.14999999667277972,0.06237812181197468,2.254098221355794e-9,2.980362951302069e-9,3.3735951268342505e-8,3.5486219981588493e-9,0.1499999957225119,1.7332277084281e-9,4.13641142813672e-9,0.09466835471544452,7.3357426317014796e-9,1996-06-25
0.02537066831319482,0.0431784363800696,3.476966963249029e-8,1.0240365768121018e-7,0.0585506786901076,0.04833613966256939,1.858235640055824e-7,2.4134560980528882e-5,0.035161201220895,0.024817528630473863,5.0078215945044214e-8,2.617485729005814e-8,3.474305521477063e-8,4.890770124044079e-8,1.6694890793076644e-8,0.06619173028258248,0.12145873938663267,0.012454086871221895,0.12187575978988441,0.14999998175603982,0.0506727165797084,2.0073246960590306e-8,2.2384202333152423e-8,2.03345426186406e-7,3.016334949788992e-8,0.14999997890012023,1.367716555208309e-8,3.6259371625055155e-8,0.09190733542098459,5.80561608161691e-8,1996-07-25
0.0626154488493625,0.030359419126305052,1.3233205951906205e-8,1.1903967451732542e-8,0.059688803776051506,0.032027129955217,4.5899242879403526e-8,1.0256721673293833e-6,0.03562326059801512,0.04003700640533281,1.771532568269375e-8,9.399083619804486e-9,8.664289436676744e-9,1.420381666930434e-8,6.948864142912746e-9,0.04154663625123717,0.12291790485392472,0.022520953919706346,0.13888845741633643,0.14999999599604139,0.051633457130081724,5.159522409855009e-9,5.137427746479591e-9,3.049696182557582e-5,8.45282921850988e-9,0.1499987458879782,4.628449221971592e-9,1.0121084661747007e-8,0.062111077163442364,1.856986565266717e-8,1996-08-23
0.05891310198180694,0.033269570888393024,1.815784739478711e-8,2.750915064852783e-8,0.05945805957781455,0.030523410316928404,1.3928273440432726e-7,4.862157950675537e-6,0.056314286230748356,0.04445671796581433,4.798378190837979e-8,1.6412716273847163e-8,1.8362587474767924e-8,2.4289657593096454e-8,1.5725556236047144e-8,0.04459682636745942,0.11874098264754954,0.01910125396971383,0.13009390168743182,0.14999999248618182,0.047906284549320555,9.644036142178696e-9,9.641256212019034e-9,0.00017203455386175488,1.7924314581092726e-8,0.14999947769861496,9.45938528361448e-9,2.0080394135130238e-8,0.05644881128514069,5.116185094009103e-8,1996-09-24
0.05828401232951521,0.039797165216359204,3.806500047558209e-9,7.962997353394493e-9,0.061875998175151534,0.029552882816180306,1.7820442313832654e-8,1.7879909667677116e-7,0.06799028217723985,0.028507795569484375,1.2774906604618899e-8,3.913783827111093e-9,5.283846871236564e-9,7.571558955236408e-9,3.85790023772466e-9,0.058310580588534514,0.11769312550433192,0.013579811235611852,0.12467498050415203,0.1499999978483145,0.024684870924666386,2.3480480006635657e-9,2.6387882703897262e-9,7.505200803119373e-7,4.24813231907516e-9,0.14999988589889254,2.2599538112681924e-9,4.997372397645793e-9,0.07504759029947457,1.210868300255126e-8,1996-10-23
0.07772204195862162,0.02770422575855987,3.730115000175541e-9,5.599123721630321e-9,0.06310346856042352,0.024052304302180295,6.03548269089672e-8,1.4911852250838826e-7,0.07688638241989187,0.030849798670651327,1.4829766416324468e-8,3.3364661922632695e-9,4.827903073895064e-9,8.26829961793324e-9,3.1110105443975824e-9,0.04976445469880863,0.11329160727955574,0.01554393143107935,0.12783753965305286,0.14999999849664353,0.02163038914348738,1.872136770662864e-9,2.285296625981888e-9,2.724072892319734e-7,3.659235551540588e-9,0.1499999601488296,2.2377690571469777e-9,4.399279688936394e-9,0.07161334427652709,1.3164646790013535e-8,1996-11-21
0.06580786580712766,0.025674366570803832,4.618792714289784e-9,6.4508325616334e-9,0.05599649990749645,0.03320773022937469,2.8627564344418995e-8,8.196806542494903e-8,0.07893753636842177,0.02588428067146738,1.1585552577220834e-8,4.258437673189609e-9,5.41618344678629e-9,1.0917726575954843e-8,4.596327280114699e-9,0.05796526878108433,0.10447053614926748,0.011915158970959213,0.12834649297437373,0.1499999969386561,0.017470690503646767,2.21690845342891e-9,2.8089869475069274e-9,1.4164669983989335e-6,4.899652556872802e-9,0.14999953656320483,2.7928340672827484e-9,5.611449820796183e-9,0.09432243520189354,1.112590958254903e-8,1996-12-23
0.06956054356913781,0.011998062753285844,8.535970499218587e-9,1.1951589218119778e-8,0.0600505428587305,0.029680521057920323,4.0971212355900915e-8,1.1310575175408595e-7,0.05196359878788923,0.04576365218293435,2.1389316331633908e-8,8.293663905130548e-9,1.31069928691857e-8,2.30431470130902e-8,1.1728424948348289e-8,0.0718197821571223,0.10381197113032495,0.01997788035180132,0.1332647201220409,0.14999999339979267,0.01852966024460552,4.531899052691711e-9,6.225846384704949e-9,0.010698377092996977,9.55828268293977e-9,0.14956987273163874,5.7389152092246566e-9,9.845256926558338e-9,0.07331051686702462,1.66664845803209e-8,1997-01-23
0.07629752903073604,0.01936885680834947,1.0356976534432252e-8,1.2189134719481376e-8,0.052352448537859565,0.010024486923788678,5.789775553193772e-8,1.7802368671473607e-7,0.05115541569679432,0.038812902498480344,3.826465834352371e-8,1.2230726966087962e-8,1.6507384346687264e-8,2.1817316396349828e-8,1.6083337681534694e-8,0.08282661007903898,0.10273250502646246,0.029272180033613815,0.13366495765726708,0.14999999363313193,0.019853340310447595,4.9736454326325554e-9,6.899715385985571e-9,0.005281878273142033,1.2543400122002548e-8,0.14999954611410807,6.245348019896241e-9,1.0345160364126931e-8,0.07835691887283074,2.6125702528054593e-8,1997-02-25
0.09472227474931676,0.016622337407312886,3.44360621329003e-8,5.222915279893967e-8,0.04735823380275586,7.047704454152754e-5,2.665047224172949e-7,3.780582164341986e-6,0.04224699335570817,0.05934439197101121,1.4739213454110816e-7,4.37352719749407e-8,6.103598240233588e-8,7.45582032003453e-8,5.0036349779226975e-8,0.0598660720755387,0.10557341695386653,0.03157681306014093,0.13287491021182832,0.14999997951347568,0.032145077135875985,2.0956888886690273e-8,2.4246607084391166e-8,0.0179032743784262,5.136141732557891e-8,0.14999671940808476,2.9422975689354786e-8,5.19484998042743e-8,0.059694209674412226,1.308112718430334e-7,1997-03-26
0.0959419236947632,0.016230534502140292,2.8611027420774078e-8,5.37479713665928e-8,0.06497330622242482,0.002408802424956939,4.2655833617811057e-7,8.337088773419497e-7,0.04340561490564017,0.037764411873043795,1.2413772813061067e-7,4.849573514310904e-8,7.267852864931971e-8,1.1228256422414013e-7,4.899553801667287e-8,0.08000213905068537,0.10642146146381251,0.026087073033502356,0.13873048364541052,0.14999994240997294,0.011215952561529633,2.6739441733760926e-8,3.304747802160413e-8,0.018285765390212094,6.183033209438188e-8,0.12677587469144913,3.649261126634625e-8,5.800598586564219e-8,0.08175462480869077,1.239896098118089e-7,1997-04-25
0.09281531678154926,0.016400355205581234,2.07072539548022e-9,5.923153678418756e-9,0.019024536365353263,0.029091243863261874,5.423396802852016e-7,2.7953783160112597e-8,0.05797427315477268,0.017205336452785127,1.6530123784011422e-8,3.812307869824302e-9,6.788238997678795e-9,2.574817284980857e-8,3.5986711534937937e-9,0.09457466835827377,0.10600077149678531,0.03205693004373294,0.12910905055164196,0.1499999952022831,8.158866046318218e-8,2.6372454659354566e-9,2.7568379933290112e-9,0.006686462692903603,7.689066701122157e-9,0.14998541575598665,3.049037299652197e-9,7.184781291473399e-9,0.09907489436232966,1.0042273093421412e-8,1997-05-27
0.08451452743236686,0.010079207124176663,4.801624839125548e-9,1.3627844101290573e-8,0.032073790240690986,0.04201256243387213,0.0005064214240488234,4.8829362990724036e-8,0.05486455681322641,0.012006946933287424,3.560611566078184e-8,8.878358915742358e-9,2.6915925478508096e-8,2.0042223931137756e-7,8.280446724648176e-9,0.10529302699457939,0.10294546939347725,0.03194943484255214,0.12505657202365225,0.14999998743318885,3.6569343406590986e-7,7.004856734578716e-9,8.24365702378789e-9,0.007851712216808067,1.8787307712465948e-8,0.14675707093354876,7.60419238716143e-9,1.613923333471573e-8,0.09408790835190933,3.457401529491959e-8,1997-06-25
0.07139937117052972,0.008062426100443765,5.25977944473003e-9,1.4527414491777338e-8,0.049677240562344925,0.04934116958568095,0.01674990697359718,1.486919951840566e-7,0.05137039420750794,0.021108180096923074,6.002532777823754e-8,9.808785374081534e-9,8.16189405725669e-8,6.395573066589734e-8,9.476220615574447e-9,0.11007430567655599,0.09652284215112261,0.03246027988880669,0.12258410811698275,0.14999998517516622,5.021929812597916e-8,1.0325302446131305e-8,1.0755362152202754e-8,3.588333214709587e-7,3.182924928785206e-8,0.14147214263607827,8.516494821733116e-9,1.4780034877104961e-8,0.07917669453868913,7.449631370207368e-8,1997-07-25
0.057837530254752356,0.007833359222738,2.3125434306070486e-9,5.498211179454838e-9,0.034803660701421296,0.06611411495300973,0.016292697739867974,2.127472893548042e-8,0.061787176476944906,8.574647147411017e-8,3.024211271336163e-8,5.972914855352636e-9,0.005355128417286942,2.691313316512558e-5,4.69784093078861e-9,0.1270067297133892,0.09328177837661192,0.034870141366339626,0.11080991916441893,0.1499999808018037,8.15940984260455e-9,6.567549150690495e-9,1.1749673131708244e-8,4.904504444521476e-7,2.146753118722863e-8,0.13239575790870634,4.292727007667449e-9,9.925529944934404e-9,0.10158438734129165,1.607056417802141e-8,1997-08-25
0.056373198848022325,2.1972207005582744e-7,6.379929300675565e-9,1.900615376334957e-8,0.03261260554387118,0.03867090874152137,0.004937443661321908,7.08246116938551e-8,0.05554202188141758,6.677590796313701e-7,3.4121700478754076e-8,2.1649566655476866e-8,0.041148065745310415,9.247584083735825e-8,2.5880389092710872e-8,0.11573888051006026,0.10338225083707453,0.03660862966440479,0.09795345486201452,0.1499999747141552,3.330897260157594e-8,1.3384365945323532e-8,2.1644952957333224e-8,0.007131930115927304,5.363354795980296e-7,0.14999944003585983,1.1969279023370497e-8,3.093207863716845e-8,0.1098992838284924,1.0561607627827135e-7,1997-09-24
0.060972226270924516,7.124164299126446e-8,1.0719606629624224e-9,3.6875985183306325e-9,0.06789974287990015,0.020341652377407145,0.001691060368648169,2.1060836308311648e-7,0.05101044657168098,0.02139264593481366,1.1974564946356642e-8,8.627511534100039e-9,0.02267752885619093,8.680829175349446e-9,1.2221888859711253e-8,0.10952149772196501,0.10558339496980532,0.030061473771995143,0.09775184152929835,0.14999999497483868,1.2438330057649813e-8,3.3377342943732812e-9,6.245338505020574e-9,0.006530452524518573,0.0013049419867153978,0.14999998519540617,2.615174567895541e-9,7.975181711608651e-9,0.10326070004446507,5.3295307752486194e-8,1997-10-23
0.06684459470357652,7.17648865651589e-8,5.0193537890216966e-9,1.3270352057325574e-8,0.06905136143750705,0.011673303002262351,1.1345386641139392e-7,4.478035103957149e-6,0.06091941642784783,2.4740650292318595e-7,4.501262544353565e-8,2.0177151654315873e-8,0.035985802590201926,5.3169040810075924e-8,8.130420395038893e-8,0.08959070437028667,0.10927929829380437,0.02022321679853399,0.09575208219070293,0.14999996113059696,6.719598200156423e-8,1.406566663675952e-8,2.2731743837238552e-8,0.013148731686297297,3.9787366147661633e-7,0.1499992290008931,9.83075186330009e-9,2.3889973921065945e-8,0.12752659508852004,3.907810162657134e-8,1997-11-21
0.07009683047978722,0.004317120428768411,1.870633980248717e-9,4.606938164702138e-9,0.08170512673796765,0.009996325821079084,8.631874162277046e-9,2.1051719521851644e-8,0.08176488337800061,9.528796158707304e-9,2.3329323960361436e-8,5.853756863113971e-9,0.006357990781255505,1.125025597412588e-7,1.6678036829797832e-8,0.09241660798080915,0.08625235484515599,0.03682004852606251,0.11888933173140513,0.14999999508102774,1.3903316252537203e-7,7.010472028308799e-9,9.286322728169551e-9,0.0007447122911217789,3.143351493188828e-8,0.11063959752701866,3.6970726549773074e-9,5.956891754122829e-9,0.1499986669540798,6.965384739632871e-9,1997-12-24
0.09156692628195742,0.0017269232568886883,2.8902274560883965e-10,5.909890030483679e-10,0.13667770086305656,0.05491705049587618,5.86273750426629e-10,1.020724410318213e-8,0.08031870492283755,6.785255698527722e-10,5.486528356189984e-8,6.439686378528704e-10,0.01923119858224264,0.004776091229149669,4.997657027589532e-9,0.08079724687805956,0.06799869994381791,0.033364087371622615,0.10619923686020816,0.14999999945349898,1.113267344265175e-8,1.3512395902769399e-9,2.3855253905829626e-9,4.8594302802823615e-9,9.67934917384696e-9,0.0224260309059753,4.3420210041437546e-10,8.313396012111586e-10,0.14999999824701835,1.1750663969699707e-9,1998-01-27
0.10715719830658954,2.042391840340516e-6,3.44771660497294e-9,7.613015827537576e-9,0.11989914681206912,0.056923016581962665,9.498741959807876e-9,0.025662369687788854,0.08010401203605567,9.939344389963e-9,0.019812271355061965,6.866598720749604e-9,4.262616517864591e-8,0.011344562301989936,1.656083344471235e-8,0.08970438538641005,0.07218752047176465,0.04244677068654632,0.07133592186114185,0.14999999409732778,0.008328027937441649,1.3760902267151027e-8,1.660504245335222e-8,1.1194563406045899e-7,8.762856843089636e-8,0.01956188092541546,6.84703714546498e-9,1.0456019152631981e-8,0.1255305174474148,1.7917559690097158e-8,1998-02-26
0.10311025807719704,1.196949515446734e-6,5.200868437361838e-9,1.1982667324573756e-8,0.13200559941201506,0.02610996179813863,2.6946740347668885e-8,0.053392947495408835,0.07639847344480044,1.3165363690047597e-8,4.560625586281671e-6,1.1394207360687958e-8,6.436042344890172e-8,3.1114282538493664e-6,5.507381198945066e-8,0.09372033965739278,0.06503920555320362,0.04338267795014639,0.04158037846276984,0.14999998650168153,9.216467144246071e-8,2.3620551760642557e-8,1.7644134270711007e-8,3.814743529043669e-7,1.4266650611398602e-7,0.10401401844649695,1.1015765968790129e-8,1.6733501912831958e-8,0.11123638643576514,2.4318061465214866e-8,1998-03-27
0.11236784753720049,0.0032680684662907853,9.599078997899389e-9,2.0304549713445092e-8,0.14566046832460094,0.024954083582304942,4.684692732498917e-8,0.05671297862891076,0.08269110150933268,3.093541757733917e-8,0.02135277832285358,2.394503792015657e-8,9.613060000710868e-8,3.971589395956404e-7,7.641923572499962e-8,0.06475432266339964,0.06315515210371371,0.05283034917131371,0.039368698229819,0.1499999673922784,2.447936085738532e-7,4.687666327864929e-8,2.760631519478433e-8,4.596613377895898e-6,1.2442589630459927e-7,0.08391323033062807,2.479052859987738e-8,3.320194520019187e-8,0.09896506847655134,8.561267989252163e-8,1998-04-28
0.14999996312618766,7.331001053436799e-5,2.426027710369987e-9,5.864185867950461e-9,0.14551916939152068,0.05186993333613268,2.6587718836699396e-8,0.026645679781180705,0.05009773092774091,1.4231521262863704e-8,1.6614890810379714e-7,7.131786615306771e-9,9.605366014440813e-9,2.5097112223873563e-8,1.1698120370938622e-8,0.050986454239823314,0.06040301047735884,0.050614471606606745,0.04688488167263921,0.14999998587627325,1.5553447959067832e-8,1.0937372724588224e-8,7.548708199314462e-9,4.618854496587382e-6,1.353394841494868e-8,0.11712899204768731,6.599346799906752e-9,9.695589764939858e-9,0.09977142915139858,3.684125837815595e-8,1998-05-28
0.14999998623277735,0.013634765470404034,2.2206746854583243e-9,3.6996676004754816e-9,0.1499999450273167,0.05668502797502792,4.2186935762509927e-8,0.01732907467999602,0.08534374328419954,2.6060617698268085e-8,8.090469749745433e-8,4.71470755028043e-9,7.08909620287942e-9,1.384000195733399e-8,0.0003026802089158737,0.02632158315930273,0.04409362965502404,0.04877731120585707,0.04015474046156313,0.14999999246848703,1.2466823666751821e-8,6.4896222641314635e-9,4.657385883565939e-9,9.963219186869185e-7,1.0914086485494558e-8,0.09659114280755313,6.981009580908927e-9,8.911669847797015e-9,0.1207650977561467,5.214851350957532e-8,1998-06-26
0.14999992252036815,0.018301527972717755,1.4193057096658864e-8,2.2771797210988855e-8,0.14999989555806817,0.043744600828487065,0.03675974565421495,0.037347470831368544,0.07012507089409536,8.63681728732022e-8,4.6259607379917894e-7,2.4308387949528784e-8,2.9222917694102905e-8,7.799863055443726e-8,4.963446963975959e-5,0.00822377444941736,0.03458056555444599,0.05392703546648639,0.03678553889842869,0.14999996309741578,7.932961180841534e-8,5.9343047337514845e-8,2.554424278201988e-8,2.873919488188066e-7,1.2400827800597326e-7,0.12074346537935138,7.102283774986901e-8,1.1440593149507572e-7,0.08940997254892512,3.3737163429779075e-7,1998-07-28
0.14999999731030125,0.012266936243900265,6.67992100372659e-10,7.315665380323241e-10,0.14999999735037,0.0844838088414892,0.018601084261452523,0.07267037129724604,0.01355695443636248,3.5964703993830753e-9,1.1248589560130283e-8,8.551728616637869e-10,8.329628683897603e-10,2.3156759344515075e-9,0.018652941411309146,2.4281730716371193e-6,0.032692770909488224,0.06314821644033505,0.026368434598203604,0.14999999867315955,3.615498250028785e-9,2.0400073556666056e-9,1.165041933769019e-9,1.8799265303746187e-8,3.0265282631098753e-9,0.12585541561218314,2.651205696960029e-9,2.0977478832111947e-9,0.07276695882888184,0.008933631968520891,1998-08-26
0.1499999414032102,0.01302592873852028,3.745566335683148e-8,1.2660943606911261e-8,0.1499999600818364,0.0967878643707894,0.010303218728671116,0.12103464113633837,0.031092932957339822,7.179876936666217e-8,7.606113347617601e-8,1.578701348166105e-8,1.4069402338980212e-8,7.439503777537118e-8,0.002584131257698243,1.907488143709085e-7,0.04755571801787423,0.06616471603410912,0.04196078477752459,0.1499999843026459,1.6349441022832596e-7,5.065619055151458e-8,2.8378475785333496e-8,5.069854439120256e-7,4.585075022064128e-8,0.0835988283105797,1.876168953464822e-7,8.138432865916029e-8,0.00561615726049252,0.03027363527909723,1998-09-25
0.14999998104831608,2.3532031010042008e-8,0.008274570994119212,6.393555891644483e-9,0.14999996946523847,0.02078608165421119,0.006283357131237221,0.13282895513476847,0.08007929399613373,3.262787963757911e-8,2.3657712170839835e-8,1.2350958087310235e-8,8.027900635999422e-9,3.1127618105859e-8,7.775254128374238e-8,4.322287804669573e-8,0.07209926549810243,0.007195826093850725,0.08092622416415092,0.1499999913130632,3.126665594240653e-7,1.5264720540910546e-8,1.1439940288363831e-8,6.318284197060539e-6,3.199088259596507e-8,0.09820896234830429,1.8832927516585083e-8,2.243899287145946e-8,4.453240061376837e-8,0.04331048701480847,1998-10-26
0.149999988854826,4.2868645728982907e-7,0.01746813421024957,5.061539727295631e-9,0.1499999856569525,0.06542460093746566,1.2173120523425182e-6,0.09365055298309886,0.035600588293574736,2.154546073342937e-8,1.8125386263859223e-8,8.393606017194192e-9,6.672107779069159e-9,1.9486286474216827e-8,1.9038680241993117e-8,7.750132696265971e-8,0.07615719559502143,0.007429123020505407,0.08136155001467957,0.14999999588085747,0.00023074993125933566,9.144194838688536e-9,9.04431460946785e-9,0.013121926584918545,1.2568942604429274e-8,0.059141745766735816,1.2219359549415792e-8,2.8889048100216892e-8,3.168503008117011e-8,0.10041193689606102,1998-11-24
0.14999999314950513,7.770349561862006e-8,0.017770234333525776,2.528831029356996e-9,0.14999999068282077,0.049917543598785086,1.573008421691156e-7,0.0995240121615779,0.02555986766474631,7.203852482450689e-9,8.159609932162064e-9,3.9551219142279694e-9,4.011721127934901e-9,1.9190129151900675e-8,2.013727220510546e-8,1.250449803087373e-6,0.07489188464586397,0.009383733833027326,0.07855814793807309,0.14999999716100712,0.030516186009685774,1.0036608656150147e-8,1.197891289724902e-8,0.012992522959675876,6.867390729681592e-9,0.07843379223459379,7.415836099344627e-9,2.0773407839944053e-8,1.960231514724931e-7,0.07245028989112577,1998-12-24
0.14999999926206528,1.8372051591228894e-9,0.010295798757073215,3.1792391987832867e-10,0.14999999913527443,0.04162146406096679,0.005998960088289809,0.060107681404166086,7.33503010138929e-7,8.931284988221013e-9,1.1084288281496694e-9,4.6403966317311277e-10,3.886340423414722e-10,8.982119368264209e-10,1.462695551481763e-9,9.93914986436077e-10,0.0748271187849338,0.0056595462406400145,0.08566656766507409,0.149999999711431,0.06418887190424703,7.909573712740261e-10,7.17709149664898e-10,0.023730087266780078,7.394624098402179e-10,0.12135986664821981,1.1996879487687904e-9,3.1720842868943938e-9,2.2406007333725337e-9,0.05654328030498753,1999-01-27
0.14999999661151828,2.655663002702163e-8,3.24296073545263e-7,1.7630468004507822e-9,0.14999999458833735,0.03143387242076329,0.01542869030924172,0.06506632792418726,7.717043379559076e-8,0.003209703158870485,1.6952024997376782e-8,1.989402991518921e-9,1.8092679425764695e-9,3.952245210391305e-9,8.163307383433216e-9,5.815182886718109e-9,0.07678052178724182,0.014521498590609423,0.06973527499986346,0.14999999880553908,0.08252133663146823,3.4927934250818323e-9,2.6403392756992337e-9,0.014695981638659511,3.1525665607304083e-9,0.1455392889645533,6.2117864595704e-9,1.3933447787651137e-8,5.7793851117388554e-9,0.03106700989121307,1999-02-26
0.1499999951810238,6.081789705329909e-8,6.822907447554334e-8,2.650438102653511e-9,0.14999998990284522,0.027124368802822752,0.02245136225471963,0.04042239686674358,3.6522728640445447e-7,0.04073338620078384,2.0543038703873923e-8,2.829683208768211e-9,2.152889298532885e-9,3.876137071173804e-9,6.21218668363263e-9,5.952139647126096e-9,0.08974591671275738,0.016295461800358395,0.06834266975455064,0.1499999984962096,0.049165599313871135,2.6167426432458517e-9,1.9446165656603686e-9,0.024102689244785105,5.27507627921156e-9,0.11226816454589579,4.478135532673632e-9,1.2352833753912392e-7,6.518041146117507e-9,0.05934731807091271,1999-03-29
0.14999999642766773,1.0761674950087247e-8,3.105724342238912e-8,2.0388592013821004e-9,0.1499999946833797,0.06312457481198568,0.016080636320876793,0.10886544918387443,2.9758725383120755e-8,1.1831838668148313e-8,1.3962343450919967e-7,1.939222489115157e-9,1.8147711815083475e-9,3.514762812666431e-9,6.161783424908437e-9,1.2259631341961562e-8,0.07436111027239908,0.024434974457051156,0.09377505893575643,0.14999999893916915,0.06656357929383026,5.573030458542195e-9,2.417672811427461e-9,0.024200390442275926,6.366881766744291e-9,0.02419875094714746,4.718264357168578e-9,2.4115876560044264e-7,1.03020700269599e-8,0.05439496398595391,1999-04-28
0.14999995104526945,5.346894582130437e-8,1.2699224405726777e-8,1.8476766621345448e-8,0.1499999644396811,0.04636002504863309,0.0049646729205625505,0.1012332150513571,1.4942041074562124e-5,2.371284188706793e-8,2.52982237409261e-7,2.1069242263606754e-8,1.9774582438509714e-8,5.431256199194791e-8,8.020233693352154e-8,0.0028132129246414756,0.07455586168032229,0.02553045787750896,0.08701468251306736,0.14999998989727623,0.07524420255517958,1.2576061133792766e-7,7.392307792737889e-8,0.07207889512063503,8.426159827198053e-8,2.7826637339516066e-7,5.133745966233952e-8,1.7192912665510442e-7,1.5750169359056776e-7,0.060188447206110524,1999-05-27
0.14999999067620806,1.187230139604659e-7,1.4143797111207863e-8,6.01062452536509e-9,0.14999998828155608,0.059970825312984415,0.008683122239739141,0.055216041003135284,2.2961986739819525e-7,1.3531655018099408e-8,9.662044680540074e-8,6.512075827878283e-9,6.737399964683806e-9,1.2328121174831566e-8,2.0525003352318012e-8,1.0745405055495805e-6,0.06880410072940533,0.026303518509036432,0.07638946103636633,0.1499999970478888,0.07583006223809287,2.0949579493440027e-8,2.0578011232866524e-8,0.05173158263499094,2.6098529938987257e-8,0.019854679740003517,1.4864652542816506e-8,5.033814217797058e-8,1.594921411628603e-8,0.10721488247995253,1999-06-28
0.14999999238544814,4.234017994837633e-8,1.566027132459665e-8,3.743156941848922e-9,0.14999999214707488,0.03472838734035661,0.00952518639755017,0.03624805779615148,1.723529584948668e-7,1.019703404170239e-8,1.3196311980212263e-8,3.902445276665086e-9,4.09887634369889e-9,1.0852170109701487e-8,8.707365991072889e-9,1.0136765261972305e-7,0.07111251530196139,0.012271524644287367,0.060072529838860446,0.1499999979458841,0.071861378634535,1.2943797000990074e-8,1.4032976868939219e-8,0.047064887903653825,1.0834989061202656e-8,0.10907419741488832,1.2400952014906016e-8,2.4800610002769596e-7,8.77743679378408e-9,0.09804065883467356,1999-07-28
0.14999999653923113,1.006127062462481e-8,2.3081740686824845e-9,1.625753675673537e-9,0.14999999690787566,0.036743010048352585,6.779667849096877e-8,0.04021665148494515,2.3527658012071286e-8,1.0574477647877943e-8,5.64060241708008e-9,1.5026999755807358e-9,1.6597901360591802e-9,3.714856141403365e-9,3.0021658412390697e-9,0.001800810139435935,0.06910712320122472,0.007365289690842575,0.06717745096634989,0.14999999918852033,0.069224340495239,4.0788373356425086e-9,5.1549866648662426e-9,0.06853456110578145,4.48268849169151e-9,0.1499969645968059,3.846829427304994e-9,0.008130715493334491,3.0816091347703793e-9,0.03170293808298296,1999-08-26
0.14999997949592336,2.0380684433648597e-8,1.0126810413267909e-8,7.50231319361452e-9,0.14999997923360442,0.06604681557676419,3.4918095378838856e-8,0.03819792308793056,4.146201174902412e-8,2.1676287394472816e-8,1.933026999390724e-8,6.81702772628102e-9,7.478391504572393e-9,2.3698249843780762e-8,1.5987410981741796e-8,0.011950284915044693,0.06950730716564028,0.007665659836905949,0.0886946130338867,0.14999999644812861,0.061006306044278084,1.855279791184913e-8,3.0416091195574136e-8,0.07203515293229462,1.9551249354376877e-8,0.1347284020970848,1.4998595530823396e-8,0.0001659246594614204,1.224196924579802e-8,1.3503347961399496e-6,1999-09-27
0.14999999928065252,4.042542708135673e-10,2.859743799049439e-10,2.9474938024423957e-10,0.14999999940057757,0.07119965302269343,1.3529061509860649e-9,0.011465634961011094,8.195422001192852e-10,2.36914231103847e-10,6.842447787074555e-10,2.40576391384448e-10,3.7407806951925193e-10,3.4444448945621916e-9,9.651173542423255e-10,0.009123186426426311,0.06605104769986132,0.0019094124990693515,0.09600400764373863,0.14999999985094592,0.07485570022190202,2.401982542240902e-9,5.573988974780145e-9,0.048833229521099523,7.45141061189031e-10,0.13416584046068758,1.125449456431823e-9,0.03639220340921625,6.035347195667936e-10,6.604922019734386e-8,1999-10-26
0.14999999698056532,2.5139052101104832e-9,9.134981818437764e-10,1.5358795765488967e-9,0.14999999712397732,0.07137125457995,1.6954259238994704e-8,0.022393015009276526,9.094148103793165e-9,6.033826437641859e-9,3.934436680271256e-9,1.8367337720598244e-9,2.123321822011096e-9,1.2622509673902328e-8,6.984140974747256e-9,0.001355019730916296,0.07422909919539544,0.0066701107970444295,0.08222224809189776,0.14999999934785418,0.08773196208395297,5.557261613977731e-9,6.136136442592854e-9,0.07883389671189024,1.1165196351102895e-8,0.09558955242477586,4.697364551450483e-9,0.029603695702698638,3.1277862203436536e-9,5.698939993053227e-8,1999-11-24
0.149999855968519,2.7951722770013917e-8,7.626797662792289e-9,1.264298999087194e-8,0.14999538631510645,0.07125297074255092,2.2460936651320355e-8,0.022780377131796047,1.894610948463268e-7,2.1977747550085208e-8,7.349255924571598e-8,3.3914480814062695e-8,2.4048775832087058e-8,1.8826272939834146e-7,4.8786715092640275e-8,1.7126617901290013e-7,0.07861224987688505,0.008940027785591166,0.07839628359569625,0.14999999310473916,0.09215563588162676,5.654456821103292e-7,1.1755267784854407e-6,0.08696846541328593,3.99952762929289e-8,0.06980537499173611,3.249476238486524e-8,0.04109061898470423,2.0909879907988956e-8,1.0394265522085471e-7,1999-12-27
0.1499999787479826,8.696276598347837e-10,3.078706647122898e-10,6.434887683596028e-10,0.1499999973876001,0.07582727303830945,1.3945702520330835e-9,7.831220853238348e-9,5.455117603175146e-9,1.1878249700906833e-9,2.5351547514337684e-9,3.6626984134226007e-9,1.0938078166081825e-9,5.911652986122213e-7,1.3815467739107407e-9,1.8647324482791603e-9,0.08306287948969235,0.008073801568448223,0.0718054050490455,0.14999999970687006,0.09399875991528919,0.007478610316971138,1.2971333747405982e-8,0.06621424370054978,1.5633527910193798e-9,0.11249353486309997,6.966336426248576e-9,0.031044848292887645,7.062258647196145e-10,2.632304590506729e-8,2000-01-27
0.1499986288964051,3.211210210330346e-8,3.759845123054668e-9,1.3906983620382309e-8,0.13016056053594444,0.08875797696690949,1.5368814009606565e-8,1.1225216966546324e-7,8.958672860572058e-7,1.8570244073395264e-8,3.145740906611423e-8,9.57141140274969e-8,1.9150672094315986e-8,2.1812824950266332e-7,2.1779868951869128e-7,2.546948432255649e-8,0.08456700723175377,0.01884780774172705,0.07167312402895462,0.1499999966703309,0.08706182621212269,0.003099951878408811,0.0002959910041097396,0.04648112629626432,1.5187046086835135e-8,0.14999992238744997,3.315132656892991e-8,0.01905331770411631,8.587610095020735e-9,1.0059634570377547e-6,2000-02-28
0.1499999985017635,2.8790307343936797e-9,4.887753129030445e-10,6.858221197195205e-10,0.12950809787845893,0.05992272617591419,8.821313491315715e-10,0.00815185284861684,0.0023244278422550942,5.548568109257808e-9,4.27571045240893e-9,0.018912534908757314,1.4350171503314531e-9,4.420168058056474e-9,1.2267346050678273e-8,1.5891587298064954e-9,0.08736833470201738,0.017376368378288324,0.06784851541137545,0.1499999997884236,0.08880847533484726,8.42485146061198e-9,0.023153666033908445,0.002201130548609308,1.2921453469333115e-9,0.14999999823984933,1.4060065116330962e-9,2.4095427468100432e-8,4.71779133835733e-10,0.04442380324497709,2000-03-28
0.14999458039092944,4.1841783747109085e-8,1.4359637222965145e-8,2.7449249642297083e-8,0.1495687534564896,0.010463895375087826,2.6837374199590953e-8,1.2522188865408927e-7,3.1000197390508327e-6,0.024985361665352125,3.849153582585951e-7,0.02819902908839088,4.606653196400973e-8,2.735766500148616e-7,0.00023595537610391642,3.0143445028281054e-8,0.08651515436282295,0.012080424083653802,0.07700265621401041,0.14999999302684622,0.10258932816397975,1.729500719274817e-7,0.011752959272259214,3.505975432389296e-7,5.7893123155649574e-8,0.14999997222638958,2.850125514917797e-8,0.003222890875216959,1.5919534529197393e-8,0.04338435012928137,2000-04-27
0.13635377243275099,2.4017946482467975e-8,3.2275627650812905e-9,4.3790213581342676e-9,0.1386340055930658,0.023013935548753268,3.4976931663067597e-9,2.0158374809219237e-5,2.608794860620606e-7,3.0627586329834225e-7,3.940781461616458e-8,5.506742692347213e-8,7.701584150763937e-9,0.016034721700967692,0.03148133497787445,7.313202162570226e-9,0.0855942680532438,0.01050636116181223,0.09733169495855504,0.14999999911412643,0.09297048474767809,4.9952955282582286e-9,0.008756177753564562,2.5974933511893222e-8,4.737945905810602e-9,0.14534384210793258,4.848179260681416e-9,0.02105188946161554,1.8587733605413066e-9,0.042906599830521815,2000-05-26
0.14999995132153873,8.852885105546742e-7,3.273704224035433e-8,4.439954355163865e-8,0.1303032543682892,0.025603247878704435,1.438779070958e-8,0.033070886700866754,2.757431410608048e-7,5.204808072740052e-8,5.818778492534566e-8,1.398503946727488e-7,1.940223367211238e-8,0.01671864100312904,0.0019383845454829381,3.564473203100743e-8,0.08749218703016023,0.008479106950548867,0.10628338361761173,0.14999999588135732,0.06905583886196441,2.7348769864668965e-8,0.0033963996039151744,7.353893118037339e-8,3.9147628934420974e-8,0.1288580120266399,2.3015111620499564e-8,0.020105355261651626,9.910779068931216e-9,0.06869362429766483,2000-06-27
0.1499999956497798,0.0050666946912849824,1.0167687956758083e-8,1.2139545962816606e-8,0.1285081424340797,0.020154410870393047,1.4743044466130175e-9,0.042269623524680694,8.745997894891889e-8,1.5553792450944246e-8,1.075451564792953e-8,0.011514307664990248,3.0535034631068295e-9,0.007020310221397856,1.7632893178737318e-8,2.0752187431699083e-9,0.08731335293622144,0.012002284405699141,0.10788351177066846,0.14999999944925307,0.07475220724405168,4.6489981927125365e-9,0.00048590710419793673,8.927383162549667e-9,4.875926357239391e-9,0.1159464010851593,3.4709215047721103e-9,0.01562120660915775,1.427999036678181e-9,0.07146146067631574,2000-07-27
0.14999999074401862,0.009990982041022339,5.1042911623182293e-8,4.149180822398167e-8,0.12764205820919422,0.02956394336852427,4.412878317269022e-9,0.025099379800244268,8.027366644478616e-8,3.25026474943282e-8,1.8295498016000657e-8,3.091333390815543e-5,4.3142996909414676e-9,0.02842558193666616,1.8746894245687578e-7,7.385521009828848e-9,0.08598511726801503,0.014871129152458437,0.09443066155460218,0.14999999870694902,0.05335286209219792,6.38511555241889e-9,5.137534255193105e-8,5.768165723391811e-8,1.6922278560641863e-8,0.14995752126396564,6.95444969532073e-9,0.013595856879149128,3.9469521235958e-9,0.06705343319511559,2000-08-25
0.14999997889498992,0.0006898584419566499,7.762697948377972e-7,2.141713785427299e-8,0.12672356945022017,0.026122887664404893,2.515834116358114e-9,0.03316464769879868,2.2068379888226275e-8,4.558348197744071e-9,9.483600346005199e-9,0.0007175653703587685,3.182120633145331e-9,0.05671681699369966,0.00804264912149927,1.1495505203307846e-8,0.0712833651645729,0.017577354641134805,0.11408700390514896,0.14999999888806975,0.02514768577057728,5.3865981848318905e-9,0.010751120283662614,1.4713152944379247e-8,7.71363690829512e-9,0.13397453182672256,4.260266356775713e-9,9.825050818741427e-8,2.992453805837394e-9,0.07499998157684579,2000-09-26
0.14999999850041232,0.005730870238192335,4.150945561328758e-8,9.72260137896966e-9,0.13769151288478337,0.02357850258066984,1.1533249883944497e-9,0.03698684779274302,5.045429772128404e-9,1.1527807804368803e-8,3.813984451298381e-9,0.028910407345972677,1.19805946799275e-9,0.014518286508052402,2.3572674840014627e-7,8.234887422012055e-9,0.07122723180388182,0.017394568156372636,0.10777521898891619,0.1499999997843754,0.0031225737528446837,4.046623122055468e-9,0.0006930577987502086,4.621822735247224e-9,3.282169436489886e-9,0.14999998564034892,2.180134563069238e-9,0.010377871501084731,1.4925884332338247e-9,0.09199273316696185,2000-10-25
0.14999999719904428,3.4730210340154057e-7,0.010346975299349682,7.413207078128961e-9,0.14253723836691118,0.04665409308780073,9.852901716697122e-10,0.05483418724530648,1.0064113620164393e-8,4.254958795028685e-9,3.4976606826689018e-9,0.01356475292601839,1.0139270877551215e-9,0.004462132720056449,0.0029587377573195156,0.008103916209074746,0.06416361529159403,0.02869437416782061,0.11672541699574389,0.14999999964925703,8.836158892172878e-6,2.1181083347122003e-9,0.001160064322591333,1.4972399145747955e-8,3.9773204614417535e-9,0.13316151948674865,2.4106129067507024e-9,1.080637141697181e-7,1.478761889399233e-9,0.07262363556429302,2000-11-24
0.14999997944583293,0.0030825877679217743,0.004862177827305697,6.665921820084647e-8,0.13587798449027821,0.048063609464267576,1.925554138280206e-8,0.029437805139876455,1.6687704123886277e-7,0.004832579382050397,9.533563711231041e-8,4.895351577771946e-7,1.3397183671555414e-8,3.125119189183524e-7,1.7458411211390243e-7,8.055636390431213e-7,0.08128031571211831,0.02831131363501747,0.11226535654333117,0.14999999695716787,1.9810202032300892e-7,1.7343412503096477e-8,2.422899951553534e-7,0.0034747729319807843,5.185150792579408e-7,0.1499998813994515,1.691372397011216e-8,0.039660364713374356,1.2027254656857336e-8,0.05884812567908991,2000-12-26
0.14999999746787337,0.004097577028595745,0.013314499126799226,9.02352258704265e-9,0.13749848621820937,0.04295860061704749,4.322490041290532e-9,0.014938198382640516,9.664568662248634e-8,0.024366387577593844,1.6381428156050402e-8,4.447694234030177e-8,1.8877193565775255e-9,4.886967544574015e-9,7.832569612718782e-9,1.7638119108378154e-8,0.08915009310932107,0.026301753169777994,0.09097913876327914,0.14999999946608447,8.724607119834869e-9,1.8256199848646679e-9,3.775504963990389e-9,0.01629801686160734,2.8839563878777206e-8,0.14999997416443592,3.2591596708883756e-9,0.03865742033907028,2.194772421835861e-9,0.051439605992991015,2001-01-26
0.14999999045559984,0.004845493063004987,0.01795194937827841,0.009082689423448347,0.14999996651852485,0.04542887711753697,1.747621644157313e-8,0.010468215432809251,4.422572884359432e-8,0.01962666791564319,6.124772945812456e-8,1.2392264278037618e-6,9.044492946308874e-9,6.358108748320771e-8,0.014075588774301392,1.2747141157649565e-7,0.06708792975330977,0.039191720591852844,0.10580745262925942,0.14999999812639356,0.009492375567211287,1.2832050162752806e-8,9.016478379604857e-7,0.012669861968309326,0.005545083942899304,0.14999994529532817,8.846947587739034e-8,0.018262533931505565,1.04580092833775e-8,0.020461084434315532,2001-02-27
0.14999999638185224,1.9756782891164535e-8,0.018716761292489302,0.0068501961320281204,0.14999994972465983,0.04714474486219441,3.3538362626216997e-9,0.0018720717841212695,8.682299059754387e-9,0.03890935949518971,1.883955628951592e-8,7.0959849215356585e-9,2.0841612910259833e-9,4.4821892917280524e-9,0.0122204222684079,1.909204158923482e-8,0.07463946620727754,0.038838044802799135,0.10338314025175806,0.14999999953840906,0.0005659493311333688,1.874818269780172e-9,2.7756028930566657e-9,0.01762155678348096,3.4185692061624343e-7,0.12986554199290895,7.53311232505237e-9,0.028637607789196707,2.1492589851357387e-9,0.030734751785528758,2001-03-28
0.1499999960703721,8.292529954141722e-5,0.017979507911534888,5.055074589080944e-7,0.14999825392876193,0.03707964975392639,1.1267829426955272e-8,1.8797019886946798e-7,3.6384847561948245e-8,0.06797525436821394,4.1715410337494846e-7,2.2408360473675346e-8,1.1214634162008498e-8,8.974666835337098e-9,0.004905754945850884,1.2783933929377279e-8,0.08869367512867356,0.03670872997832691,0.09626604280447218,0.14999999848639212,0.0005517241557679445,6.519607133836806e-9,1.0283592628731992e-8,0.020853870542666256,0.003345960918193538,0.10175141723200992,1.187804927671338e-8,0.05181834633595024,6.3511722723986005e-9,0.021987643440890842,2001-04-27
0.14999999670663372,0.0064754828892804525,0.016761404506916038,3.4939920923195245e-5,0.14880276339717033,0.03502834281283582,8.303781042434331e-9,4.9971829185749184e-8,3.7139212895371226e-8,0.07907829110076861,5.331785216215703e-7,1.854014988474241e-8,9.290524810995107e-9,5.963890361498271e-9,0.0019426277856922623,1.136976298669036e-8,0.09655668263815172,0.029033837677845634,0.09180732137983905,0.14999999884548396,4.4585212530383296e-7,5.136872773658417e-9,5.775431730957437e-9,0.00872038877065873,0.005018103995079985,0.08851364243370147,8.027687343647984e-9,0.06599120849138103,5.133678955084578e-9,0.02623382296416913,2001-05-29
0.1499999995951679,7.296913375924753e-7,0.018464586800120662,0.004611395450088233,0.14999998271477466,0.041162583436237465,9.908107749901396e-10,1.5076228273784817e-8,3.226881649841917e-9,0.07084601351289828,1.277169739459806e-7,1.956016695349962e-9,1.1306253354795845e-9,7.823186194012041e-10,0.00174879397173716,1.7441678346363716e-9,0.09349119665054303,0.030427706863168934,0.09837456709199975,0.14999999986969326,3.087488009773089e-8,6.371439245420428e-10,7.446935792806082e-10,0.005815690403413132,0.013056684619205903,0.08273557614970303,1.0055486420288284e-9,0.07574894233729815,7.357355787391943e-10,0.013515364220587862,2001-06-27
0.1499999897126759,2.1294517789084465e-7,0.019220265405670123,0.005371626835614596,0.14999995253102502,0.046366762573438615,2.139030260199643e-8,1.1004078567557193e-5,6.932403935393398e-8,0.056652367071549706,3.7283673507235755e-6,2.8485168867282002e-8,3.016902689679655e-8,1.7144255620954467e-8,0.018332054706684066,2.8966830017887383e-8,0.08977547486007229,0.028325079129614607,0.10028145392158391,0.14999999695371952,3.5239444369571805e-7,1.7971656522493756e-8,1.9695297630248216e-8,0.005294115912945981,0.004222019408353867,0.09713197926442375,3.172544897479874e-8,0.06670811764902154,2.3794574206017645e-8,0.012303157611465778,2001-07-27
0.14999999932762043,1.7089314070782391e-9,0.018724080741052,0.008288174210500971,0.14999999924219024,0.05334569057698969,6.594850850332599e-10,0.0172197594663806,1.015865103968456e-9,0.03543202714524631,1.3701680411891962e-8,8.389224583192497e-10,1.1246253074498972e-9,6.035088985000948e-10,0.03321543249298826,1.257106005650376e-9,0.07492730496492057,0.034412876653749834,0.10296045838493005,0.14999999984210882,9.38494880746795e-9,5.444677154975519e-10,9.421575066697703e-10,4.708223988694312e-8,0.010577816453360063,0.10423550611759178,3.875902273125693e-9,0.05666078473996535,1.0268328423642053e-9,5.8737311219176e-9,2001-08-27
0.14999999689859883,1.355103366038266e-7,0.02440527028525554,0.010187328972871192,0.14999990091236814,0.053358266299537375,5.513127655426257e-9,3.589825988004476e-7,1.6054163904597513e-8,0.060986769066865266,1.8101242703997338e-7,8.292497571205666e-9,7.948696017243461e-9,4.208215818987768e-9,0.004149930238258179,7.757511536089151e-9,0.09119368515351281,0.02609164789427963,0.08817436959144619,0.14999999870876826,3.418882866247647e-8,3.854093950200948e-9,4.376614051278284e-9,2.1391411672185556e-6,0.005493984833671325,0.10426068745734178,6.899976129120357e-9,0.08169514557352606,5.1672282277442035e-9,9.92062165088356e-8,2001-10-02
0.14999999384813434,0.015936747501836015,0.021736139379786145,1.1338338786041983e-6,0.1351151722057095,0.040158256519920325,1.2185384843365446e-8,9.603363751956229e-8,2.8268851140114382e-8,0.06593042986203859,1.1223847686198837e-7,1.443375457910311e-8,1.236282014868616e-8,5.875498979192141e-9,5.3590858431787096e-8,7.329732278551368e-9,0.1190704597883644,0.015105846139445659,0.07007073663136573,0.14999999764851,0.006436977110938321,8.517882485844176e-9,6.564580556232578e-9,1.7079615908105985e-7,1.3655308901375957e-7,0.11956845608408069,8.421570580692483e-9,0.09086305013327246,8.431853264063186e-9,5.921708569488245e-6,2001-10-31
0.1499999981395047,0.027048686949551856,0.02005326569607144,5.585790890824073e-7,0.13606793621300575,0.03851272190796043,5.065339189953787e-9,5.050743923425448e-8,1.1545769434543146e-8,0.07445714780363273,3.352873753907918e-8,6.636890199904699e-9,4.862372288310268e-9,2.17946813506232e-9,1.5581185864356252e-8,2.614159565972933e-9,0.12642323546020434,0.015725704332541862,0.06850961564763244,0.14999999923085477,0.007070298544643427,3.843102206850838e-9,2.532304029936593e-9,8.603628395797221e-8,7.669957473686347e-8,0.09794350509551057,2.916563050861237e-9,0.0880982485014363,3.2122680080380865e-9,8.877013690270913e-5,2001-11-30
0.14999999932210933,0.022331355248773586,0.026563640636343495,0.0005456970202997625,0.1499999659858419,0.04456221459978455,2.064741709550418e-9,0.012565804557513886,4.298130171597998e-9,0.050305514480966505,2.6791302156228026e-8,2.501696334184978e-9,2.0194252803650513e-9,9.702403140346012e-10,9.81567590388115e-9,1.0716743155256683e-9,0.12194234888956411,0.022618432603395067,0.07680446134770122,0.1499999997015672,0.007032263779472371,1.5163250705237119e-9,1.1518940039410823e-9,7.734397301733816e-8,2.677716755649202e-7,0.07611060008409902,1.881732045514185e-9,0.08861727913755744,1.5667097264279151e-9,2.1839815097544324e-8,2002-01-02
0.14999999490505056,0.02608237517451428,0.024992867680567986,0.0014285422000784118,0.1499990747568319,0.04462073879585913,1.5103819459553086e-8,0.008978636441816673,2.8032431841999915e-8,0.053188714322139216,2.515381736890721e-7,1.612102118706451e-8,1.4117017983399811e-8,7.296891547841079e-9,6.160357372637355e-8,7.662668551115063e-9,0.12494525902636937,0.02156621927840086,0.07192026301594259,0.14999999768288746,0.006701680954585421,1.1358908230908914e-8,7.625108311858461e-9,2.268895995622312e-7,7.418589533119869e-7,0.07547066682520326,1.3305371227105723e-8,0.09010332858725707,1.1652739817000398e-8,2.261862177902712e-7,2002-02-01
0.14999999794968522,0.03210428677750454,0.020580814327413394,0.0023521865932794282,0.13896272493252082,0.03569959630853874,7.280452738384113e-9,1.4206912596789118e-7,1.3720147991760433e-8,0.06770853656147088,4.5325979747765287e-8,7.4363379917187e-9,5.416393802734568e-9,2.881836108973298e-9,2.0290895560526242e-8,3.363889658927785e-9,0.13689024904462258,0.01293350054228039,0.05814758367537585,0.14999999883857507,0.0033753319666700488,4.541948410003567e-9,2.8233303059580385e-9,8.024860667065654e-8,1.9320465792131362e-7,0.09759726694689005,3.6265889818793337e-9,0.093647133640903,3.8478283410767526e-9,2.5581624970189753e-7,2002-03-05
0.14999999950588527,0.01454728183034308,0.03421710448721433,0.014679489768050408,0.1499999986667915,0.05039320248430404,1.080970237021936e-9,0.02005931179701338,1.7042394656658242e-9,0.027462682842686707,2.1934727325719962e-7,8.846608966731704e-10,1.3948635350120518e-9,7.630791017897898e-10,7.0521194669411884e-9,8.40484656178778e-10,0.11884392324241444,0.028584588299311414,0.08685638523243465,0.14999999975283465,4.976364000911736e-9,8.340852437489034e-10,6.279813704426e-10,1.975203612353621e-8,0.007502938454487048,0.05177986476391925,2.1067313016131894e-9,0.0950729643068987,1.0205874452335495e-9,2.1799349008150556e-9,2002-04-04
0.14999999939899197,0.027713891616633134,0.03459149456648499,0.012271964548057367,0.149999865895251,0.048868920598523435,1.674409732908494e-9,0.004991571738287908,2.4609912063806464e-9,0.03196297700320395,6.022899011121218e-8,1.324228441141373e-9,1.67178876719423e-9,9.576699062377159e-10,7.189782110661431e-9,1.1046441596509295e-9,0.1269221858563484,0.025539695866934442,0.07096606450952657,0.14999999966843705,7.741176626029868e-9,1.0525987668457175e-9,8.033111189332273e-10,1.182024675985774e-8,4.588674359086002e-8,0.07714938618389425,1.6538946751129143e-9,0.08902183202399189,1.3736728513299988e-9,3.5812850217750753e-9,2002-05-03
0.1499999922481454,0.04257957194300903,0.0234339985194386,0.001434887907099325,0.13452093999355136,0.030570702706180872,2.9350900083268405e-8,2.2373854105339128e-7,4.854626372392734e-8,0.07158375900739103,1.768265532275246e-7,3.180093321649525e-8,1.8337071752226422e-8,9.526375207102203e-9,4.3010824563597986e-8,1.1498276381276438e-8,0.14220821091288682,0.007628571495310873,0.052925230187024344,0.14999999508875717,9.603450842588406e-6,1.625569330609512e-8,9.319667880685887e-9,1.591275999146901e-7,2.5680305374699897e-7,0.1033454689246069,9.061428762596043e-9,0.08975693072401483,1.1821018290050491e-8,1.081867539688881e-6,2002-06-04
0.1499999916916941,0.044254202659629906,0.02809265688237342,3.33728698089945e-5,0.13615380249900114,0.03136033688744014,2.5768937210615745e-8,1.3876170231478223e-7,4.364719852896003e-8,0.06429245433666145,1.7583982588155438e-7,3.066230764132868e-8,1.6530581262311148e-8,9.27493839532626e-9,3.998872864880738e-8,1.0204013902970544e-8,0.1423294823984426,0.007865292058235244,0.05117434995938723,0.14999999492644098,1.85952785598645e-6,1.4744882223252531e-8,8.796532265863984e-9,1.8287585647852548e-7,1.9680836467922473e-7,0.10124920769636578,8.753912247962453e-9,0.09319182139899819,1.1438388819001347e-8,2.6011149474083025e-7,2002-07-03
0.1499999997465991,0.05093017953948824,0.03157131819183072,0.0006887296417613591,0.13704891385481824,0.030535433615735165,8.519086534227165e-10,3.683411697227373e-9,1.5290307149010469e-9,0.058843314783855856,7.55907276216414e-9,1.1429357260495105e-9,5.598401459573119e-10,3.093866802803765e-10,1.4697320807714384e-9,3.382030735593974e-10,0.14154913557515594,0.009312492494734235,0.05483499343702285,0.14999999984021212,3.666110646617133e-8,4.933911827828003e-10,2.8008765725582825e-10,1.2526616159374846e-8,8.59420391377075e-9,0.0887397023279929,2.899193299743466e-10,0.09594570308162505,3.7963272048564816e-10,7.200689104592636e-9,2002-08-02
0.149999997517454,0.04576636542333135,0.04343529769725081,1.0573306027986744e-6,0.1393156303508726,0.03805868725472434,4.560788659041998e-9,5.4038403282891356e-9,4.909008052664604e-9,0.039793643396002706,5.503954549596012e-8,6.287499507546109e-9,2.94272296031927e-9,1.755981879749091e-9,5.104323949707525e-9,1.766149562159269e-9,0.14370840861064185,5.587551438466279e-8,0.0406950083073316,0.14999999910102865,3.840570984279639e-8,2.663471844143016e-9,1.5268769519532343e-9,8.433989611630251e-8,0.006944306100729264,0.10342375730725455,1.295365183887e-9,0.09885755879158609,1.6808464104933053e-9,9.253648023335589e-9,2002-09-03
0.14999999932323788,0.04922936325082221,0.04941879160857412,2.914480684185924e-8,0.13646121765883343,0.04135781622789535,1.4129710861775885e-9,1.0876073947636056e-9,1.3275084725615613e-9,0.03666157116820747,2.1365616299864553e-8,1.731313628433573e-9,8.446120725327814e-10,5.123257943781079e-10,1.2562789057243055e-9,4.975894109957651e-10,0.14401480494124586,1.7034062727163987e-8,0.03536874688469907,0.1499999997162258,3.1214315302842656e-9,7.011829952643819e-10,3.8857961527521665e-10,5.3829026229955774e-8,0.0075984725657876765,0.09491292003435688,3.557926619647615e-10,0.10497615983954318,4.502499769728293e-10,1.7196161235564845e-9,2002-10-02
0.14999998811190102,0.054521990307614746,0.047981799041502925,4.4713023153112405e-6,0.14214384510919892,0.04711614117887032,2.8166577610693064e-8,2.1908956737232225e-8,1.6540665808988087e-8,0.034267060133312065,1.7919216848399945e-7,2.4610198779606263e-8,1.5403491749096592e-8,9.688208641323433e-9,1.9155350097091837e-8,8.597733675748684e-9,0.1499786349962413,3.3804503442238216e-7,0.03167437221963706,0.14999999428792277,5.050899777971682e-8,1.2611970759677817e-8,7.081673180792909e-9,3.186269261741182e-7,0.0072445956263417705,0.09226378741481824,6.309839438607039e-9,0.09280223005078284,8.10375681448943e-9,2.566799053136146e-8,2002-10-31
0.14999999559912816,0.05715198105514743,0.046775657128034734,0.001046790121628465,0.1405539155491946,0.05736886642135769,8.793223292560207e-9,1.014804525212956e-8,4.679809281130023e-9,0.022994942586436123,3.0651926424621956e-8,7.966519359819803e-9,4.798454919829054e-9,3.2014441541795436e-9,4.918261043611177e-9,2.751549974481786e-9,0.1499997334640341,2.1765575222974493e-8,0.03986608836143575,0.1499999971549173,1.8558472232947148e-8,4.549924583755219e-9,2.4897846849680015e-9,5.883399483359836e-8,0.004352988864175889,0.08627376627430342,2.228607970665229e-9,0.09361508062849308,2.6727104754435095e-9,7.783409694735787e-9,2002-12-02
0.149999985392861,0.05690300068940923,0.04912864371834734,0.007487309407069819,0.13745074664414308,0.06702153913027012,2.4862252276929215e-8,6.214154734288141e-8,1.6074237819264813e-8,0.01098291589592379,7.373299619539356e-8,2.6471483246714712e-8,1.765007445129533e-8,1.3112120076796564e-8,1.6402534777939992e-8,1.168307081329196e-8,0.14999940946792237,4.0582706413754094e-8,0.04566767013924292,0.14999998484437757,4.7616290275735457e-8,1.849984497411398e-8,1.0447102004168296e-8,1.216167575032548e-7,0.008005508184347985,0.07601287057927551,7.940736560500855e-9,0.09133987414897243,9.44508518077136e-9,2.3478996558677332e-8,2003-01-02
0.1499999976083611,0.05790926134179523,0.05096855127365812,0.009126650730234484,0.1421710292665653,0.07026434782626752,4.549830517922139e-9,1.5219926611624567e-8,2.827841457720068e-9,0.0014652987077606516,1.2301180050630417e-8,4.157406987112133e-9,3.271941202673617e-9,2.55488777822595e-9,2.870075820866869e-9,2.2742559251921626e-9,0.14999996813120745,5.439602165170603e-8,0.049058462473520026,0.14999999761634442,5.582126825666979e-9,3.4179464892257056e-9,1.9806447859676826e-9,2.046136408397347e-8,0.012708212896403065,0.0694594991792204,1.4744432641868348e-9,0.08686858047019042,1.753528420846329e-9,3.38505009966473e-9,2003-02-03
0.14999999956134002,0.05977261150959401,0.05117369635478588,0.002793710188385224,0.1332961563391371,0.06098542676264196,7.016709920201499e-10,1.7403139249516132e-9,4.4827595812648774e-10,0.007738581822876987,1.6742323904947014e-9,8.844963731910724e-10,5.585334760662724e-10,4.165683922464946e-10,4.886087181519308e-10,3.41813540474499e-10,0.14999999774576336,4.722540930709555e-10,0.043962980118293894,0.14999999949741735,1.131436265150001e-9,6.439213520797742e-10,3.4012889146540847e-10,3.3135871677032114e-9,0.016404812020534502,0.0796783245155031,2.45056032566225e-10,0.09419368917680632,2.8609470930755587e-10,6.999283227257329e-10,2003-03-05
0.1499999955326114,0.059577669998760935,0.05150586589063873,0.0009476682045441008,0.13131125533287782,0.0622552909208944,7.429435013968004e-9,1.8003122973695086e-8,4.352168070698969e-9,0.0042126471089568235,1.6332131230772795e-8,8.986852480687868e-9,6.081594291902767e-9,4.151240532531935e-9,4.417628124355421e-9,3.3847507669250304e-9,0.14999998578341633,5.980968698468981e-9,0.04789738614461028,0.14999999481588802,9.958363453887565e-9,7.004228694488194e-9,3.5319940644296256e-9,3.7860449031606456e-8,0.021285033823469537,0.07668388743286357,2.3578019436115254e-9,0.09432316960990876,2.755242508418265e-9,6.812587474280724e-9,2003-04-03
0.14999999965275593,0.0603672534555753,0.052484723427358375,0.0025527941526238976,0.13079990572133823,0.06890605688086388,5.895065533515035e-10,1.599279708724007e-9,3.039233238485667e-10,0.0053224971481892905,1.1800060298316039e-9,6.480298608211189e-10,4.4134755085580383e-10,3.1395066586433384e-10,3.25983229040707e-10,2.4337845566198425e-10,0.14999999928645052,6.419814411274891e-10,0.056971986300016514,0.14999999964161478,6.392231623533061e-10,5.737851454774919e-10,2.752041149913757e-10,2.368269086131176e-9,0.0176954467473031,0.07019225108608654,1.7151686067427577e-10,0.08470707550531516,2.0915978045198558e-10,4.699636774352105e-10,2003-05-05
0.1499999927371237,0.06024818944763783,0.051067277178049195,0.0027609459440004263,0.12970829478275456,0.07064721471509323,1.1140762691462422e-8,3.6019062109136205e-8,5.982927198120444e-9,0.0007216243405534034,2.723238893663835e-8,1.2694842092960625e-8,9.105005152879502e-9,6.0424426706270606e-9,6.347307695618045e-9,4.965712697564275e-9,0.14999999008034115,1.5156267113667377e-8,0.0564154349362913,0.14999999295158728,1.230006300748122e-8,1.1830268769928016e-8,5.5331110213089225e-9,5.1085306929505755e-8,0.020203580854315704,0.07435634439618524,3.4840205545273244e-9,0.08387088464724901,4.249494485292524e-9,9.819834769904633e-9,2003-06-04
0.14999999674812697,0.061679980745392465,0.04792300246050214,0.002027469862668371,0.1303681867313739,0.0738454912705159,5.012311995806676e-9,1.6063157717228692e-8,2.939420704020525e-9,0.0013529361062321148,1.2020995393828755e-8,5.319226166531687e-9,3.98938943452388e-9,2.9339588973166415e-9,2.923959211113009e-9,2.287976031289794e-9,0.14999999563947583,5.882832591547931e-9,0.057024361267743635,0.14999999665927927,5.576298776925656e-9,5.5850349297702174e-9,2.4542669105623762e-9,2.3280236870519963e-8,0.01930546579396491,0.07213798763918022,1.7198628642410026e-9,0.0843350242308903,2.066383882834859e-9,4.789341414178001e-9,2003-07-03
0.14999999796334834,0.0607147296164463,0.049790735777890366,0.0027038189421896785,0.13396819214037733,0.07733052616321058,3.458817458293496e-9,8.970813548357668e-9,2.050756707311246e-9,2.3556447330543574e-6,8.282699904442649e-9,3.796109742175614e-9,2.7945820922205425e-9,2.031698367329348e-9,2.0435909688171933e-9,1.4686631050244528e-9,0.14999999731158062,3.510121856860808e-9,0.06368494277086681,0.14999999758957555,3.7745680588448234e-9,3.980046653213242e-9,1.726071532305363e-9,1.7580635778201577e-8,0.015044171553804294,0.063400467477149,1.1162879837895776e-9,0.0833599958078947,1.361326012801945e-9,3.2941437335162396e-9,2003-08-04
0.14999999693399207,0.06185922801785597,0.04739022571807277,0.00266239075509832,0.1345644027874179,0.07857498663491806,5.189361748873867e-9,1.3127018344980665e-8,2.9719938949261707e-9,4.690479003140404e-6,1.2133170909860785e-8,5.109772448361655e-9,3.8232794807300165e-9,2.815127217034111e-9,2.9585602783532147e-9,2.13522897961746e-9,0.14999999569017491,3.1598011698241416e-9,0.0656013848662179,0.1499999960123844,5.50157815478457e-9,5.614235346804304e-9,2.3288589361106253e-9,2.7184350308062617e-8,0.015690804997344196,0.06261701086682564,1.6002732837105004e-9,0.08103478391012581,1.933398827214091e-9,4.744559413329883e-9,2003-09-03
0.14999999962851343,0.061177228136155615,0.047832418699795105,0.007129459900527435,0.13552201389099897,0.0787227565663007,6.9257171263592e-10,1.8869605756932738e-9,3.904922467646779e-10,1.4800965052346767e-7,1.456388227296485e-9,6.102653867484169e-10,5.801136726365076e-10,3.87991711235235e-10,3.647981660627294e-10,2.9749009126314813e-10,0.14999999944753473,1.1818275162199421e-9,0.06641672768903248,0.14999999943306835,5.855678377012687e-10,7.099238502508815e-10,3.2055110842683883e-10,4.607887931415653e-9,0.020182771380125898,0.05804650964109863,2.2721866455719723e-10,0.07496995252116855,2.669205745441471e-10,4.890599596876622e-10,2003-10-02
0.14999999285330842,0.07350487386854755,0.04446358697638677,0.02843789700539372,0.12184852726600486,0.08932372610560867,1.4932345627252748e-8,4.831335359314824e-8,5.012575317218172e-9,1.1006007311081669e-7,3.3354668776609725e-8,7.539714050734373e-9,1.2146593651402496e-8,6.951324330147903e-9,5.262696767174222e-9,5.781856993782095e-9,0.14999999316795828,0.015662521475877184,0.06424718952855113,0.14999995001511926,5.350350899857091e-9,9.098429936219234e-9,5.3858176215446345e-9,7.00076709054777e-8,0.008816419231023777,0.02711474336261588,4.715282001346024e-9,0.07658022515257948,5.290805087444793e-9,4.787467122596674e-9,2003-10-31
0.14999999358040586,0.06720792160231345,0.044707131965650224,0.02828680874038886,0.1222791873588336,0.09103176833087283,1.2680847323661811e-8,2.5966691318420385e-8,3.590252290020704e-9,4.423096538324823e-8,3.1631917759492785e-8,5.286086798777844e-9,9.291668477245962e-9,5.884628990593541e-9,3.6720459681493467e-9,4.199428613912365e-9,0.1499999959940336,0.020474584881173354,0.0641464058732304,0.14999976525350459,3.168918779094946e-9,6.133285514222303e-9,3.945902058215874e-9,4.7613374584434375e-8,0.025211350174320697,0.018161065356489352,4.106439512755939e-9,0.06849380255621222,4.149153697483955e-9,2.7809641414435668e-9,2003-12-02
0.14999999197424846,0.08451489130922851,0.036659028591252994,0.017180125145005762,0.1232381991623407,0.0862969611444965,8.812682827517006e-9,3.2323635953237444e-8,4.371604182244363e-9,8.513512366492753e-8,1.8474711176257215e-8,7.919145668807004e-9,8.131919611168102e-9,6.3162344502103905e-9,5.824484742360554e-9,4.227849206860485e-9,0.14999998638019238,9.076842566139174e-8,0.05514296023453351,0.14999993224212188,1.0701641698774587e-8,1.515904810708871e-8,5.445475487025031e-9,1.7363073042960778e-8,0.01928750454613559,0.05809171197391985,3.887049698927489e-9,0.06958837188237271,4.056352581303638e-9,6.4956940281266025e-9,2004-01-02
0.14999998545626966,0.08845613690038796,0.03769706541825951,0.01711697649538809,0.12525877564223165,0.0873240306587407,1.6023435814277293e-8,6.679942064838243e-8,7.044276332015954e-9,9.11864498248758e-8,2.999441791491178e-8,1.3275923167478937e-8,1.5221430738593105e-8,1.261244111907733e-8,9.822305780840942e-9,7.551391786922316e-9,0.1499999741515962,7.024911635478597e-7,0.05384017780633152,0.14999983723183055,1.7196862508266597e-8,3.3086282874844136e-8,1.0642841513935863e-8,2.8568987662058367e-8,0.01872754240497418,0.05445377602582302,7.0388513075024785e-9,0.06712463600198716,7.441533773929244e-9,9.8081635656436e-9,2004-02-03
0.14999998625871297,0.09070948240365696,0.038653965031825145,0.011353005964252054,0.1324424465489182,0.0837118170760593,1.282680215585299e-8,5.172097892074626e-8,5.4874420770712334e-9,5.13477567608518e-8,1.9929638802333458e-8,1.0855229977484331e-8,1.3083208928675762e-8,1.0833574188621745e-8,7.832644685286896e-9,6.114676193684765e-9,0.14999997361357473,1.7885506004445708e-7,0.052146688305034036,0.14999966898663572,1.3598787696842925e-8,2.6093154259098968e-8,8.72034281710099e-9,2.375470486860989e-8,0.023242871360716812,0.051219224838342424,5.746781216469576e-9,0.06652040916782812,6.107513275210459e-9,7.536146538301517e-9,2004-03-04
0.14999997423267136,0.08945463917461227,0.04014685967110193,0.008641836658536848,0.13831792203543264,0.08556619210946358,2.2691898746642046e-8,1.244136469406012e-7,9.811912552157853e-9,6.025155391419503e-8,3.2728338881539305e-8,1.8803602173888545e-8,2.4372567282772192e-8,2.1898075926405377e-8,1.5049658825491165e-8,1.1807909553854183e-8,0.14999989346907658,6.462641992683628e-7,0.04991824580188147,0.1499992889190179,2.8440613707830053e-8,5.5614895482966965e-8,1.7928926046828317e-8,4.119177437332919e-8,0.021425171392392032,0.04902055286664311,1.1315049901816447e-8,0.06750825468080485,1.1920174208278618e-8,1.4483567530061221e-8,2004-04-02
0.14999999954220258,0.08962779092234402,0.04183604286104071,0.007193651445736773,0.1420759997206905,0.0848670326141445,4.0561935385635504e-10,2.3500510327810995e-9,1.8285295984518425e-10,1.1001696973317453e-9,5.993543714135962e-10,3.2743635240121746e-10,4.486630427690073e-10,4.022298370572989e-10,2.8048747723706995e-10,2.2265929169993872e-10,0.14999999700238847,1.787148308961175e-8,0.052078074928790116,0.14999998818679824,5.57813089186385e-10,1.127794475238785e-9,3.41198176051519e-10,7.232700042948973e-10,0.018009383993135047,0.04570081340857452,2.228981241251912e-10,0.06861119772329256,2.263179725869505e-10,2.6056406417910254e-10,2004-05-04
0.14999999906723652,0.09582585824850266,0.044574810905387376,0.006331657297954069,0.14549536849751088,0.08413451058848202,8.728986603696756e-10,4.298298271522596e-9,3.618796492097197e-10,2.4487122245384e-9,1.1993835141698108e-9,6.4839360668632e-10,9.309678985595581e-10,8.453411654428972e-10,5.726266542855478e-10,4.564393668950574e-10,0.1499999748456585,2.103788014486164e-8,0.05463327815979124,0.14999998004742038,1.2766671552332165e-9,2.379299322988133e-9,6.954114352559363e-10,1.3376787517795992e-9,0.013324159671781991,0.04208820140239225,4.806328122005659e-10,0.06359216041390589,4.744377859256249e-10,5.370280096923431e-10,2004-06-03
0.14999999827654795,0.09481505525506026,0.04316317613701319,0.0027851347114133175,0.14999964624898768,0.0869027496401396,1.6272137473955395e-9,1.3041241534653299e-8,6.705171143454044e-10,3.795419755008893e-9,1.964409389301417e-9,1.1448116345228682e-9,1.7545074974592403e-9,1.6888459227309013e-9,1.074186854877408e-9,8.535411146350805e-10,0.14999992355338676,6.623030107521661e-9,0.05738992127354306,0.14999987909254964,2.9660613271605536e-9,5.020479797603842e-9,1.4310366050934608e-9,2.3331019140432292e-9,0.012617913817786392,0.038958167792816877,9.304487854395649e-10,0.06336838526014665,9.431082614507325e-10,1.0786474365769543e-9,2004-07-06
0.14999999498659036,0.09418757792270713,0.043463229901696196,0.0038870261809528526,0.14999992141559004,0.08943349605342109,4.903218367477227e-9,5.984869369048733e-8,1.9109719228738152e-9,1.0570009367512262e-8,5.432692227767024e-9,3.217368637274753e-9,5.199616026869877e-9,5.056328817042686e-9,2.8018364174058322e-9,2.4785542228053777e-9,0.14999621050669423,2.470068596903528e-8,0.05910820243175355,0.14999968537040903,8.77797963407781e-9,1.7586335206857195e-8,4.3438208343520265e-9,6.367337205576421e-9,0.012315950839627594,0.031051910859759207,2.7234620141721423e-9,0.06655662186412985,2.792385587708744e-9,2.955372591947616e-9,2004-08-04
0.1499999825519339,0.09211212891190758,0.04340783846191928,0.0040781417647087455,0.14999988652395851,0.08997869794437777,1.849583129429355e-8,3.9463196169167773e-7,7.337401913414591e-9,3.446008948749205e-8,1.9461721091203792e-8,1.1230057035577488e-8,1.8847506009174934e-8,1.9379996885783676e-8,1.074155387274657e-8,9.59553687202569e-9,0.14994097694451852,6.322034430773726e-8,0.058646297250620594,0.1499978247146708,3.5386175297133496e-8,7.577920799754073e-8,1.611563283091141e-8,2.282655790879452e-8,0.008430918626645743,0.03196454730067896,1.0156305134090048e-8,0.07144196981447191,1.0652182036628122e-8,1.087152618544863e-8,2004-09-02
0.14999999838797842,0.09579681183758089,0.04512592825871218,0.006488870676595459,0.14999999374787878,0.08822924448889499,1.7258257083870701e-9,6.205084129098187e-8,6.750772980825145e-10,3.428496504879924e-9,1.8248395065630012e-9,1.0339141652544485e-9,1.770600584707937e-9,1.9171495310338003e-9,1.0400684661050256e-9,9.007059029877244e-10,0.14999960178124036,7.63789139710954e-9,0.0565885818972463,0.14999990828763035,3.4290942228596854e-9,7.218407532908095e-9,1.5611175575909469e-9,2.016033978172221e-9,0.004377654740407456,0.03112217168920851,9.32676176399135e-10,0.07227113297456533,1.0484215235737773e-9,1.0208997706271705e-9,2004-10-04
0.14999999845916098,0.09532193148461181,0.04689020813889691,0.007908911057768184,0.1499999980434477,0.08900838622523975,1.742632719234228e-9,6.103872379355228e-7,6.205313408626404e-10,2.9774370430237695e-9,1.5905536208804546e-9,9.330009143426638e-10,1.682730251819407e-9,1.8885362967017532e-9,9.666407907017586e-10,8.092436780633399e-10,0.14999991810814223,2.1055659388742622e-8,0.05837916086853492,0.1499999556297653,4.094605674405585e-9,8.45684412494486e-9,1.5891347594667026e-9,2.0189987745485676e-9,0.006781888457527574,0.026436774033812675,8.91682980040111e-10,0.06927220583703432,9.471060351369673e-10,1.00348097686739e-9,2004-11-02
0.14999999274685955,0.09958251758924336,0.04849818565725317,0.010724169999476452,0.14999998569854975,0.08974917608442824,8.361902199428366e-9,0.0029117799970497173,2.888941433639785e-9,1.2533152377538527e-8,7.545859337082442e-9,4.06213770070138e-9,8.066616097295226e-9,9.671792675452926e-9,4.6475502976178375e-9,3.959798522775894e-9,0.14999546639786215,1.6912218743494211e-7,0.055954714507666876,0.14999967489157706,2.096778445180515e-8,4.096252104141728e-8,7.597781693964018e-9,8.604020609771607e-9,0.005586939636058452,0.019667544147632048,4.6422760164080595e-9,0.06732952966149858,4.986693527782777e-9,4.363829548520819e-9,2004-12-02
0.14999999440675282,0.10264137619550444,0.046822493819088276,0.010537799859687995,0.14999999648725598,0.08937426336256725,5.517396641336572e-9,0.003237580087459788,2.2209162789345473e-9,7.645361012269042e-9,5.429393425433752e-9,2.8321391034100775e-9,5.794896258367018e-9,7.788559602456895e-9,3.530286218470063e-9,3.3063306480349074e-9,0.14816654589325404,2.176896169769213e-7,0.05424261488064476,0.14999854359126646,2.0929461843300324e-8,2.706064565079991e-8,5.8316268248515305e-9,6.096372144036746e-9,0.009024986393119386,0.025734966488918407,3.736794127341183e-9,0.06021850528104315,4.511564857992846e-9,3.3320756873155284e-9,2005-01-03
0.14999999852677418,0.10772840305467311,0.04626929791367539,0.010104493058897043,0.14999999905967587,0.08838185249500312,1.4583004462354751e-9,0.008521781341243128,5.678620093596415e-10,1.9237513582917872e-9,1.4012601563750647e-9,7.259835802274992e-10,1.5070971535675074e-9,1.8524533680070902e-9,9.106554807102472e-10,9.011328404443363e-10,0.14722600431731692,2.7457942233632235e-8,0.05155094695848394,0.14999982150305502,4.6890351331057635e-9,6.339964172013846e-9,1.4957970182191435e-9,1.650461465617067e-9,0.009569458717624473,0.022120375248538875,9.218439565323336e-10,0.05852751194742981,1.2191489522588894e-9,8.349198470192871e-10,2005-02-02
0.14999999963657354,0.1014349702580241,0.04453262973707116,0.013236810602824504,0.1499999999371697,0.09304290347236557,3.66374158476174e-10,0.018255181428907953,1.3729761606553416e-10,4.5331518336768107e-10,3.1810505982856797e-10,1.756645227667132e-10,3.343344500529736e-10,4.262746919743372e-10,2.136601106271861e-10,2.15428293794116e-10,0.14844122331727408,3.4865713738900145e-9,0.052937591358016525,0.14840550856974696,9.381145703382158e-10,1.054713551793806e-9,2.986864413377258e-10,4.5032647643241047e-10,0.005800452147103461,0.014506104085637005,2.2890346857408735e-10,0.059406615871662335,2.8246666757753867e-10,1.9738639446778907e-10,2005-03-04
0.1499999928721119,0.10076993658971739,0.04577739822516189,0.019440750349573564,0.14999999842332828,0.10249314591015629,6.417330967195087e-9,0.007103750000346,2.7494304745124137e-9,6.515712926154335e-9,5.192651835121918e-9,3.0121924566259137e-9,5.9252723739278164e-9,8.751451481321931e-9,3.813489974498918e-9,4.069106145858883e-9,0.1499984652817155,2.023332434343983e-8,0.05921828708305,0.14900896704484531,1.7622052634099493e-8,1.6615556859525924e-8,4.894729175363353e-9,8.491702862922086e-9,0.0003034852637747875,0.004100128415439363,4.6207899346779736e-9,0.06178556671426368,5.439663881194436e-9,3.462057296289108e-9,2005-04-05
0.14999999701166922,0.10752759566964847,0.03752411169612739,0.005315623161797815,0.14999999880553166,0.13858982151519944,4.925807780079629e-9,0.02511126720717756,1.3307475182353465e-9,2.6372425301978783e-9,2.8382860194444297e-9,1.5174323465223554e-9,2.6154811733872924e-9,5.25508678384661e-9,1.6690129036179314e-9,1.8606431141541814e-9,0.14566459743480903,6.3524096278619505e-9,0.028816277902360955,0.13923891511673878,6.0097378575596455e-9,6.072180864130183e-9,2.1029289692437188e-9,5.838190673821654e-9,0.0034894411157635544,5.511959989972405e-7,2.550800491665742e-9,0.06872174404555163,3.176224929578125e-9,1.3694123163215484e-9,2005-05-04
0.1499999986108419,0.11268095383166438,0.03816376055942418,1.4386297370507605e-7,0.14999999867985345,0.14999994582988715,3.0002263308083197e-9,0.03298895363762484,7.62476956079658e-10,1.6358715467924237e-9,1.679425144625507e-9,7.669621171343032e-10,1.6042662467136389e-9,2.4867377307203656e-9,9.737819951875769e-10,1.0951164651215196e-9,0.13498755794426975,1.6719960777226991e-9,0.015439058843015538,0.1384922329567323,2.9720198267063477e-9,2.4493653280782856e-9,1.1225484377123076e-9,4.43962602502071e-9,2.2696991662813778e-7,2.4594879948277003e-8,1.5133810503592662e-9,0.07724711287572632,1.895887930813626e-9,7.335005547576489e-10,2005-06-03
0.1499999988387286,0.11910457483927504,0.04184924376437388,1.7343766637546054e-8,0.14999999841460432,0.1499999037129446,1.7834256114969767e-9,0.027723431290234565,5.957452744703539e-10,1.0881452882209352e-9,9.709487272560096e-10,5.720244555766953e-10,1.2145105927971513e-9,1.993458903215289e-9,7.410505016366871e-10,7.723771050504531e-10,0.13173048129355786,5.911248827710559e-10,0.013525777807606262,0.14234194386271382,3.102395457234717e-9,2.177892158261027e-9,9.414655416154654e-10,2.8166819601400027e-9,2.7837843435126516e-8,1.8157772296172223e-8,1.092567716133948e-9,0.07372456039953887,1.4079300723992486e-9,5.752957469760437e-10,2005-07-05
0.1499999989486494,0.11980812040330915,0.04714209601510936,2.26850200344324e-8,0.14999999818334592,0.14999996134258262,2.1878261646577516e-9,0.026810373775845546,5.553196929191718e-10,1.1534749680876128e-9,1.0263613711407744e-9,5.462767702788823e-10,1.1720233908564569e-9,1.9115487700928587e-9,6.166313207918614e-10,7.910755144476766e-10,0.129899642813011,1.0043155980142416e-9,0.008130947094285681,0.14383011931533637,2.358936540766584e-9,2.11722576586175e-9,8.790748249392377e-10,2.4318438811839826e-9,1.8405032693823807e-8,1.0708607881725396e-8,9.993150947224404e-10,0.07437866855674313,1.4604845370352565e-9,5.413871198252638e-10,2005-08-03
0.14999999887769033,0.12510208110614712,0.04815025852414849,4.494589910115457e-8,0.14999999829959337,0.14999997782136915,2.7854633956971432e-9,0.01674525651859708,6.146359979597175e-10,1.3533015016162209e-9,1.1975728279914374e-9,6.158801417172198e-10,1.3792727014289843e-9,2.287939411451838e-9,6.95490815880921e-10,9.284790590164196e-10,0.1289956838749263,1.1699804299722162e-9,0.011447293359145138,0.1447142395605952,2.9422875544074063e-9,2.6523511941268156e-9,1.06172489172778e-9,2.414135945072102e-9,1.5036636853081614e-8,1.345985462041867e-8,1.1922113845254068e-9,0.07484511292084785,1.7863204362821854e-9,6.175017267360014e-10,2005-09-01
0.14999999919273138,0.1289518350083905,0.052061107462924985,2.0625378524462683e-8,0.14999999903825942,0.1499999684194224,1.663839687068284e-9,0.01800895863525806,3.982718439628926e-10,8.808977465590611e-10,7.785749892440151e-10,4.1121684864320995e-10,8.722202557551203e-10,1.2373951930588785e-9,4.5416442330879566e-10,5.846144260046561e-10,0.12786783022820178,8.597127224611274e-10,0.006035901208687912,0.1435499927732202,1.699595567229474e-9,1.520283524717854e-9,6.592850801179841e-10,1.5641508698335921e-9,7.73051001395467e-9,7.363460049700647e-9,7.623327195952076e-10,0.07352435648819791,1.0872748821047757e-9,3.9152607600975626e-10,2005-10-03
0.149999996337858,0.13891286330926714,0.05476058303394339,5.4394402504869905e-8,0.14999999568910433,0.14999976196470086,6.572536083132255e-9,0.011928732209289403,1.7630912618712449e-9,3.972244848614147e-9,3.061964283322173e-9,1.7108341261021245e-9,3.372846027851257e-9,5.703816379866165e-9,2.0231140669432916e-9,2.5756210674375254e-9,0.12742158103891724,3.855188312458775e-9,0.004590943170675182,0.1454818214366348,8.112518570099052e-9,6.247523326278241e-9,2.57742246597691e-9,7.207127348259168e-9,3.24656335641274e-8,2.5387658192706887e-8,3.364819561996166e-9,0.06690354113789117,4.533329994979028e-9,1.7700264809008346e-9,2005-11-01
0.14999999764008218,0.14999925307191272,0.05315955040034762,4.7644887915359635e-8,0.14999999066133374,0.14999997161750028,4.647763094952488e-9,0.018222729549257098,1.206455507090394e-9,2.402626670705214e-9,1.7274643783326814e-9,9.357215591619005e-10,1.912367684333566e-9,3.101715647975801e-9,1.257866219627763e-9,1.6312419743730658e-9,0.12500944925797347,1.8379273395370188e-9,2.901645038253576e-8,0.1352465488531093,6.296113038886997e-9,3.741071396858729e-9,1.4944843159258654e-9,5.363451010245964e-9,2.0695908081837878e-8,1.719860450471088e-8,2.120219291997914e-9,0.06836235010003806,3.3853335145833954e-9,1.2307720119285023e-9,2005-12-01
0.14999999744820397,0.14999996326933732,0.058102196702447206,2.6595872272376376e-8,0.14999999515988882,0.14999997642956203,4.90177592383436e-9,0.014163385267060865,1.361309874198006e-9,2.4364428677781185e-9,1.6579550307853759e-9,1.0205086491573428e-9,1.970123386165951e-9,2.8954902647748767e-9,1.5439787524366711e-9,1.8053321335599318e-9,0.12274049127138575,1.2741649995726855e-9,1.425214781138237e-8,0.1362708451053543,7.618612392722813e-9,3.809544461046925e-9,1.5542746535585162e-9,7.166321860302777e-9,2.6733997699992953e-8,2.97860847495624e-8,2.256231751355513e-9,0.06872300343150055,3.820692043503702e-9,1.454397684930824e-9,2006-01-03
0.14999999923873958,0.1499999973916203,0.06222594769772708,2.2117881625536095e-9,0.14999999926980076,0.14999999692656837,1.3705967425869546e-9,0.010982847198397885,4.522194422164893e-10,6.580437976709661e-10,5.183339818405028e-10,2.8170830904013954e-10,5.150555501809702e-10,6.990799346580589e-10,4.94241764041446e-10,5.546822471403743e-10,0.1194314493646928,4.470711995763885e-10,5.2370773557545225e-9,0.1358962823632735,1.4851940941435776e-9,7.706279498990872e-10,3.7384834239722924e-10,2.4557400217354424e-9,4.747319572651466e-9,4.112586326150336e-9,7.444994578416625e-10,0.07146345086785852,1.1126557164419768e-9,4.3895105809836103e-10,2006-02-02
0.14999999631153957,0.1499999793504687,0.06470570149164163,3.1908943208878396e-9,0.1449780845754677,0.14999997905986548,4.87605170925636e-9,0.01821784554407481,1.6704025282806985e-9,2.3809732115843693e-9,1.887067820876587e-9,1.0472312570146544e-9,1.7669635935150347e-9,2.426197534476978e-9,1.4787333051877897e-9,1.927497675713573e-9,0.10908189374463467,1.931095661536228e-9,1.3576235037615305e-8,0.14989250651448113,2.734650939272784e-9,2.1003600380993806e-9,1.2221516687557226e-9,6.778460256216368e-9,8.857482916878453e-9,1.3795557642432767e-8,2.4974004078269527e-9,0.06312393287551933,2.9702676364733586e-9,1.416631851633504e-9,2006-03-06
0.14999999809786962,0.1499999765734234,0.07830065579881298,3.647556762145042e-9,0.11024007256138275,0.14999999479967935,9.384484499484892e-9,5.3919417442452284e-8,1.2256322258852842e-9,1.9397057567720814e-9,2.2475507558349043e-9,5.932373994534622e-10,1.4445196517022351e-9,1.7681123527430942e-9,6.954557652868976e-10,1.4874875648538446e-9,0.12522811622542698,4.903202126849613e-9,1.1063485381005227e-5,0.1483974384299459,1.0569278376425343e-9,1.079862472288721e-9,6.460666631615837e-10,6.11816496917971e-9,1.409959595008172e-8,3.948665169812368e-9,1.7117890513225427e-9,0.08782256869923502,2.6414577561288275e-9,7.699503716746978e-10,2006-04-04
0.14999999831842006,0.1499999821886455,0.08268308280142403,6.694764720653351e-9,0.10154994393852179,0.14999999692855345,7.8330791499251e-9,1.7799599087006525e-7,1.1245586602927526e-9,1.7888130219169623e-9,1.9298753688389935e-9,5.418198743214764e-10,1.200572520719156e-9,1.889979777572423e-9,6.426901819183174e-10,1.7582786142169151e-9,0.12646959522261084,2.29155144683947e-9,0.0038252116317173826,0.1415469680031485,1.0862724341295454e-9,1.052383053824017e-9,5.616729111215584e-10,6.593280818175815e-9,1.7537723687048837e-8,6.101952449464248e-9,1.6481379135047182e-9,0.09392497680974762,3.1098295540025922e-9,7.739842523255011e-10,2006-05-04
0.14999999741894166,0.14999998499964862,0.08645374653050622,1.2294058585058592e-8,0.1006511751460252,0.14999999555309995,2.144817688897155e-8,0.00016253103776429635,2.1238468527192017e-9,3.67156191428133e-9,3.297576290615457e-9,9.76029356743668e-10,2.265333779401891e-9,3.791001844549043e-9,1.1675557661159592e-9,3.2950430795617757e-9,0.12456582467536736,4.463509237459256e-9,0.0072841470940243555,0.13444641854847875,2.17897158257626e-9,1.872152453493608e-9,1.021320712350393e-9,2.645501037650835e-8,4.404047014164929e-8,1.5905618639343232e-8,2.9907592932905882e-9,0.09643601807563158,6.277293372804564e-9,1.3852212293976092e-9,2006-06-05
0.14999999940300768,0.14999999723951732,0.09674076959414217,9.563836640314295e-9,0.0832408922862802,0.14999999904837577,1.0951511618477695e-8,5.978240465204498e-8,5.986230833402545e-10,1.1454660338323076e-9,9.268861171604091e-10,2.41998404308086e-10,6.071361382025722e-10,9.594468826950644e-10,2.7484941847258845e-10,9.597427717859644e-10,0.1264072962242535,2.1730181124857705e-9,0.00924851985198672,0.1398902147723566,4.875350290871883e-10,4.287817745033157e-10,2.479494470762188e-10,1.29458596100796e-8,1.1692065187000611e-8,2.4269208034980785e-9,8.303880225908306e-10,0.09447219213063056,1.856941379026134e-9,3.4808898150270835e-10,2006-07-05
0.14999999704133096,0.14999999161394154,0.09516715809122082,1.752153696486601e-8,0.11858906457079851,0.1499999949562572,1.9610418188805288e-8,0.0095597700580672,2.315012071548289e-9,4.248019781063611e-9,2.8070927081137345e-9,1.0961216113223844e-9,2.2912427382307966e-9,3.937026107557126e-9,1.257636728112423e-9,3.758922433145615e-9,0.10834482191133918,5.1597438982694205e-9,5.635484610181575e-7,0.1449053641357793,2.7661055113463284e-9,2.019120601533896e-9,1.1144727982404353e-9,2.307613211000467e-8,2.3330541762232285e-8,1.2784452927750572e-8,3.4626132925490243e-9,0.07343313453714868,5.317266766257634e-9,1.662176906084737e-9,2006-08-03
0.14999999784319454,0.14999999597065783,0.09201083991921179,5.3381030017547265e-9,0.13559386911985052,0.14999999538113712,6.480866072835236e-9,0.028166450271454983,1.2053799672812136e-9,1.6524469532490772e-9,1.2932485721796043e-9,6.060543682670312e-10,1.0990253748784504e-9,1.668088998927377e-9,7.83810076677088e-10,1.5516344085485935e-9,0.09320169862389525,1.4290889705587732e-9,2.417003501524469e-8,0.1499990348883984,1.6975518502545526e-9,1.2798288066794424e-9,6.548023785864502e-10,8.23957280035339e-9,5.3327785491109895e-9,6.25413875576598e-9,1.83269894874012e-9,0.051028042035065835,2.32798646881322e-9,1.049993294758349e-9,2006-09-01
0.1499999991969006,0.14999999825087265,0.09798820953936126,3.7850027935629025e-9,0.1283441288515051,0.1499999984790295,5.363567303000067e-9,0.020145688002839193,5.452407625059788e-10,7.600043102859906e-10,6.113802712550017e-10,2.5838624307467555e-10,5.207759998925931e-10,8.192303315907659e-10,3.156131322250255e-10,8.002133240831213e-10,0.09856848653228906,8.038381575610177e-10,1.0551347251184294e-7,0.149999954527535,7.43865051792405e-10,5.773678744604113e-10,2.866618813314171e-10,4.689943784566313e-9,3.0511314139610886e-9,2.558312281503187e-9,8.584461898993772e-10,0.05495340206172464,1.24098203900101e-9,4.5450946067153747e-10,2006-10-03
0.1499999701807594,0.14999890879902048,0.10510522034022969,0.008839350471884562,0.032958169017640385,0.14999996274457092,0.07162058153934428,3.4075151809318307e-8,1.4420546355028835e-8,2.749432295016876e-8,1.682794826212412e-8,7.364744471278078e-9,1.809382860085762e-8,3.971434487482404e-8,7.770691024449315e-9,1.5760125606956482e-7,0.1068266423008797,3.930638604456778e-8,0.02072222060639402,0.13002898011852213,1.278677093899645e-8,1.4571311900348124e-8,8.698856434150778e-9,7.690623020802936e-8,2.90872659485077e-7,2.350924973336347e-8,1.5879664313070275e-8,0.07389914419487789,3.286165783510929e-8,1.093025532826671e-8,2006-11-01
0.14999998154209196,0.14999982315207322,0.09869509951567362,1.856512076105431e-5,0.09366699560577035,0.14999997940550844,0.024964124525713116,2.200926747269153e-8,8.12069617516722e-9,1.3698461363974988e-8,1.0139912680636864e-8,4.548609811247435e-9,8.652524992886337e-9,1.919946181296595e-8,4.869699356637718e-9,3.7182764282771335e-8,0.10144930498831402,1.0481953497945453e-8,0.006215177764512408,0.14195286979925217,8.753666444781669e-9,8.158771398834991e-9,4.452741655571253e-9,5.571847125250012e-8,8.370769483227283e-8,2.196522632118261e-8,1.1355852069580436e-8,0.08303772093812223,1.776160626950082e-8,6.864825602690087e-9,2006-12-01
0.14999999451314666,0.1499999810281391,0.09393656172683253,1.8201870099359409e-7,0.13442282834116043,0.14999999362124183,3.1185103986081554e-6,1.4258341844859918e-8,2.8986512578753088e-9,7.180154677319747e-9,3.766303858448916e-9,1.5732170748212791e-9,3.0883051264728196e-9,6.2392783072926094e-9,1.7178199675161967e-9,1.1180557866469659e-8,0.09187913788614187,3.592813589690832e-9,0.003056150714113098,0.1499114627371397,3.321246799478436e-9,3.2263651160148e-9,1.5991296746879063e-9,3.6222409807240676e-8,3.1084673788143645e-8,2.1455352502703604e-8,4.6342755572386175e-9,0.07679042244499207,6.649347772254284e-9,2.769748488938912e-9,2007-01-04
0.14999998966312791,0.1499999560497319,0.10517421749859052,0.0023627750259045733,0.08526258449626689,0.14999998826812752,0.02368723005863889,2.616624500885662e-8,4.933140896045881e-9,8.477988455431817e-9,5.427220640936504e-9,2.6736990081249663e-9,4.985117690352837e-9,1.0867918785211016e-8,2.7666121056469065e-9,2.0685165649989704e-8,0.09490713712552469,5.042719977166715e-9,0.009619100899658912,0.14999655997582145,5.3838518996452615e-9,5.066816104732526e-9,2.7032747890632407e-9,4.70797991798795e-8,4.0731800618286524e-8,3.164216315208017e-8,6.561894972435235e-9,0.07899021311557626,1.2134900024504827e-8,4.492701745551379e-9,2007-02-05
0.14999999782033638,0.14999999188669413,0.10048804649137387,9.476754879542709e-7,0.1031733249472998,0.14999999761095636,0.012983325356133512,7.72399042583255e-9,1.1989989665308331e-9,2.1161878464677883e-9,1.3442737885059285e-9,6.621722688180341e-10,1.2078475503008735e-9,2.870509389716325e-9,6.641626681463809e-10,4.8139232952945885e-9,0.09409122715217086,1.332269722375643e-9,0.01771876815690411,0.14999991688275557,1.5157647227411097e-9,1.2839314540882928e-9,6.213997000507749e-10,1.3768711046886011e-8,9.698949406811852e-9,8.941369209348435e-9,1.6944152868291488e-9,0.07154438972629837,3.606467578377138e-9,1.2282450054843297e-9,2007-03-07
0.14999999496090138,0.14999998638731843,0.09374891737568922,9.824293261236225e-8,0.14098142522533746,0.1499999941898249,0.0026702101765213133,1.6380527579740438e-7,3.726436174136231e-9,7.2260415398659825e-9,3.981448506472404e-9,1.9263493714946525e-9,3.611437969000393e-9,7.825657688614165e-9,2.078394710642033e-9,1.2217048498215666e-8,0.08359650726654903,3.5207256146515916e-9,0.009372330507288605,0.1499999497971004,5.073715505518847e-9,4.690805216931865e-9,2.137299474975339e-9,1.243228955127601e-7,2.5467266060823058e-8,5.160836926080375e-8,6.5894073617268885e-9,0.06963014101001283,1.071764883152085e-8,4.334300858473654e-9,2007-04-05
0.1499999996220731,0.14999999846275403,0.09952365291202786,1.143415608531991e-8,0.11105290759095676,0.14999999955081278,0.013364877404270526,1.2448958063428392e-8,2.6735738898826454e-10,4.2886349866605327e-10,2.502324818413928e-10,1.4301282313317273e-10,2.621821519941759e-10,5.680498560051171e-10,1.452310807357121e-10,9.069664803738664e-10,0.08418483397737221,2.411215953745944e-10,0.01767971133659589,0.14999999554865867,4.2679043422352784e-10,4.0050181552462714e-10,1.6262274914103373e-10,1.023208418455911e-8,2.5411028080370518e-9,3.559224976423704e-9,4.044847689428757e-10,0.07419397777210346,6.682197089927429e-10,3.3121161061116087e-10,2007-05-07
0.14999999935915737,0.14999997150990058,0.10586014023781742,9.687779455409659e-9,0.062516024690547,0.14999999910905132,0.031658678788916886,1.2757649594640353e-8,4.2693192720406005e-10,4.904120773649867e-10,3.5349119275738906e-10,2.656416670566626e-10,4.48002780108595e-10,1.14746003395483e-9,2.1059602218066523e-10,5.227715822167689e-9,0.09596646636996103,5.527060179626825e-10,0.038318987746768327,0.14999999738908532,1.062144982309131e-9,8.84417020980626e-10,3.019159949667204e-10,4.3639006771178334e-9,5.3006373584639205e-9,3.3738261564718195e-9,5.369839554517866e-10,0.065679685385198,1.2148815874414887e-9,8.065027943065036e-10,2007-06-06
0.1499999978314004,0.14999997716626423,0.10008302816505532,4.142678794725189e-7,0.05646104525223633,0.14999999707262002,0.054453030158644784,5.6009144141702155e-8,1.2799483821657728e-9,1.9334577678179834e-9,1.2226164581264192e-9,8.237879559335803e-10,1.3874457275864119e-9,3.1492407701534773e-9,6.914416184672757e-10,1.5553341545774264e-8,0.08437147456457304,1.3920597315367714e-9,0.0510881193650245,0.1499999925948844,2.669845970108173e-9,2.383330352190401e-9,8.546995409810975e-10,1.1056601590981934e-8,1.125573370305462e-8,1.541988116014685e-8,1.6647409937331317e-9,0.0535427889511143,3.2717677708736673e-9,2.591217838601188e-9,2007-07-06
0.14999999600315736,0.13042406369695228,0.12172183810868739,1.075653564821769e-6,0.04344345473834444,0.14999999479071732,0.05569963711131434,0.007837179064858635,2.3235077552832738e-9,4.241351636726125e-9,2.0103247237375437e-9,1.4191872733367328e-9,2.9803073056154363e-9,8.128801317200224e-9,1.3235833023857958e-9,2.289293980060852e-8,0.09869873180967619,2.3712730644636004e-9,0.03630445911182219,0.14999997553187366,9.549161478545521e-9,4.9984191393335076e-9,2.2346656040056047e-9,1.1832404308994487e-8,1.3603526922547923e-8,9.028074114177305e-8,2.9287075332999567e-9,0.05586940000356542,5.611127521058598e-9,5.645436301522199e-9,2007-08-06
0.149999998434023,0.14999987240868226,0.10078128508037723,0.03346316024108644,4.0202646091325245e-9,0.14999999629027888,0.05265554328388158,6.443568680438105e-8,1.2126361814737937e-9,9.247013190520574e-9,7.756884128814185e-10,6.741102715067445e-10,1.6473572303538477e-9,2.3782848466865706e-9,5.714514309631325e-10,1.7691244106783524e-7,0.08767359372621822,1.892988373130067e-9,0.07384651962576666,0.14999999653212637,5.650421375147551e-9,2.2797507285190963e-9,9.536838128593146e-10,3.7137485204059227e-9,2.5019665282559036e-9,8.091942543654762e-9,1.5385002812861927e-9,0.051579740345596405,1.7230363146524314e-9,3.8109905268400914e-9,2007-09-05
0.14999999964775443,0.12401206709029998,0.08977675410880866,0.02997709075838486,5.561264058758514e-10,0.14999999879292836,0.015192396805759912,0.01842065555500715,3.133257391226838e-10,2.534844775510016e-9,1.7212558342742125e-10,2.2547395957888073e-10,5.434684641819522e-10,7.95796298475101e-10,1.333488478100567e-10,0.03341614780875409,0.06843769530975655,6.870367684938321e-10,0.10767270105238538,0.14999999695107544,1.2187929470922911e-8,8.905585627126984e-10,4.1519317139024954e-10,7.593841875934672e-10,5.917700657361168e-10,1.682875552476346e-9,3.524303397189935e-10,0.063094470527618,4.532121388445722e-10,2.296567196935635e-9,2007-10-04
0.14999999701776165,0.13846853636326645,0.1075752900745571,1.844478852889814e-7,2.774511319673692e-9,0.14999998911560392,8.748598842080733e-8,0.022876425696632993,2.2318066251462907e-9,8.904610664592063e-9,1.0043978875373949e-9,1.3744247628196252e-9,2.765113078221668e-9,3.7143801494386217e-9,9.210170135789644e-10,0.039825367621122994,0.04910393698426347,2.3727150974712176e-9,0.09463227015661714,0.14999999094780764,4.2348203334794284e-8,9.746538620912618e-9,3.0864489220276893e-9,5.661594289873093e-9,3.266177849765148e-9,7.793820322018766e-9,2.414826715496747e-9,0.09274440246604775,3.254715707173307e-9,0.0047734179871428755,2007-11-02
0.1499999566651447,0.14999991175641295,0.09216094454669096,1.2244132162507511e-7,7.542914932564012e-7,0.1499999245600423,1.077158053014821e-7,0.0729472588164905,3.812541318799965e-8,3.469025661072318e-7,1.9107886009965053e-8,1.605846539869594e-8,3.6154767574931346e-8,4.701696397658994e-8,1.8281567776379668e-8,0.012006922185043392,0.02072973166058509,5.148072749922345e-8,0.06268842869837456,0.14999995027768623,8.392134860913032e-8,1.1402577555219118e-7,3.582789183732491e-8,1.903191061654078e-7,6.40246853410183e-8,1.9719597622399363e-7,3.75802079135261e-8,0.07568380617233497,3.619585829290283e-8,0.06378084799336664,2007-12-04
0.14999999867206004,0.1499999985271769,0.08723977841402,1.5070361918560766e-9,0.08362705411321657,0.14999999878823414,1.7996174427779029e-9,0.11758463114033546,8.502341676712014e-10,2.8185583170434143e-9,5.391933054531314e-10,3.5531526116303605e-10,8.017597343024534e-10,9.342655139270794e-10,4.1220985180532853e-10,6.9235008308914464e-9,2.3095760029952634e-8,9.959423690224956e-10,0.03172662222666737,0.14999999802608296,1.29257539883597e-9,1.6019082346763623e-9,6.357867933492669e-10,3.948915194669051e-9,1.4811597643079422e-9,3.6132989712115277e-9,1.0646140045827464e-9,0.02619482601767716,7.854224413968711e-10,0.05362703861745605,2008-01-04
0.14999999935834712,0.14999999941164072,0.08227187895629533,6.700834929716111e-10,0.071770599946616,0.14999999956002605,8.203811735474408e-10,0.12106443962074527,3.500759773919955e-10,1.312652930783093e-9,1.9986224658705668e-10,1.4505388547540618e-10,3.4875216700574066e-10,3.6094187219746134e-10,1.6141544157739902e-10,2.0451485992870903e-9,1.9813171063603868e-9,3.343588289716042e-10,0.02938726541322613,0.1499999988669372,7.181622050267596e-10,7.146757306105469e-10,2.872897809559761e-10,1.6540834493864055e-9,5.315483456611468e-10,1.2974261626393027e-9,5.136563801559927e-10,0.017282306938240375,2.986173534764016e-10,0.07822349718242311,2008-02-05
0.14999997883969723,0.1499999849715123,0.10541058392733225,3.1951380451012124e-8,4.7712016156648774e-8,0.14999998705507453,1.5314446566664526e-8,0.070673936264563,6.405631836461462e-9,2.9044341109979894e-8,3.500683117497076e-9,2.969352239359328e-9,6.741326756414975e-9,6.9564328427424615e-9,2.6524277542353225e-9,1.8674061087533261e-7,2.14078743070169e-8,1.2796857872321559e-8,0.049134710924369725,0.14999998127131206,1.2917147851095547e-8,1.0465200869659746e-8,4.859711691999439e-9,1.7190923949548594e-8,1.0851373781759743e-8,3.607314065497541e-8,1.1225064847436646e-8,0.02837249767264883,4.432249065660462e-9,0.1464078568652958,2008-03-06
0.14999999623569296,0.14999999704201697,0.0945187960730024,1.0255550868342575e-8,0.005635786578003151,0.14999999737430275,3.970837786653158e-9,0.1113166067875251,2.0029303225827966e-9,3.043504820194608e-8,1.0632357039103359e-9,7.922998189705574e-10,1.917509777635571e-9,1.896622763169151e-9,8.508853849505551e-10,2.7362713545454598e-8,4.8051417222208575e-9,2.066958075576566e-9,0.028916029943265847,0.14999999417157914,8.646447199514156e-9,4.336552048425932e-9,1.4727499413436352e-9,7.344110965683763e-9,3.0091387423477706e-9,1.2951775923113202e-8,3.773752439085209e-9,0.017136885586391485,1.3293479033145385e-9,0.1424757799246106,2008-04-07
0.1499999750298657,0.14999998368456122,0.11738853003998007,3.715109343948024e-8,0.0019969634262977593,0.14999998171964787,1.6175307288740224e-8,0.09696214154141782,1.0866552730113178e-8,7.474471816320625e-8,5.833734946788626e-9,4.836622915346151e-9,1.2151815203886186e-8,1.2082270537233433e-8,4.919295856488685e-9,7.984965176822642e-7,1.8907742723580026e-8,1.0346697108279267e-8,0.006541066126731026,0.14999996556369635,1.4430017410125772e-7,2.588699926944843e-8,8.7107513297074e-9,3.7682688621085996e-8,1.4483885425787093e-8,6.967534043565862e-8,1.898103445838939e-8,0.02711285991713436,6.336728891004395e-9,0.1499972003806968,2008-05-06
0.1499999693222484,0.14999998118509347,0.12069004268564867,4.388546185902686e-8,0.007411978235753729,0.1499999755337996,2.6703145313522573e-8,0.0995620753663354,1.5091982864081852e-8,1.1608990741736214e-7,7.344114804591071e-9,6.298390839301302e-9,1.5934428754448706e-8,1.632070994115614e-8,6.3482695777059645e-9,3.641649593049761e-5,1.919007384303932e-8,1.247784428999331e-8,0.009991742589734913,0.14999994478506296,1.0485243053885984e-6,3.746304272585052e-8,1.1412724169690512e-8,4.841757306235379e-8,1.9120603220264796e-8,8.38413564311251e-8,3.016936429905489e-8,0.027855407378705028,8.457001252717188e-9,0.13445089333138724,2008-06-05
0.1499999945393947,0.14999999630507724,0.133580074567411,7.097392583866913e-9,2.136184572090216e-8,0.14999999435299474,5.241095181946645e-9,0.08726849510484266,2.8874105750718715e-9,1.535422862962808e-8,1.2095590894748263e-9,1.1723146674371378e-9,3.4757970129194997e-9,3.3604149781185324e-9,1.0369411525646732e-9,0.003730776657838078,3.1787867080076755e-9,2.923043726942092e-9,0.021306468818981097,0.14999998913642115,1.8145503773293264e-7,7.006458874008916e-9,2.100863065768596e-9,7.163848659378139e-9,3.3149359375422762e-9,1.9935138612802636e-8,5.697198535587842e-9,0.023253851997884177,1.2529881439300555e-9,0.13086006229385574,2008-07-07
0.1499999966847444,0.1499999987931169,0.09967360096434903,1.3898916622689943e-9,0.030447970088764167,0.14999999790993798,9.980739577125645e-10,0.1499997862375913,6.554947461003528e-10,3.282508031709569e-9,3.6678286245872956e-10,2.8902404950714077e-10,7.39553585832785e-10,6.617473313747647e-10,3.052326555840426e-10,4.326594695445455e-9,6.989685065939536e-10,5.68001332111555e-10,1.3411156775621072e-8,0.14999989566069247,1.2100747070032988e-8,1.7888555789286883e-9,5.702151748425799e-10,1.7969589332268433e-9,7.503763769631147e-10,2.4198198076568825e-9,1.4199081423506073e-9,7.323172044706439e-9,3.8349388699347165e-10,0.1198786974142266,2008-08-05
0.14999981171090448,0.149999955418215,0.09465499056382487,3.674554891341583e-8,0.035741836720654105,0.14999987601894493,2.5610478978862365e-8,0.14999897654294292,1.9777528854920732e-8,5.241912977574149e-8,1.2311970908178027e-8,9.186923610610426e-9,2.1802219373844443e-8,2.020576329301849e-8,1.094974157995163e-8,5.639998319812554e-8,1.9810511602663433e-8,1.3921897811766232e-8,9.707306355080152e-8,0.149994972675273,6.239038792773292e-7,5.3974153998325826e-8,2.0498113213987087e-8,5.1118782750653025e-8,2.010721927363772e-8,5.8509223507837895e-8,3.892903053990776e-8,8.223711890569181e-8,1.3046922467298282e-8,0.11960822181003537,2008-09-04
0.14999993627032798,0.14999998223380592,0.09346094272188066,1.430791097272662e-8,0.027226564527891406,0.14999993753860905,1.1269173854284857e-8,0.14999986467632154,9.866579317314488e-9,2.0735039239463635e-8,5.7485890186472215e-9,4.393212276917738e-9,1.0410550355136644e-8,8.893153701590921e-9,5.048803840532149e-9,2.0125115844334803e-8,1.002903161339854e-8,6.943964160269388e-9,1.8172429293096763e-7,0.14999968705158634,3.502146533894787e-7,3.012120244106273e-8,9.792580201260814e-9,2.200295008823454e-8,9.107097437188725e-9,3.3850432701202555e-8,1.7949833975693376e-8,2.6531254866774912e-8,5.6689184068138314e-9,0.12931227024523637,2008-10-03
0.14999999939443345,0.14999999967725422,0.10483038425887327,3.969527662364794e-10,0.022260504656886424,0.1499999994254103,5.817083702876395e-10,0.1499999994689628,3.4371997072255214e-10,1.257758295869492e-9,1.8042428546145782e-10,1.323958150593766e-10,3.78997681882826e-10,3.4027183598020687e-10,1.8230750850643435e-10,1.5080982389329924e-9,2.7066756496162644e-10,1.5710218103775774e-10,1.25666411949546e-9,0.14999999846658046,2.0639101613415198e-8,2.349586849611669e-9,4.03333323654184e-10,1.7186588310011329e-9,4.6307018232163646e-10,8.83404738453619e-9,1.614665859417957e-9,4.423220164176171e-9,1.3890057897315376e-10,0.12290906707994557,2008-11-03
0.14999999970003533,0.1499999998786663,0.12592411460566863,3.471884453596033e-10,1.0961996931668102e-9,0.14999999964249638,3.710836322088534e-10,0.1499999997015376,1.9896105331390797e-10,0.015353457617186175,1.4666704384621823e-10,6.223822111419942e-11,2.0086809168528728e-10,2.024075027329272e-10,1.1620393659962138e-10,5.130250470544786e-10,1.136524277027643e-10,6.67170170507025e-11,1.6831155585122834e-10,0.062363971032669815,4.438673607766359e-10,1.7103696941299817e-9,3.3649835133493454e-10,5.622553208037187e-9,6.978936524092448e-10,0.01155320679497394,2.537590801809753e-9,0.0348052361448143,1.0437912528149174e-10,0.14999999982527562,2008-12-03
0.1499999997965699,0.14999999989009927,0.14999999832068198,1.979831613283785e-10,2.3965151455859386e-10,0.14999999978227235,2.4187461814632327e-10,0.14999999977472034,1.4311493206553766e-10,1.4167675535943474e-9,1.0948257012598293e-10,4.695927735366707e-11,1.2470382087835784e-10,1.3245644511699923e-10,9.31992114814839e-11,4.816811839947477e-10,7.479087174102658e-11,4.150238592992486e-11,1.0897672390344139e-10,0.03505206216687629,2.8149288401091606e-10,9.280516739481816e-10,3.063559704843823e-10,2.3226035923806158e-9,6.196245293002408e-10,5.098737526756453e-8,5.4423379584664874e-9,0.06494787657593593,8.031508734260164e-11,0.1499999992715426,2009-01-05
0.14999999122244692,0.14999999659880256,0.14999997855513947,7.699110686041055e-9,9.336403368136824e-9,0.14999999109187406,9.621320270375124e-9,0.14999998819279178,5.943214579554896e-9,3.398419329455624e-8,4.52963861684817e-9,1.9410030282895905e-9,5.233990116777821e-9,5.273273180225423e-9,3.9183625326533936e-9,1.8941269106910438e-8,3.0799317259880696e-9,1.6183432441047465e-9,3.936613137677831e-9,0.036083568081193194,1.2295155282770255e-8,3.101024024574551e-8,1.3451247739925967e-8,9.526480342402709e-8,2.32977152895167e-8,1.2539861379596553e-6,3.6192343852357577e-7,0.06391460225903138,3.3223982257468397e-9,0.1499999743909171,2009-02-04
0.1499999951746308,0.14999999752552065,0.14999998951800778,3.855980205690729e-9,4.731738549085223e-9,0.14999999471075226,4.968079511679191e-9,0.1499999947564617,3.1210453339414525e-9,1.1343817298711175e-8,2.3345707272666188e-9,1.0322096184357457e-9,2.720797261297693e-9,2.7143337881841014e-9,2.126034638128372e-9,1.0565458004443e-8,1.6201186155488065e-9,8.362056900415083e-10,2.258887902311129e-9,0.04998640686136517,6.4550321909793895e-9,1.59059910080616e-8,7.38063708667559e-9,3.816064721119399e-8,1.0739738643036545e-8,6.821517856963586e-7,2.6770183261945666e-7,0.05001265914445782,1.7208187092854945e-9,0.14999987786304367,2009-03-06
0.14999999985491871,0.14999999989676294,0.14999999975319409,9.921997145218589e-11,1.0845611707130715e-10,0.1499999998257443,1.3415213184382263e-10,0.14999999982601483,8.491016786081645e-11,2.344722955273641e-10,6.358756317911649e-11,3.051840880433997e-11,7.38391912869318e-11,7.377173916599688e-11,5.626659749102558e-11,2.2944595410737779e-10,5.117581021465725e-11,2.606678124068616e-11,7.345491331868639e-11,0.043688525646038374,1.83466459246002e-10,4.679675649887662e-10,2.0372289002929827e-10,7.106256160883499e-10,2.23571313448805e-10,5.980143224502408e-9,4.804345595976582e-8,0.06568674924114506,4.474997281621721e-11,0.14062466875914176,2009-04-06
0.1499999971113671,0.14999999848165813,0.14999999627802393,2.2349198156978704e-9,2.213916160589554e-9,0.14999999677392895,2.920087595684298e-9,0.14999999670555558,1.8086207365491444e-9,2.9697947166789086e-9,1.2503780001915212e-9,6.242375018094738e-10,1.483777876490954e-9,1.565032698200919e-9,1.2091383218698486e-9,4.600296126882518e-9,1.0780677838796529e-9,5.255773861539163e-10,1.3703816018653713e-9,0.08128045823329724,3.6355449372603023e-9,1.2334279914293327e-8,4.471563485720531e-9,1.7757390217281474e-8,4.462939638289676e-9,1.311854643941334e-7,3.2095633518958074e-5,0.07811171666757687,9.277857703764032e-10,0.09057554348587855,2009-05-06
0.1499999931403639,0.14999999712772535,0.14999999212656398,4.655735238510934e-9,4.592134063120366e-9,0.14999999350238644,6.145390757800809e-9,0.14999999410100257,3.774871526602835e-9,5.885409093440235e-9,2.565987543302915e-9,1.2908253953026133e-9,3.0795454787619723e-9,3.234134384148977e-9,2.499325813190598e-9,9.419239325484915e-9,2.278459457507342e-9,1.0969925182605052e-9,3.055077165605165e-9,0.08690781293234182,7.55234604304542e-9,2.8060858278965355e-8,9.470084394421461e-9,3.200687058781119e-8,8.72926229975093e-9,2.153008696933687e-7,0.0003345158214222502,0.08498904600785305,1.8512295043798354e-9,0.07776829869569209,2009-06-05
0.14999999949096782,0.14999999980013007,0.14999999951313397,3.799201912862827e-10,3.558791420276251e-10,0.14999999949296744,4.977874773634993e-10,0.14999999958714924,2.933766989095473e-10,4.578744489122221e-10,2.0292367384128885e-10,9.942590214297305e-11,2.4050064622753745e-10,2.5427326718052834e-10,1.9950625057185838e-10,7.196181938456066e-10,1.7465140899415198e-10,8.416288084567963e-11,2.3112208230732208e-10,0.09155500446256747,6.3627713753889e-10,2.5308498950933492e-9,8.065427404400119e-10,2.0391741588421296e-9,6.648381586508425e-10,1.596626254858744e-8,0.0030759146557939668,0.08792364864197118,1.4549574643081208e-10,0.06744540737485602,2009-07-07
0.14999999845575065,0.14999999900822267,0.14999999809352108,1.4756515767584357e-9,1.3609686488328214e-9,0.14999999808735703,1.9711373289028795e-9,0.14999999841939254,1.183294214399158e-9,1.7488586901967872e-9,8.154987997441132e-10,4.018707798253592e-10,9.70227502812693e-10,1.0241114515386748e-9,8.024022851015777e-10,2.75101851132701e-9,7.17164853249042e-10,3.3457813164377935e-10,9.6823476292293e-10,0.08599693097081673,2.5268802137174884e-9,1.0812013038689797e-8,3.366576187806907e-9,7.248485618234636e-9,2.4985390033672625e-9,6.201905710088848e-8,0.010101420595689447,0.07895420833858081,5.835767809467099e-10,0.07494734245052395,2009-08-05
0.14999999988727425,0.14999999993667218,0.14999999985149412,9.307110957825381e-11,8.919062608752781e-11,0.14999999986740456,1.2875399802487484e-10,0.14999999988935656,7.551536303151647e-11,1.0867081148479253e-10,5.348238405571956e-11,2.7135190814940926e-11,6.260154190523153e-11,6.650549445880532e-11,5.2939414645112716e-11,1.7296159274503248e-10,4.694266635536383e-11,2.2545774424868338e-11,6.430890601788814e-11,0.08258938411579643,1.6328795680602104e-10,7.007129838474394e-10,2.216294362398124e-10,4.548227180577401e-10,1.6101925551665305e-10,3.413800185768277e-9,0.005247265792768229,0.09648429743062314,3.8765014019391165e-11,0.06567904700994806,2009-09-03
0.1499999873256517,0.1499999948127406,0.14999998790481753,5.960476609818348e-9,6.899505852788182e-9,0.14999999170582512,8.109518278908673e-9,0.14999998909111545,5.097963043949582e-9,6.820352751798012e-9,3.4611436618565904e-9,1.840319032168196e-9,4.152893746443466e-9,4.419391125886302e-9,3.4987686263328683e-9,1.1746700460115524e-8,3.2913488752263785e-9,1.6156756629605924e-9,4.69834979144454e-9,0.08222251366316861,1.1106349747270412e-8,4.840762880371371e-8,1.3987620021273028e-8,3.659379480373961e-8,1.0144654370007394e-8,2.0649362702964837e-7,0.012350723080877984,0.0918795993395306,2.519905117416041e-9,0.06354681221028481,2009-10-05
0.1499999987737443,0.14999999923883833,0.14999999812581707,7.823846922055791e-10,7.703250561883014e-10,0.14999999896601002,1.0899370808537938e-9,0.14999999885139564,7.006084952356223e-10,9.522066646128287e-10,4.815452328316019e-10,2.5378041538908716e-10,5.878325589340233e-10,6.154974229713727e-10,4.920173628182619e-10,1.626810985349327e-9,4.3603536611936847e-10,2.0347795783376234e-10,5.92341461277421e-10,0.08298214381463613,1.4061373572940154e-9,9.149078644383431e-9,2.226383407317224e-9,5.077201250111675e-9,1.5289346209064643e-9,6.0491831687817e-8,0.017762208551457555,0.09087656273928324,3.4230701306571653e-10,0.05837900113214318,2009-11-03
0.14999999932595057,0.1499999996202693,0.1499999991606085,4.9503143396532e-10,4.813382301029297e-10,0.14999999926529534,6.760089325245524e-10,0.1499999993574314,4.296051404897714e-10,5.532704040633619e-10,2.937780503714334e-10,1.5115040090695628e-10,3.5147843035868107e-10,3.814181156820392e-10,2.966104844939211e-10,1.0221026169952825e-9,2.5703034592116433e-10,1.1938520440520767e-10,3.6891924971988436e-10,0.08015142624513205,9.149946311462959e-10,4.908583230853526e-9,1.3213414595896942e-9,2.5278497627694783e-9,9.449879602908165e-10,3.3201885719079814e-8,0.021884825603964726,0.08656077323529489,2.1154805793631747e-10,0.06140292827773552,2009-12-03
0.14999999937092168,0.1499999996751372,0.14999999942495235,3.704565203343242e-10,3.5646689435215993e-10,0.1499999993248937,4.911000163660621e-10,0.14999999947497905,3.329369722571748e-10,4.0399543226294567e-10,2.2469506180649453e-10,1.165363405627638e-10,2.727685127169397e-10,2.944965850201024e-10,2.270659696720369e-10,7.62029940011844e-10,1.9937085043452815e-10,9.182468739869049e-11,2.887609994557855e-10,0.07547021524799766,6.802411954203216e-10,3.4762652342888985e-9,9.943614355165335e-10,1.8494649153694964e-9,7.161712665060623e-10,1.7371977558340287e-8,0.032183951345211785,0.08326286240476923,1.6304580847021475e-10,0.059082944047105616,2010-01-05
0.14999999924184876,0.14999999959277308,0.1499999992316019,3.746244644268051e-10,3.7266666425530837e-10,0.14999999930349392,5.093220039517601e-10,0.1499999993775664,3.570954604086411e-10,4.1647772422139225e-10,2.395469910789407e-10,1.2613304474729335e-10,2.9323457653619143e-10,3.1494727088289776e-10,2.420225064881307e-10,7.50380802955794e-10,2.1912757060150227e-10,1.0094288248090249e-10,3.3011282658999596e-10,0.07512260446970437,7.030585838178945e-10,3.6375697339962424e-9,1.0036434017335459e-9,1.8903386014730646e-9,7.250795599070052e-10,2.3058605410041845e-8,0.03080629480327225,0.0844608301999361,1.7274889525202607e-10,0.05961023794212452,2010-02-04
0.14999999939536326,0.1499999996411326,0.14999999929262758,3.708003859529439e-10,3.799872437410606e-10,0.14999999937610642,4.877375425704341e-10,0.1499999994744224,3.382625259335711e-10,4.093014909787061e-10,2.3216376756137084e-10,1.1569821893092233e-10,2.7083877090546454e-10,2.9206256538363347e-10,2.3180037636736433e-10,7.332355844889193e-10,1.9194683364778912e-10,8.954402627292612e-11,3.006487907527054e-10,0.07141712056680923,6.925720318380503e-10,3.1569933842628034e-9,9.383524082605458e-10,1.6590452481352958e-9,7.024235877174184e-10,1.395209176331054e-8,0.03331003473773299,0.0848971323544475,1.7178010710117361e-10,0.060375689444071345,2010-03-08
0.14999999910734596,0.1499999995529367,0.14999999916015597,3.602647738182947e-10,3.77046014104485e-10,0.14999999923196686,5.186009657078313e-10,0.14999999929511298,3.6740522645718345e-10,4.1107573293181346e-10,2.411440630239242e-10,1.3023836861705954e-10,2.9712066480838435e-10,3.172058749901056e-10,2.399330891144763e-10,7.170828756768511e-10,2.197011869750923e-10,1.045981972083701e-10,3.5315199309875195e-10,0.07153610749102239,6.920847060153847e-10,3.2643434485261277e-9,9.720041354530709e-10,2.019377611385332e-9,7.172581008405466e-10,1.670137792458719e-8,0.031509777928413224,0.0891151039697013,1.7119508406908444e-10,0.05783898507113405,2010-04-07
0.14999999943620929,0.14999999970766237,0.14999999944365566,2.84293960059135e-10,2.980406802218436e-10,0.1499999994592931,3.952820525543594e-10,0.1499999995447241,2.7008971078860044e-10,3.1960278390682986e-10,1.856017810195214e-10,9.326086161972847e-11,2.1568071681868495e-10,2.32705368611383e-10,1.8219287994851057e-10,5.541394225521944e-10,1.537267687717947e-10,7.406530555846686e-11,2.473417166358654e-10,0.07148614231385526,5.397086240207827e-10,2.4685231685301136e-9,7.497217627623707e-10,1.3709045407622865e-9,5.595362790132122e-10,8.819906109115582e-9,0.02939944388492324,0.0913240603249479,1.334367292547865e-10,0.057790337736968136,2010-05-06
0.14999999114231927,0.14999999535277378,0.14999999183534346,4.50436341652949e-9,5.058380970607064e-9,0.14999999094453503,5.928654551871669e-9,0.14999999365664024,4.222844531950475e-9,4.805064646089985e-9,2.8984607730001455e-9,1.4666966283185168e-9,3.2624613876990177e-9,3.6301374761396564e-9,2.8223323538552775e-9,8.83665179564933e-9,2.429312027280349e-9,1.1822909592907418e-9,3.933012311076684e-9,0.07547400515401938,8.698817447950069e-9,3.118293705115013e-8,1.0449766754627674e-8,1.9924398176639223e-8,8.465628358351802e-9,7.834332945499451e-8,0.028328798567856167,0.10482712792435818,2.1969885663682e-9,0.0413698911796252,2010-06-07
0.14999999904423184,0.14999999940425834,0.14999999881898118,5.867059718277086e-10,7.135480660356237e-10,0.14999999903478647,7.165298111633007e-10,0.14999999940858574,5.392011484257821e-10,6.29912644433992e-10,3.8313177729632813e-10,1.850413828494188e-10,4.140544842867411e-10,4.663309204884038e-10,3.6652282253601074e-10,1.106101150800604e-9,2.813789220481871e-10,1.4092236461918128e-10,4.852864325678474e-10,0.08015398700832539,1.1179649800720054e-9,5.351406286532336e-9,1.448318938498926e-9,3.0321708014027438e-9,1.1046015421242872e-9,1.009497631706427e-8,0.04427420211192985,0.08778707098826315,2.8562534920281155e-10,0.03778471473090551,2010-07-07
0.14999999974596223,0.14999999977755915,0.14999999955420915,2.4306813140714833e-10,2.7258564400524446e-10,0.14999999971610925,3.0178599976372477e-10,0.14999999969063196,2.328725615976503e-10,2.7169839182915226e-10,1.6390542315607138e-10,7.920949654391442e-11,1.7754957172963522e-10,2.0035787528558989e-10,1.5753336979901392e-10,4.843756324427115e-10,1.2166820879038054e-10,6.020469964287533e-11,2.1263817943422421e-10,0.07713349084374689,4.75101534551149e-10,2.42186193027409e-9,6.421731011266998e-10,1.3008170984868964e-9,4.835907970390894e-10,5.880921815690844e-9,0.05295673687911645,0.08352128523687138,1.223077606948323e-10,0.03638847424956648,2010-08-05
0.14999999962110408,0.14999999977991876,0.1499999996038193,2.4625847775723686e-10,2.569254705529712e-10,0.1499999996004353,3.0682620610018554e-10,0.14999999961286928,2.4062645783502646e-10,2.6444240429736893e-10,1.6271849563886382e-10,8.34999375816743e-11,1.8532485648652274e-10,2.068102681676456e-10,1.5688080601674195e-10,4.966018117803204e-10,1.3517533350626595e-10,6.433796418247273e-11,2.160344055176365e-10,0.08071226258107347,4.876237686303142e-10,2.3989304211172765e-9,6.692175526269592e-10,1.3082654167888881e-9,5.02603269512883e-10,6.976482923931149e-9,0.0536039155287295,0.08087419634574655,1.2257903583191733e-10,0.03480961183813849,2010-09-03
0.14999999956058585,0.14999999980614376,0.14999999966369765,2.260697147771232e-10,2.322790032000402e-10,0.14999999955792892,2.850866200374534e-10,0.14999999962362695,2.22469463724174e-10,2.401835879956576e-10,1.4895076106043806e-10,7.787768134726318e-11,1.7221045038172726e-10,1.918608818176174e-10,1.4383058385547884e-10,4.6306213312697616e-10,1.2872815092216564e-10,6.147383690543023e-11,2.016576915429158e-10,0.08434441323441441,4.6029269902184574e-10,2.1552019383030937e-9,6.190031981112616e-10,1.1483386952318414e-9,4.611456020435331e-10,5.1318973495586714e-9,0.05545893921552604,0.07891152390495536,1.1413904945978738e-10,0.0312851125473621,2010-10-05
0.1499999996282137,0.14999999981074566,0.1499999996518317,2.2094501696785887e-10,2.3328351926695317e-10,0.1499999996286549,2.6614289651202065e-10,0.14999999965989186,2.1275930209471153e-10,2.3275104309929775e-10,1.486191147928456e-10,7.592670142284056e-11,1.6519952024463654e-10,1.8504593838815354e-10,1.3962351252142045e-10,4.3905036109938104e-10,1.2194506842577765e-10,6.018883895408292e-11,1.935158046541574e-10,0.08381017528205283,4.389558779934252e-10,2.019864195656243e-9,6.004337300868916e-10,1.1267686807464864e-9,4.347804207466204e-10,4.297655298903668e-9,0.05428360138115214,0.08704882819311127,1.1360283226731659e-10,0.02485738503728833,2010-11-03
0.1499999989006796,0.14999999943061476,0.14999999898503388,4.562181362109218e-10,5.77761842062776e-10,0.14999999896722188,5.579541309203645e-10,0.14999999924074642,4.1882378433962596e-10,4.715877545688267e-10,3.4645932128885124e-10,1.7393315468507087e-10,3.3399438485224284e-10,3.8156950762932564e-10,3.025213920278769e-10,8.05352849103558e-10,2.5213188691876336e-10,1.4075702010263507e-10,4.104698747248152e-10,0.09317406843762217,8.549915725592055e-10,3.0313150339636835e-9,1.0158033197119623e-9,1.8541253665813735e-9,8.018521735394813e-10,5.811499720997981e-9,0.052325856335477754,0.08903577753830004,2.742065469755016e-10,0.015464282890974786,2010-12-03
0.14999999946123882,0.14999999975715786,0.14999999959244498,1.766371764196998e-10,2.332999539041734e-10,0.1499999993330934,1.8388048472594054e-10,0.14999999954837873,1.2522495981125297e-10,1.9438820791984422e-10,1.4059750279579749e-10,6.49364930911161e-11,1.1262231185525613e-10,1.34901202729673e-10,1.1287268272958455e-10,2.540781834334343e-10,9.308987620178913e-11,5.105476166978961e-11,1.1977167711819097e-10,0.09264338807302229,3.293807808222752e-10,1.3182481783055313e-9,4.19476653248797e-10,8.373782326657544e-10,2.8613259231538796e-10,2.6437353127617755e-9,0.03556800085005232,0.12178842947385364,1.1288788424141838e-10,1.7596616279424086e-7,2011-01-04
0.14999999866926228,0.1499999993998998,0.1499999993925452,1.2500548526024005e-9,3.3451870001657556e-10,0.149999997766252,7.952680094835515e-9,0.1499999965729698,6.285591738271058e-9,7.682717677213519e-10,3.501399479852302e-10,3.583437959548761e-10,1.4476906782899721e-9,1.4815380565856494e-9,7.585399443055967e-10,7.54880135282562e-9,0.018171033395896347,5.676785286493008e-10,1.083952515880342e-9,0.08182855814421146,3.722265373410977e-9,1.8929402142472536e-8,4.054929425627087e-9,3.366209576121559e-9,5.7737843535943264e-9,2.4757331340652932e-8,3.254017591432354e-7,0.14999999866818758,2.929418309561943e-10,1.5043500939171087e-9,2011-02-03
0.14999999929422228,0.14999999966368663,0.1499999996802746,4.917854422567685e-10,1.4853134203853753e-10,0.14999999842862843,1.4256421695353987e-9,0.14999999912702983,0.017037160895665978,3.185136932464621e-10,1.5453968015952885e-10,1.7148689863627084e-10,6.442495187133063e-10,6.543167814672492e-10,2.950413092873208e-10,3.714880517925012e-9,0.003962798216882017,2.5726682451892923e-10,7.542065431368262e-10,0.07900001462251412,1.1943784743005093e-9,9.835316161038614e-9,1.8035054500265642e-9,1.867161197568788e-9,1.1075336730017162e-9,2.3786015075069185e-9,3.4925814405521436e-9,0.14999999847697415,1.2762764256104275e-10,7.569553410416203e-10,2011-03-07
0.14999999702461853,0.14999999835578579,0.14999999682443987,1.7927527381333167e-9,2.089746697427021e-9,0.14999999780500223,2.0420262346088942e-9,0.14999999789991925,1.610598400806369e-9,1.86082139595305e-9,1.2684145684351878e-9,6.394054074585327e-10,1.2793889201341644e-9,1.441175502217161e-9,1.107406135953287e-9,3.3158988921335845e-9,9.749568529192256e-10,4.938278359727678e-10,1.4906408285800668e-9,0.0986495348086223,3.2418958278912287e-9,1.2272170314759364e-8,4.4153750511439715e-9,7.642541898707223e-9,3.439749960330167e-9,2.6487204636986302e-8,0.05728777165541188,0.08560719882389126,9.99584104410867e-10,0.008455426896726804,2011-04-05
0.14999999967853078,0.14999999980424594,0.14999999961823604,1.979776741073872e-10,2.3215092077995404e-10,0.14999999975902803,2.240913850575918e-10,0.14999999975726522,1.8765339637803215e-10,2.048655541855415e-10,1.4191056479016146e-10,7.485433283076904e-11,1.4817673925142675e-10,1.6384158957977943e-10,1.251513477318751e-10,3.6841387424833267e-10,1.1640611554493943e-10,6.117315985371808e-11,1.7162070803395527e-10,0.09930283776051314,3.4727227927598e-10,1.4201790343403618e-9,5.176657504537653e-10,9.273247500689895e-10,3.8479897206620997e-10,3.5996953338857276e-9,0.05694931279126819,0.09040626888234277,1.1299303675586834e-10,0.003341572220353236,2011-05-05
0.1499999994065298,0.14999999964696578,0.1499999993795962,3.8724571577701146e-10,3.912784750151664e-10,0.14999999933980568,4.291722440429839e-10,0.149999999397016,3.386498886220701e-10,3.981029279181936e-10,2.708973179258746e-10,1.4614270197005546e-10,2.8176728328740475e-10,3.174532556823556e-10,2.418750861214887e-10,7.304088413722868e-10,2.1095964948356166e-10,1.1156403795334839e-10,3.071306133706659e-10,0.1010031177503561,6.873740900770025e-10,2.6264322200400587e-9,1.0007022637160163e-9,1.7355493988589536e-9,7.549929698279065e-10,5.561744424481622e-9,0.05713969394300904,0.08910835432578677,2.1955100374334984e-10,0.0027488196619401,2011-06-06
0.149999999191441,0.14999999963716493,0.14999999939688763,4.184407415606756e-10,4.0613812035301624e-10,0.14999999920955873,4.679940039772058e-10,0.14999999932312713,3.721356162197702e-10,4.2150234290494765e-10,2.872173368675552e-10,1.5654598833530395e-10,3.0640556457090225e-10,3.4247101063712233e-10,2.649420821416326e-10,7.937736675197355e-10,2.2992970191561524e-10,1.2126518281010878e-10,3.317819923818808e-10,0.10181104368490734,7.577556971081632e-10,2.6871261399031985e-9,1.0840462158032633e-9,1.8329659056310844e-9,8.326187023751872e-10,5.484907961238869e-9,0.05724701115635284,0.09093938482662806,2.3365967846378035e-10,2.5457403088605987e-6,2011-07-06
0.1499999948332573,0.14999999745547987,0.14999999541084305,2.776075355767082e-9,2.7637690458609743e-9,0.14999999458373678,2.983432864094877e-9,0.14999999537990755,2.4945197642839787e-9,2.7944455928175943e-9,1.9722859034377225e-9,1.0853507623222645e-9,2.0698441225754894e-9,2.2979638098985674e-9,1.7816797695023969e-9,5.217421308735784e-9,1.592216767410848e-9,8.249056501023493e-10,2.300920517018434e-9,0.10073895084285828,5.020816629158477e-9,1.7829551157701604e-8,7.530978995807443e-9,1.2471236085326683e-8,5.687733451631962e-9,3.739309650475345e-8,0.04870025930474428,0.10055759744442473,1.5932173728702149e-9,3.0942632867128267e-6,2011-08-04
0.14999999830653551,0.14999999900759917,0.14999999838486422,8.864942019409907e-10,9.004408578194459e-10,0.14999999852147067,9.982626933167622e-10,0.14999999856801782,8.384783291965329e-10,8.917398981806833e-10,6.384786518338548e-10,3.596655284641879e-10,6.892379067915094e-10,7.688158900817341e-10,5.913972897067021e-10,1.6898819489057058e-9,5.449701174799496e-10,2.731373266107381e-10,7.95927422781917e-10,0.09770058790041787,1.6801326835987949e-9,5.038320246227898e-9,2.378141344761563e-9,3.683513918511712e-9,1.7839282258086025e-9,1.0790422426092598e-8,0.04340501751845807,0.10889412760376395,5.205334913358117e-10,2.374469525553538e-7,2011-09-02
0.14999999928460186,0.14999999964193425,0.14999999944613715,3.1828772860667853e-10,3.201508563529918e-10,0.1499999993256938,3.6736738862019946e-10,0.14999999923746196,2.9793074502269823e-10,3.207421851499169e-10,2.316099053682824e-10,1.2972527264091534e-10,2.420267532422134e-10,2.6943622365027806e-10,2.1577024298139432e-10,5.781236561111817e-10,2.0306880958045022e-10,9.487837725271221e-11,2.732050482388264e-10,0.10296441866908024,6.24318576274771e-10,1.584904262606984e-9,8.591414539567706e-10,1.169700262771994e-9,6.718639282865149e-10,2.4299087006537907e-9,0.04390804719941358,0.10312751189694536,1.8937073839747343e-10,1.3907201151348371e-8,2011-10-04
0.14999999932266456,0.14999999972975125,0.14999999956607898,2.3527234514828123e-10,2.2934734182302666e-10,0.14999999945577375,2.620889679574032e-10,0.14999999940336375,2.048838592874743e-10,2.217452430967222e-10,1.643238846757247e-10,9.168446164634784e-11,1.6654845683684596e-10,1.8930092460956283e-10,1.5319833292102698e-10,3.991770425845677e-10,1.402413658216012e-10,6.388248588214915e-11,1.815382776221845e-10,0.1054810525737615,4.5200430883357877e-10,1.0632045669571161e-9,6.107416059125547e-10,7.635941304380929e-10,4.6412042145381677e-10,1.3627937079303172e-9,0.04703498223818539,0.09748395582963065,1.373174893176283e-10,4.323781000062127e-9,2011-11-02
0.14999999957836133,0.14999999980437864,0.14999999967451821,1.6903728042320064e-10,1.6430223409633028e-10,0.14999999960603683,1.8582483477006335e-10,0.14999999953834614,1.4289601284091064e-10,1.5923379100405101e-10,1.1678983080186714e-10,6.680919529003893e-11,1.1776600654044296e-10,1.3347830283795136e-10,1.0992509890093655e-10,2.756933030467022e-10,9.929899339547473e-11,4.5972210631675505e-11,1.277791134311505e-10,0.10663118388341368,3.1519907559513207e-10,7.163984564585346e-10,4.3002702553240053e-10,5.024328298471704e-10,3.2746244405787226e-10,8.230256057774561e-10,0.05098437274112839,0.09238443752789237,9.780764318479388e-11,2.5187651868779526e-9,2011-12-02
0.1499999995687976,0.14999999983314463,0.1499999997318221,1.3687555188945922e-10,1.3182440183193376e-10,0.14999999964619243,1.5620264832907074e-10,0.14999999958026722,1.1632983927457321e-10,1.2887330102810801e-10,9.416012461751628e-11,5.4758958396810495e-11,9.502144085610699e-11,1.068217497562737e-10,8.931331949945827e-11,2.2178466677553006e-10,8.019451971746846e-11,3.770003119180039e-11,1.0361521689930657e-10,0.1046859035649607,2.560271417744286e-10,5.442235587432166e-10,3.388553696633488e-10,3.862440732765596e-10,2.6012075260173336e-10,6.004456165818339e-10,0.05263870836769973,0.0926753841357844,7.888055342900595e-11,1.5530588351519331e-9,2012-01-04
0.1499999995723315,0.14999999985498266,0.14999999976291106,1.2244657751737656e-10,1.1767272859426143e-10,0.14999999968585814,1.4153256043875834e-10,0.1499999996201299,1.0405448517152592e-10,1.1385464023750155e-10,8.310514540866369e-11,4.889062286238324e-11,8.497378879421423e-11,9.565960021979605e-11,7.995292942820017e-11,1.9859745863133124e-10,7.167913261610261e-11,3.3627665544982706e-11,9.034028059500111e-11,0.10328277260781427,2.3428136790368175e-10,5.126825887742053e-10,3.079254864565569e-10,3.472248708127396e-10,2.3281979836301008e-10,5.405771627630866e-10,0.05169538427829277,0.09502183965280302,7.027627818249622e-11,1.332701822369783e-9,2012-02-03
0.14999999968369623,0.1499999998743846,0.14999999978462802,1.0768871613803584e-10,1.0443454247027418e-10,0.14999999971107802,1.212619476939644e-10,0.14999999966845917,8.983641821767364e-11,1.0097690256285532e-10,7.321496185749453e-11,4.4093071173755493e-11,7.350983496239469e-11,8.347367156220074e-11,7.005634018833358e-11,1.743712757671661e-10,6.231202156573984e-11,2.987639766255334e-11,7.992314783904482e-11,0.10125226495492547,2.03855849870438e-10,4.429225090652339e-10,2.6627678395889144e-10,3.0537223488001066e-10,2.039034437350936e-10,4.656952705338269e-10,0.053057066768177244,0.09569066520016734,6.197432587424843e-11,1.1894543621555184e-9,2012-03-06
0.14999999960832325,0.14999999986318058,0.14999999976760134,1.1552942335603197e-10,1.1080010072470015e-10,0.14999999970545136,1.310830479287556e-10,0.14999999962218305,9.898030400083409e-11,1.0758187208962093e-10,7.889941244989149e-11,4.9524690532013664e-11,8.041688668829028e-11,9.072061916788768e-11,7.588575805973477e-11,1.8766773349834063e-10,7.04678526287673e-11,3.337004306282307e-11,8.584757056958425e-11,0.09988637742945235,2.2293850925121658e-10,4.853649021439211e-10,2.9161521419864723e-10,3.245347303453465e-10,2.1980501195354122e-10,5.092386436922031e-10,0.05363095861408454,0.09648266082959207,6.651953596146226e-11,1.1233397899965544e-9,2012-04-04
0.14999999959745924,0.14999999985699664,0.14999999976604808,1.1604985924753298e-10,1.1101114137321145e-10,0.14999999970254685,1.3150793045147712e-10,0.14999999961700414,9.969350606455369e-11,1.0695216808625403e-10,7.870751487826857e-11,5.127676584196104e-11,8.121578899277694e-11,9.138131089535775e-11,7.686608048017314e-11,1.8719531099589356e-10,7.261936112535307e-11,3.491614659628841e-11,8.904605827284347e-11,0.09955239394587406,2.243033080489423e-10,4.860408277932106e-10,2.8775712503230545e-10,3.232596521479783e-10,2.1957970549561094e-10,5.077320182233827e-10,0.05347817502543405,0.09696942797624312,6.66861025164953e-11,1.0685961270850126e-9,2012-05-04
0.14999999954122725,0.1499999998200465,0.14999999971776098,1.3645820391021604e-10,1.3095133636179253e-10,0.14999999964770475,1.536526218008565e-10,0.14999999954276627,1.1773579629573697e-10,1.259428961700758e-10,9.259359381044266e-11,6.184591182329768e-11,9.703663177333976e-11,1.1002275599721636e-10,9.222964127038455e-11,2.1972727080808715e-10,8.681292073123465e-11,4.1487805637096954e-11,1.075256934299897e-10,0.10190742077818618,2.6130477495106667e-10,5.630677181996669e-10,3.3697188022680406e-10,3.752238479803296e-10,2.597225203476531e-10,5.870622866128535e-10,0.04914326388499699,0.0989493118385057,7.989288520572517e-11,1.191536467564706e-9,2012-06-05
0.14999999953404208,0.14999999986992993,0.1499999997993687,1.1106132261766455e-10,9.483778602771362e-11,0.1499999997130686,1.415970227733611e-10,0.14999999964661073,1.0441906799317244e-10,1.0223299578714602e-10,7.307547688753513e-11,4.357978894768738e-11,8.223625154547625e-11,9.01474209113345e-11,7.236289556938447e-11,1.78260635005036e-10,7.43272605698444e-11,3.788337217576779e-11,8.75075201896171e-11,0.10925694103781658,2.1174450508399843e-10,4.5706502634595874e-10,2.781924768827722e-10,2.9919284048162194e-10,2.1657870048722718e-10,4.6518515909726266e-10,0.05262315240100888,0.08811990382877043,5.861608835872772e-11,8.892806664205278e-10,2012-07-05
0.14999999939960404,0.14999999977372375,0.1499999996386144,1.6281882324810076e-10,1.4934844390971612e-10,0.14999999957460103,2.1011464464054264e-10,0.14999999947895537,1.446502401519934e-10,1.50923620194264e-10,1.0758892530210849e-10,6.784720759083229e-11,1.148164624107561e-10,1.290224468891148e-10,1.0959393406350542e-10,2.4820656992404733e-10,1.0234755699143514e-10,5.1240028684705213e-11,1.216957047748751e-10,0.11930064229549753,2.9335813046851293e-10,5.872944393799013e-10,3.7603302026948697e-10,4.1139069483756645e-10,3.054768138424121e-10,6.026018068111854e-10,0.04235188513049567,0.0883474691297562,9.12854300371167e-11,1.0410974129460038e-9,2012-08-03
0.14999999939465056,0.14999999976203934,0.149999999609678,1.6448846780477986e-10,1.424412826450614e-10,0.1499999995376778,2.023841009017867e-10,0.14999999943890244,1.351226478072618e-10,1.4744780284923633e-10,1.0662028873682375e-10,6.892999429048076e-11,1.0882614271049728e-10,1.2293966857907803e-10,1.0970595572685542e-10,2.2722348451997503e-10,9.55089146452776e-11,4.942623493685212e-11,1.075156419330838e-10,0.12850136707378082,2.5245286153125236e-10,4.998973217800371e-10,3.492455193662654e-10,3.6400215044511126e-10,2.898240910275936e-10,5.186778152149551e-10,0.047940805210459514,0.07355782487820255,9.230218899052738e-11,9.396277844627776e-10,2012-09-04
0.14999999949846646,0.1499999998014777,0.1499999996552349,1.4178685273908515e-10,1.1622862991067817e-10,0.14999999959289717,1.7239569474589422e-10,0.14999999951168672,1.1134453898269696e-10,1.256282163708697e-10,9.007903690342246e-11,5.953302519241046e-11,9.100434749434823e-11,1.0176411480664977e-10,9.334133257716838e-11,1.8822172452209984e-10,8.118485696500526e-11,4.3331526339067126e-11,8.450199818171392e-11,0.1298113459463084,1.9962711342607463e-10,4.107622430859291e-10,3.0042663639495684e-10,3.0285997067006763e-10,2.4961450757575015e-10,4.236119740089486e-10,0.05865145846527008,0.06153719323822658,7.759818990838158e-11,8.255868767952675e-10,2012-10-03
0.1499999995011301,0.14999999979556278,0.14999999961570126,1.4560220505243471e-10,1.1916433761099158e-10,0.14999999958702334,1.688823525375866e-10,0.14999999952220844,1.0897179139974863e-10,1.2481988505876502e-10,9.026474380599892e-11,6.340321130753588e-11,9.100879093384934e-11,1.0282759976074481e-10,9.633329642513016e-11,1.9179543155282634e-10,8.150118529361183e-11,4.347947266279571e-11,8.381349265486265e-11,0.12934133645311882,1.951771143845713e-10,4.091766252930852e-10,3.001504970687296e-10,3.0671968153439943e-10,2.51633220549511e-10,4.261016888822861e-10,0.05954494492783707,0.06111371628519691,8.015927347436944e-11,8.31236824690414e-10,2012-11-05
0.14999999943225215,0.14999999980730733,0.14999999961059404,1.3753626851215096e-10,1.1115181235580645e-10,0.14999999954761997,1.612399020036355e-10,0.14999999944658973,1.0210936855638207e-10,1.178722762971082e-10,8.523937274200786e-11,5.810157322447019e-11,8.575354466299842e-11,9.609969819817654e-11,8.984063795537553e-11,1.7968551466485395e-10,7.777755838792024e-11,4.088328819829866e-11,7.801486123028158e-11,0.1314376291866508,1.8008283996854273e-10,3.848165106328815e-10,2.8125168961294267e-10,2.88212925238056e-10,2.4111827925089053e-10,3.9732797821380155e-10,0.06325807026948288,0.0553042987223686,7.376182930924816e-11,7.092582653580079e-10,2012-12-05
0.1499999995973919,0.14999999988999568,0.14999999976683195,8.471037909710483e-11,6.755506867879826e-11,0.14999999967691965,9.943421424829242e-11,0.14999999960568283,6.596476540336365e-11,7.207595736886712e-11,5.344360840084603e-11,3.396289091290746e-11,5.4370282063105005e-11,6.095396158133287e-11,5.453826040746431e-11,1.1373914744377969e-10,5.0912180567650085e-11,2.7075072663189497e-11,5.124098527296417e-11,0.12879975728386908,1.1861037548613116e-10,2.501766031177845e-10,1.7885601812072316e-10,1.8613450003435573e-10,1.5390890226549046e-10,2.621587903500523e-10,0.07401380471671096,0.04718643690457795,4.544273550752477e-11,4.727554626431089e-10,2013-01-07
0.14999999967787728,0.14999999990859372,0.1499999997845211,7.515537443474145e-11,6.090044394886558e-11,0.1499999997275172,8.530856751368045e-11,0.14999999968077424,5.80752927407753e-11,6.332221580429967e-11,4.742072362989747e-11,2.9974988386661814e-11,4.821087987832634e-11,5.4298104238281357e-11,4.889930153951732e-11,1.0460847922388964e-10,4.583762034216371e-11,2.4574904334023725e-11,4.542386241765331e-11,0.12624995547676635,1.0130752803036022e-10,2.4688272436824393e-10,1.6761148000940122e-10,1.7730169897715992e-10,1.3763270996654082e-10,2.4959701838213073e-10,0.07711091774683741,0.0466391255761981,4.0245454779918165e-11,5.083254934144998e-10,2013-02-06
0.14999999908875353,0.1499999997181245,0.14999999916736706,2.1952841778720215e-10,1.9031335297822654e-10,0.14999999909595363,2.354173048026904e-10,0.14999999902704966,1.5875036293953292e-10,1.8276289021398232e-10,1.3704452773240764e-10,9.121188910989216e-11,1.321771209237981e-10,1.5057594133099093e-10,1.460709466645815e-10,2.8477058203123545e-10,1.2470569899815033e-10,7.475363139041679e-11,1.180486443752519e-10,0.13561141139789612,2.5860467864607566e-10,6.455164498806451e-10,4.781392642157662e-10,4.88546845213813e-10,3.891991472377166e-10,6.369440218967585e-10,0.06009994620751264,0.05428863966598145,1.235416155972615e-10,1.3647383526777343e-9,2013-03-08
0.14999999734710245,0.1499999990370338,0.14999999694100208,7.415696843097069e-10,7.064968614938387e-10,0.14999999753042925,7.522505333791013e-10,0.14999999690077506,5.869163231445407e-10,5.886609053696938e-10,4.739433695493731e-10,3.8312823440958267e-10,4.808378604932151e-10,5.540642213875882e-10,5.19580069980177e-10,1.0440159979878532e-9,5.020819118488124e-10,3.029992094688383e-10,5.200686746875609e-10,0.1309373412104695,9.655444551038325e-10,2.1329784024804215e-9,1.7195011390208978e-9,1.715976478073706e-9,1.2550344203615935e-9,2.1489891023473845e-9,0.06461091816435549,0.0544517286894196,4.4626873952242823e-10,5.638506799286513e-9,2013-04-09
0.14999997511284158,0.14999999275734152,0.1499999781653883,5.2278462096455616e-9,4.253313216088522e-9,0.14999997207034124,6.259050162299221e-9,0.14999997067330423,4.400941403876183e-9,4.321379465705908e-9,3.4875006672370498e-9,2.3146187268986695e-9,3.5182171123011813e-9,3.8530095364291686e-9,3.5929447545812113e-9,6.900018471075876e-9,3.4613951553983752e-9,1.977551471254983e-9,3.3884062000605235e-9,0.12131956082329651,7.1265914477021844e-9,1.5348020808494274e-8,1.185394851727734e-8,1.138467495025555e-8,1.0014942691694217e-8,1.5869200248199707e-8,0.08157950352055177,0.04710089174355409,2.9560420423396664e-9,2.3623767150492114e-8,2013-05-08
0.14999997764015705,0.14999999288704605,0.14999998164070338,4.649023917211633e-9,3.781979013563655e-9,0.14999997279759933,5.8278440141046694e-9,0.14999997076978913,4.024603228285542e-9,3.927605551314373e-9,3.158309311989927e-9,2.048140321068985e-9,3.241369078849353e-9,3.5192659535884314e-9,3.2446528122693376e-9,6.300194990552812e-9,3.1707871252501893e-9,1.865654787757411e-9,3.093852473748101e-9,0.11844735706690378,6.472471463483518e-9,1.4181509232276731e-8,1.081399357164144e-8,1.0265212070481381e-8,8.996667357340227e-9,1.445868447577933e-8,0.07920176049887863,0.052350845996689564,2.6454590445324327e-9,2.1014953412563694e-8,2013-06-07
0.1499999714335766,0.1499999906371406,0.14999997591630676,5.531740377206569e-9,4.682870853653552e-9,0.14999996501353924,6.56458415461173e-9,0.14999996726478665,4.9216524125622755e-9,4.617609568157948e-9,3.806239434448645e-9,2.5837690021733403e-9,3.946384582910538e-9,4.326189471614535e-9,3.8741911671582176e-9,7.4045497993326096e-9,3.918332700530424e-9,2.464094469147607e-9,3.840210864741524e-9,0.11481993868883338,7.678636414338058e-9,1.7292304008111123e-8,1.3813069731652639e-8,1.2287274082368411e-8,1.089316539439646e-8,1.7128687898619325e-8,0.0816863128982762,0.05349370631612047,3.1940116380959048e-9,2.7061852000329933e-8,2013-07-09
0.14999999343295312,0.14999999745204515,0.14999999217896304,1.5785945404261498e-9,1.680260043580677e-9,0.14999999300038028,1.874824560387393e-9,0.14999999065000041,1.6875999402265197e-9,1.3724882306730662e-9,1.2820196215349462e-9,9.922334033488776e-10,1.3514397049403568e-9,1.52040007919e-9,1.224270462831772e-9,2.4416148693836055e-9,1.5163854035710272e-9,1.0118976337465568e-9,1.607806657314621e-9,0.09411917036721092,2.6443949403393e-9,6.62166519970385e-9,5.281110615297085e-9,3.9398103512938254e-9,3.295907414315073e-9,5.3662834620580815e-9,0.08656435007353203,0.06931645170905039,1.122385385756976e-9,1.1722472185161719e-8,2013-08-07
0.14999999974821698,0.1499999999001237,0.14999999972116493,6.295792692314323e-11,6.672694713524647e-11,0.14999999976037387,5.756707938884244e-11,0.14999999960198354,6.693628320531812e-11,4.876833722625247e-11,5.134202736966872e-11,3.9776623524545166e-11,5.41040968179796e-11,5.974100029772546e-11,4.777966422188887e-11,9.80943690904474e-11,6.070962969732917e-11,4.011996560645215e-11,6.013443105818488e-11,0.07402247033435287,8.89564533778023e-11,2.988123323541104e-10,2.251625148921166e-10,1.744491513802559e-10,1.655493950606669e-10,2.3922006134501024e-10,0.10391224528441431,0.07206528305091385,4.675135284664027e-11,5.447964123896676e-10,2013-09-06
0.14999999658332192,0.14999999872615552,0.14999999713776252,7.969921324460501e-10,8.240921204110941e-10,0.14999999862617053,9.618733518472427e-10,0.14999999497148334,8.286733400410447e-10,6.848533464660742e-10,6.124575603416437e-10,4.199157090106346e-10,6.515893766192517e-10,7.298935998211742e-10,6.176751480625992e-10,1.3270373568965412e-9,6.601995321953983e-10,4.014467645034978e-10,7.707597246490456e-10,0.015435352018185569,1.4839671926674576e-9,3.2586663019805884e-9,2.313983083083551e-9,2.2876084527528344e-9,1.837356138291226e-9,3.0019094451391524e-9,0.09978349798478764,0.13478113438109002,5.556776838057033e-10,4.54441060995817e-9,2013-10-07
0.1413930556090472,0.1499999983812491,0.14999999918795637,0.027744572782224454,7.439994289499234e-10,2.5291559388936526e-9,5.121529017058777e-7,0.14999999747983267,1.7701808267282878e-9,2.23186380991655e-9,5.629366770946993e-10,2.5938836532674345e-10,1.020611925708863e-9,9.143463639958977e-10,1.7460202453326034e-9,5.50919743130649e-8,4.880611744784745e-10,2.1691751851653682e-10,5.905162970930946e-10,2.420736053153716e-9,0.06887322360952962,4.4588570176868895e-9,2.0507261369750565e-9,3.397161979346781e-9,2.34851352853522e-9,0.011988560449467474,0.14999999801181788,0.14999999825289193,4.231054531194636e-10,8.18008370816874e-10,2013-11-05
0.0024174635312486157,0.14999999956674007,0.14999999974420092,3.4814057934599116e-9,2.3919051992681914e-10,5.2452560254906605e-9,6.89880688721816e-9,0.1499999984766492,3.662177128671896e-10,3.3864685557098733e-10,1.5413307470314565e-10,7.421648249876723e-11,2.4212821707365487e-10,2.5222380404182446e-10,4.025096472271709e-10,1.9977111599625857e-9,1.7832743600526246e-10,4.7579325208076996e-11,2.2158599702201744e-10,2.9784319634955404e-9,0.12886739955522616,1.1825208632562193e-9,5.147410555109754e-10,8.278285001298289e-10,3.595930710269525e-10,0.118715114710076,0.14999999884060358,0.14999999923033464,1.1281368873932238e-10,2.2904988020291568e-10,2013-12-05
0.05592679426560399,0.14999999560882687,0.14999999905595027,0.04407268398896435,1.1908230022737048e-9,3.955016587470348e-9,1.860211262324965e-7,0.14999998940101666,2.7513031190720486e-9,2.8075210909848627e-9,6.311581644313457e-10,4.1423278815288976e-10,1.3364484873877317e-9,1.071547968570717e-9,1.990176270258297e-9,1.838426099825868e-8,7.635922940755497e-10,3.2680664429573416e-10,8.737761109805826e-10,3.0382181229712987e-9,3.273471801114078e-7,6.731525686203188e-9,2.781419172692578e-9,2.9552260656585223e-9,1.5220595090669507e-9,0.14999998293745617,0.14999999167278483,0.1499999946078503,6.287350937962199e-10,9.393931368029307e-10,2014-01-07
1.0733430158651192e-8,0.14999999525896207,0.14999999935979166,0.05638059102262987,8.632317508009471e-10,1.4107808752436862e-9,0.047671615571098815,0.1499999708753305,2.427556289448794e-9,1.731492420126038e-9,3.7305128632452213e-10,2.1917307639543987e-10,7.281174216478829e-10,5.928394593292167e-10,1.45209113939022e-9,4.921216378599067e-9,3.420721754374946e-10,1.8188294796346976e-10,4.5071594423019243e-10,1.117044764280677e-9,0.13371349835504853,3.4569687161457784e-9,1.2732415210669306e-9,2.945065032264253e-9,8.892128603453279e-10,0.012238036346533936,0.1499984130940323,0.14999784308147485,3.744649445567144e-10,5.514485061569172e-10,2014-02-06
2.375944376123644e-9,0.14999999949766435,0.1499999998005973,0.10892286013154548,2.2888849296747836e-10,2.9057572885230494e-9,3.2856211927827967e-9,0.14999991131940904,4.148036585140758e-10,5.509269443530938e-10,1.1668666225517127e-10,6.898402298243819e-11,1.8652290112104988e-10,1.8164004907511426e-10,2.8290821335075925e-10,5.783643860477691e-10,1.0752479984260947e-10,5.5686986955576417e-11,1.4384329918459258e-10,9.442664208780666e-10,0.1410772379854986,8.356125866017838e-10,3.648863475416893e-10,9.189952991414346e-10,3.5636205651693773e-10,8.31020943706378e-10,0.14999998244567625,0.14999999271784922,1.2897510347703118e-10,2.375377303408494e-10,2014-03-10
0.03186075517989287,0.14999999979698123,0.1499999998774468,0.09798341890310892,1.8904951437030301e-10,0.02657857953910445,0.015141273314174572,0.14999999966250724,2.540383834346194e-10,0.03103258723896774,6.54117287825844e-11,4.025194987315072e-11,1.079977229435292e-10,1.1092410291863335e-10,2.7281621029239104e-10,3.772161893767479e-9,4.555387268821053e-11,2.779742571883022e-11,8.127877391434168e-11,0.007075473062189372,0.12305524815990149,5.046181886815055e-10,1.798870999521897e-10,2.1656478026209995e-9,3.5039254242730827e-10,1.6035125831290891e-9,0.06727266076905804,0.1499999944447108,8.316860448741396e-11,1.974480564290451e-10,2014-04-08
0.0301127470171228,0.14999999891682228,0.14999999953113993,0.10523905790624435,1.1338857936248316e-9,0.04355689183421015,3.2722336129864445e-7,0.14999999684586038,1.0286232677695077e-9,9.38392226204199e-8,3.222393556670503e-10,1.749712981938527e-10,5.981939321341112e-10,5.60313657287731e-10,9.38039945396023e-10,5.493362581965742e-8,2.0734514568209264e-10,1.2942344656122102e-10,3.972824150547519e-10,0.017678980627787666,0.1499999894229591,1.4463807221359435e-9,8.224405232656072e-10,5.804779837168367e-9,1.6941280080212688e-9,0.05341183184751409,1.6996528310327406e-8,0.14999999662598462,4.0732123550433193e-10,7.662480356588976e-10,2014-05-08
0.02677122287747438,0.1499999992927939,0.1499999994934238,0.027827155049167503,5.306378001470947e-10,0.09213240219483809,6.663003047151051e-8,0.14999999794030403,1.1249094620845752e-9,2.0814510461126056e-9,2.697836487936636e-10,1.5289087672484407e-10,5.046836350554638e-10,4.190511307364e-10,5.189042396989013e-10,0.015059008526504401,1.9154471211131897e-10,1.0972034788320187e-10,4.064794538444343e-10,0.0882097376044043,0.14999999591217156,1.3655904511555707e-9,8.420518456784457e-10,2.8155945910929146e-9,2.1366409739875203e-9,2.098713310604953e-8,3.817856587628418e-7,0.14999999724313426,3.13822643668473e-10,6.792042138971245e-10,2014-06-09
0.025009037780396155,0.1499999974166857,0.14999999889368162,0.05939380704469337,2.170523409451413e-9,2.2382902708523836e-7,1.7650645985515482e-8,0.14999999550905257,4.033059048571427e-9,3.105411413714299e-8,9.211594775745114e-10,4.153650157642042e-10,1.881783654307571e-9,1.448114001892525e-9,1.955344433183838e-9,1.77309009076501e-8,5.015985546301952e-10,3.1242284049594754e-10,1.171549003598951e-9,0.08317830982294498,0.14999999794201274,3.1545487592083645e-9,2.760454170763311e-9,1.1616707185782812e-8,1.8414137951701325e-7,0.00497688154435012,0.07744146984872659,0.14999999413348827,1.0066553894710983e-9,2.308615481652643e-9,2014-07-09
1.0792173915259482e-6,0.14999998456720562,0.14999999229490243,0.06997298341885407,1.2733590848457103e-8,5.657523937314883e-7,4.0031453093819075e-8,0.14999996430776888,1.8025705591772558e-8,0.03276186593826988,4.343913526784201e-9,2.161195576503212e-9,9.446927584833343e-9,7.1978538701838454e-9,8.864547068155336e-9,1.2021603089688748e-7,3.1737632670674382e-9,1.5232187328022976e-9,7.701614643667127e-9,0.06643555136014713,0.14999998287872313,1.3738893407775877e-8,1.2202186684893558e-8,2.4944672412814776e-8,1.0620306705151524e-7,8.680790088792238e-8,0.0808275574348591,0.14999997635120335,4.960730559474739e-9,1.2201015639456505e-8,2014-08-07
0.04751702362262505,0.14999999669091893,0.14999999548576234,3.487641666119424e-9,2.002495977926896e-9,0.07072678670162008,4.708057152334248e-9,0.14999963592802337,2.166925032067284e-9,1.9412523420693265e-9,1.175808354565196e-9,9.00134073400266e-10,1.6958508171356169e-9,1.6972959744193056e-9,1.6573758662671208e-9,3.631995361729909e-9,1.2865312870068588e-9,7.399985366271406e-10,1.8814695331851312e-9,0.10908152274310769,0.14999885953522207,4.149694718353976e-9,3.6482065901076452e-9,2.9286213661877076e-9,4.532839518709538e-9,5.147845743559622e-9,0.022676247520589388,0.14999987824922587,1.462624053993985e-9,2.680241191392492e-9,2014-09-08
0.04706171629338231,0.1499999986992423,0.1499999982805097,7.877327295045778e-10,5.650720600673542e-10,0.07618273744054513,1.2150926577843058e-9,0.14999988804542944,6.148912737590564e-10,6.935400426210701e-10,3.0651976123237644e-10,2.2023761891973728e-10,4.5049696006456217e-10,4.382546668041791e-10,4.4566341731207983e-10,8.568314754634005e-10,2.8339147626706885e-10,1.562963479210175e-10,4.993215230014575e-10,0.12958911158778785,0.14716655596082362,1.2042266997846738e-9,9.33911418057273e-10,8.185058396254662e-10,1.2774023797774423e-9,1.3917672413711112e-9,1.5802325445329275e-8,0.1499999635142857,3.8604403791799307e-10,8.3046025383768e-10,2014-10-07
0.14999992446088464,0.14999999819992485,0.1499999979689428,7.461524418816493e-10,5.175759966360062e-10,0.10271895596933574,1.0257540249356277e-9,0.14999708251384078,5.999769676106832e-10,6.675534394016044e-10,3.138805799474103e-10,2.1745401230097858e-10,4.2756607958862836e-10,4.1552965569396594e-10,4.385886688395003e-10,7.949971968444397e-10,2.6367101571928685e-10,1.5571114306849378e-10,4.264379315338007e-10,0.14999995690527107,1.5561789599005078e-7,1.0677503838218435e-9,8.947970151165568e-10,7.242604176842953e-10,1.3115477200329057e-9,1.188834157099694e-9,0.012998518951001826,0.13428539611768597,3.886642927891613e-10,7.085129663915289e-10,2014-11-05
0.14999994176998954,0.1499999967543222,0.14999999531580388,1.1053705266071055e-9,8.848412091985016e-10,0.14999989258712532,1.4794997281028209e-9,0.1394191209438586,9.132954908109731e-10,8.478891102100418e-10,5.374117300307409e-10,4.0961297679078865e-10,6.815198200136868e-10,6.969093785151033e-10,6.836174288276224e-10,1.2469428399400595e-9,4.810760145840334e-10,3.1261840666750087e-10,6.968956404349038e-10,0.14999998436238507,1.0344243537125457e-8,1.7192678624345242e-9,1.8110859825913315e-9,1.2597945271472197e-9,1.966610376243889e-9,1.7531453668831147e-9,0.0009354768690941486,0.1096455594757259,7.122142676281074e-10,1.3778332560035898e-9,2014-12-05
0.1499996968986739,0.1499999908661062,0.14999999622754456,3.963272835791685e-9,3.1740672878322124e-9,0.015583084773992872,7.504965890855534e-9,0.14999995905370925,3.278873964757292e-9,6.355628862432967e-9,1.8386447423803752e-9,1.1812175762109873e-9,2.3312668698562247e-9,2.304553427303523e-9,2.3050656365453925e-9,5.125566223415774e-9,1.2184860345284206e-9,8.241593991602147e-10,2.024369178332411e-9,0.14999969203651184,0.01019447580996451,4.826475880604135e-9,6.621005110316245e-9,4.902552970511586e-9,1.2968737926983316e-8,8.697950144122916e-9,0.07422304554420378,0.14999997043606897,2.3193561385011218e-9,4.587007914559057e-9,2015-01-07
0.14999996809214086,0.14999997861497422,0.14999992872747775,7.700708721194017e-9,1.0597694984274911e-8,0.14999998458691188,9.024713606739702e-9,0.0738438966760531,8.548710705902908e-9,4.762444729832325e-9,5.556345699774472e-9,6.09331335761409e-9,7.0105946849378655e-9,7.668947967853118e-9,6.2355367886379935e-9,1.0947054253071739e-8,1.6863979714611335e-8,9.388960926481876e-9,1.552391722772519e-8,0.14999996858483114,8.206755069809815e-8,3.321672430259857e-8,2.5949302518296545e-8,1.515218933903299e-8,1.2310154607292995e-8,1.5962096432906153e-8,0.13476438697535695,0.041391548120204215,8.420777395362738e-9,2.062033165392852e-8,2015-02-06
0.1368273748903091,0.149999991765165,0.14999999093252497,3.4554471507858646e-9,2.6884034558679835e-9,0.08037145419218322,4.305833527197735e-9,0.11266194369602926,3.2580731066319953e-9,3.322517897018485e-9,1.7269763886954222e-9,1.276091775750607e-9,2.2409469140510673e-9,2.1458338182716705e-9,2.0046515335223754e-9,4.625507220671342e-9,1.5946842687149837e-9,9.267755172856092e-10,2.378120210281461e-9,0.14999992786168487,7.08151780075569e-7,4.764620467837264e-9,5.975851486624131e-9,4.786243533235378e-9,6.4845220085195265e-9,6.149103147615641e-9,0.1499393025972651,0.0701992358124502,2.219711619533098e-9,3.770693434384773e-9,2015-03-10
0.14999999876943312,0.14999999965848285,0.149999998550327,1.4560275661257388e-10,2.118863307369222e-10,0.14999999949964293,1.6087140573399622e-10,0.08392146122806983,1.6362901564950818e-10,7.99671488219168e-11,1.0657420585061493e-10,1.3744185729020468e-10,1.4245603927179706e-10,1.6118774199699303e-10,1.2428215230365075e-10,2.170043174302243e-10,4.571524262294879e-10,2.445604278068315e-10,3.487295496559306e-10,0.14999999944034384,2.1330730270169162e-9,6.842343110019077e-10,5.953844839158687e-10,2.8905594715962683e-10,2.1240844497889135e-10,3.4282852269773456e-10,0.1401835275933733,0.025895007648325648,1.66347676130451e-10,4.873238142070761e-10,2015-04-09
0.14999995359447288,0.14999997965684844,0.14999992234262288,7.674667981951377e-9,9.07285396512747e-9,0.14999996123282672,8.55841247367409e-9,0.08418618577285708,8.312313746126545e-9,4.942047380299518e-9,4.950133852894249e-9,5.07404918169313e-9,6.639500650374745e-9,7.029208066220062e-9,5.704052685099794e-9,1.0929471934636014e-8,1.2725491994637249e-8,6.3872287947901995e-9,1.20600228858339e-8,0.14999996638380805,9.581003226598074e-8,2.405882469493731e-8,2.37506114402628e-8,1.3471542430755777e-8,1.1753234803509363e-8,1.645498043907538e-8,0.13807814972847088,0.027735561581875744,7.143515797603877e-9,1.7204019761598695e-8,2015-05-08
0.14999998696835135,0.14999999198895944,0.14999997568260384,3.308849519793586e-9,4.169473501762679e-9,0.14999998856811467,3.5756607538582143e-9,0.07438874389040531,3.5808438514745522e-9,1.896054243439975e-9,2.248482967805339e-9,2.3627842508246615e-9,3.0239171188713547e-9,3.2483487407167462e-9,2.5862349984207757e-9,4.820810725732542e-9,5.925162993311116e-9,3.2720720794605658e-9,5.814140940049682e-9,0.1499999898196618,1.303225531144443e-7,1.0792977035593096e-8,1.113929408740314e-8,5.966795657663387e-9,4.967088217282665e-9,7.3661009556775455e-9,0.1465468553678883,0.029064235478955865,3.339577747468684e-9,8.507835984836047e-9,2015-06-09
0.14999963740206973,0.14999999847423345,0.14999999800321379,3.307243065064903e-10,2.926744096385605e-10,0.10856313353217668,4.1497635541696546e-10,0.14310975615775476,3.0310847895543307e-10,2.472328122180544e-10,1.767705323302452e-10,1.405129221900088e-10,2.4271288071693986e-10,2.2680098392811786e-10,2.1426254512793817e-10,4.0155845386197655e-10,2.2068147407561617e-10,1.210402458960204e-10,2.6154587706405874e-10,0.1499999878800193,1.9703279204355234e-9,5.956073645791518e-10,7.160884567849837e-10,3.885003650897228e-10,4.198983425697518e-10,4.802826103432293e-10,0.10477357926228381,0.04355390049032584,2.3073211580952005e-10,4.018832234710441e-10,2015-07-09
0.14999712297633302,0.14999999310414724,0.14999998588922953,1.3763676425306258e-9,1.2523599446870752e-9,0.1088763220602491,1.5417725163588103e-9,0.0912633941668664,1.2523691514895058e-9,1.0221022233872403e-9,7.491329897072026e-10,6.015637062364669e-10,1.0202671168982713e-9,9.605850338476365e-10,8.884092170321344e-10,1.6382971968870213e-9,9.998885790583372e-10,5.671149298846011e-10,1.2151463927443277e-9,0.149999958763047,3.47024915160031e-8,2.684749276067316e-9,3.0491807706708843e-9,1.501569495464803e-9,1.7745070015866346e-9,2.0472630376964378e-9,0.14940026463680986,0.05046289483672862,9.921494180604118e-10,1.7293016462817184e-9,2015-08-07
0.14999998627807068,0.1499999953835235,0.14999999281074608,1.8991761406474965e-9,2.0319103329069425e-9,0.14999999541885858,2.425486131267679e-9,0.017538912218809783,1.8408189286413627e-9,1.4517779495288517e-9,1.094003118446584e-9,8.561245876206569e-10,1.4169291583488252e-9,1.3561034213424596e-9,1.2432365275998471e-9,2.6719072056357164e-9,2.417571194530822e-9,1.3700964086640516e-9,2.48551289650901e-9,0.14999999391298086,0.00026288172122425194,5.155717330256939e-9,6.3218651383337775e-9,2.87077249997329e-9,2.8822007264348615e-9,3.84970099121788e-9,0.14999950962659123,0.0821986806986684,1.6182764057266994e-9,4.67133950331534e-9,2015-09-08
0.14999989306384787,0.14999999173098633,0.1499999841008424,1.7580467386285733e-9,1.9911329914694717e-9,0.12393405098369549,2.482886548911962e-9,0.062272181214864254,1.5156169075721795e-9,1.7256850880852085e-9,1.0052067420371922e-9,7.511063667448378e-10,1.3184373186398945e-9,1.220156934260395e-9,1.1805637757516748e-9,2.527371261146369e-9,1.0943310381613119e-9,6.809306724161327e-10,1.394482281631403e-9,0.14999997205917642,1.6687454763649623e-7,3.797589220642276e-9,4.5162924575606015e-9,2.203716470576708e-9,2.644518892588884e-9,3.75429675735542e-9,0.14999988474820827,0.06379383366137506,1.3317092706300887e-9,2.668378467097523e-9,2015-10-07
0.1499999903888348,0.14999999689623303,0.14999999511755313,1.2329995666400109e-9,1.5953107627498987e-9,0.1499999953705382,1.8644273721646874e-9,2.546352548608387e-7,1.210924043662484e-9,1.278501697930835e-9,8.061962602793112e-10,5.498688621015804e-10,9.698028203299053e-10,9.104653266393725e-10,8.921006974989388e-10,2.1888562260364853e-9,1.1570534689409782e-9,7.465558715129994e-10,1.2827460346179558e-9,0.1499999947015786,0.01156499376032952,2.914523814750845e-9,3.5228694609669062e-9,2.092120936690481e-9,2.180507415324257e-9,3.3314230637769626e-9,0.14999769716727457,0.0884370470232305,1.1678005862689278e-9,3.0441184897082494e-9,2015-11-05
0.1499999989359159,0.14999999854489235,0.1499999957877325,6.934048205023077e-10,9.95961108078588e-10,0.14999999904092753,6.91683237403427e-10,0.007570212098913634,7.58980743213422e-10,3.6499949190721476e-10,4.198714943257361e-10,4.672738050927172e-10,7.019777330320622e-10,7.015730317217949e-10,5.830859050012709e-10,1.2259847500140468e-9,1.2604126253372773e-9,8.289736102739535e-10,1.0601696238542512e-9,0.14999999900640618,0.00830872099003285,2.055041088547156e-9,3.0499508795757763e-9,1.2699476930387834e-9,1.3117260627651027e-9,2.2198270163912456e-9,0.14999995870920776,0.08412109357953144,6.054096630055312e-10,2.0401854411909785e-9,2015-12-07
0.14999998107459564,0.14999999116998702,0.14999998030286193,3.7980702906688026e-9,5.2493191758069486e-9,0.14999998843613727,4.4601206496765925e-9,6.334274698728419e-7,4.3146037121648294e-9,2.650815320497213e-9,2.4977283811456187e-9,2.3049711391957694e-9,3.6782219050180833e-9,3.5653668106033283e-9,3.120126884830874e-9,7.05611900247688e-9,5.007187210988454e-9,2.8349690533512427e-9,5.145315707803812e-9,0.14999999139677306,0.01567391231787203,9.846493279083801e-9,1.3394837877865575e-8,7.039429543602132e-9,7.0081766100406e-9,1.1117672774192826e-8,0.1499840808376256,0.08434132287326791,3.666506092442279e-9,1.040735788420082e-8,2016-01-07
0.14999999346784534,0.14999999720136717,0.149999990082352,1.0906245730856782e-9,1.620269181348817e-9,0.1499999977220077,1.124989690006417e-9,1.2133701013063223e-7,1.3911498669173788e-9,7.398211790725888e-10,7.330238868912502e-10,7.36225226907547e-10,1.1937075118540102e-9,1.1013725812311396e-9,9.148357868830033e-10,2.2967291806237408e-9,1.8169821753858882e-9,1.19590033435857e-9,1.7502556400803851e-9,0.14999999740146658,0.009759316310844193,3.207298925927033e-9,5.2299864970476495e-9,2.2548008349300853e-9,2.1779011424292018e-9,4.334566076673515e-9,0.14999603386105856,0.09024451301424126,1.0700298287508797e-9,3.6213369477680836e-9,2016-02-08
0.14999999072809284,0.149999995440735,0.14999998385380098,2.02662962198701e-9,3.0477859998720685e-9,0.14999999320107468,2.12914289038967e-9,9.573156814051844e-6,2.786859610320825e-9,1.341458982307181e-9,1.3621169479459671e-9,1.3444335788611928e-9,2.244394259234943e-9,2.1004364661602425e-9,1.7974975977091825e-9,4.613302659242856e-9,4.075648371718071e-9,1.6650839737553283e-9,2.842964144516911e-9,0.14999999537164266,0.009367175843120738,5.417764242254522e-9,9.591144983793738e-9,4.632725948248914e-9,4.5691802532090826e-9,1.060273665849049e-8,0.14999672492729782,0.0906264893500942,2.0172730877124485e-9,7.918746388439196e-9,2016-03-09
0.14999997066795348,0.1499999866356266,0.14999995198116586,4.482346865794863e-9,7.258018165467077e-9,0.149999986536028,4.723203422797758e-9,1.4132684070253582e-6,6.493058620623962e-9,2.979117771854313e-9,3.222661755749546e-9,3.281250814138113e-9,5.397748019438597e-9,5.087167594519185e-9,4.210098519593514e-9,1.002470036976569e-8,9.413438606051543e-9,4.608147190280542e-9,6.6222486662534385e-9,0.14999998796441066,0.013254413020650365,1.1452660092730921e-8,2.0914183721682093e-8,1.0227495407532487e-8,9.988824482105917e-9,2.3937863369372293e-8,0.14694761578956275,0.08979649834552073,4.5686050460659704e-9,1.6897836250697004e-8,2016-04-08
0.1499999813851235,0.1499999932452083,0.14999997580892274,2.2563784106155876e-9,3.551361589349271e-9,0.14999999258424823,2.307526088902118e-9,8.004365506016032e-7,3.1390350452166064e-9,1.4613111296405773e-9,1.5819392960047695e-9,1.5912935350243176e-9,2.611641221752357e-9,2.4871983650164625e-9,2.1057598571315843e-9,5.164470413086999e-9,4.320950522686322e-9,2.2159991414751568e-9,3.2165263894120873e-9,0.1499999936458726,0.016269249230342057,5.823937860594331e-9,1.0162452262356123e-8,5.070986689266598e-9,4.9515151625399385e-9,1.1786951763857676e-8,0.14413909462922916,0.08959083209365085,2.2145133172757708e-9,8.91910383274149e-9,2016-05-09
0.14999999303460598,0.14999999791896804,0.14999999160111138,6.637575774358226e-10,1.0995613603977683e-9,0.14999999854205406,7.344866169682799e-10,0.0008282645743402344,9.57206903214163e-10,4.5821096229066975e-10,4.755503361396133e-10,4.845656375038425e-10,8.100832297745076e-10,7.648012016429648e-10,6.618504510900159e-10,1.714726730502368e-9,1.3576281942613241e-9,6.400164149946844e-10,9.875147662602914e-10,0.14999999801125838,0.01886911930490039,1.9184040528376265e-9,3.666411385491557e-9,1.6062827492780328e-9,1.6085563113983401e-9,4.071462545234844e-9,0.13841287743058922,0.09188973122613008,6.829238998752626e-10,2.992041088194272e-9,2016-06-08
0.149999980198439,0.1499999951154083,0.14999997946201726,1.503422082142265e-9,2.3832461385204987e-9,0.14999999378357515,1.8787700628002326e-9,0.0035691035235605652,2.0286363027293914e-9,1.4347606822925094e-9,1.074629881128715e-9,9.381510051838588e-10,1.6748930908580918e-9,1.5998074706471545e-9,1.428989183815273e-9,3.658255758874381e-9,2.818040255600771e-9,1.2962460631613488e-9,2.0008472689653453e-9,0.14999999378142084,0.03085170505611569,4.5999612915675115e-9,9.108634677811462e-9,3.5399630457085605e-9,3.765660671849544e-9,1.0067194907553103e-8,0.13009680063972548,0.0854823834343797,1.586181173818528e-9,6.6190670490352306e-9,2016-07-08
0.14999983891653815,0.14999997101797624,0.14999990122340498,6.799139592797756e-9,1.0792040216413207e-8,0.14999996696893958,8.048161964611187e-9,5.524637687992394e-6,9.15417141504191e-9,4.988194420514643e-9,4.7981135027929985e-9,4.503378774127009e-9,7.858452307264044e-9,7.381813701281025e-9,6.69724922749808e-9,1.58477761646338e-8,1.2804318592165368e-8,5.680222651218726e-9,9.511322853913192e-9,0.14999997528301087,0.025940992671966055,1.8631863016351528e-8,3.495095691937833e-8,1.4917211599669434e-8,1.5907924873772184e-8,3.787826690111402e-8,0.14768311059769235,0.0763704491808157,6.8668501550334385e-9,2.5484539230097187e-8,2016-08-08
0.14999997343431873,0.14999999536177225,0.1499999844824385,1.0025445464822847e-9,1.425177176461877e-9,0.14999999500186345,1.389232451286673e-9,5.609319198053587e-5,1.3540636171011463e-9,5.132275188171099e-10,6.180735644217446e-10,7.239573099991765e-10,1.229306248886151e-9,1.1008851104695681e-9,1.0206013273381457e-9,2.2813880016330393e-9,2.14749670815986e-9,1.228012486615831e-9,1.6162873104892132e-9,0.14999999731275937,0.04153168870684234,2.6226159292547178e-9,5.516561389333045e-9,1.8479715553776017e-9,2.160636592797684e-9,5.2531525014083236e-9,0.14999715859817597,0.0584150746062755,8.884237167505432e-10,3.3639583766869128e-9,2016-09-07
0.12089537829379154,0.14999994027345026,0.1499997534970726,7.7459231456384e-9,1.0899993519648709e-8,0.09854926179820184,1.3989516477255769e-8,0.04238244269444753,9.802954244671104e-9,5.968941751541955e-9,4.804026154003077e-9,4.5823106606248635e-9,9.287177972469996e-9,8.208557730388523e-9,7.71481116711709e-9,2.2212506843465453e-8,7.08159254608658e-9,4.448085043631577e-9,7.748011946226312e-9,0.1499999665021222,0.09106049072788486,2.0534634239456668e-8,4.355301804465007e-8,1.5069276620421623e-8,1.4668074948911605e-8,4.685202235264285e-8,0.14999913798012907,0.04711331494476127,7.698716388311489e-9,4.041798722800282e-8,2016-10-06
0.07925159212588849,0.14999999910010414,0.14999999551388227,2.7348052451058947e-10,3.337473724122298e-10,0.04404928380034142,5.710242927736099e-10,0.08879320506385409,4.2497482052395615e-10,2.357720541817951e-10,1.7732783656200979e-10,1.4183596528875543e-10,3.615770453896878e-10,2.789913348113812e-10,2.7471816618086666e-10,1.2106901664230731e-9,1.6891253675228373e-10,1.0383719631263344e-10,2.2692828828518957e-10,0.14999999714981782,0.13906794637306166,7.239187057439147e-10,1.5312180637270852e-9,8.356788561701049e-10,6.657716234243191e-10,2.1089764974064906e-9,0.14999999108365214,0.04883797489217301,3.4725937035330247e-10,3.900584057774298e-9,2016-11-04
0.13075806499073664,0.14999998692434324,0.11714067897076795,9.957346442313525e-10,2.0294955613703402e-9,0.14999966758298233,2.8250153969133962e-9,2.56426270518785e-7,2.106212044054213e-9,6.223648725228962e-10,6.458678679661229e-10,7.881487512011117e-10,1.869128043504755e-9,1.4070675952136197e-9,1.2807348964038332e-9,4.491797083935895e-9,1.6512863658491818e-9,1.2570891614549603e-9,1.7838279902913015e-9,0.14999999735045066,0.09008637304075706,2.7087850624959956e-9,6.809202221708218e-9,2.5413589810448408e-9,2.4561185780512645e-9,2.4057145952234524e-8,0.11707969628630954,0.09493517736027735,1.386785286942928e-9,3.735393836652897e-8,2016-12-06
0.033045364005640135,0.14999998121672586,0.12990789718716161,2.3512968574417723e-9,3.7540388895722585e-9,0.07755310409636085,5.952075237769717e-9,0.028041756699078584,5.497969836538208e-9,1.4470089625101233e-9,1.6597383897579375e-9,1.7378272274549212e-9,4.308371337599347e-9,3.434418960157601e-9,2.9277300535773566e-9,1.659092124740195e-8,2.8345810544811487e-9,1.558760386653124e-9,3.2318773595849018e-9,0.1499999825842862,0.14930986824969042,4.792254325897415e-9,1.1502745390556562e-8,7.3418027219697935e-9,6.189895313271809e-9,1.6377770614915416e-7,0.13237673529481309,0.07174702211093316,4.0156241600075465e-9,0.07801803364866605,2017-01-06
0.030288709197081678,0.14999997703853352,0.14999821218600262,6.662578229770911e-9,7.695319169891171e-9,1.4318150807484233e-6,1.1760670201481169e-8,0.0644065017200963,1.1806813980207803e-8,7.94506816323187e-9,4.048277529706229e-9,3.351508165423104e-9,8.52378524053444e-9,6.4197784510517645e-9,6.54470364695651e-9,7.218481093025014e-8,4.009946223459523e-9,1.9962925780420563e-9,5.003602538729854e-9,0.14999993825189972,0.14999987300080594,1.1518183714972545e-8,2.9681345950406903e-8,2.7600723146654455e-8,1.6646258599910693e-8,2.916027220040719e-7,0.1499979558429029,0.03971351371641609,1.5945007979372465e-8,0.11559333628378421,2017-02-07
0.06930397605298853,0.1499998264451821,0.09399360120552577,8.528387378454843e-9,1.619879520094259e-8,0.1448821733135478,2.319249369637337e-8,0.006266334387248939,2.073050528212142e-8,5.906455911337352e-9,5.788454170392167e-9,6.486766616403614e-9,1.9106225967032924e-8,1.288648084761303e-8,1.0556064947197757e-8,6.315202729884713e-8,1.707289830662391e-8,9.052450017752246e-9,1.4588638763959067e-8,0.14999997410742333,0.12541556691931102,1.5791125497301413e-8,5.932809204000844e-8,2.3021101160163677e-8,2.076173571348355e-8,0.011529052566434122,0.1046717236605008,0.0872220691302002,1.4607543146495284e-8,0.05671533545539555,2017-03-09
0.06439774393530213,0.14999999326059815,0.09667040941235178,2.7262955415959515e-10,5.604847540356605e-10,0.14277666176902556,8.866871552997694e-10,0.006983512938667484,6.642525235043217e-10,1.7910659906346515e-10,1.8841559391929003e-10,2.0889439810265705e-10,6.399236512703899e-10,4.302201110627859e-10,3.503178337079298e-10,1.6230509409761293e-9,6.525286123718992e-10,3.6004569293803215e-10,5.732125167305981e-10,0.14999999926429464,0.12541015611857015,5.048562311776576e-10,1.8142290774392902e-9,6.802445920959897e-10,5.973299998005459e-10,0.012548339071905843,0.10180863869509818,0.08781449656332924,4.3616179888657424e-10,0.06159003734826508,2017-04-07
0.06446735261022282,0.14999996312467195,0.09721543083270079,1.5025107931080935e-9,2.7823796504644854e-9,0.13777226540142573,4.15369877223067e-9,0.007000457111821714,3.7121531716504537e-9,1.0219508211580352e-9,1.0017403966261751e-9,1.0957644265136389e-9,3.352419794835435e-9,2.19680955060941e-9,1.946314833295387e-9,1.1633349958500401e-8,2.8062909388700956e-9,1.4810308284782507e-9,2.4764498032673692e-9,0.1499999941435215,0.1274967373537422,2.784647436334133e-9,1.0954735967754976e-8,3.921883871474123e-9,3.500952798212642e-9,0.012468605422173037,0.10338088618301862,0.0874803854622958,2.8255804004830902e-9,0.06271785720374166,2017-05-09
0.039844846781353374,0.14999999825502455,0.14368629504924932,3.08161507369266e-10,4.4950447597901967e-10,0.01151793355693608,5.96590855617895e-10,0.05194357252697863,7.213337361211733e-10,1.0996733949744712e-10,2.269864680147156e-10,2.0306473962334369e-10,6.636068463731992e-10,3.958340961519995e-10,3.972472270260185e-10,0.0031589083821761048,2.856505244395985e-10,1.3930306890089713e-10,3.1166593762977804e-10,0.14999999707235892,0.14999885090245244,5.580104046740187e-10,2.445509396790318e-9,1.2621700483196953e-9,8.314709112448912e-10,1.4357239986121423e-8,0.1403795230919429,0.07568910676652359,6.622780986023373e-10,0.0837809426894084,2017-06-08
0.02190412280453031,0.14999999548905987,0.14999992029732723,1.0334640916201448e-9,1.1601879543065652e-9,0.03244026862929447,1.539609509325193e-9,0.048015602135035335,2.5156743465571986e-9,1.4049374999105705e-9,6.237145312326429e-10,5.389048749565918e-10,2.271071322314603e-9,1.0104577417413166e-9,1.16980859874443e-9,0.036169299342526495,6.624833111146232e-10,3.093377769333317e-10,7.622331314003578e-10,0.14999998383096058,0.12379850954103017,1.6662967643396107e-9,1.233423365134905e-8,4.520206341832651e-9,2.5270418495527142e-9,6.427865164428045e-8,0.10044728508530289,0.13023302346958893,3.007571130681777e-9,0.0569918860394576,2017-07-10
2.8340370072578525e-6,0.14999995620966464,0.14999953966863072,2.1762990284322667e-8,1.5685154330560802e-8,0.037350306240677776,3.104648818280867e-8,0.06258584409522962,4.313697652588578e-8,3.437421902178152e-6,1.1107951359608468e-8,7.99983063867408e-9,4.097736713003933e-8,1.5540392009364414e-8,2.1455314830596726e-8,0.0772907693524848,8.652391707978856e-9,3.983588917985739e-9,1.0627388323043756e-8,0.14999925779030004,0.09562464861995805,3.771143274266894e-8,1.690367701336109e-7,2.137810521624611e-7,4.729740819626943e-8,2.2982290134571792e-7,0.08071267692180235,0.14704416920841634,1.5132109528208758e-7,0.04938547948743228,2017-08-08
0.018866201476215535,0.14999999284056545,0.12222726817248851,4.127569972083596e-9,2.414251215136981e-9,0.051705841344677,7.151798214647707e-9,0.0544639359452409,5.95452908186563e-9,1.337831708910133e-7,1.6104368938798326e-9,1.2458123605542398e-9,6.548269848803212e-9,2.2281253325311006e-9,3.734503927930551e-9,0.09927206621160664,1.595080331095705e-9,7.196934214778787e-10,1.6921466567933212e-9,0.14999996063000898,0.08597425327400758,7.326838013147905e-9,5.7948079471905215e-8,1.7359838279540847e-8,6.3692074054388025e-9,4.405973214438367e-8,0.08969418373075969,0.1426419906848769,2.5726280673186163e-8,0.03515397409418857,2017-09-07
0.042031129771989584,0.14999999763539837,0.11368143809853645,5.667370350222387e-10,5.93525695376845e-10,0.07513344233382716,1.1960167114329742e-9,0.049415235772284426,1.5238919452706457e-9,1.0291183577257027e-9,3.299614567234848e-10,3.070449560598575e-10,1.4797986205043393e-9,5.689706882244252e-10,7.108923767503067e-10,0.05724301190956661,4.963792949048736e-10,2.3900678351237753e-10,5.646432916303122e-10,0.14999999802031358,0.08095943235119285,1.0756929108059158e-9,7.69790942843411e-9,2.2646386246089786e-9,1.3492586793754694e-9,6.17099738932952e-8,0.08979991794727896,0.13229834029459428,1.5539665249314781e-9,0.05943797060758983,2017-10-06
0.032210484280065656,0.14999999323108207,0.1247490206871178,2.208473149884128e-9,2.043325650384658e-9,0.05098284022226077,4.3768896603563315e-9,0.051938997028106636,7.269378019249577e-9,8.501213160752935e-9,1.3048280662143815e-9,1.1207567131360326e-9,6.418800072318637e-9,2.090541286414057e-9,2.918843725692562e-9,0.11258158448671862,1.4411148268822055e-9,7.401798993220098e-10,1.878313788341938e-9,0.14999998662418076,0.06721440945765646,4.406551979287003e-9,5.963900603014514e-8,1.0023257099400531e-8,5.960670224128788e-9,1.122608628109452e-7,0.0795798649843443,0.14996729649737753,1.186506501567627e-8,0.030775276033018183,2017-11-06
0.04316875161289862,0.14999999733134856,0.12118021590571997,7.425892826367053e-10,7.92869835081069e-10,0.035948781896870896,1.58919222120231e-9,0.04514163215870935,3.600453714659643e-9,1.3595433872392213e-9,4.971947511402494e-10,4.3616082303960343e-10,2.516550031803044e-9,8.033605708265261e-10,8.93665768178032e-10,0.0916228556954761,6.490810137973449e-10,3.078620175629195e-10,8.805921824439836e-10,0.14999999702887593,0.049676081502666836,1.5087987275316336e-9,0.019589381046414847,5.5597716071143975e-9,1.512556643647028e-9,1.541711038177242e-8,0.09937608375181628,0.14999971772142148,3.4216008958967107e-9,0.04429646185882738,2017-12-06
0.024547934630045187,0.1499999949724702,0.14423733146454223,1.6777444457311885e-9,1.9260897336053587e-9,0.010112950359928378,5.826102141041669e-9,0.03950152802038239,8.435720173362206e-9,1.0164329782260331e-8,1.247618568678156e-9,1.0061321166605811e-9,5.4139158969727805e-9,1.772797000934035e-9,2.273439377979283e-9,0.10821848627253229,1.3239674629680363e-9,6.925515814289716e-10,1.872831136439727e-9,0.14999998860334618,0.0482784157961241,3.277742708740365e-9,0.03562581493482204,2.356947309398481e-8,4.044270709994487e-9,2.0428610519316626e-8,0.11982784551434209,0.1499999605465469,2.9309505386555794e-8,0.01964962462207604,2018-01-08
0.011463743167636261,0.1499999541000209,0.13134305844644,9.533824676481272e-9,1.135547819756665e-8,0.03910595519300664,2.6792803602644543e-8,0.023929431822391208,3.795492636207442e-8,1.3466726831215252e-8,7.614069428376302e-9,6.827336424996431e-9,3.214734891386802e-8,1.196352120099324e-8,1.209999417796152e-8,0.08217012968054428,1.055493957612642e-8,4.966829794974092e-9,1.4881648469804233e-8,0.14999988300180347,0.06828015765406782,1.6422480972428695e-8,0.035456934801445454,4.426798370694004e-8,1.95662954659294e-8,1.3565685626733423e-7,0.12947153942390038,0.1460471430023625,5.0510465226991945e-8,0.03273160312285203,2018-02-07
0.03522827229276607,0.14999999124920102,0.11511310561491608,1.691075210374086e-9,2.251454545639927e-9,0.031066826854900677,4.393367674242486e-9,0.021454850120673524,7.3638279464780994e-9,2.0275622969659378e-9,1.2754069645872154e-9,1.2714569623601518e-9,5.396745391740037e-9,2.2781151054491884e-9,2.237494826586113e-9,0.08106928949715035,2.1133539900372104e-9,1.014712203164057e-9,2.5763997881081006e-9,0.14999999017023652,0.09189737117245109,2.962209030229237e-9,0.015681512830056633,7.155128877908469e-9,3.336413385299586e-9,2.437767987823964e-8,0.14613636258435508,0.14998054859159288,9.404634559211505e-9,0.012371795894661239,2018-03-09
0.03898264344076569,0.14999999569413472,0.12280426209170787,8.229571810566156e-10,1.3116005116964235e-9,0.03554040147704138,2.2265289127090935e-9,0.019444956018372962,4.13669063215232e-9,1.2006558684233235e-9,6.466394280180857e-10,6.794286779179191e-10,2.5079310075886554e-9,1.0708033639778046e-9,1.0489324614698998e-9,0.0817505624192007,1.0163384164459313e-9,4.61235136050567e-10,1.2161445478959974e-9,0.14999999594731725,0.07387141693254481,1.4238029203631304e-9,0.038707422168173265,3.138143325589498e-9,1.7019456201183638e-9,4.0850021743088e-8,0.13888951326993249,0.14999965270047025,7.415886629308875e-9,9.10496465246844e-6,2018-04-10
0.03028202634191477,0.1499999972426977,0.13493819392633588,1.2060803063746907e-9,1.5308851296314109e-9,0.03018090825182979,5.578842832805288e-9,0.009050800523953326,4.072191704631304e-9,1.9219139196695373e-9,7.466759550465413e-10,6.673807006143116e-10,2.048295384320036e-9,9.531422871420506e-10,1.112786036441617e-9,0.10626498920825989,9.665769028229377e-10,3.8381079359850837e-10,1.115603121748974e-9,0.1499999966393558,0.055863004485854593,2.117948111028881e-9,0.06296203582669783,2.809457587594949e-9,2.060271748588247e-9,2.5635752815952995e-8,0.12045796398702503,0.1499999925830614,1.4430150612939602e-8,2.162524768252873e-8,2018-05-09
0.07911233676496643,0.14999999506433992,0.06811240119061196,1.0629800251460123e-9,1.7063026577896378e-9,0.06040131705340708,3.457353751516574e-9,0.010875508233429783,3.886467644737817e-9,1.4122246695425909e-9,6.783561860181183e-10,6.230353437154131e-10,1.9682332010056764e-9,1.0495096163707345e-9,9.356317103700318e-10,0.07745132215515707,1.2371504106066034e-9,4.034780395178677e-10,1.5016933806685778e-9,0.14999999825867097,0.07059680556188162,1.6113821503542572e-9,0.039973265351618,2.3818177140375557e-9,2.0624233492593237e-9,9.728094579723932e-8,0.12067055434482843,0.14999998609622273,1.0476602480881503e-8,0.022806376189277576,2018-06-08
0.08051900996424911,0.1499999938475072,0.06165615608359974,1.4523114905000248e-9,1.9064056456426765e-9,0.062351872418793884,5.1180785640484485e-9,0.017830327483860285,5.353278823117944e-9,1.8484897367410006e-9,8.859336551065631e-10,8.318990461994972e-10,2.425008103882961e-9,1.3162921049444926e-9,1.1844510774322817e-9,0.0859183049346499,1.5436151777406938e-9,5.177432184115053e-10,1.6721008225640963e-9,0.14999999779393736,0.0799721410777085,2.2315009187159034e-9,0.03036182053141931,2.904647268445016e-9,3.0619075711658763e-9,5.837606461218638e-8,0.13139023221356222,0.14999998039345644,1.1996660868478808e-8,5.8630866837025294e-8,2018-07-10
0.09020385327099247,0.149999930879786,0.06614677674242735,1.785708293839205e-8,1.9240657340903458e-8,0.05462792281608403,4.2994216319875246e-8,0.026440509075968035,5.981050772720366e-8,1.9549211445413536e-8,1.0475233266726575e-8,9.048390711756834e-9,2.6268355718372148e-8,1.548114490152166e-8,1.278550613655327e-8,0.07899589483866148,2.141264746050809e-8,6.5173129646237106e-9,2.0677844356550705e-8,0.14999997981090632,0.0790915467642744,2.219027226769669e-8,0.022488726532116563,3.0243829490794293e-8,2.9506627196001364e-8,2.3399207228133706e-7,0.1320390334127868,0.14996476208069207,9.989387901759987e-8,3.6583051286452406e-7,2018-08-08
0.07763182078487842,0.14999990172017774,0.06890903510024403,1.762142378802259e-8,1.860116732349897e-8,0.06733915503763284,5.5816086600205173e-8,0.021659916122395366,6.216318485199938e-8,1.7316058554465646e-8,1.2593985084297007e-8,1.0433280927424581e-8,3.367882562847511e-8,1.847273427575037e-8,1.4693092502569992e-8,0.07172745556466802,2.5090281132469605e-8,8.204727540524143e-9,2.4822819678597407e-8,0.14999997869833614,0.09035595045556921,2.7006957958802278e-8,0.004826277039630416,3.354870754493684e-8,4.670486944444753e-8,3.1863299202500546e-7,0.1419328256402469,0.1499936882734885,2.20499684131046e-7,0.005623029661853629,2018-09-07
0.07702539082380568,0.1499998005620086,0.047335468411153346,9.872779275246075e-9,1.530420864966657e-8,0.12082508657458009,3.237555830209235e-8,0.01248225090969639,2.690778668856803e-8,1.2317190945414128e-8,7.405086298365576e-9,5.921477765086016e-9,1.7325804922953876e-8,1.275121257591225e-8,1.0129510265087194e-8,0.019498835033776495,1.4040110201423813e-8,5.542494590877345e-9,1.6016707634750115e-8,0.14999998468802037,0.11365846308446459,1.3233420725949884e-8,9.942828873096109e-8,1.8727732531764632e-8,2.294301280384997e-8,6.7374127454301335e-6,0.11448197352211952,0.14340863617422386,5.391815027238314e-8,0.051276978642872534,2018-10-08
0.07565428837830486,0.1499982916186664,0.03557826934369829,9.652883488663135e-9,1.4792722231135094e-8,0.1490510014717442,2.5215491419408472e-8,0.007428420485310319,2.0798381544120966e-8,1.3033795276365334e-8,7.3622536339082945e-9,5.471322859633873e-9,1.452626613407099e-8,1.1538451521752743e-8,1.070938267195011e-8,6.753479334708023e-5,1.4429037194903454e-8,5.4838825273791715e-9,1.6225901181025232e-8,0.14999998468525558,0.11720704416760748,1.2922437848814635e-8,4.446011969818172e-8,1.7210710651082143e-8,1.8570133872622593e-8,0.00466064124545507,0.09408499726350561,0.13601077434422082,3.2008306503280404e-8,0.08025845779140414,2018-11-06
0.07766640498262466,0.14999965263658935,0.04793243222679797,3.791565804101661e-9,8.402185246054471e-9,0.14788756311807955,1.2175915211961485e-8,0.0038196100065134605,9.944980723834148e-9,4.172175444826721e-9,3.580643751772811e-9,2.5783226095016697e-9,6.145921979753604e-9,5.503637143034858e-9,6.993101616688305e-9,9.63902972531367e-8,1.1799754674149507e-8,3.4058644606782716e-9,8.84220989129553e-9,0.14999999331511107,0.11325180340783456,5.522921698923597e-9,1.1539728829117208e-8,7.62098771673443e-9,6.64151379953309e-9,0.036420288194450014,0.0581957103903851,0.14843435655632006,1.3514217270651714e-8,0.06639195659934931,2018-12-07
0.10689717105174733,0.14999930672854683,0.04247482874585635,3.3892818121990866e-9,7.296425544142028e-9,0.14999920347787687,1.4244540067572295e-8,6.998294211233316e-5,8.041840191826008e-9,4.399151917904684e-9,3.2411070334907026e-9,2.2860091642956064e-9,4.824260706111757e-9,4.814869873768141e-9,6.49883863577698e-9,8.92490338607842e-8,1.0504133637430137e-8,2.9634279379978837e-9,7.367731373661169e-9,0.14999999450638588,0.12469727747890262,5.09159762831141e-9,8.742136249705382e-9,7.194185478864068e-9,5.099362917541483e-9,0.04866041777196745,0.026447338393501486,0.14999991770362062,1.3603431364736134e-8,0.05075435234811687,2019-01-09
0.13184360646764123,0.14997285693801718,0.03938553122571566,1.2779458794274165e-8,3.0556487354658914e-8,0.14199777769174413,5.321163842177032e-8,4.387154523232255e-7,2.6338255378938747e-8,2.365517288345745e-8,1.5548502690291802e-8,9.428716153019561e-9,1.8023786620529952e-8,1.844286140219973e-8,2.1291753607044466e-8,8.705239542198804e-8,5.123795185231182e-8,1.1377898709994067e-8,2.1401145358430324e-8,0.1499999676932407,0.12876897423280928,2.024403700389892e-8,2.742911493408421e-8,2.327402810394152e-8,1.921850376818846e-8,0.06196787978439181,4.1413212634301356e-7,0.14999978767225441,6.067015738840266e-8,0.04606221426474123,2019-02-08
0.14999580979415764,0.14322371077312684,0.035454991297978154,6.269518934162973e-10,2.052993516482076e-9,0.1227438483137513,3.335882954112583e-9,1.2478377391163998e-8,1.4613104500302789e-9,1.4240729257896696e-9,7.852144118773661e-10,4.5529611740627433e-10,8.699337900056165e-10,9.343131792692907e-10,1.2444554849455754e-9,3.640485701350359e-9,2.4403089366874647e-9,5.188392741341326e-10,1.0092109325051006e-9,0.14999999825097632,0.13449741542678692,9.667325826963695e-10,1.1977805310971708e-9,1.160276382675554e-9,9.954492820055978e-10,0.06924797010325921,2.1727868478751643e-8,0.14999999362137065,4.335928423276678e-9,0.044836198756910244,2019-03-12
0.14238797507985937,0.1381548806141513,0.03936981692044848,4.205698304123725e-9,1.289129960839453e-8,0.12956954265665394,2.3235623729516677e-8,1.1898554021828541e-7,9.375445676323476e-9,8.990533378093936e-9,4.938024512337425e-9,2.8868084585755557e-9,5.47611249778401e-9,5.789268476007109e-9,8.152065245451705e-9,3.53159587191515e-8,1.792552364270974e-8,3.2255148716464206e-9,6.265643873448655e-9,0.14999998941908785,0.13260146232578304,6.531467035517036e-9,7.765566856194588e-9,7.560778747697015e-9,6.715032248763046e-9,0.07057699692632421,8.076106949947875e-8,0.14999996396264034,2.6954463496343542e-8,0.04733896814761222,2019-04-10
0.14505851697196967,0.135025245133144,0.03650028496398987,1.2199392136400336e-8,3.5598886364043653e-8,0.13009980610452204,6.388278375207424e-8,4.584436180624689e-7,2.580640855188607e-8,2.44763550496931e-8,1.3407496274688166e-8,7.80232167623682e-9,1.4795570698847472e-8,1.5616254353842863e-8,2.3425172372852903e-8,1.2958164078040832e-7,4.526019307130122e-8,8.432160220994819e-9,1.6343955892904982e-8,0.14999997084327935,0.1371890457308241,1.9391588523715462e-8,2.1031565492095914e-8,2.124988002626925e-8,1.8011887322223344e-8,0.06911183384644418,2.2035584259497482e-7,0.14999991349512992,7.435053263240877e-8,0.04701411344719095,2019-05-10
0.1499945373599359,0.13520908693843867,0.03247493240894638,9.397689945204478e-10,2.495474875517744e-9,0.12344794777678522,4.060497707684137e-9,2.783034415260463e-7,1.7523957785966476e-9,1.6476125654039464e-9,9.729254251634669e-10,5.536647156411067e-10,1.0436838317454133e-9,1.102044736962703e-9,1.5973294076778438e-9,1.1253922647354222e-8,2.3346314175926434e-9,5.307097445340995e-10,1.1720708902568004e-9,0.1499999978333273,0.14001304763702038,1.5647263915347347e-9,1.7404798744560236e-9,1.5741476893593596e-9,1.3232663443476544e-9,0.07339543906839555,1.6838897780228593e-8,0.1499999945322106,6.215515438228457e-9,0.04546467742773209,2019-06-11
0.14997753361241614,0.13756543390792877,0.033099565447367876,1.5384045226541508e-8,4.2721835864537235e-8,0.11655612548154307,5.7145895821394395e-8,3.3823176876099058e-6,2.6575631522917303e-8,2.359288996119267e-8,1.5934174119063274e-8,9.199121820085103e-9,1.683238609470072e-8,1.7388751240945e-8,2.553967365698899e-8,1.3101910689487737e-7,3.861818681309845e-8,9.12038714958919e-9,1.9640163131271732e-8,0.1499999678299432,0.13897402186498514,2.659711865125168e-8,2.626688763353792e-8,2.6738497288162197e-8,2.16831747390781e-8,0.07176078729522015,5.549223022608233e-7,0.1499999222459405,1.0331492664566792e-7,0.05206205176181083,2019-07-11
0.1499943678845644,0.1420098724925898,0.03276135942311524,9.780100677007062e-10,3.033401474180111e-9,0.10706774384131737,4.117946163170641e-9,1.158593870194109e-7,1.6342499796072926e-9,1.4705863057701372e-9,9.823556421498773e-10,5.828453288626986e-10,1.0582394556713609e-9,1.0805562464069488e-9,1.688412419877328e-9,1.1658244933956157e-8,2.5171963692159772e-9,5.786080446903529e-10,1.281224558236632e-9,0.14999999811062623,0.13810734406585928,1.6097322900996567e-9,1.6825934497740008e-9,1.6519727676869406e-9,1.40805864944572e-9,0.07584300353254506,8.167619071168221e-8,0.14999999542399642,6.236086152561739e-9,0.05421607243948817,2019-08-09
0.1499999123724029,0.13917541610355774,0.03282820938308837,1.3349671628946916e-9,6.939492510868741e-9,0.10438703317727856,5.925573494301586e-9,1.0297989034791479e-5,2.410656180449495e-9,4.5273710801697094e-9,1.4608645628737883e-9,8.19623335351172e-10,1.5019523996863665e-9,1.5634970262563131e-9,2.6774874129569753e-9,1.8907885764581085e-8,4.36766778376513e-9,8.625291185304531e-10,2.0437437658703486e-9,0.14999999767106922,0.14099605050792563,2.1311481043276392e-9,2.3663006774156877e-9,2.643340887941207e-9,1.8814203936519075e-9,0.07676749110434701,1.3901415762590882e-7,0.14999999479284318,7.82248692702443e-9,0.05583538569628614,2019-09-10
0.14999993893839245,0.14292865221887283,0.03812407532485092,1.0916914345635796e-9,5.71981260642513e-9,0.09769826922614624,3.444837792719509e-9,8.09575146105598e-6,2.0078889996088055e-9,4.474745521199793e-9,1.2570464835052862e-9,6.791350556511068e-10,1.2254791999538e-9,1.291644007183493e-9,2.039517244876605e-9,1.5906684613468473e-8,5.530310554096126e-9,7.575021286645664e-10,1.7433899336789857e-9,0.1499999982372271,0.13724783841460944,1.6852677267934984e-9,1.7531984233783761e-9,2.086452106870613e-9,1.5765644330233766e-9,0.07625501233189334,3.386595313401542e-8,0.14999999475706516,4.917093634412759e-9,0.05773803174526626,2019-10-09
0.14999971511509733,0.14886632000173305,0.036046306776257434,6.184038201459719e-9,2.452393803091879e-8,0.08429258269723433,1.8916155023147897e-8,0.0006232246763436166,1.1480737376268747e-8,1.9527465180788124e-8,7.350578985025375e-9,3.836854757226129e-9,6.860132612539478e-9,7.1908531863671255e-9,1.0943920860565286e-8,1.094796944910674e-7,3.1875382927719554e-8,4.048822100513805e-9,1.0138123038455189e-8,0.1499999902805766,0.14254357756587085,9.326745949045712e-9,9.18291254095118e-9,1.2424728652249929e-8,9.787268491776696e-9,0.08040071588952545,1.8500774300143194e-7,0.14999997183434072,2.712922353288823e-8,0.05722706994770153,2019-11-07
0.14999974067989535,0.14711190024013412,0.03501665755904294,4.116701851136539e-9,2.1139963235669994e-8,0.07675431176944093,1.1539899852073978e-8,0.005454535401734889,8.934906937131248e-9,1.4807858402310726e-8,5.214080307458086e-9,2.7797389940377717e-9,4.965180190707724e-9,5.323699283595922e-9,8.022753109568517e-9,1.3983263465608748e-7,1.9231877537670654e-8,2.9570280554711925e-9,8.287209099072483e-9,0.14999999301230782,0.14908195718041117,6.377906035273632e-9,6.512472584790567e-9,9.359634986035196e-9,7.224946351741699e-9,0.08473334382984074,7.406088888406763e-8,0.14999997378545776,1.9989879008094674e-8,0.0518472058624749,2019-12-09
0.14999973952091175,0.14898087933559673,0.036412360255224395,3.949560135723999e-9,1.7779976923585304e-8,0.07421398622106386,1.0793255554074019e-8,0.007255345411697869,8.402504732301866e-9,1.4771864319324515e-8,4.915289722057555e-9,2.5969242662702504e-9,4.588450158861381e-9,4.971886947133718e-9,8.057624790085214e-9,1.5050375953220923e-7,1.51104615972496e-8,2.7473370184747275e-9,6.797338548943313e-9,0.14999999334123645,0.14737705274007387,5.926737744865573e-9,6.072644105438934e-9,8.681452610170499e-9,7.02566715582885e-9,0.08281054170843032,8.419302775797615e-8,0.14999997422011496,1.9373529393959643e-8,0.05294973998635692,2020-01-09
0.1499994440592598,0.1499924965139725,0.038400022684267475,2.0856165955536592e-8,1.0681254026304275e-7,0.06310421822002593,5.671891545629191e-8,0.006291175612234755,4.9336607595151776e-8,8.402549280074819e-8,2.6396438126970643e-8,1.3762085797547344e-8,2.3729051194017347e-8,2.66580155973402e-8,4.736929185042121e-8,9.923292641169112e-7,1.4141062401254536e-7,1.5245775544633007e-8,4.2742210916582016e-8,0.1499999692612466,0.14481980134201045,3.1012184562682146e-8,3.267875901103873e-8,4.32005718674241e-8,3.3935736140607696e-8,0.08869882881111416,3.1843683854666273e-7,0.14999989351109894,1.204656939049628e-7,0.058691922862506116,2020-02-10
0.1499997204310165,0.14961609775353327,0.03556781553614734,5.256862242783068e-9,3.090692260232499e-8,0.07674441904117342,1.6141676574893688e-8,0.007314347863984402,1.2767554469897148e-8,1.8816450460749718e-8,7.026250493557482e-9,3.6588384230009225e-9,5.9579541291744176e-9,6.883551980353268e-9,1.3008203288495655e-8,1.8875732022448414e-7,5.458054649059436e-8,4.054048181832285e-9,1.2694735372292825e-8,0.14999999200517236,0.14265987356779034,7.963817814537526e-9,7.748382603992752e-9,1.1430903621482746e-8,9.880439301213046e-9,0.08166578177685829,1.7335781448098594e-7,0.14999997077068564,3.993126832363679e-8,0.05643135043009723,2020-03-11
0.1499999808980765,0.14999993780571272,0.04377221981483338,3.6269459401858483e-9,4.427591588649265e-8,0.06996941406225256,1.1290031053515924e-8,0.03698737628993744,6.894490354957304e-9,1.9615676708412876e-8,4.0879538795411485e-9,2.3884509185295437e-9,4.234155483390584e-9,3.694824771409274e-9,4.802282282184122e-9,6.290697727572115e-9,2.569819856904472e-8,4.764684999502657e-9,3.1516851706054967e-9,0.14999999355301136,0.14999976321729208,4.67310897737431e-9,4.217440613181284e-9,1.3964418737777039e-8,5.907614716341812e-9,0.05734994152777353,0.016163257480190055,0.14999296677852006,6.715250363010089e-9,0.025764968278573303,2020-04-09
0.14999999822683335,0.0007723312375710553,0.08393445667230812,2.0513266877237864e-9,1.4661085971704132e-7,0.14999999410310724,1.839607810354519e-9,0.12344182128704195,2.032714495256787e-9,1.3860211960022623e-9,8.920441249440976e-10,9.771861473081519e-10,1.0400326354454482e-9,1.1350473421183658e-9,3.4095409207643486e-9,1.0090024616585204e-9,0.000906741568912893,3.080955453152544e-9,1.0803081390576518e-9,0.11229098602390271,0.1499999969339242,1.0778334864290915e-9,1.0138976444209725e-9,2.5195753446331855e-8,2.4636015930169575e-9,3.613059920050609e-9,0.1499999969461212,0.07124732118464598,9.328156602821953e-10,0.007406154974022653,2020-05-11
0.14999999469990352,4.102509060852276e-6,0.07613484836756831,8.06456131506926e-9,1.2313581854803852e-7,0.14999998295713138,4.786838915422119e-9,0.1402910135614589,5.227861113401109e-9,4.1257556998474694e-9,2.428265315925412e-9,2.7500050706665685e-9,2.6826586668130964e-9,3.0619195056743704e-9,6.804184701740786e-9,2.8788949217468274e-9,4.609327251806288e-6,6.212577879763306e-9,2.9995304568440494e-9,0.10639535856467633,0.14999998703713774,3.0326033974960725e-9,2.7739367202913854e-9,7.419820243727337e-8,7.371008880754865e-9,8.73834775586727e-9,0.14999998999851213,0.055143068136978536,2.5573855636936134e-9,0.022026771009963628,2020-06-10
0.14999999945863743,0.027036114354179224,0.07941965439872682,7.748201770428547e-10,9.909029892614458e-9,0.14999999823433693,4.51382362150753e-10,0.1499999540994988,5.238360149161901e-10,3.556107519433161e-10,2.3082996402245534e-10,2.519726795766762e-10,2.501257238337372e-10,3.00305894995982e-10,5.972733018543924e-10,2.632785825439721e-10,0.006012201598317192,4.616239092049082e-10,2.931168128871654e-10,0.08912399846325142,0.14999999827758936,1.776827620447828e-10,2.5013354622207226e-10,4.689015524408442e-9,6.90859930126604e-10,7.818405995970326e-10,0.14999999885744097,0.048407888537518574,2.6259398072795137e-10,1.7220517096609783e-7,2020-07-10
0.14999999031939457,0.03296712426164678,0.07231226642890617,1.625328679889549e-8,1.8896068812954908e-7,0.14999997489110445,7.666084875054838e-9,0.14999990715799946,9.366935203267646e-9,5.868736217782964e-9,3.892603481364889e-9,4.108363243848889e-9,4.47443141708277e-9,5.261234973715572e-9,1.0083565126278239e-8,4.161601851407272e-9,0.0005700611989627194,6.5153393909633345e-9,4.657850454933753e-9,0.09783441122093196,0.14999997981280971,4.525680649819213e-9,4.816502033760329e-9,1.0559409646121037e-7,1.1950814429101803e-8,1.3977190605176856e-8,0.14999998767561526,0.04631450423158348,4.274262808948304e-9,1.3763917769872585e-6,2020-08-10
0.14999999625992433,0.037946227658520654,0.0723531406594435,6.357508411033607e-9,1.2444148955085684e-7,0.14999998373349832,4.0229175411629905e-9,0.14999998284848048,4.751116376142757e-9,3.874983662160747e-9,1.7628717949026203e-9,2.1351775899860333e-9,1.8812228620781575e-9,2.4946504060592245e-9,4.259480314352872e-9,2.059357117119115e-9,0.0009548415487198134,3.8125287606917704e-9,2.7177934589268143e-9,0.09449667858122439,0.14999999121118887,1.6274052580539065e-9,1.5236484953521006e-9,6.830725400517083e-8,6.335355207299807e-9,7.991737420601297e-9,0.14999999295527808,0.04424817877936126,2.1415072714944958e-9,7.332663550267324e-7,2020-09-09
0.14999998461162112,0.025311751139035013,0.07476253717746469,1.6471753863453846e-8,5.395609499602419e-7,0.1499999224120919,1.7282330135377353e-8,0.14999994543359554,1.8057877415500924e-8,1.72985018847457e-8,7.424680440764024e-9,8.998735871676691e-9,7.549889831721211e-9,9.537635353524432e-9,9.955382831033242e-9,8.917058530625525e-9,0.007890368946940906,1.7514589172125777e-8,1.3297191478577597e-8,0.09113178516029767,0.14999997067233145,6.402471041821128e-9,5.961992611316126e-9,2.767394092308242e-7,2.5914264932196314e-8,3.091352923122565e-8,0.14999995573564345,0.050895799842112954,9.579355357437888e-9,6.931491266050185e-6,2020-10-08
0.14999999839463812,0.03775616116545758,0.03071347188172133,5.7628228589879937e-8,3.1402443539713426e-9,0.14999999743472336,1.4502149845956088e-9,0.1499999961592969,1.3658615398681283e-9,5.927943969760476e-10,6.038313460236646e-10,5.271993657851538e-10,8.057013196112738e-10,7.796539985232906e-10,1.4515651121014558e-9,5.987939740033035e-10,0.021110649142407352,6.577350975335787e-10,5.150034994783794e-10,0.08298714729854079,0.1499999938109318,1.790408568038218e-9,1.3798906690577753e-9,6.686249414953184e-9,1.8313974175972597e-9,1.5468373853801754e-9,0.14999999878728726,0.07743248921910784,7.038172647772802e-10,1.2650461359946933e-8,2020-11-06
0.14999998963719943,0.018135075425266014,0.06391438694622788,1.5080130721373682e-8,1.2585664286931485e-7,0.14999996842357777,8.871518229045e-9,0.1499999698679198,9.463618812901434e-9,6.465082642124595e-9,3.8502862297063735e-9,4.187123487150736e-9,4.170086550279758e-9,4.981588027762101e-9,5.2211413945262014e-9,4.3407331670122935e-9,0.015417751501110273,7.909291079849581e-9,5.86503355456498e-9,0.09598635394161575,0.14999997617846705,4.285175179221983e-9,3.845098049129124e-9,1.1201203200222129e-7,1.1997260535623698e-8,1.1977581648060438e-8,0.14999997531474288,0.05654549708577221,4.8841456526845495e-9,7.004145313371224e-7,2020-12-08
0.14999998405648912,0.005781890169935321,1.7477301390297216e-9,0.02365265204718626,4.787448750661925e-10,0.14999999731573865,1.7347238319043626e-9,0.14999991666847495,8.600410749863787e-10,3.0707783420944494e-10,6.281836390520553e-10,4.3843589915645364e-10,1.4009936011880696e-9,8.879892989027411e-10,1.5540139497070312e-7,5.868191107406655e-10,0.06159147707796945,3.7355139120943505e-10,2.725476614855256e-10,0.08952013117895001,0.14999797036708992,1.4431285819466852e-8,1.5947875328788337e-8,1.054663053711082e-9,1.2221166817716133e-9,7.999841215497703e-10,0.1499999986836312,0.06945578234310588,6.345866549532571e-10,8.826844265356497e-10,2021-01-08
0.1499999426908347,0.006328066924666921,8.112116862011048e-9,0.018613492638588074,1.2687411910470426e-9,0.14999999352521987,4.145288640576835e-9,0.1499997938235278,2.3529575983582026e-9,7.543394178452752e-10,1.5687943705250805e-9,9.551143230677497e-10,3.3132067382245142e-9,2.121467649669233e-9,0.026864228393584363,1.2696273036243515e-9,0.08724864559389042,9.021262846019612e-10,6.9036324227373e-10,0.04966058912909314,0.14690622415958526,3.957207106747057e-8,1.12202108102858e-7,2.535241595590852e-9,2.8687682981463152e-9,1.8203343035122513e-9,0.14999999581878812,0.06437883701106788,1.6777982123837857e-9,2.160688183643271e-9,2021-02-09
0.14999999122124508,1.7316529122938696e-6,3.1656365556979898e-9,0.047664757976024,1.04481628391486e-9,0.14999999650507706,1.6338955681879207e-9,0.14999999733623254,1.0046397549895703e-9,3.880128473348652e-10,8.259688634966705e-10,3.8532369596474787e-10,1.395303829065188e-9,9.325900805508321e-10,0.03006463852837065,5.514725306109098e-10,0.06775681851764187,4.237758844498889e-10,3.2342492123923976e-10,0.04042309724284298,0.14918837173014735,3.903655393950683e-6,3.058006991865475e-7,1.7177506857764414e-9,1.2643559933582051e-9,9.69791089957406e-10,0.14999999880765588,0.06489637268241238,8.309454244118296e-10,1.4856406506983684e-9,2021-03-11
0.13985385011807874,3.9705799012721936e-10,7.972857327920617e-11,0.04131111626581654,1.083509182860538e-10,0.14999999896171323,1.9106515575144527e-10,0.14999999613960277,1.2788308738588535e-10,5.224396345778987e-11,1.2364404629925236e-10,5.975645377903358e-11,2.8276002697039077e-10,1.3973933028944788e-10,0.03075146837596776,9.186893242568156e-11,0.0911866304095382,4.2495191106619844e-11,4.827799756570851e-11,1.2565149484173212e-9,0.1354465011902792,0.041547748750651516,0.006647618692512659,1.4156608219272642e-10,1.7335462650196214e-10,1.0855966937536811e-10,0.1499999996904181,0.06325506769617358,1.5674851770717079e-10,1.276322317946919e-10,2021-04-12
0.1499998906812441,1.498005220411296e-9,8.173345704873398e-10,0.02853972894460877,5.442614464540648e-10,0.1499999977623921,8.091639162057183e-10,0.14999833746394844,5.322116268001152e-10,2.3840880102667195e-10,5.422510154535596e-10,2.599571619917016e-10,1.4793101710265866e-9,4.768464568621511e-10,0.029528938481797006,3.7698886398049635e-10,0.07160478977751511,1.6551745613555367e-10,1.8036613276305122e-10,0.01243254354592,0.10480282781188241,0.06333663906805419,0.015255774201483023,7.105571902123983e-10,8.971759345879622e-10,4.975516032432913e-10,0.14999999919572032,0.07450052165249438,7.25323378940704e-10,6.617091523820311e-10,2021-05-11
0.1499979140137476,8.183354409829073e-9,5.4666551734350586e-9,0.023993743126245633,3.29950266774088e-9,0.14999998431223388,5.215676135283652e-9,0.13013912771395708,3.678755417781964e-9,1.5902292449522554e-9,3.630218430122817e-9,2.0215534175490132e-9,7.347769872727026e-9,2.7941842690458622e-9,0.010793448814000165,2.329646475286416e-9,0.09896212425461214,1.09175012017865e-9,1.2115267120320272e-9,0.0009465718476546821,0.1021278916507031,0.042520125913833334,0.06927253374563869,4.535723526741057e-9,5.751325279961086e-9,3.5897727302603175e-9,0.14999999382502674,0.07124646968755763,4.526240247349275e-9,4.830905094915228e-9,2021-06-10
0.14999991625408593,3.4056751080826027e-10,2.105476956447246e-10,0.007339950131453316,1.3483271510482515e-10,0.1499999993263768,1.970129856416206e-10,0.1499999696108814,1.389416615296522e-10,5.642726325559936e-11,1.1178138551558089e-10,8.181018071243348e-11,2.513526036128154e-10,1.1826959193421233e-10,0.01733232353763272,9.674537246439439e-11,0.06311831212253106,5.213451395699717e-11,4.919340097931267e-11,4.864440981545412e-9,0.08499568878616245,0.09847989480549331,0.021891979631934632,1.6889263623175238e-10,2.106333542148642e-10,1.278775527061675e-10,0.1499999997830842,0.10684195843924978,1.5808297358262894e-10,2.0157407683857933e-10,2021-07-12
0.14999980012601613,2.754960542383988e-10,3.2470038563579964e-10,0.02096065416001849,2.3217916867496243e-10,0.14999999926219423,4.568457685814545e-10,0.1499999929995014,2.3995834086513074e-10,9.493031996930161e-11,1.5977393143286166e-10,1.1996310671306098e-10,3.9484725980820156e-10,2.0319675251361864e-10,0.026170500075000287,1.3284188737392166e-10,0.02610852979717245,9.659132725326118e-11,7.808594338513011e-11,7.678397279053914e-10,0.09478511396139157,0.07917892184251356,0.03800201098469618,3.534574201307345e-10,3.3898189559223926e-10,1.9618019644850012e-10,0.14999999969002373,0.1147944720219044,2.8617903618557226e-10,3.275188280390853e-10,2021-08-10
0.14999999384249454,2.3125529259962644e-8,6.557720960922062e-9,1.4283663565901956e-7,1.2131333317051765e-9,0.14999999813948245,3.746487658259932e-9,0.14999999595634317,1.0900072773877666e-9,3.737086327584525e-10,7.042304070152332e-10,5.563949159492451e-10,1.5793938300907491e-9,9.291749525505877e-10,0.025644621286691677,5.290336412913344e-10,0.020859518759994217,4.3425205114355435e-10,3.3199075091860443e-10,0.008658887207910176,0.12523031078245944,0.09668262998847163,3.604212551785278e-6,2.055613675143963e-9,1.2967870966741606e-9,9.510370318332273e-10,0.1499999986972857,0.12292024959944622,1.01264398316847e-9,2.203093850021554e-9,2021-09-09
0.14999999560427496,1.5441393419096625e-8,9.523200012466301e-9,0.018229808097869386,7.473801639706719e-10,0.1499999984444656,1.4906130893529094e-9,0.14999999765117072,7.289535317965947e-10,2.8148606437031375e-10,5.124024287027826e-10,4.123266289771985e-10,9.022297089099528e-10,6.627333174688603e-10,0.012152814276463007,3.744044067390428e-10,0.02302177553924883,4.882752637216438e-10,2.5605249443222013e-10,0.02800512907013527,0.14514221484180395,0.05465066093159205,3.609472765054764e-8,1.3129869095355758e-9,8.280689090013293e-10,7.338512592610138e-10,0.14999999893751956,0.11879753375951273,6.718343124984608e-10,1.3830244663750066e-9,2021-10-08
0.14999999925125374,3.178349585603177e-8,7.169548837126113e-9,0.010057901232211378,3.7798753163547174e-10,0.1499999995266808,4.383951438869519e-10,0.14999999899116648,2.3449467195344927e-10,9.223004859020177e-11,1.5238355533964595e-10,1.2102929941903094e-10,2.4001584185447146e-10,1.9408754503970014e-10,0.02019007795088995,1.2215204030034458e-10,0.03271418424269722,1.867188231322679e-10,9.490581568454292e-11,0.0388118816970522,0.11894871093581669,0.03707857839920912,2.4227237274272197e-9,4.945901984938806e-10,2.809578143678624e-10,2.521015070388828e-10,0.1499999996738489,0.1421986225850005,2.1492741449256752e-10,6.414272591787664e-10,2021-11-08
0.1499999994132535,0.005198970720248644,2.3009314653498917e-9,1.4674531775745432e-8,1.0815825351938832e-9,0.14999999954272994,1.0126242692574056e-9,0.14999999944926262,3.565417618087344e-10,1.2401824518292773e-10,2.1712825752001823e-10,1.7662537266636588e-10,3.346467350399244e-10,3.0392626056538595e-10,0.04540681961252338,1.496346361309887e-10,0.02499964504785808,2.3879774081148673e-10,1.3080239164962823e-10,0.04580339115514916,0.11632732853577266,0.034599560190269496,4.462770423212366e-9,9.70606905248624e-10,4.14176576217633e-10,4.602643736228414e-10,0.1499999996374032,0.1276642579032075,2.735120331518925e-10,1.1091996982819113e-9,2021-12-08
0.14999998432293163,0.08248624560108686,7.78672972527215e-7,0.0027480934618553912,4.22261438835468e-8,0.1499999894172368,3.1158712594504343e-8,0.1499999895707415,8.021381544976515e-9,2.852423099900889e-9,5.053435090817372e-9,3.4174507967169614e-9,7.10771178881603e-9,6.187357759948097e-9,0.020511075779531318,3.2944205575743755e-9,0.0272284902831814,4.171101687577895e-9,2.9391867716335456e-9,0.06394715346897875,0.09091399742996217,0.0007453797900787856,7.788185905105802e-7,2.570235934052661e-8,8.604874718896246e-9,9.624981755025584e-9,0.149999992938776,0.11141785923133816,5.518506665212729e-9,2.533269031036804e-8,2022-01-07
0.14999998976270107,0.09942026288399412,0.0010108636131618842,4.138780968922703e-7,2.0462178518763865e-8,0.1499999927673566,1.3476259969349408e-8,0.1499999920917733,5.438284108764018e-9,1.9442627380936145e-9,3.358875378020167e-9,2.644098544741178e-9,4.899068347503564e-9,3.913075792022274e-9,0.022264852080886178,2.3928381252615334e-9,0.038975413447701,3.729443820435983e-9,2.165998362338331e-9,0.05312617189844019,0.07418951580301597,2.0328887898608658e-7,2.2745294327645985e-7,1.6358880257920946e-8,6.617840937059423e-9,6.647925783658692e-9,0.1499999947075836,0.11101198092571907,3.962160623255234e-9,2.7386556462975305e-8,2022-02-08
0.14999998753732785,0.10593021687653005,0.006990389817984485,5.0205110445468094e-8,4.4533011218953305e-8,0.14999998781407922,2.1410038405076702e-8,0.1499999862926677,7.167920440280141e-9,2.6518839530709256e-9,4.332672083234279e-9,3.7086438499921225e-9,6.120240993108091e-9,4.653355640178791e-9,0.014682256688260223,3.518823679807501e-9,0.03705277795875876,8.24281519555966e-9,3.849102227252127e-9,0.061115212559032246,0.06959293416782843,6.057780586958905e-8,8.552562395923213e-8,2.2644849628364205e-8,9.05811208676755e-9,9.613073354312732e-9,0.14999999132578815,0.10463581847976107,5.940952529245887e-9,8.672794621061359e-8,2022-03-10
0.1499999929518315,0.05924201989861994,4.1642042070383154e-8,1.8815730706347278e-8,2.2713191597513235e-8,0.149999992172602,6.707076377970493e-9,0.1499999951082035,3.0254557395060293e-9,1.1461086732496266e-9,2.123508254650554e-9,2.211653955253427e-9,3.34657746561946e-9,2.4652853853663458e-9,0.026179901799813703,1.7894707872983822e-9,0.10051718658774833,7.773222959809446e-8,2.537396979287447e-9,0.1246106244382361,0.01531979570952035,6.78936302509084e-8,3.894192123649638e-7,5.841414187337473e-9,4.686007247148883e-9,5.645282402534184e-9,0.149999996658964,0.07412980060620455,2.829650720360762e-9,3.149733129139143e-8,2022-04-08
0.14999999747654413,0.07372123578340271,5.3428195027866265e-6,4.363884271616097e-9,1.6225512723025834e-8,0.14999999596633912,2.7562469103231492e-9,0.1499999971726558,1.534214588858007e-9,5.911256304908984e-10,9.074691502518193e-10,1.0754797479291664e-9,1.337464816922696e-9,1.0916131719132195e-9,0.016128884797945806,8.876275257719856e-10,0.08207009164255696,8.446116295188862e-9,1.3215976698823206e-9,0.127861267761178,0.05524435552667388,5.6892926828992216e-9,6.006578859332046e-9,3.731796651375919e-9,2.1168889737878928e-9,2.699409201231713e-9,0.1499999980084639,0.044968693696899535,1.3462882182342594e-9,7.721923030962601e-8,2022-05-10
0.14999999905105105,0.10412804585062715,0.019400343479921946,9.531250977861943e-10,3.3581160218455153e-9,0.149999998166051,1.0583825580907655e-9,0.14999999839679612,8.209423645276451e-10,2.8789384458214826e-10,4.334885776697871e-10,4.953914570934161e-10,6.00984533046422e-10,4.5148496647634965e-10,0.01447124187219692,3.94176507648385e-10,0.07103361759402078,5.123054573879464e-7,7.932297486994641e-10,0.12979099384860954,0.042457332379645066,1.4251718857066484e-9,2.2073257536345075e-9,1.767804199827789e-9,1.063486008590352e-9,1.7067460824236126e-9,0.1499999987183699,0.018717618928217626,6.113675769595255e-10,2.809799182248245e-7,2022-06-09
0.14999999976735792,0.08756300234353591,8.39351583942367e-8,1.6057473100097997e-10,3.6011564210230027e-10,0.14999999956605364,2.928810188276949e-10,0.14999999972401712,1.7787516564828407e-10,5.686427225954971e-11,1.0671850992006146e-10,8.667187490215337e-11,1.2890928832870265e-10,9.999595113651069e-11,0.02509719297983189,8.170043761956823e-11,0.07169624104044134,0.014666382892583844,2.404644154335954e-10,0.14999999461730185,0.04174392041625228,3.858241439217065e-10,6.612958269620396e-10,2.5961409918371745e-10,1.7770421943491216e-10,4.0918462805789317e-10,0.1499999997356021,0.009233171357479097,1.3509311339671125e-10,7.80289570918216e-9,2022-07-12
0.14999999957219817,0.10293220451272533,0.0022826759156891236,3.9712675653363077e-10,9.926381812752378e-10,0.1499999983697848,4.517561859703076e-10,0.14999999919718923,3.6566564745245266e-10,1.4240932284242331e-10,2.3128885026003767e-10,2.223327291769858e-10,2.850128412209283e-10,2.3393769756507797e-10,0.0053599561659380115,2.0757282490866606e-10,0.0501638591585037,0.0028194590285732955,4.763725795261826e-10,0.13865324116584288,0.08589847184602073,6.686862115545159e-10,1.3329247792252213e-9,5.322871983147665e-10,4.229256814135145e-10,1.024223513660182e-9,0.14999999930494287,0.011890119222420037,2.9831178896270056e-10,8.254699017455672e-9,2022-08-10
0.14999999665368763,0.09746569053642691,0.024797155381380602,3.4753831510794775e-9,1.1203452777792842e-8,0.14999998593977837,2.504598575460342e-9,0.1499999952171235,2.756012984911772e-9,8.679443982832285e-10,1.4769481233086011e-9,1.9371217708676114e-9,2.1309111011856616e-9,1.8107791126528427e-9,0.015751224442752156,1.2038636384002963e-9,0.03904991937472754,0.005035393553792465,3.6670591929719407e-9,0.14789914505996007,0.019769991170348254,4.777361080018589e-9,1.1114440627421976e-8,4.8679044207210475e-9,3.7082927658274528e-9,9.905835949473504e-9,0.14999999632539215,0.05023132086929691,1.9396200885543345e-9,1.1612780356812873e-7,2022-09-09
0.1499999958203919,0.07624257533181718,0.03543493747637693,3.8884047975107445e-9,1.2169458201745182e-8,0.14999996991057005,3.912556750264741e-9,0.1499999898606953,3.74005502407003e-9,1.1630690758402704e-9,2.099710482869519e-9,2.6949924417746405e-9,3.017121058012591e-9,2.603054091028865e-9,0.007872407112863343,1.6854081749368463e-9,0.025717943378736226,0.009394954897847243,6.2223684335570046e-9,0.14996817579580815,0.04449795235787259,4.9282220782772445e-9,9.023527105024553e-9,4.8540928912475364e-9,4.612190848994245e-9,1.1810170653063335e-8,0.14999999403285036,0.050870859614975276,2.859397203900258e-9,1.6312539623620266e-7,2022-10-10
0.14999999621251406,0.14999963599685062,0.027253593961877605,3.2447670126011764e-9,6.666183582677859e-9,0.14999991334704646,2.6520243678595133e-9,0.14999999121777557,2.85353522770488e-9,1.0924818793787533e-9,2.017550856696467e-9,2.1799037204002528e-9,2.449621454367669e-9,2.2222813631767013e-9,0.0031193770360166307,1.6205114114205676e-9,0.029206178485272807,0.02224206783145032,7.805642803063807e-9,0.09795832725410308,2.7883280471856653e-8,4.085036830852822e-9,6.686696716338485e-9,3.4830805663853777e-9,3.1373167322732207e-9,1.0439824612211765e-8,0.14999999256074206,0.07022078082533809,2.602095069460828e-9,5.214917800880302e-8,2022-11-08
0.14999999913399367,0.14999997251479177,0.045454111206631106,1.2258495443356327e-9,5.016454440747191e-9,0.14999999108340137,8.253522095726391e-10,0.14999999788293678,9.919516531941023e-10,3.8884719288776853e-10,5.814091213582035e-10,6.862862526155926e-10,8.079571771015204e-10,6.411135799336641e-10,1.429906018298053e-8,5.999440664609667e-10,0.03199643688357256,0.01837467866987225,3.1625850106359156e-9,0.07635112145967596,0.0016388423588317375,9.350029999955058e-10,1.075675817984005e-9,1.5230851613163888e-9,1.2041937368208805e-9,4.914217589092325e-9,0.14999999314073184,0.06089207823616143,8.83730768745578e-10,0.015292737666682947,2022-12-08
0.14999999040573894,0.14999318820025148,0.04087356351334606,9.56163763914755e-9,2.5232270763198577e-8,0.14999988031270037,6.372878940743469e-9,0.14999997447623828,8.218096606104292e-9,3.1881990359931905e-9,4.691146053277912e-9,6.50141265811818e-9,6.682333184719961e-9,5.02133013592255e-9,1.7590428324870896e-8,5.446201600079534e-9,0.049274911715515034,0.01086558427636686,2.3754256335417537e-8,0.08583702982376636,1.805161048775046e-7,5.434783519211395e-9,4.117209951347462e-9,1.1316806348471532e-8,9.201836822740639e-9,2.8574467503044713e-8,0.14588392923389487,0.05418931672673136,6.987395587258776e-9,0.013082262906654525,2023-01-10
0.14999999766185632,0.12478839690209656,0.029996530381209193,2.4001947213807354e-9,4.6091533637467394e-9,0.14999998263603714,1.6738780399866518e-9,0.14999999355708632,1.738375175865878e-9,7.052477373220659e-10,1.1500154140663628e-9,1.6012693248621503e-9,1.7998516984689845e-9,1.1636802379635257e-9,4.728441508097415e-9,1.2173828601950036e-9,0.04768718009614099,0.011320493221744573,5.968015023463716e-9,0.1351806925775738,1.2254940957104386e-8,1.5297512137390835e-9,7.639764418159388e-10,2.0377729526924917e-9,1.979879615125749e-9,8.122868337324603e-9,0.1354753378981226,0.0655502117895181,1.7364168560313485e-9,1.1260975029100197e-6,2023-02-09
0.14999999264070557,0.1346316143315794,0.05050810233761946,5.3370132375697156e-9,1.397441424577954e-8,0.14999995915744946,4.3740600980106316e-9,0.14999998240005286,4.823749634558806e-9,1.7052285072501935e-9,4.101549248544477e-9,5.546831533277735e-9,5.932970297880548e-9,3.6284951272386842e-9,0.01582510342013399,2.9235044094099093e-9,0.04476308493429831,0.011493396440834257,2.3644073385172602e-8,0.10905147073182726,2.175053906377872e-8,7.064262929608992e-9,2.944327323675784e-8,4.494845068203756e-9,5.945920925193242e-9,5.792180496521695e-8,0.10144201078485292,0.08227636236112519,4.858023641670578e-9,8.712988961793899e-6,2023-03-13
0.14999999769791808,0.1499982748217218,0.034397425071279776,1.418901489197915e-9,2.296016177608924e-9,0.14999998869233344,1.4908919505549276e-9,0.14999999036452386,1.4209878356186765e-9,5.699858138313363e-10,1.4707372491001842e-9,1.7875401739142296e-9,1.7692329798066944e-9,1.2404781789491024e-9,0.017282878302375692,9.682302017870052e-10,0.0332234904790325,0.010656478178859926,9.768060246477763e-9,0.1036319886490383,5.118987387342088e-9,1.8523542161467167e-9,6.057377881685797e-9,1.3814483193292545e-9,1.8589690492392998e-9,1.0274620245938586e-8,0.09043994758844164,0.08103753621815374,1.2508900776953964e-9,0.029331951940611608,2023-04-12
0.14999999818163562,0.14999926515605613,0.025938085919495403,1.132073820493289e-9,1.575942747002485e-9,0.1499999928946816,1.1755527465491576e-9,0.1499999944172868,1.1690604732943112e-9,4.401641542923736e-10,1.212620513982198e-9,1.1639681314782704e-9,1.3181611472087722e-9,9.145254048933287e-10,0.010671973383696857,7.933134765564806e-10,0.027153288763499078,0.0079759557295552,4.591152171534435e-9,0.06223632001750107,2.7182584488716127e-9,2.0488051642098427e-9,7.1638675348082735e-9,1.1630289083628778e-9,1.3849540386240372e-9,6.848713418961993e-9,0.11158196744019909,0.059960993846257554,1.0266084180579404e-9,0.09448212640936514,2023-05-11
0.14999999886737136,0.14999995927838394,0.10865857837927051,1.3687242513244774e-9,3.096978347193925e-9,0.14999999366491354,8.084259243154921e-10,0.1499999969239102,9.937439170987674e-10,5.008179054698026e-10,6.897096398231219e-10,5.736739090127554e-10,7.650575213659622e-10,6.399070031606477e-10,1.1929930757408837e-9,6.121549183826618e-10,0.01272716041903928,2.1408928852407735e-8,1.4106706103661117e-9,0.018913827958042938,0.030022896069985868,1.1466233660959615e-9,1.089108589773791e-9,2.413651019045561e-9,1.2335038911054552e-9,1.9451349648384748e-9,0.11573563681090675,0.03188871755645312,7.292054240388767e-10,0.08205319145270966,2023-06-12
0.14999999418764376,0.1499999652246144,0.08887275602754506,3.1620915724124486e-9,4.677300229965768e-9,0.1499999812060181,2.5460778416353107e-9,0.14999997967185824,2.992013722165789e-9,1.358050913036462e-9,4.000297696496694e-9,2.668906790310365e-9,3.982000215552803e-9,2.692689827818784e-9,0.030393878138396092,2.046240095170207e-9,0.00977286445176241,5.528225786833802e-8,5.753100764547835e-9,0.00768834749794436,8.405615585515117e-9,7.071257688865616e-9,2.0627160795211152e-8,3.5598879790983503e-9,3.464275057143253e-9,1.5612184490611926e-8,0.09971745493051991,0.03541136697296959,2.682634666980234e-9,0.1281432591066844,2023-07-13
0.1499999963438996,0.14999978572816441,0.09005069446532171,9.892400195984159e-10,1.60548584863508e-9,0.14999998608760465,7.568500432446481e-10,0.14999997442657248,9.377012756075133e-10,4.34444781563665e-10,1.3864987634161976e-9,9.394262138235946e-10,1.3814312243166709e-9,8.85452691841774e-10,0.030433062775492466,6.361253367517469e-10,0.022806568533069966,1.4046324410591363e-8,1.6185181414957408e-9,2.3841370590148065e-9,1.9781086873093734e-9,1.9645319989107585e-9,5.872452442724016e-9,1.0516530444520985e-9,1.2499734317768418e-9,4.265027494589055e-9,0.08581760858684527,0.0502101928069912,8.117066223518972e-10,0.12068208505094882,2023-08-11
0.14999999424067323,0.14999993177062967,0.07777730889798783,2.0861336206733897e-9,5.424473867721196e-9,0.14999998219713412,1.512195140129235e-9,0.1499999539560502,1.9070499786416733e-9,9.284828635992857e-10,3.5744417881364277e-9,2.117067341269332e-9,3.482880558302465e-9,1.6268121054879851e-9,0.028247561100935795,1.3945268582281173e-9,0.05245559478999679,8.646364278186015e-7,5.795780122016607e-9,2.428860557111937e-9,3.9564728244744936e-9,3.886672185149878e-9,1.2504684787802895e-8,2.1233457944796787e-9,2.5102577903961218e-9,1.4743179276768708e-8,0.08530705366186496,0.06288777120861268,1.8431814187316883e-9,0.09332390969318809,2023-09-12
0.1499999964994479,0.14999987814000898,0.10101732450813576,1.8065769544699648e-9,5.9763031956223095e-9,0.1499999787808069,1.0298994078302825e-9,0.14999998570156586,1.2858057354350412e-9,6.249575704783466e-10,1.7040056308291032e-9,1.1426325642558712e-9,1.8192519627937652e-9,1.0307500668830533e-9,0.020417150824035318,8.899382107587052e-10,0.05895823122103196,2.126552566882783e-7,3.569950325311173e-9,2.469681312307275e-9,4.266666984666942e-9,2.9225849057827406e-9,3.550719261705786e-9,1.7083670850339416e-9,1.6285028159844691e-9,4.628638739612318e-9,0.08445024959060636,0.029322913606545667,1.2082999210419309e-9,0.10583403520902585,2023-10-11
0.14999999672881395,0.1499997266819643,0.1037550799186052,1.44736907133843e-9,6.318820242860516e-9,0.14999998354323113,9.371523696326117e-10,0.14999999130665737,1.1549920418145019e-9,5.618534559470082e-10,1.527832845443342e-9,9.698573695740813e-10,1.5529919696725547e-9,9.129792764453988e-10,0.017097622698709347,7.528198060871947e-10,0.05115220182703311,0.005560710642199593,2.212618435039002e-9,3.2310878914064074e-9,4.563631168947498e-9,3.033736194035067e-9,3.690407832575528e-9,1.5922695283464228e-9,1.4915179396441094e-9,7.014130399119551e-9,0.09803616491995304,0.021479874878498055,1.0902768912776147e-9,0.10291860279798995,2023-11-09
0.1499999998247653,0.14999995127811008,0.04754223835315351,9.02269659027477e-11,2.9678006594994777e-10,0.1499999986568354,5.879061861245398e-11,0.14999999901045025,6.334775194801489e-11,3.6986328657272144e-11,1.49947474040324e-10,6.838536577671829e-11,1.3120493568937636e-10,5.057029472894848e-11,0.00739774393627881,5.073690019751574e-11,0.052235167933307014,0.007832947174098319,1.8911575586628855e-10,9.086384025684659e-11,1.213723087239018e-10,2.958427764128475e-10,1.2130890047908486e-9,7.734983530915733e-11,8.589899350292753e-11,6.673832368513281e-9,0.12686412024718768,0.008127824862545124,7.01667192983971e-11,0.14999999890876042,2023-12-11
0.1499999991999983,0.08844272372577944,0.04373779543843561,1.2558969482077497e-10,2.8275096886145e-10,0.14999973383555512,1.1595072425642321e-10,0.1499998460427406,1.0227314660205667e-10,6.448889506078465e-11,5.145423674701941e-10,1.3688322284678762e-10,2.3178085212388488e-10,8.88894467212462e-11,0.022209710842160654,9.070465836727173e-11,0.06608540702997001,0.020476112795521143,2.1767952158608023e-10,6.764827174165962e-11,1.2893205666799015e-10,3.0134485542962823e-10,0.05599203136666503,9.911777929683324e-11,1.37533097940206e-10,9.584470092719907e-9,0.10305663407438424,1.6830877151483599e-9,1.192226556536057e-10,0.14999999155589966,2024-01-11
0.14999999911481274,0.07646670095878691,0.09879821407000261,1.3497602729230156e-10,3.2156052766717697e-10,0.13910154484308684,1.1047584442702961e-10,0.14999999667632163,1.2073985250716812e-10,7.479882853834695e-11,3.8948397775536494e-10,1.5434238542705234e-10,2.448787139751497e-10,1.111958935870693e-10,0.004078843023773824,9.973764705508028e-11,0.04516676332976902,0.015410612882748727,2.354384115716342e-10,1.581564199280467e-10,1.3147415430762632e-10,4.077658240429249e-10,0.024609415498021727,1.2610920216430478e-10,1.7287578001227698e-10,2.6899481868574703e-9,0.1463680317603074,7.154240946734263e-10,1.4141570997922555e-10,0.14999987130157114,2024-02-12
0.14999998540065274,0.08916541308463719,0.08432342014690936,5.837952234213071e-9,1.7113476617787228e-8,0.14999835162335,2.9974251637631556e-9,0.14999998524568708,3.3837162366885187e-9,2.0466858426497025e-9,9.82662802168783e-9,3.99077685657295e-9,7.571193641242323e-9,2.8807922410369263e-9,1.247095722991718e-7,2.5696692782325264e-9,0.042464329133587886,0.014696883595232902,8.893041995119023e-9,4.855100947857183e-9,9.495281530876082e-9,1.8066925270700333e-8,0.019350656821349864,3.838599817104101e-9,5.386930508574907e-9,2.0437732895482642e-7,0.14999998412517035,5.652017411040003e-7,3.844802696906061e-9,0.14999998393578165,2024-03-13
0.14999999651289228,0.08407932044453184,0.06845133580368289,3.3127217600190195e-9,1.2465651939644871e-8,0.14999993517797425,1.4691292193041491e-9,0.149999994059548,1.687616071678861e-9,1.0352070591649195e-9,5.411738077970015e-9,2.0026409423182048e-9,4.282302856836919e-9,1.3576556738430338e-9,3.309889211367505e-8,1.3691441045883789e-9,0.056311644780580206,0.009605180966853788,6.465657300645847e-9,3.3943024948920416e-9,5.059066671429682e-9,8.031654714960678e-9,0.01874386789955067,2.226617577837987e-9,3.1016206238961917e-9,0.012808355412181012,0.1499999960267667,2.794610598030917e-7,2.1400402929901366e-9,0.1499999955427194,2024-04-12
0.14999999950600923,0.09337257656952858,0.08261131111867792,5.034656902664178e-10,1.4667975071112694e-9,0.14999995301067173,1.7161258963437376e-10,0.14999999924527854,2.1657820982491412e-10,1.324161164059567e-10,5.920332299470112e-10,2.845119966422773e-10,5.845911117787684e-10,1.8504579076851227e-10,3.4405160130138138e-9,1.9295053136638527e-10,0.06834655940163856,0.005669468967033048,9.912924426368484e-10,5.795342714372568e-10,4.841024058815187e-10,1.6339955222935851e-9,1.962021820777166e-8,2.9832074893237307e-10,3.7882502710388797e-10,9.155123812320408e-8,0.14999999936088249,9.614090932637351e-9,2.8265361469414607e-10,0.14999999961549457,2024-05-13
0.14999999759265184,0.07446100403889326,0.13493835938873028,5.666380153674478e-9,4.679237447599608e-8,0.14999997152898267,1.3206875563547732e-9,0.14999999599961,1.924313446526962e-9,1.0514114840755503e-9,1.5644063280644987e-9,1.2360828683840798e-9,2.0137983036958104e-9,1.246046012876674e-9,3.2253148415731205e-9,1.3711845654438605e-9,0.04060042043287663,3.1038496789696396e-8,4.29067015037232e-9,1.4252623516953672e-8,8.620773936593417e-8,3.3662257389049484e-9,3.932671509136551e-9,7.16125860324961e-9,2.8011332967855224e-9,8.814946348671783e-9,0.14999999225546548,2.942698697387439e-8,1.5586798882669631e-9,0.14999999849935763,2024-06-12
0.14999999618665555,0.03008035567646439,0.14999993497177366,7.620046360332843e-9,3.204532182600738e-7,0.14999997090995804,1.8035922292062925e-9,0.14999999615613419,2.4653842160206576e-9,1.2252302218512855e-9,3.322163681323841e-9,2.03640275255524e-9,4.21421045887869e-9,1.7909554218817536e-9,1.3336330727715946e-8,1.9859413597693557e-9,0.05284740893669295,0.003043316654082795,7.519210464469475e-9,2.3332203570815965e-8,1.8198865323167547e-8,1.1125569570834306e-8,0.014028511407803397,7.53922377571074e-9,3.974408051547516e-9,5.2610527160222395e-8,0.14999999800821898,3.577492761486182e-8,2.3860940336799267e-9,0.1499999883777107,2024-07-15
0.1499999951670488,0.018186513749834973,0.14999997153335978,7.208129608584351e-9,2.1839301222544013e-7,0.14999998271840148,1.9483926542252408e-9,0.14999999429977365,3.09981550860674e-9,1.6869585830386439e-9,4.111029228113087e-9,2.6070861816119185e-9,5.043653199942232e-9,2.334086713071767e-9,4.886629034089803e-8,2.353818670831012e-9,0.0483951326525856,0.007472696673014277,7.801628573704441e-9,2.2922556496320875e-8,1.9192883023109664e-8,9.972290815476285e-9,0.025945286373269275,9.086002052288492e-9,4.9488854495891105e-9,4.1128454285629656e-8,0.14999999522032817,1.9356101090461515e-8,3.0972710988404416e-9,0.14999999645403814,2024-08-13
0.14999999587234122,0.023007657804938818,0.14999999123686997,3.358995136876752e-9,2.33789968491632e-8,0.1253079622650191,1.2248583193884493e-9,0.1499999944461488,1.9027620837595672e-9,1.306511181084771e-9,3.350410335816027e-9,2.148071032301984e-9,3.1772789558133092e-9,1.4476241649638014e-9,2.7042325612400413e-8,1.6343942161553199e-9,0.03366859577991815,0.01832628448818686,6.525809363342284e-9,1.2903013354144891e-8,5.086832660896334e-9,3.871073930857694e-9,0.04968939770419158,4.1258220252732045e-9,2.6432481138976655e-9,3.071090573140168e-8,0.1499999769952417,6.475294762055207e-9,2.0989502219245025e-9,0.14999999899396582,2024-09-12
0.1499999989667963,0.07037288717023359,0.1499999971687844,3.897128758880313e-9,3.7762119802101316e-8,0.14999999474613096,4.476115027320636e-10,0.14999999869110983,6.64696071709215e-10,3.4393180770398145e-10,5.12272768575229e-10,4.140274710720373e-10,6.873892284834798e-10,4.1567900466563537e-10,1.3014765774150534e-9,4.729804609016704e-10,0.020710291437134945,0.0010739109354433597,1.4256264005192929e-9,5.697874702242548e-9,0.00784284483032628,1.6310133968087413e-9,3.766605570903985e-9,5.607637436537608e-9,1.0750851193019804e-9,3.0761644259272236e-9,0.1499999976518791,1.1080279283616299e-8,5.760944452902973e-10,0.1499999975464672,2024-10-11
0.14999999987210902,0.007045702917857213,0.14999999979808917,2.9463498630007617e-10,1.1849064922783266e-9,0.14999998135405243,5.284341492250485e-11,0.1499999998420442,9.092397368266908e-11,4.977768132003251e-11,1.2239640679772253e-10,8.346569253987853e-11,1.3762447451437063e-10,6.36977186340947e-11,7.273680971561875e-10,6.701819946663092e-11,0.035259964218932856,0.01919524767207062,2.957468859084009e-10,8.595064292235733e-10,4.4182783280011775e-10,2.6365408216884786e-10,0.0384990976048715,2.9369515333980943e-10,1.5569594446450656e-10,9.275964363006642e-10,0.14999999979297954,7.792659348272985e-10,9.836193046797024e-11,0.14999999993698304,2024-11-11
0.1499999947482397,1.1304797369361481e-7,0.1499999932547404,6.382761551086761e-9,2.192950564917998e-8,0.14951272124493378,1.2248042237701303e-9,0.1499999943209028,1.8112407130549204e-9,1.0287739760926063e-9,3.3784581026720446e-9,1.9720960954303183e-9,2.652604954421878e-9,1.4379497425888192e-9,0.006202968074224902,1.444363006621904e-9,0.017138064957888492,0.03448203481327775,4.571621876839978e-9,6.259138854675719e-8,7.177532658624134e-9,8.447520814958178e-9,0.042663941821493405,4.1735826573345245e-9,3.179765249891985e-9,2.3361089707870753e-8,0.1499999922064119,2.7399175944106128e-8,2.2293709792587216e-9,0.1499999951163069,2024-12-11
0.14999999719376653,0.006566387402451389,0.14999999622729648,5.944902915936112e-9,1.7373597521923366e-8,0.14999998146812246,7.776300438693515e-10,0.1499999966065926,1.1449885294789662e-9,6.109401165552154e-10,1.8342803089357953e-9,1.0902305061131503e-9,1.7531425905080535e-9,8.118142291272615e-10,0.013730599771913632,8.464280538161783e-10,0.008940420509440628,0.032386505800926786,3.0694256816166823e-9,1.3729969619558451e-7,7.385144230541481e-9,6.459633114223282e-9,0.038375900578802746,3.2779577467941683e-9,2.133898430467152e-9,1.1723780845709307e-8,0.1499999974340173,1.6984375899088865e-8,1.3275595490683702e-9,0.14999999515724274,2025-01-14
0.14999999871138814,0.007504465402780557,0.14999999800198172,4.434398551850576e-9,7.389183091798624e-8,0.14999999199245678,4.922554584978204e-10,0.14999999856159069,7.466883768638668e-10,3.877202352434256e-10,9.411500291044551e-10,6.620610952898343e-10,1.0284559754356917e-9,4.984297488147076e-10,0.0059088049326221255,5.411764802199837e-10,0.007618418843207775,0.02781241459461651,2.168116693104477e-9,0.022011302268069848,1.5671306040777748e-8,4.2350110327238976e-9,0.029144457743789303,3.0964765678743835e-9,1.5174043430229914e-9,1.6784047249643322e-8,0.14999999852246992,2.5519124356619232e-8,7.935251118859268e-10,0.14999999701584546,2025-02-13
0.1499999989503905,8.507183094309858e-9,0.14999999901292568,5.0724505086262286e-9,6.318600980105682e-8,0.1499999911505011,4.3058994638371794e-10,0.14999999882183793,6.509990271515149e-10,3.194079626160224e-10,6.845406286204096e-10,6.136769979147005e-10,8.600615254932518e-10,4.1200226465175565e-10,1.950016806761378e-9,4.783716705198567e-10,0.012967813192742407,0.035572969269464905,2.245575579243184e-9,9.812148959609045e-6,3.306538826851314e-8,2.779288306074731e-9,0.0514491313341777,2.9001964279157154e-9,1.2193868507397657e-9,2.021447253159023e-8,0.1499999987107666,1.4250368997313532e-7,7.729857726408099e-10,0.14999999854193954,2025-03-17
0.14999999967560063,2.0520599798463306e-10,0.14999999984079695,6.759386814420256e-10,1.3469390065829504e-9,0.11670764088001433,6.361058274424482e-11,0.14999999959530158,1.099241036260462e-10,5.49380184121209e-11,1.6890642251149153e-10,2.0453470489257352e-10,1.6166945702403605e-10,7.37141348935323e-11,1.6694755531278323e-9,1.2388058485041595e-10,9.42004295353029e-8,0.043821916303274325,0.025927617507999566,1.2506335701911995e-9,3.4618266347811027e-10,2.652508496793779e-10,0.06354272055744604,2.1256409539461515e-10,2.1381525647315601e-10,3.2744452023948278e-9,0.1499999989594976,1.998760643425732e-9,1.5442038549843914e-10,0.14999999990482843,2025-04-15
0.1499999937693877,1.6977211939982883e-8,0.14999999898943167,5.5168012477137665e-9,3.898550424289245e-9,0.06289264840046645,4.468660234102847e-10,0.11302301640269827,5.873490020539625e-10,3.442802307858213e-10,1.0378694496199817e-9,6.871997929032199e-10,9.407527523649385e-10,4.759805388553261e-10,6.2507016485536954e-9,8.776367999029584e-10,2.3759447260723998e-9,0.03959420745049611,2.2698910045347482e-8,0.09088911190718064,1.7971284363349348e-9,5.899190733079654e-9,0.052512386604385924,1.00674584475756e-9,1.0585178443789983e-9,0.12148606741391768,0.0696024916138669,4.855260704019416e-9,1.2928506691705757e-9,0.14999999842241982,2025-05-15
0.1499999993791248,2.668019131389896e-7,0.14999999982145867,1.2650001323696382e-9,1.400383027914497e-9,0.06851321767631134,1.1410328196575973e-10,0.07082186176805856,1.291396266702589e-10,7.253414111535083e-11,1.7045093402892583e-10,1.1882078820930378e-10,2.327804110581283e-10,1.0924543046220664e-10,1.267357281334389e-9,2.2495473488248817e-10,4.0546549104183446e-10,0.03342826679453009,1.164741054452667e-9,0.14999997979186436,5.748014956773326e-10,3.386162629962279e-9,0.05096399427605446,2.5300418405678894e-10,2.514993669873659e-10,0.12190495810584712,0.05436743958571375,4.9040980523928386e-9,3.0455810406048156e-10,0.14999999965002345,2025-06-16
0.14999998951342391,1.2594608170209408e-7,0.14999999726126895,3.285442449119589e-8,1.6286088478201532e-8,0.05637208144090846,1.6020447206549717e-9,0.12338341104030409,1.813206822882843e-9,1.0618098447308908e-9,3.0352143477104042e-9,1.904158627927287e-9,3.98442508063398e-9,1.6494815065188692e-9,6.845660752608652e-9,3.516559733267972e-9,5.430419713087863e-9,0.03375667211746906,5.4281756063486546e-8,0.14998072550684094,7.888311687378954e-9,1.3019617476407007e-7,0.0355108196556282,3.6135171582816827e-9,3.7599427384344725e-9,0.11061241510223604,0.040383395681598835,8.953409404400009e-8,4.286853532497636e-9,0.14999999319009572,2025-07-17
0.14999999276402814,0.05443513109823576,0.14999999811412268,3.4888396166854666e-8,3.6099988908536435e-8,0.026423071315111082,1.5173184188560521e-9,0.13293475934055146,1.362626214223796e-9,8.915319089050889e-10,3.2984245338583608e-9,1.457596081388316e-9,3.262031505301893e-9,1.2770533074412856e-9,2.4589477999844583e-9,5.58032518726263e-9,3.1700859565976266e-9,0.035993590305423664,0.0005633246680390551,0.14925091382070904,1.0234864028087818e-8,2.7726338506286523e-7,0.03753171812162044,3.728109751383834e-9,3.816383106812516e-9,0.10290400935455359,2.4041052055064924e-6,0.009960694769218742,4.829348325526575e-9,0.1499999970867649,2025-08-15
0.1499999986088822,0.06593612142396063,0.149999999743702,9.052015335168481e-9,6.454138613839458e-9,1.1099085540792135e-7,2.727240744042936e-10,0.1343678345778232,2.512931117909854e-10,1.8074727229437672e-10,7.827802423921778e-10,2.9147242495814707e-10,5.131563992853902e-10,2.4150314207096704e-10,5.136144569268018e-10,1.2678286713415732e-9,5.979724699415713e-10,0.043309549092190404,0.0054438522744985505,0.14999997906288987,1.4295434937916167e-9,5.023102047230705e-6,0.052359196532036495,6.118244771169768e-10,6.183387023406373e-10,0.0945737574382932,0.004004502525146302,5.092056140460342e-8,1.0178633369866419e-9,0.1499999996102969,2025-09-16
0.14999999946994988,0.02675131193860332,0.14999999984075948,1.2247755821308253e-9,2.0945346223870395e-9,0.04117703249083356,1.218916807733909e-10,0.1499999767836339,1.1632367808277375e-10,8.28769038405605e-11,2.886596082348909e-10,1.2850828952846237e-10,2.5631423470370185e-10,1.18398327478062e-10,2.5219006433623803e-10,6.236849376310685e-10,2.6982679151626736e-10,0.03201548435072934,0.02346369183082565,0.14999998371917667,7.266452744075708e-10,0.014577920979323646,0.03292970334715755,2.9448804236078576e-10,2.540544297592364e-10,0.06939307620567324,0.00969180957051868,2.4379300259329647e-9,3.870789133075871e-10,0.14999999979463363,2025-10-15
0.1499999632776876,0.07397105261145695,0.14999998691839084,1.039398176217649e-7,1.7961437016456919e-7,0.011616147108437811,8.244487484526762e-9,0.14999992385617872,8.968830934177898e-9,5.781410583193602e-9,1.9298742205771792e-8,8.901256960477994e-9,2.1046846812571654e-8,9.933851218937905e-9,1.493758439754808e-8,5.970740009075909e-8,2.9815736260341806e-8,0.030003964422385315,0.02469834016701425,0.14999944612131969,8.390523587983206e-8,0.008997341616324582,0.03675078885693884,2.6252784472800713e-8,2.0260486800005976e-8,0.04734494811916769,0.01661724047701088,2.4132926508045223e-7,3.144720851665598e-8,0.14999998306237172,2025-11-13
0.14999999825623597,0.08121935739932064,0.14999999906959377,4.798135674712597e-9,1.2411538848440066e-8,0.02405431624554343,3.7970663850404655e-10,0.14999999845931114,4.162205452448853e-10,2.500197237004306e-10,7.127429646665894e-10,3.7290987933394455e-10,9.49498072449291e-10,4.329013818340062e-10,5.884646728065225e-10,3.222646163315076e-9,9.422014983683699e-10,0.02130513154369345,0.030470499427038444,0.14470929242485542,4.809059356926855e-9,1.2472209200740448e-7,0.029820115913225118,1.1151749321777633e-9,1.0036212968018907e-9,0.036917562812553296,0.03150356029094173,1.1384980548580676e-8,1.1766543853978067e-9,0.1499999984691192,2025-12-15
0.14999997097597703,0.10462827465680541,0.1499999746778543,5.5250290334999474e-8,3.191313728821043e-7,0.01592909137230731,6.687310272983851e-9,0.14999997229193127,7.3645343258958764e-9,4.228421774045526e-9,1.0407649339020474e-8,6.2427415132396605e-9,1.6793754379334612e-8,7.482158924876004e-9,8.044692777098686e-9,6.396418971949574e-8,1.5404607138432856e-8,0.013314175835487356,0.03915483433744237,0.14451224629712806,1.5733184843941052e-7,0.0005548576930697255,0.01649831432195851,2.2980810557733666e-8,1.9546124349757726e-8,0.03080018355926056,0.034606958808958484,4.3216991307105155e-7,2.150885782918401e-8,0.14999997063254197,2026-01-15
0.14999999644408496,0.09086544340178825,0.14999999753257773,5.216045777525444e-9,4.191419156156007e-8,0.011867734573365,7.895328396214835e-10,0.149999996625754,8.950811635909454e-10,5.213512281400304e-10,1.3844696394574875e-9,8.452829528800338e-10,2.3165124337193905e-9,9.250410750202179e-10,9.236992298657262e-10,3.746665758282581e-8,1.944078552826999e-9,0.014113157892336548,0.039055099757735454,0.14999910291789595,1.2992116360633135e-8,2.8164759552665814e-7,0.01931399841739147,2.807029813653761e-9,2.577788908663927e-9,0.0429285776649335,0.0318564421420572,5.772929827468461e-8,2.7216184731487523e-9,0.1499999970126887,2026-02-17
0.14999999917667675,0.10666015145373464,0.14999999260702468,2.202310330524492e-9,3.033446552771367e-7,0.054466406294867334,1.9597083439399543e-10,0.14999999929004115,2.34167103238049e-10,1.2067669323779836e-10,2.5918469406084716e-10,1.756552466305787e-10,6.144783994866984e-10,2.4804274313181117e-10,1.9802351139038623e-10,5.948259950940555e-9,5.36973049795539e-10,0.0004590530199212942,0.03881060663456636,0.12564536834641615,0.025010948907542557,0.01931332294790101,1.437848977549256e-8,7.394185414328109e-10,7.885050001097205e-10,0.001508553827136029,0.02538753319885042,0.002737735181514182,6.265365852490248e-10,0.14999999850245976,2026-03-18
0.14999999168108283,0.12154591329820087,0.1416875385257787,1.6086738614501826e-8,0.011718772282903172,0.03596158417321295,1.8598123061714867e-9,0.14999998983906557,2.2082606139541053e-9,1.1145411190280473e-9,2.2235827872660437e-9,1.6692869673948826e-9,4.285320899300579e-9,2.05408043923886e-9,1.7214948367765045e-9,4.3504084308323305e-8,3.5669222401342832e-9,0.0008222579751166158,0.03751168123889672,0.12701192240755715,0.03205641629760369,0.029226691956498786,3.272289061597261e-8,6.2956281204593375e-9,6.944938680278191e-9,3.400622691202134e-7,0.012456607973971736,1.7486326269447998e-7,5.785314684209281e-9,0.1499999853816822,2026-04-17
0.14999996749941824,0.1051408902392352,0.1499999513468674,6.268410360029876e-8,8.364713615185842e-6,3.7183129742445082e-6,6.420419953204085e-9,0.14999996536558433,7.012361326021047e-9,3.8409163862700435e-9,9.145927616212108e-9,6.387700806020353e-9,1.528873056044536e-8,7.266745626531254e-9,7.878557075309516e-9,1.269480719137817e-7,1.2841629851505843e-8,0.014520053132219012,0.04589926401756897,0.14998786401593586,4.2210454056333356e-7,0.008234717582279595,0.029763220227376878,1.5513327588186425e-8,2.4166363789300068e-8,0.02948066388506655,0.01696037200890892,2.693524425611708e-7,2.371265348631649e-8,0.1499999670884571,2026-05-18
0.14999998370663797,0.1037570958891114,0.14999997927568615,2.5094261115142595e-8,0.0010011249512051283,1.371984802490082e-6,3.847348072959551e-9,0.14999997193126166,4.093467664706496e-9,2.4124081633040075e-9,5.227792080551898e-9,3.5269718807914894e-9,8.189663563309336e-9,4.322052610061079e-9,4.333639956022561e-9,5.020346886883142e-8,6.270099262159921e-9,0.012857489449880454,0.054241160345945755,0.14136379030462634,8.602269414244289e-8,0.010348445689031484,0.047087528419909354,9.568723390983686e-9,1.4538482348856203e-8,0.016225496469807584,0.013116230512633678,1.0620461521653748e-7,1.5088437864311304e-8,0.14999998212533414,2026-06-17
