Window,Date,StateIdx,logVIX,Drawdown63,Total_Prob,ESS,Tail_ESS,Min_Euclidean_Dist,In_Convex_Hull
1,1994-12-22,88,2.5041692739952985,0.035185476446390446,1.0,91.00177206154214,6.219810931146911,0.008320063724336128,true
1,1994-12-22,386,3.459949913467428,0.0820994450415777,0.9999999999999999,2.280283519098874,1.0,0.03863616809926616,true
1,1994-12-22,415,3.528219959144008,0.17592738223195223,0.9999999999999999,8.709709947192371,1.000000000000482,0.004727166130315727,true
1,1994-12-22,354,3.3234098221142663,0.19938436652954586,1.0,11.835331950503894,1.0000044839189846,0.012760859345623673,true
22,1995-01-24,86,2.5041692739952985,0.011728492148796815,1.0,308.9464658613289,15.257559246175232,0.0022264051503889668,true
22,1995-01-24,415,3.528219959144008,0.17592738223195223,0.9999999999999999,8.484428733264933,1.0000000000004465,0.004727166130315727,true
22,1995-01-24,386,3.459949913467428,0.0820994450415777,1.0,1.5510087141948785,1.0,0.03863616809926616,true
22,1995-01-24,354,3.3234098221142663,0.19938436652954586,1.0,11.742454912473715,1.000004048404223,0.012760859345623673,true
43,1995-02-23,64,2.4358992283187177,0.0,0.9999999999999998,240.15223959475264,14.222723157803461,0.0003422494880016558,true
43,1995-02-23,415,3.528219959144008,0.17592738223195223,1.0,8.329565641485555,1.0,0.004727166130315727,true
43,1995-02-23,386,3.459949913467428,0.0820994450415777,0.9999999999999993,1.4895134968103454,1.0000262125601618,0.03863616809926616,true
43,1995-02-23,354,3.3234098221142663,0.19938436652954586,0.9999999999999998,11.675077736519476,1.0000045642079947,0.012760859345623673,true
64,1995-03-24,64,2.4358992283187177,0.0,0.9999999999999998,257.187428566007,14.927064759639732,0.0003422494880016558,true
64,1995-03-24,415,3.528219959144008,0.17592738223195223,1.0,8.368149309307649,1.0000000000004323,0.004727166130315727,true
64,1995-03-24,386,3.459949913467428,0.0820994450415777,0.9999999999999997,1.490268475737203,1.0,0.03863616809926616,true
64,1995-03-24,354,3.3234098221142663,0.19938436652954586,0.9999999999999998,11.682713259292475,1.0000044224223406,0.012760859345623673,true
85,1995-04-25,85,2.5041692739952985,0.0,0.9999999999999999,313.44834395084933,22.528943443382502,0.0013566629954375742,true
85,1995-04-25,415,3.528219959144008,0.17592738223195223,1.0000000000000002,8.195934458589319,1.0,0.004727166130315727,true
85,1995-04-25,386,3.459949913467428,0.0820994450415777,0.9999999999999998,1.4848692621177986,1.0,0.03863616809926616,true
85,1995-04-25,354,3.3234098221142663,0.19938436652954586,1.0,11.52856191180607,1.0000024482887104,0.012760859345623673,true
106,1995-05-24,64,2.4358992283187177,0.0,1.0000000000000002,284.36640141780384,17.794456783849387,0.0003422494880016558,true
106,1995-05-24,415,3.528219959144008,0.17592738223195223,0.9999999999999999,8.18397590310427,1.0000000000000822,0.004727166130315727,true
106,1995-05-24,386,3.459949913467428,0.0820994450415777,0.9999999999999994,1.4696224877263189,1.0,0.03863616809926616,true
106,1995-05-24,354,3.3234098221142663,0.19938436652954586,1.0,11.419832166906085,1.000001742316803,0.012760859345623673,true
127,1995-06-23,64,2.4358992283187177,0.0,0.9999999999999998,300.3514661200799,20.18086743195784,0.0003422494880016558,true
127,1995-06-23,415,3.528219959144008,0.17592738223195223,1.0000000000000002,8.274698264285535,1.0000000000000577,0.004727166130315727,true
127,1995-06-23,386,3.459949913467428,0.0820994450415777,0.9999999999999996,1.463144003091933,1.0,0.03863616809926616,true
127,1995-06-23,354,3.3234098221142663,0.19938436652954586,0.9999999999999999,11.409206021253587,1.000001627419757,0.012760859345623673,true
148,1995-07-25,106,2.5724393196718793,0.0,1.0,326.8140820507671,22.063761526309225,0.00017291053522638933,true
148,1995-07-25,386,3.459949913467428,0.0820994450415777,0.9999999999999999,1.4583514753645896,1.0,0.03863616809926616,true
148,1995-07-25,415,3.528219959144008,0.17592738223195223,1.0,8.260214070686462,1.0001512668785575,0.004727166130315727,true
148,1995-07-25,354,3.3234098221142663,0.19938436652954586,0.9999999999999999,11.36288088269471,1.0,0.012760859345623673,true
169,1995-08-23,106,2.5705815981746634,0.0,1.0,329.85351776825974,24.56931906818627,0.0005027478543890851,true
169,1995-08-23,277,3.1137696091917633,0.035185476446390446,1.0,17.997359165514407,1.0000002789164832,0.012578812539961142,true
169,1995-08-23,354,3.3174651133231756,0.19938436652954586,1.0,10.277659571871556,1.0,0.014998069294260776,true
169,1995-08-23,357,3.3174651133231756,0.2345698429759363,1.0,4.215124615218269,1.0295400528006844,0.04195327496654405,false
190,1995-09-22,86,2.5026830967975258,0.011728492148796815,1.0,405.805379936693,16.54354287553098,0.0012151371260767073,true
190,1995-09-22,256,3.0458711078146257,0.035185476446390446,0.9999999999999997,40.497716805035054,1.0000351098870721,0.007670784082080514,true
190,1995-09-22,291,3.1137696091917633,0.19938436652954586,0.9999999999999998,7.525580264584106,1.0,0.13171726866522987,false
190,1995-09-22,315,3.181668110568901,0.2345698429759363,0.9999999999999999,2.1284727377561374,1.0033282027314838,0.1373297739207576,false
211,1995-10-23,130,2.638480099551801,0.02643910003445127,1.0,150.0234013165176,8.120326466123421,0.0031252171314179542,true
211,1995-10-23,256,3.0458711078146257,0.02643910003445127,1.0000000000000002,19.209625906770714,1.3304392271852536,0.008809103257034729,true
211,1995-10-23,196,2.8421756036832133,0.05287820006890254,0.9999999999999998,30.523631588757944,1.0000142391095188,0.005589187493933307,true
211,1995-10-23,282,3.1137696091917633,0.07050426675853672,0.9999999999999998,8.003998490206952,1.0000000000000244,0.00742772220527282,true
232,1995-11-21,64,2.434784595420388,0.0,1.0,252.15084664751458,17.08032036522883,0.0002944315464037395,true
232,1995-11-21,259,3.0458711078146257,0.02768505115811063,1.0000000000000004,16.09283842219887,1.0000046984779443,0.00815209261009774,true
232,1995-11-21,201,2.8421756036832133,0.05075592712320282,0.9999999999999998,30.583830332380817,1.2003505643063583,0.006771214781445425,true
232,1995-11-21,269,3.0458711078146257,0.073826803088295,1.0,2.230224346149972,1.0000000003219318,0.022949983097883972,true
232,1995-11-21,178,2.7742771023060757,0.04152757673716594,0.9999999999999999,49.016759230496575,1.8581304212912335,0.006616700343357933,true
253,1995-12-21,46,2.3668860940432506,0.013842525579055315,0.9999999999999998,60.59358424592206,7.366800359781329,0.007862545452223776,true
253,1995-12-21,259,3.0458711078146257,0.02768505115811063,0.9999999999999997,12.939524622253247,1.0001392678082643,0.00815209261009774,true
253,1995-12-21,201,2.8421756036832133,0.05075592712320282,1.0000000000000002,28.825820118142683,1.0000012668027427,0.006771214781445425,true
253,1995-12-21,269,3.0458711078146257,0.073826803088295,1.0000000000000002,2.089758884212655,1.0,0.022949983097883972,true
274,1996-01-23,172,2.607702430913681,0.013842525579055315,1.0000000000000002,218.1142486599768,10.75895008162794,0.0009561467302288942,true
274,1996-01-23,364,3.031392437991474,0.02768505115811063,1.0000000000000002,12.542496094352899,1.000000125278764,0.019729704466543964,true
274,1996-01-23,375,3.031392437991474,0.07844097828131345,1.0,2.94478912973413,1.0,0.01741704368117627,true
274,1996-01-23,285,2.8430857681791215,0.05075592712320282,1.0,25.474261409895522,1.053285733819828,0.006121516266462162,true
295,1996-02-22,190,2.654779098366769,0.0,0.9999999999999999,115.94932960088089,6.862047041279808,0.0013965651603979213,true
295,1996-02-22,363,3.031392437991474,0.02307087596509219,1.0,10.608284630379186,1.0000000016703188,0.016621255970816144,true
295,1996-02-22,241,2.7489324332729455,0.04152757673716594,0.9999999999999998,41.15068608439906,1.5851888372178529,0.001622141223024872,true
295,1996-02-22,366,3.031392437991474,0.0369134015441475,1.0000000000000002,15.42000977125327,1.0000000478912747,0.01708573569856114,true
295,1996-02-22,263,2.7960091007260335,0.04614175193018438,1.0,33.08075750125292,1.0014399639067537,0.00601275710078783,true
295,1996-02-22,375,3.031392437991474,0.07844097828131345,1.0000000000000002,2.697768870978836,1.0,0.01741704368117627,true
316,1996-03-22,274,2.8430857681791215,0.0,1.0000000000000002,60.80201698097193,5.945512845045109,0.005848771102180735,true
316,1996-03-22,364,3.031392437991474,0.02768505115811063,1.0000000000000002,11.925244733468135,1.0000000063442187,0.0021139845148220606,true
316,1996-03-22,241,2.7489324332729455,0.04152757673716594,0.9999999999999999,40.83769727901257,1.4502486617296062,0.001622141223024872,true
337,1996-04-23,211,2.7018557658198574,0.0,1.0000000000000002,104.63341956657399,8.438271128479993,0.0017798825241597236,true
337,1996-04-23,364,3.031392437991474,0.02768505115811063,1.0,13.721757161982634,1.0201854081822528,0.0021139845148220606,true
337,1996-04-23,241,2.7489324332729455,0.04152757673716594,1.0,40.81807673977396,1.4348871384081892,0.001622141223024872,true
358,1996-05-22,232,2.7489324332729455,0.0,1.0,110.93857535910016,16.95577253755077,0.0013227302760806295,true
358,1996-05-22,362,3.031392437991474,0.01845670077207375,0.9999999999999998,13.54011650043115,1.0000000001021176,0.00763444870451452,false
358,1996-05-22,262,2.7960091007260335,0.04152757673716594,0.9999999999999999,31.507872037412366,1.1656816135830892,0.004244455858985792,true
379,1996-06-21,236,2.7489324332729455,0.01845670077207375,0.9999999999999999,139.71461648528017,6.9798079875752475,0.0006100324092321303,true
379,1996-06-21,362,3.031392437991474,0.01845670077207375,1.0000000000000002,14.140109951187418,1.0000000001190767,0.00763444870451452,false
379,1996-06-21,262,2.7960091007260335,0.04152757673716594,1.0000000000000002,30.192291607379527,1.729427562762317,0.004244455858985792,true
379,1996-06-21,366,3.031392437991474,0.0369134015441475,1.0000000000000002,15.149007042919783,1.8114775659868652,0.0109989979421257,true
379,1996-06-21,263,2.7960091007260335,0.04614175193018438,0.9999999999999999,28.028379025753672,1.0000681477176592,0.00601275710078783,true
400,1996-07-23,398,3.0784691054445625,0.08766932866735033,0.9999999999999999,2.2661957566288846,1.0,0.0080932953987658,false
400,1996-07-23,363,3.031392437991474,0.02307087596509219,0.9999999999999998,10.143259915071342,1.0000000006457712,0.0031758866578514245,false
421,1996-08-21,198,2.654779098366769,0.037013253482593635,1.0,64.4160500325408,9.314940634889263,0.0020557868230000106,true
421,1996-08-21,342,2.984315770538386,0.02313328342662102,1.0000000000000002,17.191474232805152,1.9897275012480884,0.0011676774562577577,true
421,1996-08-21,332,2.937239103085298,0.07402650696518727,1.0,10.176721158935091,1.0,0.01679121318894293,true
442,1996-09-20,232,2.7489324332729455,0.0,1.0,104.2700729836237,12.651646396675243,0.0014143881825750663,true
442,1996-09-20,363,3.031392437991474,0.02313328342662102,0.9999999999999999,10.012337722689516,1.0000000004003464,0.0031186882759749977,false
442,1996-09-20,332,2.937239103085298,0.07402650696518727,1.0000000000000002,10.200024918578976,1.0,0.01679121318894293,true
463,1996-10-21,232,2.7489324332729455,0.0,0.9999999999999998,116.70599381520042,10.475458259049507,0.0014143881825750663,true
463,1996-10-21,363,3.031392437991474,0.02313328342662102,1.0000000000000004,9.976387857614547,1.0,0.0031186882759749977,false
463,1996-10-21,332,2.937239103085298,0.07402650696518727,0.9999999999999998,10.234922526276543,1.0,0.01679121318894293,true
484,1996-11-19,211,2.7018557658198574,0.0,1.0,112.24910053210643,9.123585124658952,0.0004945528684441314,true
484,1996-11-19,342,2.984315770538386,0.02313328342662102,1.0,18.049029044872665,1.0000002003839172,0.0011676774562577577,true
484,1996-11-19,332,2.937239103085298,0.07402650696518727,1.0,10.1190256274146,1.0000000160614653,0.01679121318894293,true
505,1996-12-19,318,2.937239103085298,0.009253313370648409,1.0,58.80470883267894,2.5901645657020733,0.0020270135688925965,true
505,1996-12-19,332,2.937239103085298,0.07402650696518727,1.0,10.02344785234019,1.000000006542275,0.01679121318894293,true
505,1996-12-19,343,2.984315770538386,0.027759940111945224,1.0,16.141664522450533,1.0000015089610172,0.0027064828394844412,true
526,1997-01-21,295,2.8901624356322095,0.0,1.0,59.12390082381059,4.898047362670283,0.0022703401026074534,true
526,1997-01-21,343,2.984315770538386,0.027759940111945224,1.0,16.282926089054655,1.0000026488224796,0.0027064828394844412,true
526,1997-01-21,332,2.937239103085298,0.07402650696518727,1.0000000000000002,10.238095363150414,1.000000006347335,0.01679121318894293,true
547,1997-02-20,381,3.0784691054445625,0.009253313370648409,0.9999999999999999,14.929715347498659,1.9571716660748195,0.014643161185449838,false
547,1997-02-20,343,2.984315770538386,0.027759940111945224,1.0,17.12406722403219,1.0000049660297274,0.0027064828394844412,true
547,1997-02-20,332,2.937239103085298,0.07402650696518727,1.0,10.504697811389397,1.0,0.01679121318894293,true
568,1997-03-21,344,2.984315770538386,0.03238659679726943,1.0000000000000002,14.533546011384647,1.8152959167956189,0.0042969892757117765,true
568,1997-03-21,332,2.937239103085298,0.07402650696518727,1.0,10.800435776346967,1.0,0.01679121318894293,true
568,1997-03-21,343,2.984315770538386,0.027759940111945224,0.9999999999999998,18.87707590086359,1.000012122916596,0.0062540404126006765,true
589,1997-04-22,348,2.984315770538386,0.05089322353856625,0.9999999999999998,17.029539365222394,2.3060458721853747,0.013068112147663676,true
589,1997-04-22,343,2.984315770538386,0.027759940111945224,0.9999999999999998,21.334952833252775,1.0000138479979936,0.0062540404126006765,true
589,1997-04-22,332,2.937239103085298,0.07402650696518727,0.9999999999999999,13.227079134758368,1.0,0.011962759999081326,true
610,1997-05-21,316,2.937239103085298,0.0,1.0,64.04691926558911,6.960809063611264,0.0027034434598844884,true
610,1997-05-21,332,2.937239103085298,0.07402650696518727,1.0,13.7991220184307,1.000000029395993,0.011962759999081326,true
610,1997-05-21,365,3.031392437991474,0.03238659679726943,1.0000000000000002,19.228546002356236,1.0000006208018457,0.004634618906773654,true
631,1997-06-20,338,2.984315770538386,0.004626656685324204,1.0,90.66826583325876,7.6133399742327885,0.003438655288882617,true
631,1997-06-20,364,3.031392437991474,0.027759940111945224,0.9999999999999997,24.15352555281132,1.0000005653471358,0.0021746078634687607,true
631,1997-06-20,332,2.937239103085298,0.07402650696518727,0.9999999999999999,14.136914736562288,1.0,0.011962759999081326,true
652,1997-07-22,380,3.0784691054445625,0.004626656685324204,1.0,55.98191340154704,2.2196800609967364,0.002497543220735334,true
652,1997-07-22,332,2.937239103085298,0.07402650696518727,0.9999999999999999,14.554791515053049,1.0,0.011962759999081326,true
652,1997-07-22,364,3.031392437991474,0.027759940111945224,1.0000000000000002,26.22159795965838,1.0000014641118131,0.0021746078634687607,true
673,1997-08-20,362,3.0542291081011554,0.018506626741296817,0.9999999999999999,47.61830727053664,1.8915578386763197,0.0017467512595748106,true
673,1997-08-20,312,2.9089691051343003,0.07865316365051148,1.0,15.231084788446742,1.0019822864280847,0.013194164503476163,true
673,1997-08-20,343,3.0058091071122037,0.027759940111945224,0.9999999999999999,28.765325806449628,1.0000417828222867,0.0040074725352435905,true
694,1997-09-19,358,3.1037184350487355,0.0,0.9999999999999999,42.80843679567956,4.1602558150331825,0.004097730398724824,true
694,1997-09-19,241,2.7957316078394086,0.041639910167917835,1.0,50.26448291833476,2.5779142788272664,0.003577482485488115,true
694,1997-09-19,343,3.052387297180514,0.027759940111945224,0.9999999999999999,32.04950703963327,1.0000033487268425,0.0053693166870743235,true
694,1997-09-19,311,2.949725021444072,0.07402650696518727,0.9999999999999999,15.259764031506707,1.0000000193221095,0.0010969411786608675,true
715,1997-10-20,341,3.052387297180514,0.018506626741296817,1.0000000000000002,56.782384224439824,2.344330773990021,0.0019661752915366756,true
715,1997-10-20,311,2.949725021444072,0.07402650696518727,1.0,15.511024717344194,1.000000013305428,0.0010969411786608675,true
715,1997-10-20,343,3.052387297180514,0.027759940111945224,0.9999999999999998,34.3870185133,1.0197815477858152,0.0053693166870743235,true
736,1997-11-18,370,3.4310735519639963,0.05718158690048545,0.9999999999999998,6.975744412133738,2.483617416026935,0.012993651924538177,true
736,1997-11-18,333,3.289898909531641,0.08100724810902105,1.0000000000000004,1.3280608017214979,1.0,0.0619062809274199,true
757,1997-12-18,327,3.289898909531641,0.052416454658778325,0.9999999999999998,12.322649405731928,1.5981936827450003,0.012969502845027021,true
757,1997-12-18,333,3.289898909531641,0.08100724810902105,0.9999999999999998,1.4154494379478475,1.0,0.030746565625882603,true
778,1998-01-21,281,3.1487242670992854,0.033355925691949846,1.0,44.3855228302251,2.779326253089643,0.002825282773373407,true
778,1998-01-21,333,3.289898909531641,0.08100724810902105,1.0000000000000002,2.474265951016334,1.0,0.026024012383329544,true
799,1998-02-20,211,2.936962303450753,0.0,1.0000000000000002,145.29381025781433,13.402230992061067,0.00044938955673279324,true
799,1998-02-20,333,3.289898909531641,0.08100724810902105,0.9999999999999999,2.4890642573394173,1.0,0.026024012383329544,true
820,1998-03-23,232,3.00754962466693,0.0,1.0,153.75491532665202,15.743669352716713,0.0004927156299089114,true
820,1998-03-23,333,3.289898909531641,0.08100724810902105,0.9999999999999999,2.5310871344362442,1.0,0.026024012383329544,true
841,1998-04-22,211,2.936962303450753,0.0,0.9999999999999998,174.42689766700838,15.916278374033219,0.00044938955673279324,true
841,1998-04-22,333,3.289898909531641,0.08100724810902105,1.0000000000000002,2.5585744838651534,1.0,0.026024012383329544,true
862,1998-05-21,215,2.936962303450753,0.019060528966828482,1.0,109.31421130740229,5.075475707509531,0.0076791110734806866,true
862,1998-05-21,333,3.289898909531641,0.08100724810902105,1.0,2.56021875065505,1.0,0.026024012383329544,true
883,1998-06-22,264,3.078136945883108,0.052416454658778325,1.0,24.13532648666613,2.5653508395420577,0.009539837261837264,true
883,1998-06-22,333,3.289898909531641,0.08100724810902105,1.0,3.5864780428233214,1.0,0.026024012383329544,true
904,1998-07-22,235,3.00754962466693,0.014295396725121362,1.0000000000000004,152.47910811243705,6.989590599268762,0.0013946594593353203,true
904,1998-07-22,333,3.289898909531641,0.08100724810902105,1.0,3.5937960430749754,1.0,0.026024012383329544,true
925,1998-08-20,375,3.4310735519639963,0.08598886572320455,1.0,11.620479340025128,1.0,0.011387350422970725,true
946,1998-09-21,395,3.654886540940208,0.16420712085562936,0.9999999999999999,8.760523999469344,1.0515465698038005,0.0021682994104706426,true
946,1998-09-21,304,3.3384871076843785,0.09236650548129152,0.9999999999999998,15.306676565258023,1.0,0.006887410405494439,true
946,1998-09-21,252,3.1011875327425065,0.2052589010695367,0.9999999999999999,1.7492057727652748,1.0,0.11831316829327236,false
967,1998-10-20,346,3.504596369133503,0.09696989320122895,1.0000000000000002,14.660131031946662,1.0,0.0038963669192499384,true
967,1998-10-20,293,3.265813754537654,0.20471421898037223,1.0,4.479725141305503,1.0,0.1300982114723558,false
988,1998-11-18,274,3.265813754537654,0.0,0.9999999999999999,25.174084581876517,1.1618205764468466,0.00733267507709412,true
988,1998-11-18,304,3.3454079594029373,0.09696989320122895,1.0,16.41293620345304,1.0,0.01295812544646898,true
988,1998-11-18,293,3.265813754537654,0.20471421898037223,1.0,4.802654832132103,1.0,0.1300982114723558,false
1009,1998-12-18,256,3.2026342673605157,0.032323297733742984,0.9999999999999997,110.40358378984031,5.769917632741567,0.00540390366327523,true
1009,1998-12-18,304,3.357718997669046,0.09696989320122895,0.9999999999999999,16.838739376538605,1.0,0.012467392583215116,true
1009,1998-12-18,293,3.280176632514781,0.20471421898037223,1.0,5.097760825698892,1.0,0.12746815232968944,false
1030,1999-01-21,319,3.441371646613097,0.032323297733742984,0.9999999999999998,27.98958980837096,2.7659933806615955,0.010049518252970367,true
1030,1999-01-21,304,3.3650513382167895,0.09696989320122895,0.9999999999999999,17.179525772470683,1.0,0.014898659912656941,true
1030,1999-01-21,273,3.212410721424174,0.21548865155828656,1.0,1.9263197403647088,1.0,0.13972698520937402,false
1051,1999-02-22,255,3.228964807889316,0.021548865155828656,1.0,135.4564071078086,6.468002441628966,0.002472242293557319,true
1051,1999-02-22,283,3.3032158554774806,0.09696989320122895,1.0,16.77579488377299,1.0,0.019809770333029865,true
1051,1999-02-22,273,3.228964807889316,0.21548865155828656,1.0,1.9991247661775429,1.0,0.14530996340503996,false
1072,1999-03-23,277,3.3032158554774806,0.032323297733742984,1.0000000000000002,106.52249695475682,3.0839411938285193,0.0041686718273723465,true
1072,1999-03-23,283,3.3032158554774806,0.09696989320122895,1.0000000000000002,17.05056677612573,1.0,0.019809770333029865,true
1072,1999-03-23,252,3.154713760301151,0.21548865155828656,1.0,2.232688364012805,1.0,0.13513417001647077,false
1093,1999-04-22,232,3.154713760301151,0.0,1.0,141.98346119478205,9.756202103677987,0.0014352346587447329,true
1093,1999-04-22,283,3.3032158554774806,0.09696989320122895,1.0,15.952882279698407,1.0,0.019809770333029865,true
1093,1999-04-22,252,3.154713760301151,0.21548865155828656,0.9999999999999997,1.8855125688037595,1.0,0.15205371508403304,false
1114,1999-05-21,255,3.228964807889316,0.021548865155828656,0.9999999999999998,167.25962826066808,8.1010829568704,0.002472242293557319,true
1114,1999-05-21,283,3.3032158554774806,0.09696989320122895,1.0000000000000002,15.717400915967941,1.0,0.019809770333029865,true
1114,1999-05-21,272,3.228964807889316,0.20471421898037223,1.0,5.21643862145506,1.0,0.1390380388352966,false
1135,1999-06-22,214,3.080462712712986,0.032323297733742984,1.0,150.43745883435474,7.359501731061154,0.0036071285580874806,true
1135,1999-06-22,283,3.3032158554774806,0.09696989320122895,1.0000000000000002,15.250170831779455,1.0,0.019809770333029865,true
1135,1999-06-22,251,3.154713760301151,0.20471421898037223,1.0,4.085744339393498,1.0,0.14348124892779107,false
1156,1999-07-22,234,3.154713760301151,0.021548865155828656,1.0,231.5541329635571,11.506147722569269,0.002851422314589393,true
1156,1999-07-22,283,3.3032158554774806,0.09696989320122895,1.0,15.022769486090501,1.0,0.019809770333029865,true
1156,1999-07-22,251,3.154713760301151,0.20471421898037223,1.0,4.004701233618708,1.0,0.14348124892779107,false
1177,1999-08-20,236,3.154713760301151,0.04309773031165731,1.0000000000000002,120.23681529471763,4.540470398354399,0.008068910873850482,true
1177,1999-08-20,304,3.3774669030656455,0.09696989320122895,0.9999999999999998,18.4279110358613,1.0,0.01828207799039424,true
1177,1999-08-20,272,3.228964807889316,0.20471421898037223,0.9999999999999999,4.411987239069346,1.0,0.13216631426031858,false
1198,1999-09-21,261,3.228964807889316,0.08619546062331462,1.0,22.1379363843451,4.560816489498204,0.008514631678867034,true
1198,1999-09-21,304,3.3774669030656455,0.09696989320122895,1.0000000000000004,20.480407598841303,1.0,0.01828207799039424,true
1198,1999-09-21,272,3.228964807889316,0.20471421898037223,1.0,4.495136687100434,1.0,0.11804900531763293,false
1219,1999-10-20,240,3.154713760301151,0.08619546062331462,0.9999999999999998,28.58758337840768,1.6106094583846804,0.006199014944060602,true
1219,1999-10-20,325,3.4517179506538107,0.09696989320122895,1.0,22.16936663969702,1.0,0.007849020637482438,true
1219,1999-10-20,293,3.3032158554774806,0.20471421898037223,1.0,5.080698019610418,1.0,0.09672624602932199,false
1240,1999-11-18,191,3.006211665124821,0.010774432577914328,1.0,307.71793366023593,17.76454092585263,0.0023799240192846176,true
1240,1999-11-18,325,3.4517179506538107,0.09696989320122895,1.0,22.393947808865207,1.0,0.007849020637482438,true
1240,1999-11-18,293,3.3032158554774806,0.20471421898037223,1.0,5.016741350265685,1.0,0.09672624602932199,false
1261,1999-12-20,234,3.154713760301151,0.021548865155828656,1.0,259.6745042242131,12.511618905995267,0.002851422314589393,true
1261,1999-12-20,325,3.4517179506538107,0.09696989320122895,1.0,22.07234711735263,1.0,0.007849020637482438,true
1261,1999-12-20,293,3.3032158554774806,0.20471421898037223,1.0,4.836392664713024,1.0,0.09672624602932199,false
1282,2000-01-20,212,3.080462712712986,0.010774432577914328,0.9999999999999997,332.30681349159636,15.790416404115486,0.0027773635977102096,true
1282,2000-01-20,293,3.3032158554774806,0.20471421898037223,0.9999999999999999,4.695028296926429,1.0,0.09672624602932199,false
1282,2000-01-20,325,3.4517179506538107,0.09696989320122895,1.0,21.954191140652107,1.0,0.007849020637482438,true
1303,2000-02-18,260,3.228964807889316,0.0754210280454003,1.0,47.28464399337688,3.0828764718254233,0.0022651773312005953,true
1303,2000-02-18,325,3.4517179506538107,0.09696989320122895,0.9999999999999998,22.004403638135013,1.0,0.007849020637482438,true
1303,2000-02-18,314,3.3774669030656455,0.20471421898037223,1.0,5.331794813207637,1.0,0.09688530744226702,false
1324,2000-03-21,213,3.080462712712986,0.021548865155828656,0.9999999999999999,289.1481532331857,12.683138562885565,0.0016043723670667127,true
1324,2000-03-21,325,3.4517179506538107,0.09696989320122895,0.9999999999999997,22.310916296474446,1.0,0.007849020637482438,true
1324,2000-03-21,315,3.3774669030656455,0.21548865155828656,1.0,2.369805884178708,1.0,0.10747470776374266,false
1345,2000-04-19,277,3.3032158554774806,0.032323297733742984,0.9999999999999999,137.889166545503,4.347686679124969,0.0041686718273723465,true
1345,2000-04-19,315,3.3774669030656455,0.21548865155828656,0.9999999999999998,2.9374943729634713,1.0,0.10747470776374266,false
1345,2000-04-19,325,3.4517179506538107,0.09696989320122895,0.9999999999999998,22.21095359622117,1.0,0.007849020637482438,true
1366,2000-05-19,256,3.228964807889316,0.032323297733742984,1.0,188.1151882163742,9.97875949127881,0.006113240063344211,true
1366,2000-05-19,325,3.4517179506538107,0.09696989320122895,1.0,22.088223840497616,1.0,0.007849020637482438,true
1366,2000-05-19,315,3.3774669030656455,0.21548865155828656,1.0,3.808668515700402,1.0,0.10747470776374266,false
1387,2000-06-20,193,3.006211665124821,0.032323297733742984,1.0,168.90382063637955,11.017982333169236,0.0044932111279111205,true
1387,2000-06-20,325,3.4517179506538107,0.09696989320122895,1.0,21.659041029045515,1.0,0.007849020637482438,true
1387,2000-06-20,336,3.4517179506538107,0.21548865155828656,1.0,3.951513135425195,1.0,0.08430655629377766,false
1408,2000-07-20,169,2.931960617536656,0.0,1.0,251.80530807193324,22.31215215167827,0.00023367395857754047,true
1408,2000-07-20,325,3.4517179506538107,0.09696989320122895,0.9999999999999999,21.232736485234938,1.0,0.007849020637482438,true
1408,2000-07-20,336,3.4517179506538107,0.21548865155828656,1.0000000000000002,4.700251669405159,1.0,0.08430655629377766,false
1429,2000-08-18,148,2.8577095699484913,0.0,1.0,234.35859592679057,15.983526430326524,0.0031294928295509364,true
1429,2000-08-18,325,3.4517179506538107,0.09696989320122895,1.0000000000000002,20.91179881509171,1.0,0.007849020637482438,true
1429,2000-08-18,336,3.4517179506538107,0.21548865155828656,1.0000000000000002,4.915707923763523,1.0,0.08430655629377766,false
1450,2000-09-19,193,3.006211665124821,0.032323297733742984,1.0,174.94317484907543,10.36732457471872,0.0027016213789213053,true
1450,2000-09-19,325,3.4517179506538107,0.09696989320122895,0.9999999999999999,20.449833457212904,1.0,0.007849020637482438,true
1450,2000-09-19,357,3.5259689982419755,0.21548865155828656,1.0,5.380222878569619,1.0,0.06668784801882503,false
1471,2000-10-18,302,3.3774669030656455,0.0754210280454003,0.9999999999999999,43.81367641019418,2.1223810084324706,0.008390858981060857,true
1471,2000-10-18,357,3.5259689982419755,0.21548865155828656,1.0,5.5076472912412235,1.0,0.06668784801882503,false
1471,2000-10-18,325,3.4517179506538107,0.09696989320122895,1.0000000000000002,21.912313738388253,1.0,0.007849020637482438,true
1492,2000-11-16,256,3.228964807889316,0.032323297733742984,0.9999999999999998,176.30356056307278,9.625910753143197,0.006113240063344211,true
1492,2000-11-16,325,3.4517179506538107,0.09696989320122895,1.0,21.554362055747166,1.0,0.007849020637482438,true
1492,2000-11-16,357,3.5259689982419755,0.21548865155828656,1.0,5.115265358036848,1.0,0.06668784801882503,false
1513,2000-12-18,277,3.339449554737745,0.032323297733742984,1.0000000000000002,106.20070242126313,4.67576359754422,0.0070865056743258156,true
1513,2000-12-18,304,3.408524359574444,0.09696989320122895,1.0000000000000002,21.93881539681088,1.0,0.004054935933957038,true
1513,2000-12-18,377,3.6157487740845395,0.20471421898037223,1.0000000000000002,7.112986142656918,1.0,0.026701634854204067,false
1534,2001-01-19,212,3.153939919191318,0.010774432577914328,0.9999999999999998,222.02696025313543,9.05325210764472,0.00527447816413585,true
1534,2001-01-19,377,3.62226320777364,0.20471421898037223,1.0,6.933785176852811,1.0,0.030052331989893377,false
1534,2001-01-19,304,3.4215532269526445,0.09696989320122895,1.0000000000000002,21.09117662647779,1.0,0.009594179580444034,true
1555,2001-02-20,213,3.2194540503945195,0.021548865155828656,0.9999999999999998,182.51374493633065,9.533901469948578,0.0022207300754471773,true
1555,2001-02-20,283,3.4005097918545544,0.09696989320122895,1.0,21.028443228721596,1.0,0.003356406378274305,true
1555,2001-02-20,377,3.6419174471346007,0.20471421898037223,1.0,7.490412734825681,1.0,0.02975766546641259,false
1576,2001-03-21,306,3.460861705674566,0.11851875835705761,1.0000000000000002,10.01726422780631,2.519531658828243,0.0040758264731606455,true
1576,2001-03-21,304,3.460861705674566,0.09696989320122895,1.0,24.00324304216419,1.0,0.0018755135722983444,true
1576,2001-03-21,377,3.6419174471346007,0.20471421898037223,1.0,7.42093717509393,1.0,0.02975766546641259,false
1597,2001-04-20,215,3.2194540503945195,0.04309773031165731,1.0000000000000002,162.0560683680109,8.963994186937374,0.0033795607539621173,true
1597,2001-04-20,304,3.460861705674566,0.09696989320122895,1.0,30.931724654452708,1.0,0.0018755135722983444,true
1597,2001-04-20,377,3.6419174471346007,0.20471421898037223,1.0,7.234242442089397,1.0,0.02975766546641259,false
1618,2001-05-21,148,3.038398308934485,0.0,1.0000000000000002,242.86159165164904,15.48627926274907,0.0008722666339893159,true
1618,2001-05-21,304,3.460861705674566,0.09696989320122895,1.0000000000000002,30.481627238133626,1.0,0.0018755135722983444,true
1618,2001-05-21,378,3.6419174471346007,0.21548865155828656,1.0,6.784370728682332,1.0,0.038262087842552917,false
1639,2001-06-20,176,3.0987502227544965,0.0754210280454003,0.9999999999999999,42.33453879019011,4.733833788857001,0.003208407204390322,true
1639,2001-06-20,304,3.460861705674566,0.09696989320122895,1.0,30.149262714900306,1.0,0.0018755135722983444,true
1639,2001-06-20,378,3.6419174471346007,0.21548865155828656,1.0000000000000002,6.697636010849549,1.0,0.038262087842552917,false
1660,2001-07-20,177,3.1000645715823882,0.08619546062331462,1.0,44.58697058939089,3.3571747689432607,0.005939120752243101,true
1660,2001-07-20,304,3.4615188800885117,0.09696989320122895,1.0,29.645602620492284,1.0,0.0014304644918445401,true
1660,2001-07-20,378,3.6422460343415732,0.21548865155828656,1.0,6.302065919286471,1.0,0.03808603015233119,false
1681,2001-08-20,178,3.1000645715823882,0.09696989320122895,0.9999999999999999,40.83946614761694,1.674948170905128,0.008092024332830317,true
1681,2001-08-20,304,3.4615188800885117,0.09696989320122895,0.9999999999999999,29.349759977444975,1.0,0.0014304644918445401,true
1681,2001-08-20,397,3.702488419092594,0.1939397864024579,1.0,10.63692678654938,1.0,0.00854462837840854,true
1702,2001-09-25,353,3.58316728923675,0.17239092124662925,0.9999999999999998,8.757210815744571,4.854445687077211,0.0049551215194639205,true
1702,2001-09-25,304,3.4632643395578078,0.09696989320122895,1.0,31.138165849404878,1.111995371581811,0.0004512375082350706,true
1702,2001-09-25,398,3.703070238915693,0.20471421898037223,1.0,9.004928811254855,1.0,0.01643268075060546,false
1723,2001-10-24,283,3.4033128647183366,0.09696989320122895,1.0,45.395775525305595,1.995216722198812,0.005498876521959174,true
1723,2001-10-24,398,3.703070238915693,0.20471421898037223,1.0,9.747739203518151,1.0,0.01643268075060546,false
1723,2001-10-24,304,3.4632643395578078,0.09696989320122895,1.0,39.55044532170597,1.6741020883935922,0.0004512375082350706,true
1723,2001-10-24,370,3.6431187640762217,0.12929319093497194,1.0,11.461975263408782,1.0227750338666501,0.015107854474393445,true
1744,2001-11-23,173,3.150810832303223,0.04309773031165731,1.0,179.19428411584582,8.820195681695731,0.004557006340127208,true
1744,2001-11-23,418,3.766959658903684,0.1939397864024579,0.9999999999999998,14.654578382594652,1.0000000000000444,0.005022236465646888,true
1744,2001-11-23,283,3.430878480757978,0.09696989320122895,1.0000000000000002,51.5075275511506,1.949447322311208,0.002702752933029455,true
1744,2001-11-23,323,3.54290554013988,0.0754210280454003,1.0,15.96332679562679,1.0006825786260736,0.01640709107439483,true
1765,2001-12-24,127,3.0976949236469404,0.0,0.9999999999999998,183.393827365045,12.664475999167214,0.001496058275280543,true
1765,2001-12-24,397,3.719362007887822,0.1939397864024579,1.0,13.69944769698138,1.000000000000046,0.004745122277277134,true
1765,2001-12-24,283,3.4603340561207876,0.09696989320122895,1.0,46.00348627073829,1.8801416589908917,0.001524265091689177,true
1765,2001-12-24,324,3.5639452368276014,0.08619546062331462,0.9999999999999999,16.72032453798903,1.008446231464396,0.012055254994467194,true
1786,2002-01-25,108,3.0458893332935335,0.021548865155828656,1.0,274.07018279562317,14.187411882958441,0.0013985397313533788,true
1786,2002-01-25,397,3.719362007887822,0.1939397864024579,1.0000000000000002,13.634882347180191,1.0000000000000386,0.004745122277277134,true
1786,2002-01-25,283,3.4603340561207876,0.09696989320122895,1.0000000000000007,45.67678509502688,1.8748412476674352,0.001524265091689177,true
1786,2002-01-25,324,3.5639452368276014,0.08619546062331462,0.9999999999999998,16.598139030384797,1.0083107765171766,0.012055254994467194,true
1807,2002-02-26,127,3.0976949236469404,0.0,1.0,193.21613611966967,14.334121048475717,0.001496058275280543,true
1807,2002-02-26,418,3.7711675982412283,0.1939397864024579,0.9999999999999998,14.061846988364286,1.000000000000017,0.00430883807529233,true
1807,2002-02-26,283,3.4603340561207876,0.09696989320122895,1.0000000000000002,45.34663989407611,1.8691220332094312,0.001524265091689177,true
1807,2002-02-26,324,3.5639452368276014,0.08619546062331462,1.0000000000000002,16.465333751367254,1.0081423761235542,0.012055254994467194,true
1807,2002-02-26,369,3.667556417534415,0.11851875835705761,0.9999999999999999,6.641528339353996,1.0043834456356715,0.026195041774016894,true
1828,2002-03-27,44,2.890472562233313,0.010774432577914328,1.0,90.1985985901275,6.2749769088018,0.004095955409585629,true
1828,2002-03-27,398,3.719362007887822,0.20471421898037223,1.0,9.279482906161574,1.0,0.015456399948620376,false
1828,2002-03-27,283,3.4603340561207876,0.09696989320122895,1.0000000000000002,45.60011479463236,1.8738460671201664,0.001524265091689177,true
1828,2002-03-27,324,3.5639452368276014,0.08619546062331462,0.9999999999999999,16.58289807368311,1.008423303287646,0.012055254994467194,true
1828,2002-03-27,369,3.667556417534415,0.11851875835705761,1.0,6.6862141737778025,1.0047426580778132,0.026195041774016894,true
1849,2002-04-26,130,3.0976949236469404,0.032323297733742984,1.0,233.53893598863073,12.985871482559288,0.0014290880095621232,true
1849,2002-04-26,369,3.667556417534415,0.11851875835705761,1.0000000000000002,6.317070228295822,1.0041410398668065,0.026195041774016894,true
1849,2002-04-26,397,3.719362007887822,0.1939397864024579,1.0,13.421874863283657,1.000000000000037,0.004745122277277134,true
1849,2002-04-26,283,3.4603340561207876,0.09696989320122895,1.0,45.08017061901123,1.8600191279165217,0.001524265091689177,true
1849,2002-04-26,324,3.5639452368276014,0.08619546062331462,1.0,16.144588131806337,1.0060329428199728,0.012055254994467194,true
1870,2002-05-28,87,2.994083742940127,0.021548865155828656,1.0,214.05082829665733,11.512896742690437,0.0017505053602937847,true
1870,2002-05-28,397,3.719362007887822,0.1939397864024579,1.0,13.403715411793188,1.0000000000000313,0.004745122277277134,true
1870,2002-05-28,283,3.4603340561207876,0.09696989320122895,1.0,45.03852422295226,1.8586621880590295,0.001524265091689177,true
1870,2002-05-28,324,3.5639452368276014,0.08619546062331462,1.0,16.109662786493367,1.0059943602475097,0.012055254994467194,true
1870,2002-05-28,370,3.667556417534415,0.12929319093497194,1.0,7.812324014997643,1.0044679875088232,0.016135929581056262,true
1891,2002-06-26,241,3.356722875413974,0.09696989320122895,0.9999999999999998,45.65617152584582,3.726457460950096,0.004016162581237967,true
1891,2002-06-26,397,3.719362007887822,0.1939397864024579,1.0,13.366386049376418,1.000000000000028,0.004745122277277134,true
1891,2002-06-26,283,3.4603340561207876,0.09696989320122895,0.9999999999999998,44.9617325147425,1.8572491152314483,0.001524265091689177,true
1891,2002-06-26,324,3.5639452368276014,0.08619546062331462,1.0000000000000002,16.04375605528916,1.0060691385566247,0.012055254994467194,true
1891,2002-06-26,370,3.667556417534415,0.12929319093497194,1.0,7.673165943258659,1.0038645628806846,0.016135929581056262,true
1912,2002-07-26,333,3.5639452368276014,0.22047023722725356,0.9999999999999999,1.6677232614150088,1.0,0.008049651245204185,false
1912,2002-07-26,394,3.719362007887822,0.19453256225934137,1.0,14.19716853975361,1.0002472362847221,0.005327807038490451,true
1912,2002-07-26,282,3.4603340561207876,0.10375069987164873,1.0,48.28204045835882,1.9797443703611244,0.004702826752561351,true
1912,2002-07-26,368,3.667556417534415,0.12968837483956092,0.9999999999999999,7.974669446973037,1.004547508610277,0.015784941333905112,true
1912,2002-07-26,301,3.5121396464741945,0.07781302490373655,0.9999999999999999,23.22560171736749,1.0155933464004108,0.011381664191830336,true
1933,2002-08-26,263,3.408528465767381,0.12968837483956092,0.9999999999999998,20.940385093816875,1.652068553060123,0.011117743098624507,true
1933,2002-08-26,415,3.7711675982412283,0.19453256225934137,1.0,15.584691093517844,1.000001075982929,0.0037800728646814026,true
1933,2002-08-26,368,3.667556417534415,0.12968837483956092,1.0,8.5602610641545,1.005390691977104,0.015784941333905112,true
1933,2002-08-26,282,3.4603340561207876,0.10375069987164873,0.9999999999999998,50.95352835779609,2.0071487481186865,0.004702826752561351,true
1933,2002-08-26,301,3.5121396464741945,0.07781302490373655,1.0,26.01733900227493,1.017335297481334,0.011381664191830336,true
1933,2002-08-26,353,3.615750827181008,0.20750139974329745,1.0000000000000002,10.565935547039732,1.0000000000000002,0.01805714629061768,true
1954,2002-09-25,350,3.615750827181008,0.16859488729142919,1.0,35.255142737719595,1.6755406950326817,0.007396532865928326,true
1954,2002-09-25,282,3.4603340561207876,0.10375069987164873,0.9999999999999998,55.44849359801925,2.233039797170099,0.004702826752561351,true
1954,2002-09-25,415,3.7711675982412283,0.19453256225934137,1.0,18.189150872240322,1.0000008560197657,0.0037800728646814026,true
1954,2002-09-25,301,3.5121396464741945,0.07781302490373655,1.0000000000000002,27.85763845928287,1.0156589444836581,0.011381664191830336,true
1954,2002-09-25,353,3.615750827181008,0.20750139974329745,0.9999999999999997,10.839997093011277,1.0000000000000009,0.01805714629061768,true
1975,2002-10-24,302,3.5121396464741945,0.09078186238769265,0.9999999999999998,34.208705034699186,8.414237091115963,0.004695088855341574,true
1975,2002-10-24,353,3.615750827181008,0.20750139974329745,1.0,11.09269218456813,1.000000000000002,0.01805714629061768,true
1975,2002-10-24,368,3.667556417534415,0.12968837483956092,0.9999999999999999,18.992762851559522,1.0080823825288883,0.015784941333905112,true
1975,2002-10-24,415,3.7711675982412283,0.19453256225934137,1.0,21.580432896491537,1.0000007917990938,0.0037800728646814026,true
1975,2002-10-24,282,3.4603340561207876,0.10375069987164873,0.9999999999999996,59.309853518294005,2.2937315520420243,0.004702826752561351,true
1975,2002-10-24,344,3.615750827181008,0.09078186238769265,0.9999999999999998,17.227157144188098,1.000173899971881,0.020843600053796086,true
1996,2002-11-22,150,3.1495005140003474,0.025937674967912182,0.9999999999999999,255.67388807499066,12.413263347417665,0.0019430162514911206,true
1996,2002-11-22,415,3.7711675982412283,0.19453256225934137,1.0000000000000002,21.338916288600938,1.0945495302406874,0.0037800728646814026,true
1996,2002-11-22,367,3.667556417534415,0.11671953735560482,1.0,10.730826915190816,1.00000118646594,0.02792685589680923,false
1996,2002-11-22,311,3.5121396464741945,0.20750139974329745,0.9999999999999999,2.357718224240345,1.0000000188761597,0.0371151817045342,false
1996,2002-11-22,350,3.615750827181008,0.16859488729142919,1.0,39.99729188460211,1.1590336560352186,0.007111331987141557,true
2017,2002-12-24,192,3.2531116947071608,0.025937674967912182,1.0,197.26111378122636,10.648019289444402,0.00444164150794716,true
2017,2002-12-24,415,3.7711675982412283,0.19453256225934137,0.9999999999999999,21.51497082191031,1.0954049530330463,0.0037800728646814026,true
2017,2002-12-24,311,3.5121396464741945,0.20750139974329745,0.9999999999999999,2.4613641957066434,1.0000000388731038,0.0371151817045342,false
2017,2002-12-24,367,3.667556417534415,0.11671953735560482,1.0,11.119018683195717,1.1275943641007893,0.02792685589680923,false
2017,2002-12-24,350,3.615750827181008,0.16859488729142919,0.9999999999999999,40.66733941504689,1.1954717883626154,0.007111331987141557,true
2017,2002-12-24,366,3.667556417534415,0.10375069987164873,1.0,8.95820736210067,1.0000000017010182,0.04058368735117597,false
2038,2003-01-27,322,3.5639452368276014,0.07781302490373655,1.0,14.865471096613874,1.0000000000020117,0.018402977202284412,true
2038,2003-01-27,415,3.7711675982412283,0.19453256225934137,1.0,21.6300426659638,1.0953076037848175,0.0037800728646814026,true
2038,2003-01-27,311,3.5121396464741945,0.20750139974329745,1.0,2.5250247729555215,1.000000056549237,0.0371151817045342,false
2038,2003-01-27,367,3.667556417534415,0.11671953735560482,0.9999999999999996,12.255821370062522,1.1207907945313114,0.02792685589680923,false
2038,2003-01-27,350,3.615750827181008,0.16859488729142919,1.0,41.04155490572354,1.2157701949364526,0.007111331987141557,true
2059,2003-02-26,282,3.4603340561207876,0.10375069987164873,0.9999999999999999,77.22312444732056,3.6469760067637167,0.004304596821894238,true
2059,2003-02-26,311,3.5121396464741945,0.20750139974329745,1.0000000000000002,2.532787811942979,1.000000060051994,0.0371151817045342,false
2059,2003-02-26,415,3.7711675982412283,0.19453256225934137,1.0,21.75655362977357,1.1000806061700867,0.0037800728646814026,true
2059,2003-02-26,367,3.667556417534415,0.11671953735560482,1.0,15.447553393243634,1.1036513104827979,0.02792685589680923,false
2059,2003-02-26,350,3.615750827181008,0.16859488729142919,0.9999999999999999,41.329423825238095,1.2318478754275688,0.007111331987141557,true
2059,2003-02-26,344,3.615750827181008,0.09078186238769265,1.0,12.05069499436796,1.0000000000705194,0.04383672923156623,false
2080,2003-03-27,217,3.3049172850605677,0.07781302490373655,1.0,98.43200942885994,6.164685720480915,0.003329934415070769,true
2080,2003-03-27,415,3.7711675982412283,0.19453256225934137,1.0,21.697263540627237,1.0959611802649365,0.0037800728646814026,true
2080,2003-03-27,311,3.5121396464741945,0.20750139974329745,1.0,2.5466089063577115,1.000000061307006,0.0371151817045342,false
2080,2003-03-27,367,3.667556417534415,0.11671953735560482,0.9999999999999999,15.34464066366884,1.1075172357408736,0.02792685589680923,false
2080,2003-03-27,350,3.615750827181008,0.16859488729142919,1.0,42.4606587354322,1.2615562684126833,0.007111331987141557,true
2080,2003-03-27,344,3.615750827181008,0.09078186238769265,0.9999999999999997,12.056422324739263,1.0000000000827498,0.04383672923156623,false
2101,2003-04-28,106,3.0458893332935335,0.0,1.0,160.51246608822817,11.432416941446792,0.004331125544527303,true
2101,2003-04-28,415,3.7711675982412283,0.19453256225934137,1.0000000000000002,21.5950186434313,1.0955487266164043,0.0037800728646814026,true
2101,2003-04-28,311,3.5121396464741945,0.20750139974329745,0.9999999999999997,2.5113495927092573,1.0000000557246642,0.0371151817045342,false
2101,2003-04-28,367,3.667556417534415,0.11671953735560482,0.9999999999999999,15.272902447998066,1.1026683565186193,0.02792685589680923,false
2101,2003-04-28,350,3.615750827181008,0.16859488729142919,1.0,42.28758620585994,1.253005214424778,0.007111331987141557,true
2101,2003-04-28,344,3.615750827181008,0.09078186238769265,1.0000000000000002,12.020115270063567,1.000000000067636,0.04383672923156623,false
2122,2003-05-28,85,2.994083742940127,0.0,1.0000000000000002,157.679363597871,9.406970877349526,0.0003534720568092453,true
2122,2003-05-28,415,3.7711675982412283,0.19453256225934137,1.0000000000000002,21.690915642030347,1.0974842361542732,0.0037800728646814026,true
2122,2003-05-28,311,3.5121396464741945,0.20750139974329745,0.9999999999999998,2.523985430181098,1.0000000545557637,0.0371151817045342,false
2122,2003-05-28,367,3.667556417534415,0.11671953735560482,1.0000000000000002,15.329791634992612,1.106186102577311,0.02792685589680923,false
2122,2003-05-28,350,3.615750827181008,0.16859488729142919,0.9999999999999999,42.41000653065864,1.2590613481194464,0.007111331987141557,true
2122,2003-05-28,344,3.615750827181008,0.09078186238769265,1.0,12.054607408411442,1.0000000000684963,0.04383672923156623,false
2143,2003-06-26,66,2.94227815258672,0.025937674967912182,1.0000000000000002,115.59900619447247,6.619301884046255,0.007455905089524031,true
2143,2003-06-26,415,3.7711675982412283,0.19453256225934137,0.9999999999999999,21.830635873177464,1.10062895793247,0.0037800728646814026,true
2143,2003-06-26,311,3.5121396464741945,0.20750139974329745,1.0,2.5338700047553213,1.0000000488539036,0.0371151817045342,false
2143,2003-06-26,367,3.667556417534415,0.11671953735560482,0.9999999999999998,15.360474841895424,1.1125760618712792,0.02792685589680923,false
2143,2003-06-26,350,3.615750827181008,0.16859488729142919,0.9999999999999999,42.534487780493585,1.2649087582358542,0.007111331987141557,true
2143,2003-06-26,344,3.615750827181008,0.09078186238769265,1.0,12.06283326066551,1.000000000064381,0.04383672923156623,false
2164,2003-07-28,43,2.9069565395091033,0.0,1.0,131.2440277684439,7.781658894846491,0.004399544883625642,true
2164,2003-07-28,415,3.77208337475655,0.19453256225934137,0.9999999999999999,21.646517391635136,1.0951529072653212,0.0034334112433553952,true
2164,2003-07-28,311,3.5176343055661246,0.20750139974329745,0.9999999999999999,2.6813275291701753,1.0000000713627908,0.03537584255874541,false
2164,2003-07-28,367,3.67030374708038,0.11671953735560482,1.0000000000000002,14.469106859419753,1.1314525323039832,0.028770699176945465,false
2164,2003-07-28,350,3.6194139332422948,0.16859488729142919,1.0,42.526387473442306,1.246593394468711,0.00618629784581747,true
2164,2003-07-28,344,3.6194139332422948,0.09078186238769265,0.9999999999999998,11.170002624911552,1.0000000000381828,0.04659629630826557,false
2185,2003-08-26,65,2.9578463533471884,0.012968837483956091,1.0,195.96141786466666,10.648662161284257,0.0008886174740400501,true
2185,2003-08-26,311,3.5176343055661246,0.20750139974329745,0.9999999999999999,2.706644647887668,1.00000008028006,0.03537584255874541,false
2185,2003-08-26,415,3.77208337475655,0.19453256225934137,0.9999999999999999,21.83273982397531,1.101562825640788,0.0034334112433553952,true
2185,2003-08-26,367,3.67030374708038,0.11671953735560482,1.0000000000000004,13.972718254250676,1.13400192873267,0.028770699176945465,false
2185,2003-08-26,350,3.6194139332422948,0.16859488729142919,0.9999999999999999,42.96647087466796,1.2706211244635235,0.00618629784581747,true
2185,2003-08-26,344,3.6194139332422948,0.09078186238769265,1.0000000000000002,11.314034553387213,1.0000000000385738,0.04659629630826557,false
2206,2003-09-25,129,3.1105157948614437,0.025937674967912182,1.0,238.7229798798691,12.775769258920725,0.003391219253646188,true
2206,2003-09-25,311,3.5176343055661246,0.20750139974329745,1.0,2.5552558465735147,1.0000000844676946,0.03537584255874541,false
2206,2003-09-25,367,3.67030374708038,0.11671953735560482,0.9999999999999996,12.880073724206648,1.011786273683064,0.028770699176945465,false
2206,2003-09-25,300,3.5176343055661246,0.06484418741978046,1.0,26.995543854347112,1.0028071132037932,0.006590203571073226,true
2206,2003-09-25,370,3.67030374708038,0.1556260498074731,1.0000000000000002,29.019983647764874,1.2988393753900396,0.007315496170133697,true
2206,2003-09-25,350,3.6194139332422948,0.16859488729142919,1.0,31.884784636330735,1.0000000134819729,0.00618629784581747,true
2227,2003-10-24,24,2.855340000699865,0.025937674967912182,1.0,26.98336678028041,5.778189328838974,0.017444559678899355,true
2227,2003-10-24,368,3.657949422570779,0.12968837483956092,0.9999999999999998,21.458629655054068,1.0021757681724672,0.014161554022402469,true
2227,2003-10-24,311,3.5074601559699827,0.20750139974329745,0.9999999999999999,2.1056475950362277,1.0,0.03914750659739869,false
2227,2003-10-24,300,3.5074601559699827,0.06484418741978046,1.0,28.28639573175102,1.006194998131119,0.004119586765410424,true
2227,2003-10-24,370,3.657949422570779,0.1556260498074731,1.0,25.73491087521721,2.1896017709156514,0.002493859726959929,true
2227,2003-10-24,349,3.607786333703847,0.1556260498074731,0.9999999999999998,32.440803973345645,1.0000010819432137,0.007764957611616844,true
2248,2003-11-24,43,2.8817812137085332,0.0,1.0,151.95140452164063,8.21588632816152,0.0003380865566700031,true
2248,2003-11-24,311,3.499552864017228,0.20750139974329745,0.9999999999999998,1.881223826604549,1.0,0.03916214183678986,false
2248,2003-11-24,368,3.653995776594402,0.12968837483956092,1.0000000000000002,22.631295341340767,1.0026235319511947,0.015302181279549456,true
2248,2003-11-24,300,3.499552864017228,0.06484418741978046,1.0000000000000002,29.492816600164662,1.0098529901618574,0.006939151779878567,true
2248,2003-11-24,370,3.653995776594402,0.1556260498074731,0.9999999999999999,26.677979438429595,1.8821531253936625,0.0061475135190732924,true
2248,2003-11-24,349,3.602514805735344,0.1556260498074731,1.0000000000000002,31.87814500060148,1.000000854635766,0.009927126226067003,true
2269,2003-12-24,22,2.799110572879051,0.0,1.0000000000000002,74.37768351914045,7.947561449792959,1.6408298741943383e-6,true
2269,2003-12-24,332,3.5428260269893324,0.20750139974329745,1.0,3.786675394096407,1.0,0.024753023714076235,true
2269,2003-12-24,368,3.6490710918622296,0.12968837483956092,0.9999999999999999,24.762934178501276,1.0036336265971872,0.01788130260229396,true
2269,2003-12-24,300,3.4897034945528835,0.06484418741978046,1.0,32.039515526348204,1.0190969731612138,0.012277074350527259,true
2269,2003-12-24,370,3.6490710918622296,0.1556260498074731,1.0000000000000004,28.24870107883511,2.1962696372126467,0.010992811357248314,true
2269,2003-12-24,349,3.5959485594257807,0.1556260498074731,1.0,31.37599778026462,1.000000659345359,0.01383978482784051,true
2290,2004-01-27,22,2.720322127871479,0.0,1.0,28.04828782965594,2.608193045591072,0.0016309783997225935,true
2290,2004-01-27,321,3.52209222567155,0.06484418741978046,0.9999999999999999,20.72338553288917,1.0028340902977293,0.010965994701740325,true
2290,2004-01-27,332,3.52209222567155,0.20750139974329745,1.0,2.531332366156959,1.0,0.03454738360154768,false
2290,2004-01-27,389,3.6939001037715653,0.12968837483956092,0.9999999999999998,9.897194280633858,1.1258058262892083,0.03155458078587137,false
2290,2004-01-27,370,3.6366308110715604,0.1556260498074731,1.0,31.488058559844482,1.9969404755104079,0.004912919260926949,true
2290,2004-01-27,349,3.5793615183715555,0.1556260498074731,0.9999999999999998,29.10342666242817,1.0000003266808888,0.011036071061648759,true
2311,2004-02-26,23,2.720322127871479,0.012968837483956091,1.0000000000000002,23.871444429326598,2.4866098575065436,0.012616233770367505,true
2311,2004-02-26,320,3.52209222567155,0.051875349935824364,1.0000000000000002,17.950089021564125,1.0000195921211184,0.018180234759510902,false
2311,2004-02-26,332,3.52209222567155,0.20750139974329745,1.0,2.513006146150514,1.0,0.03454738360154768,false
2311,2004-02-26,389,3.6939001037715653,0.12968837483956092,0.9999999999999997,10.595358731983024,1.1090503206323767,0.03155458078587137,false
2311,2004-02-26,370,3.6366308110715604,0.1556260498074731,0.9999999999999998,31.72501016779498,1.9992890276321853,0.004912919260926949,true
2311,2004-02-26,349,3.5793615183715555,0.1556260498074731,0.9999999999999998,28.980916429659178,1.000000234753748,0.011036071061648759,true
2332,2004-03-26,67,2.8348607132714894,0.038906512451868276,1.0,20.564979338053963,1.2728343263727566,0.016429315003226842,true
2332,2004-03-26,299,3.464822932971545,0.051875349935824364,0.9999999999999999,28.580009089299878,1.0011032166628815,0.00767950013354968,true
2332,2004-03-26,332,3.52209222567155,0.20750139974329745,1.0,2.5385211021349035,1.0,0.03454738360154768,false
2332,2004-03-26,389,3.6939001037715653,0.12968837483956092,0.9999999999999998,11.4405194472971,1.103316420186462,0.03155458078587137,false
2332,2004-03-26,370,3.6366308110715604,0.1556260498074731,0.9999999999999998,31.98129684397147,1.0000010704329823,0.004912919260926949,true
2332,2004-03-26,349,3.5793615183715555,0.1556260498074731,0.9999999999999999,29.110357770744717,1.6727400741860357,0.011036071061648759,true
2353,2004-04-27,22,2.6982047267900486,0.0,1.0000000000000004,56.62140934917512,3.536104970683043,0.005878683236682187,true
2353,2004-04-27,320,3.5162718569659104,0.051875349935824364,0.9999999999999998,18.881144245616124,1.0000358369013667,0.015432105686251155,false
2353,2004-04-27,332,3.5162718569659104,0.20750139974329745,1.0,2.372290381312429,1.0,0.03573631979917825,false
2353,2004-04-27,389,3.6915719562893097,0.12968837483956092,1.0,13.725376889723549,1.1095839356809172,0.03121282880628285,false
2353,2004-04-27,391,3.6915719562893097,0.1556260498074731,1.0,21.376408615538608,1.1473627034903693,0.0061405994346153655,true
2353,2004-04-27,349,3.5747052234070438,0.1556260498074731,1.0,29.024747073492858,1.0000001147846511,0.011640985747766149,true
2374,2004-05-26,46,2.7566380932311816,0.038906512451868276,1.0000000000000002,12.93791186088089,3.679200232902555,0.013504463606233062,false
2374,2004-05-26,332,3.5162718569659104,0.20750139974329745,1.0000000000000002,2.3952634518130504,1.0,0.03573631979917825,false
2374,2004-05-26,389,3.6915719562893097,0.12968837483956092,1.0,14.44909964718193,1.1069615235307042,0.03121282880628285,false
2374,2004-05-26,320,3.5162718569659104,0.051875349935824364,0.9999999999999999,18.851814216980515,1.0000372128090058,0.015432105686251155,false
2374,2004-05-26,391,3.6915719562893097,0.1556260498074731,0.9999999999999998,21.53736372258379,1.1534802070812888,0.0061405994346153655,true
2374,2004-05-26,349,3.5747052234070438,0.1556260498074731,0.9999999999999998,29.11630581590811,1.0000000840720888,0.011640985747766149,true
2395,2004-06-28,43,2.7547088320422555,0.0,1.0,102.559491604082,10.923127530024543,0.0051964409075224436,true
2395,2004-06-28,311,3.457195403461802,0.20750139974329745,1.0000000000000002,1.346401715249523,1.0,0.032905774162590086,false
2395,2004-06-28,389,3.6913575939349843,0.12968837483956092,1.0,16.15986979056961,1.1148664435036075,0.03118991226226772,false
2395,2004-06-28,320,3.5157359510800976,0.051875349935824364,1.0,19.542727497752633,1.0000551447970174,0.01526601646994842,false
2395,2004-06-28,391,3.6913575939349843,0.1556260498074731,0.9999999999999999,22.15841355849573,1.1757340307711033,0.00602303131770343,true
2395,2004-06-28,349,3.5742764986983935,0.1556260498074731,1.0,29.882282312675418,1.0000000830483247,0.011787945869522155,true
2416,2004-07-28,67,2.7997667610051544,0.038906512451868276,0.9999999999999998,60.11710707447039,3.8922826523844725,0.0020089541573951905,true
2416,2004-07-28,389,3.689771403504938,0.12968837483956092,1.0,18.408763499566334,1.137549464395513,0.03106581473819492,true
2416,2004-07-28,320,3.511770475004981,0.051875349935824364,1.0,20.908069595215956,1.0001224381943377,0.014600469355701123,true
2416,2004-07-28,311,3.4524368321716623,0.20750139974329745,1.0000000000000002,1.3662391791149253,1.0,0.03317908911647009,false
2416,2004-07-28,391,3.689771403504938,0.1556260498074731,1.0,23.036721801809513,1.2227008327559497,0.005343325245006772,true
2416,2004-07-28,349,3.5711041178383,0.1556260498074731,1.0,30.6246177767723,1.0000000933422084,0.013261122223903443,true
2437,2004-08-26,25,2.6810994753385167,0.038906512451868276,0.9999999999999999,23.05792228130071,4.121687768595424,0.017532113554739836,false
2437,2004-08-26,320,3.511770475004981,0.051875349935824364,1.0,21.91250478604475,1.000215596936952,0.014600469355701123,true
2437,2004-08-26,311,3.4524368321716623,0.20750139974329745,0.9999999999999996,1.4357175114047116,1.0,0.03317908911647009,false
2437,2004-08-26,389,3.689771403504938,0.12968837483956092,0.9999999999999998,19.873446814843255,1.1634923588244084,0.03106581473819492,true
2437,2004-08-26,391,3.689771403504938,0.1556260498074731,1.0,23.603873245214675,1.2617377169285882,0.005343325245006772,true
2437,2004-08-26,349,3.5711041178383,0.1556260498074731,0.9999999999999998,31.76005872398791,1.0000001325380163,0.013261122223903443,true
2458,2004-09-27,45,2.700991233096828,0.025937674967912182,0.9999999999999998,78.92927790517119,4.058063971942123,0.003404149414239785,true
2458,2004-09-27,389,3.685388971829937,0.12968837483956092,0.9999999999999999,23.25335512863193,1.1933777159573296,0.02878750766868147,true
2458,2004-09-27,320,3.5008143958174793,0.051875349935824364,1.0,25.36358476965467,1.0005745241810493,0.0179370128235641,true
2458,2004-09-27,311,3.4392895371466596,0.20750139974329745,1.0000000000000002,1.3971925616535983,1.000000000769849,0.03266509944352465,false
2458,2004-09-27,391,3.685388971829937,0.1556260498074731,0.9999999999999999,25.13946459832284,1.3504371793689733,0.00577606299040793,true
2458,2004-09-27,371,3.623864113159118,0.16859488729142919,1.0000000000000002,25.69459771761223,1.0000000004022682,0.0047934351561459325,true
2479,2004-10-26,86,2.798112755117863,0.012968837483956091,1.0000000000000002,149.94191482973088,8.39455959802283,0.0045536665260517,true
2479,2004-10-26,311,3.429566463901433,0.20750139974329745,1.0,1.3602963832511388,1.0,0.035557703064133035,false
2479,2004-10-26,389,3.6821479474148617,0.12968837483956092,1.0,25.419704170823042,1.2015280645465258,0.02600184849141507,true
2479,2004-10-26,320,3.4927118347797905,0.051875349935824364,1.0,28.452011759062728,1.000943299780424,0.021138673730481825,true
2479,2004-10-26,391,3.6821479474148617,0.1556260498074731,1.0,26.11960135310397,1.4190390729710902,0.007850430492847884,true
2479,2004-10-26,371,3.6190025765365044,0.16859488729142919,1.0,26.121278937703153,1.0000046244903735,0.006189829862677103,true
2500,2004-11-24,1,2.5392369943330477,0.0,1.0,47.53374905444872,4.666752244769356,0.0009416319074211366,false
2500,2004-11-24,389,3.6815185196877227,0.12968837483956092,1.0,27.1542208512107,1.1977726803982534,0.025473351632972402,true
2500,2004-11-24,311,3.4276781807200174,0.20750139974329745,1.0000000000000004,1.3920882741172962,1.0,0.03639506513424198,false
2500,2004-11-24,321,3.4911382654619434,0.06484418741978046,0.9999999999999998,37.121728203060904,1.053591616308141,0.011122559723155206,true
2500,2004-11-24,391,3.6815185196877227,0.1556260498074731,1.0,26.917887294672894,1.0000009970949366,0.008339960209103842,true
2500,2004-11-24,371,3.6180584349457963,0.16859488729142919,1.0,26.696891722499416,1.3524221736002864,0.006300325781868955,true
2521,2004-12-27,22,2.488081264771413,0.0,0.9999999999999999,45.69005437466502,5.319378062316843,0.009125963994904316,true
2521,2004-12-27,311,3.3914837130452087,0.20750139974329745,1.0,1.257223605243591,1.0,0.044453191276481584,false
2521,2004-12-27,389,3.669453697129453,0.12968837483956092,1.0,31.836041862003146,1.0088068898914946,0.01675088349325523,true
2521,2004-12-27,342,3.5304687050873307,0.06484418741978046,1.0,25.150417285743234,1.0165697850736566,0.01773351803863362,true
2521,2004-12-27,391,3.669453697129453,0.1556260498074731,1.0,30.120758880026784,2.740395117873076,0.006473388157636507,true
2521,2004-12-27,371,3.599961201108392,0.16859488729142919,1.0,27.60228769867996,1.0000146010361526,0.007399913516403711,true
2542,2005-01-26,67,2.6270662568135354,0.038906512451868276,0.9999999999999999,35.48780800274118,3.549686063304035,0.007725976681346225,true
2542,2005-01-26,310,3.3914837130452087,0.19453256225934137,1.0,3.6680322189796617,1.0,0.03190183607691174,false
2542,2005-01-26,389,3.669453697129453,0.12968837483956092,0.9999999999999999,33.15994196510805,1.2325399081984223,0.01675088349325523,true
2542,2005-01-26,342,3.5304687050873307,0.06484418741978046,0.9999999999999998,26.863742954994727,1.0197814593278869,0.01773351803863362,true
2542,2005-01-26,391,3.669453697129453,0.1556260498074731,1.0,30.769490318533382,1.6875789700262547,0.006473388157636507,true
2542,2005-01-26,371,3.599961201108392,0.16859488729142919,1.0,28.157341821272837,1.0000140034330804,0.007399913516403711,true
2563,2005-02-25,1,2.4069451083182885,0.0,1.0,35.859891786378085,2.956530963767903,0.0,true
2563,2005-02-25,410,3.7383640101289113,0.12968837483956092,1.0,23.148392590904397,1.07575341922944,0.019593280924487654,false
2563,2005-02-25,342,3.528139973000918,0.06484418741978046,1.0,30.422302870350563,1.0263916228186838,0.01697079921151455,true
2563,2005-02-25,310,3.3879906149155894,0.19453256225934137,1.0,3.7344542561552276,1.000000511287261,0.031044734396115818,false
2563,2005-02-25,391,3.668289331086247,0.1556260498074731,1.0,32.02210198032903,1.7377266439290022,0.005323999098967536,true
2563,2005-02-25,371,3.5982146520435827,0.16859488729142919,1.0,29.04689358512207,1.0042546191251067,0.008894102231736284,true
2584,2005-03-29,89,2.687243824488946,0.051875349935824364,1.0,39.69117611718054,3.512587773462155,0.010700915628570751,true
2584,2005-03-29,342,3.528139973000918,0.06484418741978046,0.9999999999999999,32.27198108344447,1.0299941467064835,0.01697079921151455,true
2584,2005-03-29,290,3.317915935872925,0.20750139974329745,1.0000000000000002,1.1768222235526784,1.0000000000094806,0.06414619823345874,false
2584,2005-03-29,410,3.7383640101289113,0.12968837483956092,0.9999999999999998,24.918166431699248,1.0796141018216012,0.019593280924487654,false
2584,2005-03-29,391,3.668289331086247,0.1556260498074731,1.0,32.56080798728984,1.7600293966040417,0.005323999098967536,true
2584,2005-03-29,392,3.668289331086247,0.16859488729142919,0.9999999999999998,28.458941034159718,1.030382371198896,0.007072186274146615,true
2605,2005-04-27,91,2.687243824488946,0.07781302490373655,0.9999999999999999,8.027463944883806,2.0093748215046188,0.012947217960935087,true
2605,2005-04-27,289,3.317915935872925,0.19453256225934137,1.0000000000000002,1.9528300418131843,1.0003640233506732,0.055170519242930004,false
2605,2005-04-27,410,3.7383640101289113,0.12968837483956092,1.0,25.897875275445948,1.0122904770509946,0.019593280924487654,false
2605,2005-04-27,392,3.668289331086247,0.16859488729142919,1.0000000000000002,28.80724236606173,1.0456057554796625,0.007072186274146615,true
2605,2005-04-27,168,2.897467861616939,0.25937674967912183,0.9999999999999998,1.1876778333397195,1.0,0.17962612485877136,false
2605,2005-04-27,321,3.4580652939582537,0.06484418741978046,1.0,62.925582304000535,2.599508211333713,0.007881885186138214,true
2626,2005-05-26,25,2.4770197873609527,0.038906512451868276,0.9999999999999999,24.090322723262585,2.040932988714252,0.006267435211872518,true
2626,2005-05-26,289,3.317915935872925,0.19453256225934137,1.0,1.9836079645357299,1.0003872301274441,0.055170519242930004,false
2626,2005-05-26,410,3.7383640101289113,0.12968837483956092,1.0,26.52543735173023,1.4408120181144777,0.019593280924487654,false
2626,2005-05-26,392,3.668289331086247,0.16859488729142919,1.0000000000000002,28.947671094489056,1.0493476941933253,0.007072186274146615,true
2626,2005-05-26,147,2.8273931825742746,0.25937674967912183,1.0,1.1733059847852445,1.0,0.1742361146791184,false
2647,2005-06-27,45,2.5430312540845432,0.025937674967912182,1.0,105.75816379529314,5.816227816597134,0.006900251137658755,true
2647,2005-06-27,289,3.316335797748841,0.19453256225934137,1.0000000000000002,2.040763386317215,1.0005197292902142,0.05640535216679797,false
2647,2005-06-27,410,3.7381382761111848,0.12968837483956092,0.9999999999999998,28.444134948864964,1.0130152436913007,0.019520422665957386,false
2647,2005-06-27,392,3.6678378630507944,0.16859488729142919,1.0,29.509255427544325,1.062329320955378,0.007519211512023456,true
2647,2005-06-27,84,2.613331667144934,0.25937674967912183,0.9999999999999999,1.1521043709882437,1.0,0.20035728272614556,false
2668,2005-07-27,1,2.325324579963535,0.0,0.9999999999999999,51.52357610852178,7.4268955923763285,0.0,true
2668,2005-07-27,21,2.325324579963535,0.25937674967912183,1.0,1.2489528949267514,1.0,0.2449461527994988,false
2668,2005-07-27,289,3.2893487509487613,0.19453256225934137,1.0,1.7390640753886302,1.0007159338271279,0.07465023498139552,false
2668,2005-07-27,410,3.7342829837111737,0.12968837483956092,1.0000000000000002,31.119002534006793,1.5792462095089448,0.018657698178464036,false
2668,2005-07-27,392,3.6601272782507714,0.16859488729142919,1.0,30.3245936948937,1.008823446436089,0.014210817772924041,true
2689,2005-08-25,87,2.6219474018051434,0.025937674967912182,0.9999999999999999,173.8400320938209,7.154051390662511,0.0024284349973755213,true
2689,2005-08-25,289,3.2893487509487613,0.19453256225934137,0.9999999999999999,1.7656388235300768,1.000872622731507,0.07465023498139552,false
2689,2005-08-25,410,3.7342829837111737,0.12968837483956092,0.9999999999999998,32.22160788357861,1.7682328877267164,0.018657698178464036,false
2689,2005-08-25,392,3.6601272782507714,0.16859488729142919,1.0,30.5712248729441,1.0186935383052464,0.014210817772924041,true
2689,2005-08-25,21,2.325324579963535,0.25937674967912183,0.9999999999999999,1.8320582902159124,1.0,0.2449461527994988,false
2710,2005-09-26,65,2.547791696344741,0.012968837483956091,0.9999999999999999,200.7440831306903,11.300105234694136,0.004747731072764878,true
2710,2005-09-26,268,3.2151930454883595,0.19453256225934137,0.9999999999999999,1.2937712615997008,1.0000000009168815,0.08731888845867497,false
2710,2005-09-26,410,3.7342829837111737,0.12968837483956092,1.0000000000000002,33.08895669944703,1.0138893587723148,0.018657698178464036,false
2710,2005-09-26,392,3.6601272782507714,0.16859488729142919,1.0,30.73164219770069,1.024792013012619,0.014210817772924041,true
2710,2005-09-26,20,2.325324579963535,0.24640791219516575,0.9999999999999999,1.2355804397384875,1.0026463098912604,0.23315448473475647,false
2731,2005-10-25,109,2.6961031072655453,0.038906512451868276,1.0000000000000002,159.91107690119796,8.026267369214127,0.004269591221610499,true
2731,2005-10-25,410,3.7342829837111737,0.12968837483956092,1.0,33.563315398067225,1.013690095876164,0.018657698178464036,false
2731,2005-10-25,268,3.2151930454883595,0.19453256225934137,0.9999999999999997,1.3157394943262435,1.000000001441244,0.08731888845867497,false
2731,2005-10-25,392,3.6601272782507714,0.16859488729142919,0.9999999999999999,30.954971423056268,1.037907984659633,0.014210817772924041,true
2731,2005-10-25,20,2.325324579963535,0.24640791219516575,1.0,1.2860605664198441,1.0032991180340067,0.23315448473475647,false
2752,2005-11-23,22,2.399480285423937,0.0,1.0,131.94880433729625,11.895177134024543,0.005157306381228563,true
2752,2005-11-23,268,3.2151930454883595,0.19453256225934137,1.0,1.3127781096883362,1.0000000012658663,0.08731888845867497,false
2752,2005-11-23,411,3.7342829837111737,0.142657212323517,0.9999999999999999,25.000056648297228,1.0163147321907695,0.006016438522869391,false
2752,2005-11-23,392,3.6601272782507714,0.16859488729142919,0.9999999999999998,30.984272145053275,1.0353294371138735,0.014210817772924041,true
2752,2005-11-23,20,2.325324579963535,0.24640791219516575,1.0000000000000002,1.699133775290622,1.0034129145808002,0.23315448473475647,false
2773,2005-12-23,1,2.325324579963535,0.0,0.9999999999999998,96.02199529079228,9.55015498757565,0.0,true
2773,2005-12-23,268,3.2151930454883595,0.19453256225934137,1.0000000000000004,1.3083687338505512,1.0000000008756142,0.08731888845867497,false
2773,2005-12-23,411,3.7342829837111737,0.142657212323517,1.0000000000000002,25.595907227526904,1.0148761663516093,0.006016438522869391,false
2773,2005-12-23,392,3.6601272782507714,0.16859488729142919,0.9999999999999999,30.992849299201126,1.028591115991742,0.014210817772924041,true
2773,2005-12-23,19,2.325324579963535,0.23343907471120964,1.0000000000000002,1.228209728053202,1.0058133505673197,0.22149444964593282,false
2773,2005-12-23,321,3.4376601618695655,0.06484418741978046,1.0000000000000002,65.9855177393005,2.269851009923461,0.007421927762120461,true
2794,2006-01-26,64,2.547791696344741,0.0,0.9999999999999998,193.86022745326355,13.031714090387897,0.0008719192460100444,true
2794,2006-01-26,268,3.2151930454883595,0.19453256225934137,1.0000000000000002,1.2729229265257285,1.0,0.08731888845867497,false
2794,2006-01-26,411,3.7342829837111737,0.142657212323517,1.0,25.405475096425572,1.0109326658800204,0.006016438522869391,false
2794,2006-01-26,392,3.6601272782507714,0.16859488729142919,1.0,30.383480705992273,1.000000278531652,0.014210817772924041,true
2794,2006-01-26,19,2.325324579963535,0.23343907471120964,1.0,2.007923892017934,1.0034349869613617,0.22149444964593282,false
2794,2006-01-26,321,3.4376601618695655,0.06484418741978046,1.0000000000000002,62.49367057690564,2.1377474834064114,0.007421927762120461,true
2815,2006-02-27,43,2.4736359908843393,0.0,1.0,225.34891141363346,18.356076845140564,0.0012203230501595108,true
2815,2006-02-27,268,3.2151930454883595,0.19453256225934137,1.0,1.2704866790920633,1.0036062188809747,0.08731888845867497,false
2815,2006-02-27,411,3.7342829837111737,0.142657212323517,1.0000000000000002,25.54213370386564,1.0090777220509357,0.006016438522869391,false
2815,2006-02-27,392,3.6601272782507714,0.16859488729142919,1.0,30.054630908860116,1.0000000000269005,0.014210817772924041,true
2815,2006-02-27,18,2.325324579963535,0.22047023722725356,1.0,1.413409611412752,1.0,0.20998797629233465,false
2815,2006-02-27,321,3.4376601618695655,0.06484418741978046,0.9999999999999999,61.824754050591615,2.103092045840904,0.007421927762120461,true
2836,2006-03-28,43,2.4736359908843393,0.0,1.0000000000000002,244.03547487145283,17.355173272164418,0.0012203230501595108,true
2836,2006-03-28,268,3.2151930454883595,0.19453256225934137,1.0,1.2731750296748539,1.0,0.08731888845867497,false
2836,2006-03-28,411,3.7342829837111737,0.142657212323517,0.9999999999999999,25.326051455940213,1.0085345215509312,0.006016438522869391,false
2836,2006-03-28,392,3.6601272782507714,0.16859488729142919,1.0000000000000002,29.954559733016794,1.0000001347290628,0.014210817772924041,true
2836,2006-03-28,18,2.325324579963535,0.22047023722725356,0.9999999999999998,1.715500913441477,1.0057928896250152,0.20998797629233465,false
2857,2006-04-27,44,2.4736359908843393,0.012968837483956091,1.0,277.73865166716797,12.944995527619746,0.004063295652092467,true
2857,2006-04-27,268,3.2151930454883595,0.19453256225934137,1.0,1.2809942257876863,1.003665731177639,0.08731888845867497,false
2857,2006-04-27,411,3.7342829837111737,0.142657212323517,0.9999999999999999,22.92793717767455,1.3812311061713163,0.006016438522869391,false
2857,2006-04-27,392,3.6601272782507714,0.16859488729142919,1.0000000000000002,29.8237344683071,1.0000000000157263,0.014210817772924041,true
2857,2006-04-27,18,2.325324579963535,0.22047023722725356,1.0000000000000002,1.7912661308178341,1.0,0.20998797629233465,false
2878,2006-05-26,88,2.6219474018051434,0.038906512451868276,0.9999999999999996,170.75837476313245,16.963496294346623,0.0016269499655250862,true
2878,2006-05-26,268,3.2151930454883595,0.19453256225934137,1.0,1.2636825767685762,1.0046090148555813,0.08731888845867497,false
2878,2006-05-26,411,3.7342829837111737,0.142657212323517,1.0,22.466506114086158,1.3358651072341738,0.006016438522869391,false
2878,2006-05-26,392,3.6601272782507714,0.16859488729142919,1.0,29.221107996178272,1.9338681676062166,0.014210817772924041,true
2878,2006-05-26,17,2.325324579963535,0.20750139974329745,1.0,1.147596766411807,1.0,0.1986617493180709,false
2899,2006-06-27,133,2.770258812725947,0.07781302490373655,0.9999999999999999,34.22584237882462,2.0704939266811286,0.005891803787865564,true
2899,2006-06-27,268,3.2151930454883595,0.19453256225934137,1.0,1.2683147321336679,1.0000000000265223,0.08731888845867497,false
2899,2006-06-27,411,3.7342829837111737,0.142657212323517,1.0,22.67627175043717,1.0078518947290587,0.006016438522869391,false
2899,2006-06-27,392,3.6601272782507714,0.16859488729142919,1.0000000000000002,29.492819967651208,1.0000000000114473,0.014210817772924041,true
2899,2006-06-27,18,2.325324579963535,0.22047023722725356,0.9999999999999999,2.0336843000119833,1.0041787914721467,0.20998797629233465,false
2920,2006-07-27,112,2.6961031072655453,0.07781302490373655,0.9999999999999999,34.32961513657773,2.323556577009218,0.005629244905511547,true
2920,2006-07-27,268,3.2151930454883595,0.19453256225934137,1.0,1.2879078634437469,1.0,0.08731888845867497,false
2920,2006-07-27,411,3.7342829837111737,0.142657212323517,0.9999999999999998,23.03873640606734,1.0095618007203528,0.006016438522869391,false
2920,2006-07-27,392,3.6601272782507714,0.16859488729142919,0.9999999999999999,29.87435271043675,1.0000001313835092,0.014210817772924041,true
2920,2006-07-27,18,2.325324579963535,0.22047023722725356,0.9999999999999999,1.8396642923458837,1.0068583431802112,0.20998797629233465,false
2941,2006-08-25,45,2.4736359908843393,0.025937674967912182,0.9999999999999998,183.5917634359034,15.576633893231147,0.002258627565866754,true
2941,2006-08-25,268,3.2151930454883595,0.19453256225934137,1.0000000000000002,1.3057150077796558,1.0000000001342493,0.10357484956423911,false
2941,2006-08-25,411,3.7342829837111737,0.142657212323517,1.0000000000000002,23.12685539883517,1.0103084139238987,0.006016438522869391,false
2941,2006-08-25,392,3.6601272782507714,0.16859488729142919,1.0,29.86050212812009,1.0000000000104354,0.014210817772924041,true
2941,2006-08-25,18,2.325324579963535,0.22047023722725356,1.0,1.8988537409694217,1.0085850264285434,0.20998797629233465,false
2962,2006-09-26,43,2.4736359908843393,0.0,0.9999999999999996,290.8460248615466,21.543781374971307,0.00046459731475989585,true
2962,2006-09-26,248,3.141037340027957,0.20750139974329745,1.0,1.1812344085398052,1.0701300564244507,0.11202966256475884,false
2962,2006-09-26,392,3.6601272782507714,0.16859488729142919,1.0,25.581493343906747,1.9977076811308763,0.014210817772924041,true
2962,2006-09-26,18,2.325324579963535,0.22047023722725356,1.0,1.8624898704404658,1.0,0.20998797629233465,false
2962,2006-09-26,374,3.5859715727903696,0.20750139974329745,1.0,10.203230865761405,1.003072591263524,0.012491851862954362,true
2983,2006-10-25,22,2.399480285423937,0.0,0.9999999999999997,269.72435463550784,20.393378799408232,0.0013485324331017439,true
2983,2006-10-25,248,3.141037340027957,0.20750139974329745,0.9999999999999997,1.171056430935522,1.6432527911409567,0.11202966256475884,false
2983,2006-10-25,349,3.5118158673299673,0.1556260498074731,1.0,27.036300661416558,1.000000035423754,0.010884949336574148,true
2983,2006-10-25,18,2.325324579963535,0.22047023722725356,1.0,1.7217545717832743,1.6060936798024272,0.20998797629233465,false
2983,2006-10-25,435,3.8084386891715756,0.1815637247753853,1.0,16.082707039985557,1.7994111909525914,0.054439147542284516,false
2983,2006-10-25,374,3.5859715727903696,0.20750139974329745,1.0,9.77019567956094,1.2445885648808932,0.012491851862954362,true
3004,2006-11-24,22,2.368329953742096,0.0,0.9999999999999999,257.32643264075483,18.86221225830922,0.0018315350043978107,true
3004,2006-11-24,268,3.2020771163591633,0.19453256225934137,0.9999999999999998,1.2595339988587078,1.0840839269484714,0.10044786491511545,false
3004,2006-11-24,371,3.5810530993669207,0.16859488729142919,1.0,23.124028645040603,1.0000000007043832,0.013451244513690827,true
3004,2006-11-24,18,2.2925347571405443,0.22047023722725356,0.9999999999999999,1.7042043653961723,1.0,0.22047023722725356,false
3004,2006-11-24,145,2.7473059367498536,0.23343907471120964,0.9999999999999998,1.5974977039850278,1.0,0.1517861439446196,false
3004,2006-11-24,374,3.5810530993669207,0.20750139974329745,0.9999999999999998,9.471336449411163,1.259848511483327,0.010334563499061082,true
3004,2006-11-24,412,3.732643492570024,0.1556260498074731,1.0,21.374328269582477,1.370243556336488,0.019385477320887416,false
3004,2006-11-24,322,3.4294627061638177,0.07781302490373655,1.0,55.165890819689245,2.940454351488325,0.005836507313015379,true
3025,2006-12-26,44,2.4441251503436474,0.012968837483956091,0.9999999999999999,335.3019973392995,16.34967320800093,0.004148274396230256,true
3025,2006-12-26,268,3.2020771163591633,0.19453256225934137,1.0000000000000002,1.2520766285193963,1.0,0.10044786491511545,false
3025,2006-12-26,349,3.5052579027653694,0.1556260498074731,0.9999999999999999,26.138233430170718,1.000000030245481,0.00934229297710159,true
3025,2006-12-26,18,2.2925347571405443,0.22047023722725356,0.9999999999999998,1.9845786139688342,1.6362657525318038,0.2159201600357123,false
3025,2006-12-26,435,3.8084386891715756,0.1815637247753853,1.0,16.072756576012342,1.7663409931504184,0.054439147542284516,false
3025,2006-12-26,144,2.7473059367498536,0.22047023722725356,0.9999999999999998,1.6742659019239146,1.1825932181580012,0.13927595111644728,false
3025,2006-12-26,374,3.5810530993669207,0.20750139974329745,1.0,9.393380639767473,1.0,0.010334563499061082,true
3025,2006-12-26,322,3.4294627061638177,0.07781302490373655,1.0000000000000002,53.84989672377526,2.8861206774600903,0.005836507313015379,true
3046,2007-01-29,44,2.4432155999883163,0.012968837483956091,1.0,349.21351666543103,16.865611198275325,0.0005101858023799248,true
3046,2007-01-29,268,3.2016728717567937,0.19453256225934137,0.9999999999999998,1.2517412027560841,1.0013444247670462,0.10031993023712142,false
3046,2007-01-29,349,3.5050557804641844,0.1556260498074731,1.0,25.71647582027809,1.4135421819178253,0.0093639242354532,true
3046,2007-01-29,17,2.2915241456346207,0.20750139974329745,1.0000000000000002,1.2833355888436933,1.0,0.20320814619593183,false
3046,2007-01-29,123,2.6707527815188596,0.22047023722725356,1.0,2.2134192435361713,1.0,0.14142397557257944,false
3046,2007-01-29,435,3.8084386891715756,0.1815637247753853,1.0,16.131890684439092,1.0000000000000113,0.054439147542284516,false
3046,2007-01-29,374,3.580901507641032,0.20750139974329745,0.9999999999999999,9.314261737984475,1.0017512367974883,0.010298255417391421,true
3046,2007-01-29,322,3.4292100532873366,0.07781302490373655,0.9999999999999999,53.43362084462257,2.8664061609869416,0.006061419364820473,true
3067,2007-02-28,130,2.746598508695707,0.038906512451868276,0.9999999999999998,192.8049187127195,9.961896679162313,0.003869941830345665,true
3067,2007-02-28,268,3.2016728717567937,0.19453256225934137,1.0,1.2524321714093445,1.0,0.10031993023712142,false
3067,2007-02-28,349,3.5050557804641844,0.1556260498074731,0.9999999999999999,25.32925085546104,1.0000000136650837,0.0093639242354532,true
3067,2007-02-28,17,2.2915241456346207,0.20750139974329745,1.0,1.8106281600876744,1.6206981358002774,0.20320814619593183,false
3067,2007-02-28,194,2.9741356902262504,0.051875349935824364,1.0000000000000002,76.62733514953202,2.103183879649015,0.012703910581473027,true
3067,2007-02-28,435,3.8084386891715756,0.1815637247753853,0.9999999999999999,16.194403975186823,1.690512390757603,0.054439147542284516,false
3067,2007-02-28,388,3.65674723481788,0.11671953735560482,1.0000000000000002,25.134408729164956,1.1361972912493796,0.03757658640921335,false
3067,2007-02-28,374,3.580901507641032,0.20750139974329745,1.0,9.250269243434062,1.0,0.010298255417391421,true
3088,2007-03-29,129,2.746598508695707,0.025937674967912182,1.0,225.3403141094234,11.181405989372038,0.004324484546804484,true
3088,2007-03-29,268,3.2016728717567937,0.19453256225934137,1.0000000000000002,1.2455030560188944,1.0000000000013534,0.10031993023712142,false
3088,2007-03-29,349,3.5050557804641844,0.1556260498074731,1.0000000000000002,24.785634548755343,1.0000000000003864,0.0093639242354532,true
3088,2007-03-29,17,2.2915241456346207,0.20750139974329745,1.0,2.0250114638643755,1.657395522495844,0.20320814619593183,false
3088,2007-03-29,194,2.9741356902262504,0.051875349935824364,0.9999999999999999,77.49723582862856,2.3601663406790334,0.009848298714986315,true
3088,2007-03-29,393,3.65674723481788,0.1815637247753853,0.9999999999999998,16.25767287927045,1.9766374376414269,0.0204819861840773,true
3088,2007-03-29,373,3.580901507641032,0.19453256225934137,0.9999999999999999,11.471077920782335,1.3752393388396222,0.003802185706564254,true
3109,2007-04-30,107,2.6707527815188596,0.012968837483956091,1.0,277.15067535956604,11.516206756672403,0.003487799549858752,true
3109,2007-04-30,267,3.2016728717567937,0.1815637247753853,0.9999999999999999,2.1588706195133165,1.0299503559827328,0.088104434797256,false
3109,2007-04-30,349,3.5050557804641844,0.1556260498074731,1.0,24.44110416549609,1.1849673342778246,0.0093639242354532,true
3109,2007-04-30,16,2.2915241456346207,0.19453256225934137,0.9999999999999998,1.1220135742275932,1.2541693718840996,0.19038007664544915,false
3109,2007-04-30,165,2.8224442358725548,0.22047023722725356,0.9999999999999999,1.7907288643619688,1.0000000000088507,0.12807712562673604,false
3109,2007-04-30,194,2.9741356902262504,0.051875349935824364,1.0,76.93158460504601,2.3444129306375587,0.009848298714986315,true
3109,2007-04-30,393,3.65674723481788,0.1815637247753853,1.0,16.05427802356513,1.0436776502073193,0.0204819861840773,true
3109,2007-04-30,373,3.580901507641032,0.19453256225934137,0.9999999999999998,11.4003464262987,1.0,0.003802185706564254,true
3109,2007-04-30,388,3.65674723481788,0.11671953735560482,1.0,24.68712625282717,1.141787245312946,0.03757658640921335,false
3109,2007-04-30,412,3.732592961994728,0.1556260498074731,1.0000000000000002,20.977716962053442,1.243021303033676,0.01933704191851681,false
3130,2007-05-30,64,2.519061327165164,0.0,1.0000000000000002,335.6278190383494,24.8147563553866,0.0009801724243777127,true
3130,2007-05-30,267,3.2016728717567937,0.1815637247753853,1.0000000000000002,1.9740326336891534,1.000000033624956,0.088104434797256,false
3130,2007-05-30,349,3.5050557804641844,0.1556260498074731,1.0,24.11285306378981,1.1918756172536609,0.0093639242354532,true
3130,2007-05-30,16,2.2915241456346207,0.19453256225934137,1.0,1.2202330358642703,1.317205737732701,0.19038007664544915,false
3130,2007-05-30,165,2.8224442358725548,0.22047023722725356,1.0,1.5675133854006342,1.0512416211564204,0.12807712562673604,false
3130,2007-05-30,194,2.9741356902262504,0.051875349935824364,1.0,75.87995255555018,2.29778503410545,0.009848298714986315,true
3130,2007-05-30,393,3.65674723481788,0.1815637247753853,1.0,15.873518356345535,1.0,0.0204819861840773,true
3130,2007-05-30,373,3.580901507641032,0.19453256225934137,0.9999999999999999,11.348981564671282,1.327384759939066,0.003802185706564254,true
3130,2007-05-30,388,3.65674723481788,0.11671953735560482,1.0,24.536660598372247,1.147047642061581,0.03757658640921335,false
3130,2007-05-30,412,3.732592961994728,0.1556260498074731,1.0,20.858300124281296,1.2249622978750248,0.01933704191851681,false
3151,2007-06-28,129,2.746598508695707,0.025937674967912182,1.0,252.536847655281,12.842812617665428,0.004324484546804484,true
3151,2007-06-28,267,3.2016728717567937,0.1815637247753853,1.0000000000000002,1.9652219933968562,1.0263345797213395,0.088104434797256,false
3151,2007-06-28,349,3.5050557804641844,0.1556260498074731,0.9999999999999998,23.926453214331563,1.18513009616777,0.0093639242354532,true
3151,2007-06-28,16,2.2915241456346207,0.19453256225934137,0.9999999999999996,1.1317231656698366,1.2164219808676302,0.19038007664544915,false
3151,2007-06-28,165,2.8224442358725548,0.22047023722725356,1.0,1.72116173903416,1.0000000000028304,0.12807712562673604,false
3151,2007-06-28,194,2.9741356902262504,0.051875349935824364,1.0,74.51008301227834,2.3053741597842565,0.009848298714986315,true
3151,2007-06-28,373,3.580901507641032,0.19453256225934137,1.0,11.295074588366866,1.0,0.003802185706564254,true
3151,2007-06-28,388,3.65674723481788,0.11671953735560482,1.0,24.062932175358114,1.1446343344921557,0.03757658640921335,false
3151,2007-06-28,435,3.8084386891715756,0.1815637247753853,1.0,16.018667684999656,1.0001104734071637,0.054439147542284516,false
3172,2007-07-30,216,3.049981417403098,0.05900071807941745,0.9999999999999998,31.16708454375625,3.4116063502109166,0.011960120116870948,true
3172,2007-07-30,394,3.65674723481788,0.17700215423825236,1.0000000000000002,13.474031737580031,1.4120984683444355,0.020799626144059617,true
3172,2007-07-30,323,3.4292100532873366,0.08260100531118443,1.0000000000000002,47.510166492058865,2.113899344322991,0.007245420115709436,true
3172,2007-07-30,194,2.9741356902262504,0.04720057446353396,1.0,65.93671879341873,1.9533861911220378,0.01437948742903806,true
3172,2007-07-30,392,3.65674723481788,0.15340186700648537,0.9999999999999999,23.87030488069978,1.000000000085956,0.0033058581070343727,true
3172,2007-07-30,410,3.732592961994728,0.1180014361588349,1.0000000000000002,17.076339986387996,1.107583515472773,0.04695434340248486,false
3193,2007-08-28,284,3.24134875787955,0.09321048104322055,1.0,18.820424546814838,1.0472825274190805,0.015862864567270596,true
3193,2007-08-28,370,3.5336024847241436,0.11185257725186466,1.0,25.887678116813202,1.0125880318838456,0.0026595941466294403,true
3193,2007-08-28,269,3.1682853261684016,0.14913676966915287,1.0,5.843987450756722,1.0024551066269438,0.04986139111718352,false
3193,2007-08-28,195,2.9490950310349566,0.046605240521610275,1.0,75.04524956962659,1.9110787825495037,0.009227628354266782,true
3193,2007-08-28,396,3.606665916435292,0.15845781777347492,1.0,20.059306151524467,1.0,0.005727211831208432,true
3193,2007-08-28,303,3.3144121895906986,0.07456838483457644,1.0,44.99531557784253,1.9977803172267152,0.003816326769842365,true
3193,2007-08-28,346,3.4605390530129956,0.0838894329388985,0.9999999999999999,45.414580353349564,2.0544873768517142,0.0028922231428048133,true
3214,2007-09-27,150,2.8029681676126597,0.01864209620864411,1.0,167.07908677196755,8.602418082127125,0.006304606327046226,true
3214,2007-09-27,229,3.0221584627461047,0.167778865877797,1.0,3.061109729087679,1.0,0.08150259726717896,false
3214,2007-09-27,370,3.5336024847241436,0.11185257725186466,0.9999999999999999,21.768860199542445,1.004715814568135,0.0026595941466294403,true
3214,2007-09-27,195,2.9490950310349566,0.046605240521610275,1.0,69.09720207291885,1.976780835288545,0.009227628354266782,true
3214,2007-09-27,303,3.3144121895906986,0.07456838483457644,1.0,49.52334323754994,1.9483066448186448,0.003816326769842365,true
3214,2007-09-27,346,3.4605390530129956,0.0838894329388985,1.0000000000000002,44.036756624320745,1.9709553028668192,0.0028922231428048133,true
3235,2007-10-26,233,2.9817341690754913,0.006962562326251398,0.9999999999999998,130.6164053186051,6.139834305193271,0.0031259459667044753,true
3235,2007-10-26,217,2.9189878033081396,0.04177537395750839,0.9999999999999998,66.29732120395039,1.3892430626373622,0.009251351371002015,true
3235,2007-10-26,391,3.4209587294469546,0.08355074791501678,0.9999999999999998,38.8607326237613,1.496763162256695,0.005532427638931783,true
3256,2007-11-27,348,3.2954659979122507,0.07658818558876537,0.9999999999999999,38.21756055375248,1.8081781217424164,0.0060513237844295065,true
3256,2007-11-27,217,2.9189878033081396,0.04177537395750839,0.9999999999999998,64.65804347896712,1.332580998584186,0.009251351371002015,true
3256,2007-11-27,391,3.4209587294469546,0.08355074791501678,0.9999999999999999,33.114697580507496,1.0000000033676537,0.007180152299221301,true
3277,2007-12-27,238,2.9817341690754913,0.04177537395750839,0.9999999999999998,50.11398938529102,1.8970335575335504,0.014805201161343469,true
3277,2007-12-27,391,3.4209587294469546,0.08355074791501678,1.0,32.15913010635141,1.0000000029067002,0.007180152299221301,true
3277,2007-12-27,217,2.9189878033081396,0.04177537395750839,1.0,64.65942816530321,1.3297621958964172,0.009251351371002015,true
3298,2008-01-29,351,3.2871205151026044,0.10638727152743907,1.0,10.97934932276817,2.8643016346815515,0.020520374360475286,true
3298,2008-01-29,238,2.9759966496438595,0.04559454494033103,1.0,53.13972742663384,1.605051688585476,0.014489391289492958,true
3298,2008-01-29,390,3.4115700612861026,0.08358999905727355,1.0,34.196928087228095,1.0000000138496599,0.004041964943263472,true
3298,2008-01-29,270,3.0382214227356084,0.12918454399760457,1.0000000000000002,2.6077451732688712,1.0,0.04053796525700187,false
3319,2008-02-28,304,3.1478337929062965,0.06839181741049655,1.0,41.65324142213585,5.0350527374334435,0.008791132657227042,true
3319,2008-02-28,389,3.392493692126775,0.07599090823388505,0.9999999999999999,24.493629141961947,1.0000000572399654,0.015147277691021012,true
3319,2008-02-28,238,2.964338868490937,0.04559454494033103,1.0,55.2633909610242,1.4336501602420506,0.014256961975797825,true
3319,2008-02-28,270,3.025503843296057,0.12918454399760457,1.0,2.86879453547091,1.0,0.04378169309273197,false
3340,2008-03-31,347,3.236871163237666,0.07599090823388505,1.0000000000000002,47.41761547980686,2.9082560552346615,0.006360146505719911,true
3340,2008-03-31,238,2.9414502202367143,0.04559454494033103,1.0,59.8678552684361,1.3538651790922187,0.013270614148863694,true
3361,2008-04-29,254,3.000534408836905,0.007599090823388504,0.9999999999999999,123.2650920840433,5.937223827860599,0.002037935629700773,true
3361,2008-04-29,238,2.9414502202367143,0.04559454494033103,0.9999999999999997,59.428387573764994,1.3353950622398731,0.013270614148863694,true
3382,2008-05-29,213,2.882366031636524,0.015198181646777009,1.0,163.78291206486122,5.2429137501657825,0.002825360623378144,true
3382,2008-05-29,238,2.9414502202367143,0.04559454494033103,1.0000000000000002,58.96089435911315,1.308795112779435,0.013270614148863694,true
3403,2008-06-27,329,3.177786974637476,0.09878818070405056,0.9999999999999998,20.782424899571975,1.2668297871774121,0.005750607183290727,true
3403,2008-06-27,238,2.9414502202367143,0.04559454494033103,0.9999999999999998,59.90925946702824,1.3172491851250914,0.013270614148863694,true
3403,2008-06-27,342,3.236871163237666,0.03799545411694252,1.0000000000000004,25.421943365217476,1.047288613886214,0.020237539488560326,true
3403,2008-06-27,291,3.059618597437095,0.12918454399760457,1.0000000000000002,3.0223227950224,1.0,0.03782787822572364,false
3424,2008-07-29,310,3.1187027860372853,0.11398636235082757,1.0000000000000004,14.952684007181318,1.009338165188119,0.014315014548035418,true
3424,2008-07-29,238,2.9414502202367143,0.04559454494033103,0.9999999999999998,65.9717599172338,1.4883521978049885,0.013270614148863694,true
3424,2008-07-29,342,3.236871163237666,0.03799545411694252,1.0,26.555104966112708,1.195477190624522,0.020237539488560326,true
3445,2008-08-27,265,3.000534408836905,0.09118908988066206,0.9999999999999999,30.180870698834273,5.816810487907547,0.0011801109934228685,true
3445,2008-08-27,238,2.9414502202367143,0.04559454494033103,1.0000000000000002,68.27588687245735,1.5428310610011196,0.013270614148863694,true
3445,2008-08-27,342,3.236871163237666,0.03799545411694252,1.0000000000000002,25.22875612159069,1.1847734156602825,0.020237539488560326,true
3466,2008-09-26,412,3.5247070871142347,0.09118908988066206,0.9999999999999999,6.276458314798104,1.0000006070542136,0.003002189461855833,true
3466,2008-09-26,373,3.39489835643217,0.11398636235082757,1.0,23.944978207942434,1.0258881258751442,0.002739980889378356,true
3466,2008-09-26,396,3.4598027217732024,0.12918454399760457,1.0,10.709778368863292,1.0,0.006140447666734304,true
3466,2008-09-26,217,2.9405677990449437,0.04559454494033103,1.0000000000000002,71.04127468739142,1.632099253343498,0.013111649602226471,true
3487,2008-10-27,441,4.382776353564427,0.4066517418819392,1.0,1.0552789297576688,2.000424928531201,0.0,true
3487,2008-10-27,353,3.964525911978466,0.32532139350555134,0.9999999999999999,2.0843661919635865,1.0,0.016952852483340355,true
3508,2008-11-25,375,4.077539996425924,0.4110252941967621,1.0,3.78308138392698,1.0000000000000053,0.033256128518534975,true
3508,2008-11-25,393,4.182599752354824,0.33849141875027466,1.0,9.973871892901721,1.0,0.024123838309615165,true
3529,2008-12-26,306,3.7623607286392233,0.26595754330378724,0.9999999999999997,4.69510613401816,1.80608064476282,0.011125540762436223,true
3529,2008-12-26,371,4.077539996425924,0.3143134602681122,1.0,14.666875291307367,1.0,0.015654903324090835,true
3529,2008-12-26,374,4.077539996425924,0.3868473357145996,1.0,9.698283790725895,1.0000001479147127,0.031694585786131116,true
3550,2009-01-28,279,3.657300972710323,0.12088979241081238,1.0,16.70693434560551,1.869162522772241,0.01658233393623442,true
3550,2009-01-28,374,4.077539996425924,0.3868473357145996,0.9999999999999998,10.129911369134373,1.0000006124858902,0.031694585786131116,true
3550,2009-01-28,371,4.077539996425924,0.3143134602681122,0.9999999999999998,15.558581750311902,1.0,0.015654903324090835,true
3571,2009-02-27,326,3.8674204845681235,0.24177958482162476,1.0,6.365022948756725,1.932609077663138,0.03176414361122166,true
3571,2009-02-27,374,4.077539996425924,0.3868473357145996,1.0,10.313907160249025,1.0000011661417356,0.031694585786131116,true
3571,2009-02-27,371,4.077539996425924,0.3143134602681122,1.0,16.043537306880136,1.0,0.015654903324090835,true
3592,2009-03-30,323,3.8674204845681235,0.16924570937513733,1.0000000000000002,21.749667933930954,1.0,0.015889351210572514,true
3592,2009-03-30,353,3.972480240497024,0.3868473357145996,1.0,3.577913820264164,1.0000000003089886,0.04103845661124907,true
3592,2009-03-30,371,4.077539996425924,0.3143134602681122,0.9999999999999999,21.373515483137613,1.0,0.015654903324090835,true
3613,2009-04-29,253,3.552241216781423,0.0,1.0,12.484785041822555,1.236883643440349,0.025427307996511495,true
3613,2009-04-29,393,4.182599752354824,0.33849141875027466,1.0000000000000002,18.466376932328117,1.0,0.024123838309615165,true
3613,2009-04-29,353,3.972480240497024,0.3868473357145996,1.0,4.42637359578301,1.0000000419041426,0.04103845661124907,true
3634,2009-05-29,211,3.3421217049236227,0.0,1.0,13.351967021432326,1.6112041295549795,0.02487453483655256,true
3634,2009-05-29,393,4.182599752354824,0.33849141875027466,1.0,19.86196094554691,1.0,0.024123838309615165,true
3634,2009-05-29,353,3.972480240497024,0.3868473357145996,1.0000000000000002,5.181624061442805,1.0000006527648144,0.04103845661124907,true
3655,2009-06-29,192,3.2370619489947225,0.04835591696432495,0.9999999999999998,105.73014875811813,4.287383778257515,0.006782617852197376,true
3655,2009-06-29,393,4.182599752354824,0.33849141875027466,1.0,20.715054273749477,1.0,0.024123838309615165,true
3655,2009-06-29,353,3.972480240497024,0.3868473357145996,1.0,5.711507601608594,1.0000027166635546,0.04103845661124907,true
3676,2009-07-29,190,3.2370619489947225,0.0,1.0,32.52085733756841,3.338729877994377,0.013031756260603234,true
3676,2009-07-29,393,4.182599752354824,0.33849141875027466,1.0,21.153396769866667,1.0,0.024123838309615165,true
3676,2009-07-29,353,3.972480240497024,0.3868473357145996,1.0,5.9983998143880175,1.0000052355257483,0.04103845661124907,true
3697,2009-08-27,190,3.2370619489947225,0.0,1.0,48.75057404008102,7.105843347890583,0.0023127749702318567,true
3697,2009-08-27,393,4.182599752354824,0.33849141875027466,1.0,21.840789935146486,1.0,0.024123838309615165,true
3697,2009-08-27,353,3.972480240497024,0.3868473357145996,1.0,6.479187448131321,1.0000140643159345,0.04103845661124907,true
3718,2009-09-28,191,3.2370619489947225,0.024177958482162476,1.0000000000000002,108.06461598767915,6.5951547529214,0.004218107595836014,true
3718,2009-09-28,371,4.077539996425924,0.3143134602681122,1.0,27.43604077071909,1.0,0.015654903324090835,true
3718,2009-09-28,353,3.972480240497024,0.3868473357145996,1.0,6.896071439779856,1.0000296888599307,0.04103845661124907,true
3718,2009-09-28,393,4.182599752354824,0.33849141875027466,1.0,22.380727335413983,1.0,0.024123838309615165,true
3739,2009-10-27,192,3.2370619489947225,0.04835591696432495,0.9999999999999999,148.78809058717243,5.873754020339749,0.006782617852197376,true
3739,2009-10-27,353,3.972480240497024,0.3868473357145996,1.0,7.188627657862912,1.0000475661761299,0.04103845661124907,true
3739,2009-10-27,371,4.077539996425924,0.3143134602681122,0.9999999999999998,27.799842548592046,1.0,0.015654903324090835,true
3739,2009-10-27,393,4.182599752354824,0.33849141875027466,0.9999999999999999,22.734526827048242,1.0,0.024123838309615165,true
3760,2009-11-25,148,3.0269424371369222,0.0,1.0000000000000002,136.90562318853424,10.273813008953418,0.006043196627150319,true
3760,2009-11-25,371,4.077539996425924,0.3143134602681122,1.0,28.045797057987805,1.0000113950549456,0.015654903324090835,true
3760,2009-11-25,353,3.972480240497024,0.3868473357145996,1.0,7.419155636686227,1.0,0.04103845661124907,true
3760,2009-11-25,393,4.182599752354824,0.33849141875027466,1.0,22.98401026593728,1.0004315273128006,0.024123838309615165,true
3781,2009-12-28,148,3.0269424371369222,0.0,1.0,152.79387268120055,11.24938980586451,0.004568232636509961,true
3781,2009-12-28,371,4.077539996425924,0.3143134602681122,0.9999999999999998,28.280985003451715,1.0,0.015654903324090835,true
3781,2009-12-28,353,3.972480240497024,0.3868473357145996,1.0,7.620205933859765,1.000091808081344,0.04103845661124907,true
3781,2009-12-28,393,4.182599752354824,0.33849141875027466,0.9999999999999999,23.16313204375632,1.0,0.024123838309615165,true
3802,2010-01-28,172,3.1320021930658224,0.07253387544648743,1.0000000000000002,149.60929111554668,9.183135042434248,0.003876979691381597,true
3802,2010-01-28,371,4.077539996425924,0.3143134602681122,1.0,28.367135440716563,1.0,0.015654903324090835,true
3802,2010-01-28,353,3.972480240497024,0.3868473357145996,1.0,7.67511229791491,1.0001004575181638,0.04103845661124907,true
3802,2010-01-28,393,4.182599752354824,0.33849141875027466,0.9999999999999998,23.196521998646826,1.0,0.024123838309615165,true
3823,2010-03-01,128,2.921882681208022,0.024177958482162476,0.9999999999999998,178.07510044897225,11.610455729858996,0.0011401097683441685,true
3823,2010-03-01,371,4.077539996425924,0.3143134602681122,0.9999999999999998,28.32002713766251,1.0,0.015654903324090835,true
3823,2010-03-01,353,3.972480240497024,0.3868473357145996,1.0,7.647724852694353,1.0001003665566237,0.04103845661124907,true
3823,2010-03-01,393,4.182599752354824,0.33849141875027466,1.0,23.092282870500664,1.0,0.024123838309615165,true
3844,2010-03-30,106,2.816822925279122,0.0,0.9999999999999998,148.19419603766494,10.408973997767644,0.0032122285164191133,true
3844,2010-03-30,393,4.182599752354824,0.33849141875027466,1.0,23.058549512148797,1.0,0.024123838309615165,true
3844,2010-03-30,353,3.972480240497024,0.3868473357145996,0.9999999999999998,7.650317862364502,1.0001029554802245,0.04103845661124907,true
3865,2010-04-29,127,2.921882681208022,0.0,1.0,196.66531054984816,14.95726287352041,0.000335305843407685,true
3865,2010-04-29,393,4.182599752354824,0.33849141875027466,1.0,22.94158760155257,1.0,0.024123838309615165,true
3865,2010-04-29,353,3.972480240497024,0.3868473357145996,1.0,7.5484074110695465,1.0000761531066726,0.04103845661124907,true
3886,2010-05-28,236,3.447181460852523,0.0967118339286499,1.0000000000000002,121.73944186870665,5.926673502008479,0.00400306164327717,true
3886,2010-05-28,393,4.182599752354824,0.33849141875027466,1.0,23.020003836853338,1.0,0.024123838309615165,true
3886,2010-05-28,353,3.972480240497024,0.3868473357145996,0.9999999999999998,7.567152270574433,1.0000905510366118,0.04103845661124907,true
3907,2010-06-29,259,3.552241216781423,0.14506775089297486,0.9999999999999998,62.91292780725462,1.6540983150020572,0.021267018803060644,true
3907,2010-06-29,393,4.182599752354824,0.33849141875027466,0.9999999999999998,22.8951637521005,1.0,0.024123838309615165,true
3907,2010-06-29,353,3.972480240497024,0.3868473357145996,0.9999999999999999,7.459419323409355,1.0000790048428332,0.04103845661124907,true
3928,2010-07-29,172,3.1320021930658224,0.07253387544648743,0.9999999999999999,184.3012117550321,11.474122824944745,0.003876979691381597,true
3928,2010-07-29,371,4.077539996425924,0.3143134602681122,1.0000000000000002,28.183904528651727,1.0,0.015654903324090835,true
3928,2010-07-29,353,3.972480240497024,0.3868473357145996,0.9999999999999998,7.32301218438776,1.0000684551109487,0.04103845661124907,true
3928,2010-07-29,393,4.182599752354824,0.33849141875027466,0.9999999999999997,22.679230864822934,1.0,0.024123838309615165,true
3949,2010-08-27,192,3.2370619489947225,0.04835591696432495,1.0,237.3901460164247,9.986960130641027,0.0020622371285039702,true
3949,2010-08-27,371,4.077539996425924,0.3143134602681122,1.0,28.16237444809269,1.0,0.015654903324090835,true
3949,2010-08-27,353,3.972480240497024,0.3868473357145996,1.0000000000000002,7.319874184318104,1.0000709745915204,0.04103845661124907,true
3949,2010-08-27,393,4.182599752354824,0.33849141875027466,1.0,22.600453193887077,1.0,0.024123838309615165,true
3970,2010-09-28,169,3.1320021930658224,0.0,1.0000000000000002,161.3295917882077,14.787572397400556,0.0013020591013468419,true
3970,2010-09-28,393,4.182599752354824,0.33849141875027466,0.9999999999999998,22.612361482528065,1.0,0.024123838309615165,true
3970,2010-09-28,353,3.972480240497024,0.3868473357145996,1.0,7.396649051554906,1.0000820017128724,0.04103845661124907,true
3991,2010-10-27,148,3.0269424371369222,0.0,0.9999999999999999,232.5403485195052,16.086429759282833,0.0036742382705705623,true
3991,2010-10-27,393,4.182599752354824,0.33849141875027466,1.0000000000000002,22.63926265163548,1.0,0.024123838309615165,true
3991,2010-10-27,353,3.972480240497024,0.3868473357145996,1.0,7.452358390798176,1.000090047161553,0.04103845661124907,true
4012,2010-11-26,170,3.1320021930658224,0.024177958482162476,1.0000000000000002,302.8494056078674,12.44011457411739,0.003959817520258584,true
4012,2010-11-26,393,4.182599752354824,0.33849141875027466,0.9999999999999999,22.471832188372687,1.0,0.024123838309615165,true
4012,2010-11-26,353,3.972480240497024,0.3868473357145996,1.0,7.374565211690812,1.0000850966842907,0.04103845661124907,true
4033,2010-12-28,106,2.816822925279122,0.0,0.9999999999999999,197.4660032426855,13.763082487021274,0.0032122285164191133,true
4033,2010-12-28,393,4.182599752354824,0.33849141875027466,0.9999999999999999,22.157082256785717,1.0,0.024123838309615165,true
4033,2010-12-28,353,3.972480240497024,0.3868473357145996,1.0,7.198971779849138,1.0000152286344548,0.04103845661124907,true
4054,2011-01-27,106,2.816822925279122,0.0,1.0,212.60190166917175,16.853054194122002,0.0032122285164191133,true
4054,2011-01-27,371,4.077539996425924,0.3143134602681122,1.0,27.979107212049364,1.0,0.015654903324090835,true
4054,2011-01-27,353,3.972480240497024,0.3868473357145996,1.0,7.023467066233418,1.0000605754146121,0.04103845661124907,true
4054,2011-01-27,393,4.182599752354824,0.33849141875027466,0.9999999999999999,21.862454850854633,1.0,0.024123838309615165,true
4075,2011-02-28,128,2.921882681208022,0.024177958482162476,1.0000000000000002,288.509885657535,15.634062391936979,0.0011401097683441685,true
4075,2011-02-28,393,4.182599752354824,0.33849141875027466,0.9999999999999998,21.62555776280298,1.0,0.024123838309615165,true
4075,2011-02-28,353,3.972480240497024,0.3868473357145996,1.0,6.8878841777882664,1.0000529199332424,0.04103845661124907,true
4096,2011-03-29,127,2.921882681208022,0.0,0.9999999999999998,301.7711882393208,21.52176466119314,0.000335305843407685,true
4096,2011-03-29,393,4.182599752354824,0.33849141875027466,1.0,21.278335447832717,1.0,0.024123838309615165,true
4096,2011-03-29,353,3.972480240497024,0.3868473357145996,0.9999999999999999,6.700963872647502,1.00004416389245,0.04103845661124907,true
4117,2011-04-28,85,2.7117631693502213,0.0,1.0,190.3785913574179,14.542424306450567,0.0049584794592813595,true
4117,2011-04-28,371,4.077539996425924,0.3143134602681122,1.0,27.379057481294648,1.0,0.015654903324090835,true
4117,2011-04-28,353,3.972480240497024,0.3868473357145996,0.9999999999999999,6.485284778761326,1.0000345581366044,0.04103845661124907,true
4117,2011-04-28,393,4.182599752354824,0.33849141875027466,1.0,20.925869503140188,1.0,0.024123838309615165,true
4138,2011-05-27,107,2.816822925279122,0.024177958482162476,1.0000000000000002,226.57538602852185,10.886881541224785,0.005740711821176811,true
4138,2011-05-27,371,4.077539996425924,0.3143134602681122,0.9999999999999997,27.205564536942106,1.0,0.015654903324090835,true
4138,2011-05-27,353,3.972480240497024,0.3868473357145996,0.9999999999999999,6.328232823781685,1.0000072138472937,0.04103845661124907,true
4138,2011-05-27,393,4.182599752354824,0.33849141875027466,1.0000000000000002,20.68911451785138,1.0,0.024123838309615165,true
4159,2011-06-28,129,2.921882681208022,0.04835591696432495,0.9999999999999999,206.24432919074437,6.208555627846082,0.0022819619189084523,true
4159,2011-06-28,353,3.972480240497024,0.3868473357145996,1.0,6.19372522082212,1.0000230972292645,0.04103845661124907,true
4159,2011-06-28,371,4.077539996425924,0.3143134602681122,1.0,27.05001601925355,1.0,0.015654903324090835,true
4159,2011-06-28,393,4.182599752354824,0.33849141875027466,1.0,20.522136125225316,1.0,0.024123838309615165,true
4180,2011-07-28,171,3.1320021930658224,0.04835591696432495,1.0,335.9850348292207,16.015507322257072,0.003054080510997769,true
4180,2011-07-28,393,4.182599752354824,0.33849141875027466,1.0,20.129899727987677,1.0,0.024123838309615165,true
4180,2011-07-28,374,4.077539996425924,0.3868473357145996,1.0000000000000002,15.09079765246117,1.0012089795542412,0.031694585786131116,true
4201,2011-08-26,259,3.552241216781423,0.14506775089297486,1.0,61.94127442286278,2.5916728325346803,0.01348227553286155,true
4201,2011-08-26,393,4.182599752354824,0.33849141875027466,0.9999999999999999,19.83802438037318,1.0,0.024123838309615165,true
4201,2011-08-26,374,4.077539996425924,0.3868473357145996,1.0000000000000002,14.923719183516981,1.0008795788835316,0.031694585786131116,true
4222,2011-09-27,281,3.657300972710323,0.16924570937513733,0.9999999999999999,57.67518617481837,3.5491135579519053,0.007873912954674404,true
4222,2011-09-27,393,4.182599752354824,0.33849141875027466,0.9999999999999999,19.51206838812441,1.0,0.024123838309615165,true
4222,2011-09-27,374,4.077539996425924,0.3868473357145996,1.0,14.831784189459155,1.0006914644594842,0.031694585786131116,true
4243,2011-10-26,234,3.447181460852523,0.04835591696432495,0.9999999999999999,82.88392439007963,3.6839595367823375,0.0021579496757642516,true
4243,2011-10-26,393,4.182599752354824,0.33849141875027466,0.9999999999999998,19.059825905363503,1.0,0.024123838309615165,true
4243,2011-10-26,374,4.077539996425924,0.3868473357145996,1.0000000000000002,14.736450920991823,1.0005253425769651,0.031694585786131116,true
4264,2011-11-25,257,3.552241216781423,0.0967118339286499,0.9999999999999998,76.24026063716794,2.5334532211528304,0.008442162059374921,true
4264,2011-11-25,393,4.182599752354824,0.33849141875027466,1.0,18.569786276820246,1.0,0.024123838309615165,true
4264,2011-11-25,374,4.077539996425924,0.3868473357145996,1.0000000000000002,14.73818260308484,1.000136075556609,0.031694585786131116,true
4285,2011-12-27,170,3.1320021930658224,0.024177958482162476,1.0,293.8776302355215,11.621297394794299,0.003959817520258584,true
4285,2011-12-27,371,4.077539996425924,0.3143134602681122,1.0000000000000002,24.96286728469531,1.0,0.015654903324090835,true
4285,2011-12-27,374,4.077539996425924,0.3868473357145996,0.9999999999999999,14.495380223706555,1.000304951893846,0.031694585786131116,true
4306,2012-01-27,127,2.9310239462234904,0.0,0.9999999999999998,296.9479108484828,20.341983473493496,0.0017837004863245865,true
4306,2012-01-27,393,4.183905647357034,0.33849141875027466,0.9999999999999999,16.606628074609457,1.0004782190635295,0.022967863429305273,true
4306,2012-01-27,374,4.079498838929239,0.3868473357145996,1.0000000000000002,14.33448074787705,1.0,0.030775349509472052,true
4327,2012-02-28,85,2.8651347269923675,0.0,1.0000000000000004,281.48479332087084,24.733926017481437,8.077708049247789e-5,true
4327,2012-02-28,371,4.106297163483826,0.3143134602681122,1.0,19.061634151222357,1.0,0.01863711673824844,true
4327,2012-02-28,374,4.106297163483826,0.3868473357145996,0.9999999999999999,16.888033986855255,1.0003216069618563,0.014404996671030623,true
4348,2012-03-28,64,2.7696606934161014,0.0,1.0000000000000002,215.6371448643934,15.52588427743638,0.00020186418524792415,true
4348,2012-03-28,371,4.106297163483826,0.3143134602681122,1.0,18.710237397962786,1.0000079877256185,0.01863711673824844,true
4348,2012-03-28,374,4.106297163483826,0.3868473357145996,1.0000000000000002,16.79587290297622,1.0,0.014404996671030623,true
4369,2012-04-27,64,2.823275875861041,0.0,1.0000000000000002,277.3568626704533,19.27797804858211,0.00189698945182748,true
4369,2012-04-27,371,4.115758666268228,0.3143134602681122,1.0,16.89189187602667,1.0,0.026058662571720723,true
4369,2012-04-27,374,4.115758666268228,0.3868473357145996,1.0,17.363207772686625,1.0002797841466136,0.015539170091673566,true
4390,2012-05-29,109,3.0090909027651978,0.07253387544648743,1.0,137.0401071890297,7.5654486999362796,0.01624757681985164,true
4390,2012-05-29,371,4.115993591923139,0.3143134602681122,0.9999999999999997,16.28845128358384,1.0,0.02582620366298045,true
4390,2012-05-29,374,4.115993591923139,0.3868473357145996,0.9999999999999999,17.360512346788354,1.000197112198173,0.015639277731226055,true
4411,2012-06-27,88,3.004510584831445,0.07253387544648743,1.0,134.03630106074198,6.356893773314373,0.01122636878876389,true
4411,2012-06-27,350,4.04566709436733,0.3143134602681122,1.0,21.948285503147797,1.0,0.026596555504342728,true
4411,2012-06-27,374,4.132430136828654,0.3868473357145996,0.9999999999999999,17.743092348352256,1.0004837921689034,0.014349590947891457,true
4411,2012-06-27,393,4.219193179289977,0.33849141875027466,0.9999999999999999,11.7837397437097,1.0,0.01865040831914071,true
4432,2012-07-27,45,2.8309844999087974,0.04835591696432495,1.0,82.01701774757215,4.275357785131424,0.008439469559938836,true
4432,2012-07-27,393,4.219193179289977,0.33849141875027466,1.0,11.8442670880579,1.0,0.01865040831914071,true
4432,2012-07-27,374,4.132430136828654,0.3868473357145996,0.9999999999999998,17.796147888347264,1.000595198677303,0.014349590947891457,true
4453,2012-08-27,43,2.778353121864326,0.0,1.0000000000000002,232.4495468886984,19.182570772614945,0.000884854571671557,true
4453,2012-08-27,393,4.213345248396147,0.33849141875027466,1.0,12.298112405200202,1.0,0.01433369430905484,true
4453,2012-08-27,374,4.1236582404879085,0.3868473357145996,0.9999999999999999,17.738094738021218,1.0003995157098924,0.020173405504921662,true
4474,2012-09-26,44,2.778353121864326,0.024177958482162476,1.0,165.14888660098237,11.379934474296283,0.0003930382650428297,true
4474,2012-09-26,374,4.1236582404879085,0.3868473357145996,0.9999999999999999,17.741802982790116,1.000463273838726,0.020173405504921662,true
4474,2012-09-26,371,4.1236582404879085,0.3143134602681122,1.0,15.831291329613508,1.0,0.01827667004609378,true
4495,2012-10-25,65,2.868040129772565,0.024177958482162476,0.9999999999999999,286.24884768512015,12.955062242950808,0.004783575723883029,true
4495,2012-10-25,371,4.1236582404879085,0.3143134602681122,1.0,16.048026956239458,1.0,0.01827667004609378,true
4495,2012-10-25,374,4.1236582404879085,0.3868473357145996,0.9999999999999999,17.7348647806238,1.000543430220814,0.020173405504921662,true
4516,2012-11-28,44,2.778353121864326,0.024177958482162476,1.0,195.3894690996516,12.149637034538427,0.0003930382650428297,true
4516,2012-11-28,393,4.213345248396147,0.33849141875027466,1.0000000000000002,12.756661523878513,1.0,0.01433369430905484,true
4516,2012-11-28,374,4.1236582404879085,0.3868473357145996,0.9999999999999998,17.735037993166262,1.0006272151017652,0.020173405504921662,true
4537,2012-12-28,128,3.137101153497281,0.024177958482162476,1.0,233.7967193906937,11.200329532544302,0.007453248945767568,true
4537,2012-12-28,371,4.1236582404879085,0.3143134602681122,0.9999999999999999,16.389777556208163,1.0,0.01827667004609378,true
4537,2012-12-28,374,4.1236582404879085,0.3868473357145996,1.0,17.730371217466818,1.0006522706383676,0.020173405504921662,true
4558,2013-01-30,43,2.70737354139162,0.0,0.9999999999999999,211.72929254746097,18.027661682490034,0.0026746623732631924,true
4558,2013-01-30,393,4.205458628343624,0.33849141875027466,0.9999999999999998,13.653587938804144,1.0,0.011034215045632427,true
4558,2013-01-30,374,4.111828310409124,0.3868473357145996,1.0,17.197753672517596,1.0004003850581233,0.014339403627917198,true
4579,2013-03-01,44,2.6986426725979884,0.024177958482162476,0.9999999999999997,142.0819873227742,7.794236975539775,0.0029567752298089995,true
4579,2013-03-01,393,4.204488531810998,0.33849141875027466,1.0000000000000002,14.061041675976481,1.0,0.010956738272580943,true
4579,2013-03-01,374,4.110373165610185,0.3868473357145996,1.0,17.123005192730222,1.00047029819962,0.014148616412108635,true
4600,2013-04-02,22,2.523198552643011,0.0,1.0,68.82599201558531,5.564386916146437,0.0006750392837040486,true
4600,2013-04-02,393,4.195927610363192,0.33849141875027466,1.0000000000000002,15.233225698791777,1.0,0.0136604830359288,true
4600,2013-04-02,374,4.097531783438475,0.3868473357145996,0.9999999999999999,16.167154978173414,1.0003208064762072,0.01832501909860075,true
4621,2013-05-01,64,2.7199902064924446,0.0,1.0000000000000004,263.6057421707587,22.973825944808848,0.005661814753051869,true
4621,2013-05-01,393,4.195927610363192,0.33849141875027466,0.9999999999999999,15.563021789302747,1.0,0.0136604830359288,true
4621,2013-05-01,374,4.097531783438475,0.3868473357145996,1.0,16.173155466849952,1.0003875346422746,0.01832501909860075,true
4642,2013-05-31,86,2.818386033417161,0.024177958482162476,1.0000000000000002,304.6633287376145,15.657542141949095,0.005951189238528773,true
4642,2013-05-31,393,4.195927610363192,0.33849141875027466,1.0,15.903889816336461,1.0,0.0136604830359288,true
4642,2013-05-31,374,4.097531783438475,0.3868473357145996,1.0000000000000002,16.206248872638028,1.0001469542390475,0.01832501909860075,true
4663,2013-07-01,86,2.818386033417161,0.024177958482162476,1.0,320.377084019065,14.942548262675583,0.004797758143539155,true
4663,2013-07-01,393,4.195927610363192,0.33849141875027466,1.0,16.012963575843564,1.0,0.0136604830359288,true
4663,2013-07-01,374,4.097531783438475,0.3868473357145996,0.9999999999999999,16.21383965204918,1.0005065524030665,0.01832501909860075,true
4684,2013-07-31,43,2.621594379567728,0.0,0.9999999999999998,227.16860288717356,14.845455061434425,0.0008979331728355966,true
4684,2013-07-31,393,4.195927610363192,0.33849141875027466,1.0,16.208198584583915,1.0,0.0136604830359288,true
4684,2013-07-31,374,4.097531783438475,0.3868473357145996,0.9999999999999999,16.10136201429554,1.0005153366657351,0.01832501909860075,true
4705,2013-08-29,86,2.818386033417161,0.024177958482162476,1.0,340.9655203794474,15.583232589607329,0.004797758143539155,true
4705,2013-08-29,393,4.195927610363192,0.33849141875027466,0.9999999999999998,16.351105780690823,1.0,0.0136604830359288,true
4705,2013-08-29,374,4.097531783438475,0.3868473357145996,0.9999999999999999,15.977542191050883,1.0004969712517877,0.01832501909860075,true
4726,2013-09-30,86,2.818386033417161,0.024177958482162476,0.9999999999999999,356.2882332172702,16.211792544318374,0.004797758143539155,true
4726,2013-09-30,393,4.195927610363192,0.33849141875027466,1.0,16.425165278255438,1.0,0.0136604830359288,true
4726,2013-09-30,374,4.097531783438475,0.3868473357145996,1.0000000000000002,15.93674210979995,1.0004991522517912,0.01832501909860075,true
4747,2013-10-29,43,2.621594379567728,0.0,1.0,273.2700687991398,19.55703686994673,0.0008979331728355966,true
4747,2013-10-29,374,4.097531783438475,0.3868473357145996,1.0,15.28289714598098,1.0,0.01832501909860075,true
4768,2013-11-27,43,2.6050204251479463,0.0,1.0,264.31538816390093,17.68325997734766,0.00012080952904215502,true
4768,2013-11-27,189,3.1456735234369,0.40894396271018973,1.0000000000000004,1.1398074662981228,1.0,0.28965545094648876,false
4789,2013-12-30,43,2.586011651893867,0.0,1.0,249.4735062547938,14.72201310571684,0.002503980513153259,true
4789,2013-12-30,370,3.795078598210657,0.18384557220031317,1.0,28.244401028849907,1.0,0.0174416975240672,true
4810,2014-01-30,129,2.886461779576802,0.030640928700052195,0.9999999999999998,271.87004405056643,9.597104140236796,0.006728132301274079,true
4810,2014-01-30,391,3.8097798872938156,0.18384557220031317,0.9999999999999999,24.867057577367945,1.0,0.013055609817982502,true
4831,2014-03-03,106,2.8095186039337174,0.0,1.0,272.91664716970877,18.284608523114862,0.000718499731364286,true
4831,2014-03-03,391,3.8097798872938156,0.18384557220031317,0.9999999999999998,17.11139677202489,1.0,0.018720477137717146,true
4852,2014-04-01,43,2.5694425542372548,0.0,0.9999999999999999,252.35602983739722,16.10722180052411,0.00011156961103031549,true
4852,2014-04-01,416,3.7988810966484112,0.18371288169501748,1.0000000000000002,13.230662427499631,1.0,0.025400578856368136,true
4873,2014-05-01,44,2.5694425542372548,0.011482055105938593,0.9999999999999999,224.87043474153998,12.094603814428819,0.003525268506051584,true
4873,2014-05-01,416,3.7988810966484112,0.18371288169501748,1.0000000000000002,12.094944151627429,1.0,0.03777759167526646,true
4894,2014-06-02,1,2.424802725718295,0.0,1.0,90.39967946884626,9.16871806085366,0.0,true
4894,2014-06-02,416,3.7988810966484112,0.18371288169501748,1.0,11.706468928014786,1.0,0.03777759167526646,true
4915,2014-07-01,22,2.4372671555399914,0.0,0.9999999999999998,120.7517690291726,10.944584657558348,0.003654408283725145,true
4915,2014-07-01,416,3.7957308079937913,0.18371288169501748,1.0,11.897669871244785,1.0,0.03474162941388205,true
4936,2014-07-31,131,2.795218935309759,0.04592822042375437,1.0,87.34837908633229,4.379145228924018,0.006593225755104691,true
4936,2014-07-31,416,3.7943451483651676,0.18371288169501748,1.0000000000000002,12.041778567177921,1.0,0.03341295985958395,true
4957,2014-08-29,43,2.4877954851388644,0.0,1.0,214.76385869299935,16.469320740854567,0.003755707367804284,true
4957,2014-08-29,416,3.7943451483651676,0.18371288169501748,1.0,11.830637129347929,1.0,0.03341295985958395,true
4978,2014-09-30,130,2.795218935309759,0.03444616531781578,1.0,188.013134094487,7.9032367096079605,0.0016588249573576972,true
4978,2014-09-30,416,3.7943451483651676,0.18371288169501748,1.0,11.557140115611226,1.0,0.03341295985958395,true
4999,2014-10-29,109,2.718363072767035,0.03444616531781578,0.9999999999999999,158.67635169896494,8.21256547612446,0.0039398672962669455,true
4999,2014-10-29,416,3.7943451483651676,0.18371288169501748,0.9999999999999999,11.362513033254691,1.0,0.03341295985958395,true
5020,2014-11-28,65,2.564651347681588,0.011482055105938593,0.9999999999999999,280.30367776572905,14.111734630730238,0.0025193650193851727,true
5020,2014-11-28,416,3.7943451483651676,0.18371288169501748,1.0,11.165504550669558,1.0,0.03341295985958395,true
5041,2014-12-30,128,2.795218935309759,0.011482055105938593,1.0,267.50641602266353,22.17574662785308,0.0012134945835351764,true
5041,2014-12-30,416,3.7943451483651676,0.18371288169501748,1.0,10.934017098308054,1.0,0.03341295985958395,true
5062,2015-01-30,194,3.0257865229379304,0.04592822042375437,1.0,99.2427301563755,3.9705634048714975,0.006365589655849944,true
5062,2015-01-30,416,3.7943451483651676,0.18371288169501748,1.0,10.781395746013908,1.0,0.03341295985958395,true
5083,2015-03-03,86,2.6415072102243116,0.011482055105938593,1.0000000000000002,358.82853173168735,18.520083334305113,0.00198589408401518,true
5083,2015-03-03,416,3.7943451483651676,0.18371288169501748,0.9999999999999996,10.71526630565213,1.0,0.03341295985958395,true
5104,2015-04-01,109,2.718363072767035,0.03444616531781578,1.0,174.02940827746633,8.497120440261448,0.0039398672962669455,true
5104,2015-04-01,416,3.7943451483651676,0.18371288169501748,0.9999999999999999,10.67840989516478,1.0,0.03341295985958395,true
5125,2015-05-01,65,2.564651347681588,0.011482055105938593,1.0000000000000002,310.4239947976136,15.4142573608717,0.0025193650193851727,true
5125,2015-05-01,416,3.7943451483651676,0.18371288169501748,0.9999999999999999,10.722955190071598,1.0,0.03341295985958395,true
5146,2015-06-02,86,2.6415072102243116,0.011482055105938593,1.0,400.5873693905495,20.557949998160655,0.0014066812802409029,true
5146,2015-06-02,416,3.7943451483651676,0.18371288169501748,1.0,10.171022509953804,1.0,0.03341295985958395,true
5167,2015-07-01,130,2.795218935309759,0.03444616531781578,0.9999999999999999,225.17922961353156,10.13548654688963,0.0016588249573576972,true
5167,2015-07-01,416,3.7943451483651676,0.18371288169501748,1.0000000000000002,9.542321400252808,1.0,0.03341295985958395,true
5188,2015-07-31,47,2.4877954851388644,0.04592822042375437,0.9999999999999999,9.620403320017719,1.9390101045009338,0.007065041853941608,true
5188,2015-07-31,416,3.7943451483651676,0.18371288169501748,1.0,9.049922390190963,1.0,0.03341295985958395,true
5209,2015-08-31,281,3.333209973108825,0.08037438574157016,1.0,11.14352649314346,3.1821680756057065,0.015083568584877517,true
5209,2015-08-31,416,3.7943451483651676,0.18371288169501748,0.9999999999999998,9.418058589247664,1.0,0.03341295985958395,true
5230,2015-09-30,242,3.1794982480233775,0.11482055105938593,1.0,10.127374484658755,1.213826150971485,0.01453207682483815,true
5230,2015-09-30,416,3.7943451483651676,0.18371288169501748,1.0000000000000004,9.494743543644342,1.0,0.03341295985958395,true
5251,2015-10-29,109,2.718363072767035,0.03444616531781578,1.0,201.1680564954528,11.15314417466961,0.0039398672962669455,true
5251,2015-10-29,416,3.7943451483651676,0.18371288169501748,0.9999999999999999,9.21780509549834,1.0,0.03341295985958395,true
5272,2015-11-30,128,2.795218935309759,0.011482055105938593,1.0000000000000002,245.35455921538113,20.05565158746318,0.0012134945835351764,true
5272,2015-11-30,416,3.7943451483651676,0.18371288169501748,1.0000000000000002,8.959960114306977,1.0,0.03341295985958395,true
5293,2015-12-30,151,2.8720747978524828,0.03444616531781578,1.0000000000000002,199.9341257205578,9.569929146839284,0.005235275487198537,true
5293,2015-12-30,416,3.7943451483651676,0.18371288169501748,0.9999999999999999,8.763676689760386,1.0,0.03341295985958395,true
5314,2016-02-01,198,3.0257865229379304,0.09185644084750874,1.0000000000000002,25.243651805648973,1.1974348359857385,0.011363585383706692,true
5314,2016-02-01,416,3.7943451483651676,0.18371288169501748,1.0000000000000002,9.15035682445913,1.0,0.03341295985958395,true
5335,2016-03-02,151,2.8720747978524828,0.03444616531781578,1.0,212.25293737045087,10.417933181076979,0.005235275487198537,true
5335,2016-03-02,416,3.7943451483651676,0.18371288169501748,1.0,9.254239917161568,1.0,0.03341295985958395,true
5356,2016-04-01,64,2.564651347681588,0.0,0.9999999999999999,336.07744431409236,22.841161390575728,0.0012416364056440088,true
5356,2016-04-01,416,3.7943451483651676,0.18371288169501748,1.0000000000000002,9.10055308344772,1.0,0.03341295985958395,true
5377,2016-05-02,106,2.718363072767035,0.0,0.9999999999999996,186.38425849016664,15.996162541854831,0.00443004394418013,true
5377,2016-05-02,416,3.7943451483651676,0.18371288169501748,1.0000000000000002,9.048809534790836,1.0,0.03341295985958395,true
5398,2016-06-01,86,2.6415072102243116,0.011482055105938593,1.0,440.525004229487,22.918521400326252,0.0014066812802409029,true
5398,2016-06-01,416,3.7943451483651676,0.18371288169501748,0.9999999999999999,9.032448242945817,1.0,0.03341295985958395,true
5419,2016-06-30,107,2.718363072767035,0.011482055105938593,0.9999999999999998,362.59603808006955,20.829592211893722,0.0023205377565443932,true
5419,2016-06-30,416,3.7943451483651676,0.18371288169501748,1.0,9.1237575749378,1.0,0.03341295985958395,true
5440,2016-08-01,43,2.4877954851388644,0.0,1.0,280.4057710017099,24.75712712352095,0.0015441090599946595,true
5440,2016-08-01,416,3.7943451483651676,0.18371288169501748,0.9999999999999999,9.094035133925921,1.0,0.03341295985958395,true
5461,2016-08-30,65,2.5564631191389275,0.011482055105938593,1.0,347.6006005043705,18.611468080610592,0.0005579819663641262,true
5461,2016-08-30,368,3.594233461537977,0.11482055105938593,1.0,5.006340832609223,1.0,0.03023133976222397,true
5461,2016-08-30,256,3.2236011963954594,0.03444616531781578,1.0,10.229797695904052,1.0000001706423238,0.022373442204060123,true
5461,2016-08-30,340,3.520107008509474,0.03444616531781578,1.0000000000000002,11.218261291009583,1.0,0.009634242132009805,false
5482,2016-09-29,87,2.630589572167431,0.022964110211877185,0.9999999999999999,284.2874695709462,13.859721919663588,0.0051002714279475,true
5482,2016-09-29,368,3.594233461537977,0.11482055105938593,0.9999999999999998,3.7450283642371494,1.0,0.03023133976222397,true
5482,2016-09-29,256,3.2236011963954594,0.03444616531781578,1.0,8.694319760030481,1.0000001431362586,0.022373442204060123,true
5482,2016-09-29,340,3.520107008509474,0.03444616531781578,1.0,10.554030263511951,1.0,0.009634242132009805,false
5503,2016-10-28,153,2.8146780878142517,0.036227647372233246,0.9999999999999998,179.2143622376918,9.911677708512403,0.0018092373176333064,true
5503,2016-10-28,395,3.5698977457241354,0.11592847159114639,1.0,3.0005259929554624,1.0,0.030819429758142593,true
5503,2016-10-28,257,3.1579597505005625,0.028982117897786597,1.0000000000000002,10.884716937930401,1.000000002180964,0.005268494217638126,true
5503,2016-10-28,363,3.5012414131868734,0.036227647372233246,0.9999999999999999,8.53938947635117,1.0,0.011066891119592682,true
5524,2016-11-29,65,2.540052757665203,0.007245529474446649,1.0,313.355346342452,22.335128780451484,0.0015598705725170163,true
5524,2016-11-29,394,3.5698977457241354,0.10868294211669974,0.9999999999999999,2.6468112396226244,1.0000000000025973,0.037401705802755945,true
5524,2016-11-29,257,3.1579597505005625,0.028982117897786597,1.0000000000000002,9.49106538675523,1.0000000000036775,0.005268494217638126,true
5545,2016-12-29,87,2.608709090202465,0.014491058948893298,0.9999999999999999,333.6627963249588,14.73721280056267,0.0019812379963566385,true
5545,2016-12-29,393,3.5698977457241354,0.10143741264225309,0.9999999999999999,1.3658020514235392,1.0000000752611344,0.044192005363242796,false
5545,2016-12-29,257,3.1579597505005625,0.028982117897786597,1.0,6.62950078953029,1.000000000000046,0.005268494217638126,true
5566,2017-01-31,45,2.471396425127941,0.014491058948893298,0.9999999999999999,78.94290019930516,3.996150328408781,0.0007218213189585196,true
5566,2017-01-31,393,3.5698977457241354,0.10143741264225309,0.9999999999999999,1.355156248177305,1.0000000863166956,0.044192005363242796,false
5566,2017-01-31,256,3.1579597505005625,0.021736588423339948,1.0,4.117157084924728,1.0,0.03483734925384863,false
5587,2017-03-02,44,2.471396425127941,0.007245529474446649,1.0,165.0921092731704,10.800864856069362,0.0021204789972337663,true
5587,2017-03-02,393,3.5698977457241354,0.10143741264225309,1.0,1.2665030549942646,1.0000000658692956,0.044192005363242796,false
5587,2017-03-02,253,3.1579597505005625,0.0,1.0,2.0671014569308745,1.0,0.04258371599936649,false
5608,2017-03-31,66,2.540052757665203,0.014491058948893298,1.0,205.1445285260881,8.828149968605787,0.004768900587053196,true
5608,2017-03-31,393,3.5698977457241354,0.10143741264225309,1.0,1.1863258742945355,1.0000000403847455,0.044192005363242796,false
5608,2017-03-31,254,3.1579597505005625,0.007245529474446649,0.9999999999999998,2.2995970975682303,1.0,0.03883898580667617,false
5629,2017-05-02,23,2.3832093019206937,0.007245529474446649,1.0,65.82523508022497,6.222131351491074,9.634733053280258e-5,true
5629,2017-05-02,393,3.567841873022032,0.10143741264225309,0.9999999999999999,1.1530093478852956,1.0000000270977387,0.04489376900992256,false
5629,2017-05-02,254,3.1497362596921477,0.007245529474446649,0.9999999999999999,2.191456061038272,1.0,0.03170409316382121,false
5650,2017-06-01,1,2.2793164660546914,0.0,1.0,25.65126791049488,3.217464592551566,0.004085807522580254,false
5650,2017-06-01,394,3.564421016324263,0.10868294211669974,1.0000000000000002,2.185072334095353,1.000000000000052,0.03980156907000476,true
5650,2017-06-01,255,3.1360528329010724,0.014491058948893298,1.0,2.2192224969663235,1.0,0.016355698202113907,false
5671,2017-06-30,44,2.420261597588646,0.007245529474446649,1.0,132.66478670000313,8.962752939981723,0.001788360141968009,true
5671,2017-06-30,394,3.5642160982197693,0.10868294211669974,1.0000000000000002,2.577995962512201,1.000000000000003,0.039903151948559465,true
5671,2017-06-30,256,3.1352331604830983,0.021736588423339948,1.0000000000000002,2.2182044845697777,1.0,0.012339772485419644,false
5692,2017-08-01,23,2.3099835465049585,0.007245529474446649,1.0,53.931694847255116,3.873585411726268,0.0020063336052160794,true
5692,2017-08-01,394,3.5601338987677438,0.10868294211669974,0.9999999999999999,2.861152354659201,1.0000000000000004,0.04208392202687219,true
5692,2017-08-01,257,3.1189043626749964,0.028982117897786597,1.0,4.313717333145456,1.0000000000444766,0.006123287824941341,true
5713,2017-08-30,45,2.383521802520417,0.014491058948893298,0.9999999999999998,82.40126115779759,2.941566208112499,0.004077686659559109,true
5713,2017-08-30,394,3.5601338987677438,0.10868294211669974,1.0,2.859027623502826,1.0000000000000002,0.04208392202687219,true
5713,2017-08-30,257,3.1189043626749964,0.028982117897786597,1.0000000000000002,4.422091063803507,1.00000000007052,0.006123287824941341,true
5734,2017-09-29,1,2.2364452904895007,0.0,0.9999999999999999,44.29760565410659,5.803866354627482,0.00202965591111115,false
5734,2017-09-29,394,3.5601338987677438,0.10868294211669974,1.0000000000000002,2.7366801582349325,1.0,0.04208392202687219,true
5734,2017-09-29,257,3.1189043626749964,0.028982117897786597,0.9999999999999998,4.624068058577869,1.0000000000928804,0.006123287824941341,true
5755,2017-10-30,44,2.367025383810702,0.007245529474446649,0.9999999999999999,143.45101196289394,7.497277886771029,0.0018444115157982602,true
5755,2017-10-30,394,3.5583009633555536,0.10868294211669974,0.9999999999999997,2.7068869119840056,1.0,0.04315296872175477,true
5755,2017-10-30,257,3.111572621026234,0.028982117897786597,1.0,5.637230291512569,1.0000000006403582,0.012446150419302053,true
5776,2017-11-29,43,2.3621153879993186,0.0,1.0000000000000002,153.35961445752278,12.182649666960835,0.00031843537342712835,true
5776,2017-11-29,394,3.5577554082654,0.10868294211669974,1.0,2.6785452185596412,1.0,0.04348100658011059,true
5776,2017-11-29,277,3.1841179019322494,0.021736588423339948,0.9999999999999998,2.4004770608832304,1.0,0.03578465585403548,false
5797,2017-12-29,65,2.436842889265949,0.007245529474446649,0.9999999999999999,202.8709158555226,12.098295323843937,0.001147956858716832,true
5797,2017-12-29,394,3.5577554082654,0.10868294211669974,1.0000000000000002,2.4353893011353374,1.0,0.04348100658011059,true
5797,2017-12-29,256,3.1093904006656192,0.021736588423339948,1.0,1.6380658601316063,1.00000000000005,0.030235491880900855,false
5818,2018-01-31,109,2.5862978917992088,0.021736588423339948,1.0,184.37462413393013,7.920388548267847,0.0017803621008508385,true
5818,2018-01-31,394,3.5577554082654,0.10868294211669974,1.0,2.3574766411571777,1.0,0.04348100658011059,true
5818,2018-01-31,256,3.1093904006656192,0.021736588423339948,0.9999999999999999,1.6446682866176185,1.0000000000000566,0.030235491880900855,false
5839,2018-03-02,220,2.9599353981323593,0.06520976527001984,1.0000000000000004,30.677696570242773,1.1669383978625438,0.0044376982002254884,true
5839,2018-03-02,395,3.5577554082654,0.11592847159114639,1.0,2.246529547770415,1.0,0.037967717693861945,true
5839,2018-03-02,363,3.4830279069987697,0.036227647372233246,1.0,1.3462461964512933,1.0,0.06711933795792845,false
5860,2018-04-03,244,3.0346628993989895,0.08694635369335979,1.0,19.6761054836888,2.1470345020354697,0.012564506585974926,true
5860,2018-04-03,395,3.5577554082654,0.11592847159114639,0.9999999999999999,2.359029293371023,1.0,0.037967717693861945,true
5860,2018-04-03,362,3.4830279069987697,0.028982117897786597,0.9999999999999999,1.1770005850472776,1.0,0.07379632387468969,false
5881,2018-05-02,158,2.735752894332469,0.07245529474446649,1.0,11.29794410842096,2.44290822931652,0.0010808710994896745,true
5881,2018-05-02,395,3.5577554082654,0.11592847159114639,1.0000000000000002,2.5030320645902524,1.0,0.037967717693861945,true
5881,2018-05-02,344,3.4083004057321395,0.050718706321126544,0.9999999999999999,1.8072619668746428,1.0,0.014740660701851748,false
5902,2018-06-01,109,2.5862978917992088,0.021736588423339948,1.0,204.47434271077162,9.959867382228913,0.0017803621008508385,true
5902,2018-06-01,361,3.4830279069987697,0.021736588423339948,0.9999999999999999,1.1843758236418156,1.0,0.08057161225677273,false
5902,2018-06-01,395,3.5577554082654,0.11592847159114639,1.0,2.488241056270793,1.0,0.037967717693861945,true
5923,2018-07-02,151,2.735752894332469,0.021736588423339948,0.9999999999999999,222.08293505450024,11.396722907727492,0.004975222384024345,true
5923,2018-07-02,395,3.5577554082654,0.11592847159114639,0.9999999999999998,2.4872611333841146,1.0,0.037967717693861945,true
5923,2018-07-02,361,3.4830279069987697,0.021736588423339948,1.0,1.194881046964312,1.0,0.08057161225677273,false
5944,2018-08-01,107,2.5862978917992088,0.007245529474446649,1.0000000000000002,327.83543740374535,21.138359295102248,0.0010158291819279894,true
5944,2018-08-01,344,3.4083004057321395,0.050718706321126544,1.0000000000000002,1.7961058991307088,1.0,0.014740660701851748,false
5944,2018-08-01,395,3.5577554082654,0.11592847159114639,1.0000000000000002,2.4825747487256744,1.0,0.037967717693861945,true
5965,2018-08-30,107,2.5862978917992088,0.007245529474446649,1.0000000000000002,329.6805145964719,20.444470649126334,0.0010158291819279894,true
5965,2018-08-30,395,3.5577554082654,0.11592847159114639,0.9999999999999998,2.487028520900376,1.0,0.037967717693861945,true
5965,2018-08-30,344,3.4083004057321395,0.050718706321126544,1.0000000000000002,1.7930056553379419,1.0,0.014740660701851748,false
5986,2018-10-01,87,2.511570390532579,0.014491058948893298,1.0,245.57559218624607,12.401103196482463,0.00044304000769861026,true
5986,2018-10-01,395,3.5577554082654,0.11592847159114639,1.0,2.490115932531024,1.0,0.037967717693861945,true
5986,2018-10-01,344,3.4083004057321395,0.050718706321126544,1.0,1.7747000011669993,1.0,0.014740660701851748,false
6007,2018-10-30,288,3.1841179019322494,0.10143741264225309,1.0,21.657337857529832,1.6428881205700967,0.004703744993541178,true
6007,2018-10-30,395,3.5577554082654,0.11592847159114639,1.0,2.638075106378572,1.0,0.037967717693861945,true
6007,2018-10-30,344,3.4083004057321395,0.050718706321126544,1.0,1.8022195655506676,1.0,0.014740660701851748,false
6028,2018-11-29,222,2.9599353981323593,0.07970082421891314,1.0,31.03696630948053,1.257322498617055,0.006112978372189194,true
6028,2018-11-29,395,3.5577554082654,0.11592847159114639,1.0,2.7896267171626987,1.0,0.037967717693861945,true
6028,2018-11-29,343,3.4083004057321395,0.043473176846679895,1.0,1.196669554460026,1.0,0.021244019653587184,false
6049,2019-01-02,267,3.1093904006656192,0.14197454337227866,0.9999999999999999,3.568507499198438,1.0000000257760941,0.02255577490371188,true
6049,2019-01-02,390,3.5577554082654,0.11155142693536181,1.0,2.4151396946994432,1.0,0.04123426576394842,true
6049,2019-01-02,337,3.4083004057321395,0.0,1.0,1.6709329967941937,1.0,0.06372079267448301,false
6070,2019-02-01,172,2.8104803955990993,0.030423116436916857,1.0,157.23271385064592,7.717700184143235,0.0025311511580426702,true
6070,2019-02-01,390,3.5577554082654,0.11155142693536181,1.0,2.455477623223579,1.0,0.04123426576394842,true
6070,2019-02-01,337,3.4083004057321395,0.0,1.0,1.257111626081184,1.0,0.06372079267448301,false
6091,2019-03-05,128,2.661025393065839,0.01014103881230562,1.0,257.81471876631366,15.233802621711089,0.004178731845618682,true
6091,2019-03-05,390,3.5577554082654,0.11155142693536181,1.0,2.430953537101374,1.0,0.04123426576394842,true
6091,2019-03-05,337,3.4083004057321395,0.0,1.0,1.300250004538265,1.0,0.06372079267448301,false
6112,2019-04-03,106,2.5862978917992088,0.0,1.0,205.81072187065092,16.97923988049676,3.8747750921164226e-5,true
6112,2019-04-03,337,3.4083004057321395,0.0,1.0000000000000002,1.2768134532558317,1.0,0.06372079267448301,false
6112,2019-04-03,390,3.5577554082654,0.11155142693536181,1.0,2.4361087323798145,1.0,0.04123426576394842,true
6133,2019-05-03,106,2.5862978917992088,0.0,1.0,208.5913585127121,16.22430418994791,3.8747750921164226e-5,true
6133,2019-05-03,337,3.4083004057321395,0.0,1.0,1.2399988168536777,1.0,0.06372079267448301,false
6133,2019-05-03,390,3.5577554082654,0.11155142693536181,1.0000000000000004,2.440536507635278,1.0,0.04123426576394842,true
6154,2019-06-04,174,2.8104803955990993,0.0507051940615281,1.0,93.76634521196459,5.508153779705383,0.002168636347321319,true
6154,2019-06-04,390,3.5577554082654,0.11155142693536181,1.0,2.439812005958146,1.0,0.04123426576394842,true
6154,2019-06-04,337,3.4083004057321395,0.0,1.0,1.317495024013848,1.0,0.06372079267448301,false
6175,2019-07-03,85,2.511570390532579,0.0,0.9999999999999999,259.0231486905752,22.962975573451004,0.0012756279446626273,true
6175,2019-07-03,390,3.5577554082654,0.11155142693536181,1.0000000000000002,2.3950038545044,1.0,0.04123426576394842,true
6175,2019-07-03,337,3.4083004057321395,0.0,1.0,1.3444903529108552,1.0,0.06372079267448301,false
6196,2019-08-02,194,2.885207896865729,0.04056415524922248,1.0,114.4361275294628,4.6117664843257575,0.003951252844990612,true
6196,2019-08-02,390,3.5577554082654,0.11155142693536181,1.0000000000000002,2.3722359362240035,1.0,0.04123426576394842,true
6196,2019-08-02,337,3.4083004057321395,0.0,1.0,1.2555791029610925,1.0,0.06372079267448301,false
6217,2019-09-03,217,2.9599353981323593,0.060846232873833714,0.9999999999999998,85.90047794102306,4.53495668130553,0.003037429122321575,true
6217,2019-09-03,390,3.5577554082654,0.11155142693536181,0.9999999999999997,2.411595220113307,1.0,0.04123426576394842,true
6217,2019-09-03,337,3.4083004057321395,0.0,1.0,1.2085844485112813,1.0,0.06372079267448301,false
6238,2019-10-02,238,3.0346628993989895,0.060846232873833714,0.9999999999999998,52.411307690462365,4.590605109862176,0.00310003038870624,true
6238,2019-10-02,390,3.5577554082654,0.11155142693536181,1.0000000000000002,2.4083679570620498,1.0,0.04123426576394842,true
6238,2019-10-02,337,3.4083004057321395,0.0,1.0,1.243740420786353,1.0,0.06372079267448301,false
6259,2019-10-31,107,2.5862978917992088,0.01014103881230562,1.0,339.7793353211811,18.44614358514218,0.0009501777485959906,true
6259,2019-10-31,337,3.4083004057321395,0.0,1.0,1.2626425874313862,1.0,0.06372079267448301,false
6259,2019-10-31,390,3.5577554082654,0.11155142693536181,1.0000000000000002,2.3575282271847717,1.0,0.04123426576394842,true
6280,2019-12-02,149,2.735752894332469,0.01014103881230562,1.0,135.7641311848787,6.7463317747293905,0.002444974056942452,true
6280,2019-12-02,390,3.5577554082654,0.11155142693536181,1.0000000000000002,2.3719311198178787,1.0,0.04123426576394842,true
6280,2019-12-02,337,3.4083004057321395,0.0,1.0,1.2500078559280612,1.0,0.06372079267448301,false
6301,2020-01-02,85,2.511570390532579,0.0,1.0,275.454133975035,21.617707089858648,0.0012756279446626273,true
6301,2020-01-02,390,3.5577554082654,0.11155142693536181,1.0,2.347361309199088,1.0,0.04123426576394842,true
6301,2020-01-02,316,3.33357290446551,0.0,0.9999999999999999,1.3834188793246984,1.0,0.0674367484004011,false
6322,2020-02-03,194,2.885207896865729,0.04056415524922248,1.0,114.53505204285453,4.53316388238979,0.003951252844990612,true
6322,2020-02-03,390,3.5577554082654,0.11155142693536181,0.9999999999999997,2.307920577062246,1.0,0.04123426576394842,true
6322,2020-02-03,316,3.33357290446551,0.0,1.0,1.4664291158425375,1.0,0.0674367484004011,false
6343,2020-03-04,366,3.4830279069987697,0.08112831049844496,1.0,2.2318912670577844,1.7848130561131628,0.0176092612497796,true
6343,2020-03-04,389,3.5577554082654,0.1014103881230562,1.0,4.010288517481415,1.012597109556491,0.04756293780635627,true
6343,2020-03-04,391,3.5577554082654,0.12169246574766743,1.0000000000000002,2.9474873809989726,1.0,0.034048553276725416,true
6343,2020-03-04,316,3.33357290446551,0.0,1.0,1.5504595169247561,1.0,0.0674367484004011,false
6364,2020-04-02,353,3.974611017680472,0.30687306972730316,1.0,2.3174425241172427,1.0194897169664041,0.026718130127070496,true
6364,2020-04-02,393,4.1948548467072735,0.2685139360113903,1.0,3.0351674260464065,1.0,0.02534746978594304,true
6364,2020-04-02,416,4.304976761220675,0.30687306972730316,0.9999999999999999,3.1057239849564464,1.0,0.021328562167201612,true
6385,2020-05-04,264,3.534123359626869,0.21097523543752092,0.9999999999999999,6.2773116807503815,1.0000000191816025,0.0283359853673495,true
6385,2020-05-04,416,4.304976761220675,0.30687306972730316,1.0000000000000004,3.2074217302743806,1.0,0.021328562167201612,true
6406,2020-06-03,190,3.203757616086666,0.0,1.0,1.0006938357080069,1.0110790503813043,0.04117574310082439,true
6406,2020-06-03,416,4.304976761220675,0.30687306972730316,1.0,3.41403567535047,1.0,0.021328562167201612,true
6427,2020-07-02,215,3.313879530600067,0.07671826743182579,1.0,18.466983987605456,1.8573412490041954,0.00572954305269031,true
6427,2020-07-02,372,4.084732932193873,0.2685139360113903,1.0000000000000002,3.9597344934263528,1.0,0.026659180632297504,true
6427,2020-07-02,416,4.304976761220675,0.30687306972730316,0.9999999999999998,3.8395096744002184,1.0,0.021328562167201612,true
6448,2020-08-03,191,3.203757616086666,0.019179566857956448,0.9999999999999998,16.96532020299987,3.016223678542487,0.004899296349213716,true
6448,2020-08-03,372,4.084732932193873,0.2685139360113903,1.0,4.125897331760151,1.0,0.026659180632297504,true
6448,2020-08-03,416,4.304976761220675,0.30687306972730316,1.0,4.106278651005715,1.0,0.021328562167201612,true
6469,2020-09-01,211,3.313879530600067,0.0,0.9999999999999999,6.730461247506067,1.0000277815783065,0.017118687449323853,false
6469,2020-09-01,395,4.1948548467072735,0.30687306972730316,1.0,2.9902529091794077,1.0,0.020226749842762914,true
6469,2020-09-01,372,4.084732932193873,0.2685139360113903,0.9999999999999999,4.2101475613980615,1.0628023704260392,0.026659180632297504,true
6490,2020-10-01,213,3.313879530600067,0.038359133715912895,0.9999999999999999,45.995015155275325,3.0825224887733005,0.0057449564777236565,true
6490,2020-10-01,395,4.1948548467072735,0.30687306972730316,1.0,3.258068418901015,1.2490018733507369,0.020226749842762914,true
6490,2020-10-01,372,4.084732932193873,0.2685139360113903,1.0,4.352821265738527,1.0,0.026659180632297504,true
6511,2020-10-30,278,3.6442452741402693,0.07671826743182579,1.0000000000000002,13.593122869509212,1.742431364228474,0.010343896996592338,true
6511,2020-10-30,395,4.1948548467072735,0.30687306972730316,0.9999999999999999,3.7037485459403854,1.4891541902627725,0.020226749842762914,true
6511,2020-10-30,372,4.084732932193873,0.2685139360113903,0.9999999999999999,4.637661330676317,1.0,0.026659180632297504,true
6532,2020-12-01,148,2.9835137870598647,0.0,0.9999999999999999,37.67959121770931,10.263575176645073,0.02804634420101848,true
6532,2020-12-01,395,4.1948548467072735,0.30687306972730316,1.0,4.028543509399172,1.6989955166482493,0.020226749842762914,true
6532,2020-12-01,372,4.084732932193873,0.2685139360113903,0.9999999999999998,4.8233872998189655,1.0,0.026659180632297504,true
6553,2020-12-31,169,3.093635701573265,0.0,0.9999999999999998,72.48280125077773,5.166612807815463,0.0003230996804099995,true
6553,2020-12-31,395,4.1948548467072735,0.30687306972730316,0.9999999999999997,4.273365150275394,1.8491390865376482,0.020226749842762914,true
6553,2020-12-31,372,4.084732932193873,0.2685139360113903,1.0,4.945592674151093,1.0,0.026659180632297504,true
6574,2021-02-02,191,3.203757616086666,0.019179566857956448,0.9999999999999999,106.78037164258562,8.02553366538509,0.004899296349213716,true
6574,2021-02-02,393,4.1948548467072735,0.2685139360113903,1.0000000000000002,3.9013003345501147,1.0,0.02534746978594304,true
6574,2021-02-02,395,4.1948548467072735,0.30687306972730316,1.0,4.470014922468334,1.9754440491197884,0.020226749842762914,true
6595,2021-03-04,213,3.313879530600067,0.038359133715912895,1.0,81.66206468539103,4.458142005706858,0.0057449564777236565,true
6595,2021-03-04,395,4.1948548467072735,0.30687306972730316,1.0,4.62863736561686,1.9985502590248263,0.020226749842762914,true
6595,2021-03-04,393,4.1948548467072735,0.2685139360113903,0.9999999999999998,3.9430874277596546,1.0,0.02534746978594304,true
6616,2021-04-05,127,2.8733918725464638,0.0,1.0,54.45170298814593,5.326405485661923,0.011967343526156693,true
6616,2021-04-05,395,4.1948548467072735,0.30687306972730316,0.9999999999999998,4.7190536782689065,1.9835382094543585,0.020226749842762914,true
6616,2021-04-05,393,4.1948548467072735,0.2685139360113903,0.9999999999999999,3.9749630812176173,1.0,0.02534746978594304,true
6637,2021-05-04,148,2.9835137870598647,0.0,0.9999999999999998,103.34072251632274,9.94817957948051,0.010717360367859197,true
6637,2021-05-04,395,4.1948548467072735,0.30687306972730316,0.9999999999999997,4.766752708413667,1.969118212214726,0.020226749842762914,true
6637,2021-05-04,393,4.1948548467072735,0.2685139360113903,1.0000000000000004,3.9997700159597747,1.0,0.02534746978594304,true
6658,2021-06-03,127,2.8733918725464638,0.0,1.0,82.60346556508837,7.882566303520851,0.0032228219678183123,true
6658,2021-06-03,395,4.1948548467072735,0.30687306972730316,0.9999999999999998,4.841723826048118,1.9416661062882674,0.020226749842762914,true
6658,2021-06-03,393,4.1948548467072735,0.2685139360113903,1.0,4.033981936411724,1.0,0.02534746978594304,true
6679,2021-07-02,106,2.763269958033063,0.0,0.9999999999999999,143.70531787344584,20.071558753992537,0.0020497180366438193,true
6679,2021-07-02,395,4.1948548467072735,0.30687306972730316,0.9999999999999999,4.827837151509137,1.0,0.020226749842762914,true
6679,2021-07-02,393,4.1948548467072735,0.2685139360113903,0.9999999999999999,4.032991712649978,1.0270660511867233,0.02534746978594304,true
6700,2021-08-03,127,2.8733918725464638,0.0,1.0,100.68309904246233,6.937185436937686,0.00017276703331958743,true
6700,2021-08-03,395,4.1948548467072735,0.30687306972730316,0.9999999999999999,4.851968547131558,1.9304000391462528,0.020226749842762914,true
6700,2021-08-03,393,4.1948548467072735,0.2685139360113903,0.9999999999999997,4.047397462463635,1.0,0.02534746978594304,true
6721,2021-09-01,106,2.763269958033063,0.0,0.9999999999999999,167.157508368937,15.166321777648621,0.0020497180366438193,true
6721,2021-09-01,395,4.1948548467072735,0.30687306972730316,0.9999999999999999,4.8626550892727,1.9191091227229822,0.020226749842762914,true
6721,2021-09-01,393,4.1948548467072735,0.2685139360113903,0.9999999999999999,4.062623799392545,1.0,0.02534746978594304,true
6742,2021-10-01,171,3.093635701573265,0.038359133715912895,0.9999999999999998,99.24248466740788,6.921566747972503,0.011047207708944138,true
6742,2021-10-01,395,4.1948548467072735,0.30687306972730316,0.9999999999999999,4.894032086491493,1.899800895298741,0.020226749842762914,true
6742,2021-10-01,393,4.1948548467072735,0.2685139360113903,0.9999999999999999,4.076747734743924,1.0,0.02534746978594304,true
6763,2021-11-01,106,2.763269958033063,0.0,0.9999999999999999,189.40867942537653,18.775987538516656,0.0020497180366438193,true
6763,2021-11-01,395,4.1948548467072735,0.30687306972730316,1.0000000000000002,4.914168718714217,1.891633467776973,0.020226749842762914,true
6763,2021-11-01,393,4.1948548467072735,0.2685139360113903,1.0,4.092619082866591,1.0,0.02534746978594304,true
6784,2021-12-01,236,3.424001445113468,0.07671826743182579,1.0,40.4092840955346,3.508427524493786,0.009356433239081445,true
6784,2021-12-01,395,4.1948548467072735,0.30687306972730316,1.0,4.9512403219944865,1.8661516705339367,0.020226749842762914,true
6784,2021-12-01,393,4.1948548467072735,0.2685139360113903,1.0000000000000002,4.109140793900523,1.0,0.02534746978594304,true
6805,2021-12-31,127,2.8733918725464638,0.0,1.0000000000000002,173.2168945119405,12.724152996161047,0.00017276703331958743,true
6805,2021-12-31,395,4.1948548467072735,0.30687306972730316,1.0000000000000002,4.971118669070168,1.8445101987414119,0.020226749842762914,true
6805,2021-12-31,393,4.1948548467072735,0.2685139360113903,0.9999999999999999,4.120200067710398,1.0,0.02534746978594304,true
6826,2022-02-01,172,3.093635701573265,0.057538700573869346,1.0000000000000002,103.72324966080348,2.7865825963325777,0.007264331745581008,true
6826,2022-02-01,395,4.1948548467072735,0.30687306972730316,0.9999999999999999,4.974959244097112,1.8448971586853735,0.020226749842762914,true
6826,2022-02-01,393,4.1948548467072735,0.2685139360113903,0.9999999999999998,4.1287418068752215,1.0,0.02534746978594304,true
6847,2022-03-03,235,3.424001445113468,0.057538700573869346,0.9999999999999998,74.32366757223195,6.466226397376018,0.005854672998210493,true
6847,2022-03-03,395,4.1948548467072735,0.30687306972730316,1.0,5.002160775432184,1.8271155129275551,0.020226749842762914,true
6847,2022-03-03,393,4.1948548467072735,0.2685139360113903,1.0000000000000002,4.135990188791464,1.0,0.02534746978594304,true
6868,2022-04-01,149,2.9835137870598647,0.019179566857956448,1.0000000000000002,208.76586870334089,10.814310393971326,0.004679022097718556,true
6868,2022-04-01,393,4.1948548467072735,0.2685139360113903,1.0,4.146409719174592,1.0,0.02534746978594304,true
6868,2022-04-01,395,4.1948548467072735,0.30687306972730316,1.0,5.020809280440043,1.8231820274683002,0.020226749842762914,true
6889,2022-05-03,236,3.424001445113468,0.07671826743182579,1.0,73.9711093028626,4.417746011152106,0.005940361881700664,true
6889,2022-05-03,393,4.1948548467072735,0.2685139360113903,0.9999999999999999,4.158390620972099,1.0,0.02534746978594304,true
6889,2022-05-03,395,4.1948548467072735,0.30687306972730316,0.9999999999999999,5.048585611020648,1.802861290715175,0.020226749842762914,true
6910,2022-06-02,194,3.203757616086666,0.07671826743182579,0.9999999999999998,65.45429270853212,2.8303921519016457,0.006949355375214782,true
6910,2022-06-02,393,4.1948548467072735,0.2685139360113903,1.0,4.193179341223329,1.0362952775115466,0.02534746978594304,true
6910,2022-06-02,395,4.1948548467072735,0.30687306972730316,1.0,5.031283436066082,1.0,0.020226749842762914,true
6931,2022-07-05,219,3.313879530600067,0.15343653486365158,1.0,28.87218804347707,2.708683457673232,0.005170817691786346,true
6931,2022-07-05,393,4.1948548467072735,0.2685139360113903,1.0000000000000002,4.334213198033339,1.0,0.02534746978594304,true
6931,2022-07-05,395,4.1948548467072735,0.30687306972730316,1.0,5.113139629618508,1.922940173724103,0.020226749842762914,true
6952,2022-08-03,172,3.093635701573265,0.057538700573869346,1.0,122.14935697946329,4.390522319802952,0.007264331745581008,true
6952,2022-08-03,395,4.1948548467072735,0.30687306972730316,1.0,5.084598753328623,1.9610483806627677,0.020226749842762914,true
6952,2022-08-03,393,4.1948548467072735,0.2685139360113903,1.0,4.402080110773892,1.0,0.02534746978594304,true
6973,2022-09-01,194,3.203757616086666,0.07671826743182579,1.0000000000000002,74.66553394107156,4.172921616747224,0.006949355375214782,true
6973,2022-09-01,395,4.1948548467072735,0.30687306972730316,1.0,5.026853834193839,1.9747125801919252,0.020226749842762914,true
6973,2022-09-01,393,4.1948548467072735,0.2685139360113903,1.0,4.403492712941139,1.0,0.02534746978594304,true
6994,2022-10-03,239,3.424001445113468,0.13425696800569514,1.0,26.958399123949857,1.0000064233701536,0.010701084125255857,true
6994,2022-10-03,395,4.1948548467072735,0.30687306972730316,1.0,4.944256874427916,1.9982079308482046,0.020226749842762914,true
6994,2022-10-03,393,4.1948548467072735,0.2685139360113903,1.0000000000000002,4.428397742394318,1.0,0.02534746978594304,true
7015,2022-11-01,194,3.203757616086666,0.07671826743182579,0.9999999999999998,85.99109631392538,4.9746692137079584,0.006949355375214782,true
7015,2022-11-01,393,4.1948548467072735,0.2685139360113903,1.0000000000000002,4.449117563509543,1.0,0.02534746978594304,true
7015,2022-11-01,416,4.304976761220675,0.30687306972730316,1.0,5.298114719086964,1.0,0.021328562167201612,true
7036,2022-12-01,148,2.984224558043756,0.0,1.0,180.23829437077347,11.794123388563126,0.0034755438129709937,true
7036,2022-12-01,393,4.194964196089411,0.2685139360113903,0.9999999999999998,4.441409605705756,1.0,0.025400256673104204,true
7036,2022-12-01,416,4.305031435911743,0.30687306972730316,1.0000000000000002,5.22610376187867,1.0,0.021280491697236215,true
7057,2023-01-03,172,3.094291797866088,0.057538700573869346,1.0,135.79499738416973,5.494441152201093,0.00660628315638454,true
7057,2023-01-03,416,4.305031435911743,0.30687306972730316,1.0,5.134589083957445,1.0,0.021280491697236215,true
7078,2023-02-02,106,2.89189847892337,0.0,1.0,205.5956865376685,14.374210821766706,0.001072243038148303,true
7078,2023-02-02,395,4.212005316159314,0.30687306972730316,0.9999999999999999,4.32345450623401,1.8755425940729769,0.033489291403223306,true
7078,2023-02-02,393,4.212005316159314,0.2685139360113903,1.0000000000000002,4.443160734074221,1.0,0.036809040384633666,true
7099,2023-03-06,108,2.89189847892337,0.038359133715912895,1.0,219.54999930150362,13.479892311762839,0.0020370377734299826,true
7099,2023-03-06,416,4.313551995946695,0.30687306972730316,0.9999999999999999,4.796381760872309,1.0,0.01437795995514198,true
7120,2023-04-04,129,2.9934451587107507,0.038359133715912895,1.0,227.69964181628728,8.944481477986333,0.002835998317596705,true
7120,2023-04-04,416,4.313551995946695,0.30687306972730316,0.9999999999999999,4.789414424424149,1.0,0.01437795995514198,true
7141,2023-05-04,130,2.9934451587107507,0.057538700573869346,0.9999999999999998,149.74188380125406,6.5100668692194485,0.0081521818621608,true
7141,2023-05-04,416,4.313551995946695,0.30687306972730316,1.0,4.769785201663995,1.0,0.01437795995514198,true
7162,2023-06-05,65,2.6888051193486096,0.019179566857956448,1.0000000000000004,278.4917644986678,11.612993474074539,0.004321133153590953,true
7162,2023-06-05,416,4.313551995946695,0.30687306972730316,1.0000000000000002,4.725148099978851,1.0,0.01437795995514198,true
7183,2023-07-06,65,2.6888051193486096,0.019179566857956448,1.0,285.16753713027725,11.83099178047718,0.004321133153590953,true
7183,2023-07-06,416,4.313551995946695,0.30687306972730316,0.9999999999999998,4.710956600719784,1.0,0.01437795995514198,true
7204,2023-08-04,86,2.7903517991359896,0.019179566857956448,1.0,284.4606818188161,12.564912091729335,0.0020396842279671447,true
7204,2023-08-04,416,4.313551995946695,0.30687306972730316,0.9999999999999999,4.687742038940392,1.0,0.01437795995514198,true
7225,2023-09-05,45,2.6427472025453658,0.038359133715912895,1.0,116.72413619469714,3.3027959834258427,0.007565516027520475,true
7225,2023-09-05,395,4.218170734268663,0.30687306972730316,1.0000000000000002,4.046426931024421,1.8778934661917897,0.03900499166048182,true
7225,2023-09-05,393,4.218170734268663,0.2685139360113903,0.9999999999999999,4.3592925641929625,1.0,0.04188988171124194,true
7246,2023-10-04,110,2.9381391147434837,0.07671826743182579,1.0000000000000002,99.3281642944956,5.0813777576036046,0.002130689344213038,true
7246,2023-10-04,416,4.316634705001369,0.30687306972730316,1.0,4.526144424295678,1.0,0.012387290049699493,true
7267,2023-11-02,67,2.7412111732780717,0.057538700573869346,1.0,84.67291299347447,5.504648864530388,0.011837271958023376,true
7267,2023-11-02,416,4.316634705001369,0.30687306972730316,1.0,4.5296298411578135,1.0,0.012387290049699493,true
7288,2023-12-04,22,2.5442832318126594,0.0,1.0000000000000002,196.56656312304088,13.180786157922274,0.00032406671440722595,true
7288,2023-12-04,395,4.218170734268663,0.30687306972730316,1.0,4.119234487990056,1.769850392238897,0.03900499166048182,true
7288,2023-12-04,393,4.218170734268663,0.2685139360113903,1.0000000000000002,4.384547106936803,1.0,0.04188988171124194,true
7309,2024-01-04,44,2.6427472025453658,0.019179566857956448,1.0,283.8674529845952,11.51357442314468,0.0009363351616631873,true
7309,2024-01-04,395,4.218170734268663,0.30687306972730316,1.0,4.049773703903211,1.7701808143725855,0.03900499166048182,true
7309,2024-01-04,372,4.119706763535957,0.2685139360113903,1.0,3.959910555934549,1.0,0.010265656256785044,true
7330,2024-02-05,44,2.6427472025453658,0.019179566857956448,1.0,300.99571017498545,12.541993992436876,0.0009363351616631873,true
7330,2024-02-05,395,4.218170734268663,0.30687306972730316,1.0,4.07052376326524,1.752235629499648,0.03900499166048182,true
7330,2024-02-05,372,4.119706763535957,0.2685139360113903,1.0,3.981460972085288,1.0,0.010265656256785044,true
7351,2024-03-06,43,2.6427472025453658,0.0,0.9999999999999999,260.48585241997637,18.144707824257015,0.0028445261416179444,true
7351,2024-03-06,395,4.218170734268663,0.30687306972730316,0.9999999999999999,4.08755780161343,1.7419954351559492,0.03900499166048182,true
7351,2024-03-06,372,4.119706763535957,0.2685139360113903,1.0,3.9967483936834123,1.0,0.010265656256785044,true
7372,2024-04-05,65,2.7412111732780717,0.019179566857956448,1.0,304.1215726558272,13.188797400063159,0.003098142042492771,true
7372,2024-04-05,395,4.218170734268663,0.30687306972730316,1.0000000000000002,4.089421490078425,1.7476608432880298,0.03900499166048182,true
7372,2024-04-05,372,4.119706763535957,0.2685139360113903,1.0,3.9999104592510895,1.0,0.010265656256785044,true
7393,2024-05-06,44,2.6427472025453658,0.019179566857956448,1.0000000000000004,298.98162343011086,12.745741070607785,0.0009363351616631873,true
7393,2024-05-06,395,4.218170734268663,0.30687306972730316,1.0,4.050968852309421,1.758797483921247,0.03900499166048182,true
7393,2024-05-06,372,4.119706763535957,0.2685139360113903,0.9999999999999999,3.962771541083717,1.0,0.010265656256785044,true
7414,2024-06-05,22,2.5442832318126594,0.0,1.0000000000000002,248.79216551794934,16.638045777061198,0.00032406671440722595,true
7414,2024-06-05,395,4.218170734268663,0.30687306972730316,0.9999999999999998,4.101670915588064,1.0,0.03900499166048182,true
7414,2024-06-05,372,4.119706763535957,0.2685139360113903,1.0000000000000002,4.009189165235231,1.0499265101073096,0.010265656256785044,true
7435,2024-07-08,22,2.5442832318126594,0.0,1.0,257.34465714227116,17.23503866962854,0.00032406671440722595,true
7435,2024-07-08,395,4.218170734268663,0.30687306972730316,1.0,4.174024288755094,1.6552201980613028,0.03900499166048182,true
7435,2024-07-08,372,4.119706763535957,0.2685139360113903,1.0,4.065517932193342,1.0,0.010265656256785044,true
7456,2024-08-06,193,3.3319949976743084,0.057538700573869346,1.0000000000000002,109.25892068458822,4.574690330665738,0.0041857643060846834,true
7456,2024-08-06,372,4.119706763535957,0.2685139360113903,0.9999999999999998,4.053433945591163,1.0,0.010265656256785044,true
7456,2024-08-06,395,4.218170734268663,0.30687306972730316,1.0000000000000002,4.161918568055801,1.6586401745207433,0.03900499166048182,true
7477,2024-09-05,128,3.03660308547619,0.019179566857956448,1.0000000000000002,242.04698015720604,10.871634642421931,0.0014731388961900628,true
7477,2024-09-05,395,4.218170734268663,0.30687306972730316,1.0,4.152002370089424,1.6827164167395248,0.03900499166048182,true
7477,2024-09-05,372,4.119706763535957,0.2685139360113903,1.0000000000000002,4.050401465091335,1.0,0.010265656256785044,true
7498,2024-10-04,106,2.9381391147434837,0.0,1.0,214.6915511002563,14.431124132512462,0.004595555220450592,true
7498,2024-10-04,395,4.218170734268663,0.30687306972730316,1.0000000000000002,4.132274368352068,1.7157547170580685,0.03900499166048182,true
7498,2024-10-04,372,4.119706763535957,0.2685139360113903,1.0,4.037026193963729,1.0,0.010265656256785044,true
7519,2024-11-04,149,3.135067056208896,0.019179566857956448,1.0000000000000002,235.44052891144528,14.866495863354864,0.004346603136131872,true
7519,2024-11-04,372,4.119706763535957,0.2685139360113903,0.9999999999999997,4.015256595739685,1.0,0.010265656256785044,true
7519,2024-11-04,395,4.218170734268663,0.30687306972730316,0.9999999999999997,4.108424983793723,1.7369651125706034,0.03900499166048182,true
7540,2024-12-04,22,2.5702677576778044,0.0,0.9999999999999999,231.6045381453732,16.278089052009385,0.0022462011792976355,true
7540,2024-12-04,395,4.220905947517625,0.30687306972730316,1.0,4.080528046607187,1.627300663091663,0.04151055418433573,true
7540,2024-12-04,372,4.123809583409401,0.2685139360113903,1.0,3.9375526767794677,1.0,0.013953365880202217,true
7561,2025-01-06,67,2.764460485894254,0.057538700573869346,0.9999999999999997,81.36581690095898,3.9567539961475378,0.005120447436137482,true
7561,2025-01-06,372,4.123809583409401,0.2685139360113903,1.0,3.933737388498929,1.0,0.013953365880202217,true
7561,2025-01-06,395,4.220905947517625,0.30687306972730316,0.9999999999999998,4.086886724356156,1.5832513399966932,0.04151055418433573,true
7582,2025-02-06,66,2.764460485894254,0.038359133715912895,1.0,198.91224086558302,9.10204474127937,0.005234319358882211,true
7582,2025-02-06,395,4.220905947517625,0.30687306972730316,1.0,4.067916819911903,1.5775785214727602,0.04151055418433573,true
7582,2025-02-06,372,4.123809583409401,0.2685139360113903,1.0000000000000002,3.9121902678913485,1.0,0.013953365880202217,true
7603,2025-03-10,194,3.3470386705436024,0.07671826743182579,0.9999999999999998,86.79673527962888,4.52760661030599,0.00707981760127701,true
7603,2025-03-10,372,4.123809583409401,0.2685139360113903,0.9999999999999999,3.884031479636504,1.0,0.013953365880202217,true
7603,2025-03-10,395,4.220905947517625,0.30687306972730316,1.0,4.042165168994194,1.5683178179486423,0.04151055418433573,true
7624,2025-04-08,431,3.9575698203841165,0.15763207807616408,1.0,2.4792663780901245,1.0000000212019304,0.007378815286184559,false
7624,2025-04-08,343,3.660690135021209,0.09457924684569845,0.9999999999999997,12.297328923325317,1.0142115724749334,0.031805238262750245,true
7624,2025-04-08,282,3.4380303709990283,0.12610566246093127,1.0000000000000002,31.271431261475737,1.0,0.00566695465272183,true
7645,2025-05-08,195,3.141150685636121,0.056029477024602425,0.9999999999999999,112.8245779847402,5.435199522419236,0.007664383761016051,true
7645,2025-05-08,345,3.660690135021209,0.08964716323936388,1.0,12.850517648540214,1.0,0.027070522787475074,true
7645,2025-05-08,348,3.660690135021209,0.12326484945412533,1.0000000000000004,6.846234433112589,1.2775009075580048,0.03829832871810739,true
7666,2025-06-09,107,2.8442710002732134,0.009337505506965693,1.0000000000000002,245.68553704717525,16.192750044368648,0.000937191084825294,true
7666,2025-06-09,351,3.660690135021209,0.1307250770975197,1.0,7.666942389715752,1.0140916780672293,0.04198352003956951,true
7666,2025-06-09,346,3.660690135021209,0.08403754956269124,0.9999999999999996,15.06828437783561,1.0,0.021792068911398475,true
7687,2025-07-10,85,2.770051078932487,0.0,0.9999999999999999,200.57757032187774,17.247283075462065,0.0016929300863681388,true
7687,2025-07-10,351,3.660690135021209,0.1307250770975197,1.0,6.612215807192342,1.0942714655173846,0.04198352003956951,true
7687,2025-07-10,285,3.4380303709990283,0.10271256057662262,1.0,29.876548835099882,1.3837744801220173,0.00817692415273169,true
7687,2025-07-10,288,3.4380303709990283,0.1307250770975197,0.9999999999999999,25.186078441130736,1.0443407165284224,0.005981633597923267,true
7687,2025-07-10,312,3.5122502923397554,0.15873759361841677,0.9999999999999999,15.03893579011541,1.0000000000069524,0.007043679910097329,true
7687,2025-07-10,262,3.3638104496583017,0.08403754956269124,0.9999999999999999,54.64285581131369,1.8603247203195323,0.006048288963571658,true
7708,2025-08-08,65,2.69583115759176,0.009337505506965693,0.9999999999999999,221.9526047457332,11.902925079698319,0.004949827588229729,true
7708,2025-08-08,351,3.660690135021209,0.1307250770975197,1.0000000000000002,6.511954833671297,1.081528031733474,0.04198352003956951,true
7708,2025-08-08,284,3.4380303709990283,0.09337505506965693,0.9999999999999999,30.225467742717704,1.8208362875530764,0.005745558151599522,true
7708,2025-08-08,288,3.4380303709990283,0.1307250770975197,0.9999999999999998,25.056305266512556,1.0446204509783772,0.005981633597923267,true
7708,2025-08-08,312,3.5122502923397554,0.15873759361841677,0.9999999999999999,14.93595417106019,1.0000000000068483,0.007043679910097329,true
7708,2025-08-08,262,3.3638104496583017,0.08403754956269124,0.9999999999999999,52.4846435489363,1.761938166101253,0.006048288963571658,true
7729,2025-09-09,65,2.69583115759176,0.009337505506965693,0.9999999999999999,233.20235762500405,11.598974275573212,0.0027464221924516515,true
7729,2025-09-09,351,3.660690135021209,0.1307250770975197,1.0000000000000002,6.53659663260571,1.0692491484038065,0.04198352003956951,true
7729,2025-09-09,284,3.4380303709990283,0.09337505506965693,1.0,29.658455094579597,1.8401983438710094,0.005745558151599522,true
7729,2025-09-09,288,3.4380303709990283,0.1307250770975197,1.0,24.732966802049592,1.0416785867502734,0.005981633597923267,true
7729,2025-09-09,354,3.660690135021209,0.15873759361841677,1.0,7.929528009764089,1.0000000009420031,0.05812534597413419,true
7729,2025-09-09,262,3.3638104496583017,0.08403754956269124,1.0000000000000004,51.46445359791059,1.7187910374671176,0.006048288963571658,true
7750,2025-10-08,85,2.770051078932487,0.0,1.0,238.52468962816022,19.068585719705666,0.0016929300863681388,true
7750,2025-10-08,351,3.660690135021209,0.1307250770975197,1.0,6.388438897845485,1.0520434831064847,0.04198352003956951,true
7750,2025-10-08,284,3.4380303709990283,0.09337505506965693,1.0,28.538947237690746,1.838967977982687,0.005745558151599522,true
7750,2025-10-08,288,3.4380303709990283,0.1307250770975197,1.0000000000000002,24.540282177022586,1.0425384116336673,0.005981633597923267,true
7750,2025-10-08,312,3.5122502923397554,0.15873759361841677,1.0,14.64425767938211,1.0000000000038884,0.007043679910097329,true
7750,2025-10-08,262,3.3638104496583017,0.08403754956269124,0.9999999999999998,49.20423509421174,1.6522523898106858,0.006048288963571658,true
7771,2025-11-06,151,2.9927108429546676,0.02801251652089708,0.9999999999999999,220.36781424105732,12.013782158770425,0.0021291897662471335,true
7771,2025-11-06,350,3.660690135021209,0.12138757159055401,1.0,3.9323300505942154,1.0003862243480937,0.037547875166080505,true
7771,2025-11-06,284,3.4380303709990283,0.09337505506965693,1.0,26.836296982655533,1.8294047868575651,0.005745558151599522,true
7771,2025-11-06,287,3.4380303709990283,0.12138757159055401,1.0,26.006766411778237,1.002930144875799,0.008510329499179858,true
7771,2025-11-06,312,3.5122502923397554,0.15873759361841677,1.0,14.32429846760108,1.000000000002672,0.007043679910097329,true
7771,2025-11-06,262,3.3638104496583017,0.08403754956269124,0.9999999999999999,46.45208811579892,1.5466712792772455,0.006048288963571658,true
7792,2025-12-08,107,2.8442710002732134,0.009337505506965693,1.0,294.996433714401,12.623180907310024,0.000937191084825294,true
7792,2025-12-08,350,3.660690135021209,0.12138757159055401,1.0000000000000002,3.822469517021623,1.0003702274953743,0.037547875166080505,true
7792,2025-12-08,284,3.4380303709990283,0.09337505506965693,1.0,25.7551440364227,1.8395314623682326,0.005745558151599522,true
7792,2025-12-08,287,3.4380303709990283,0.12138757159055401,1.0,25.356909102843584,1.0025285688124637,0.008510329499179858,true
7792,2025-12-08,312,3.5122502923397554,0.15873759361841677,1.0,14.092356990086607,1.0000000000013527,0.007043679910097329,true
7792,2025-12-08,262,3.3638104496583017,0.08403754956269124,1.0000000000000002,44.59313267095666,1.459451979320637,0.006048288963571658,true
7813,2026-01-08,85,2.770051078932487,0.0,0.9999999999999998,252.2106118211722,15.881253851279315,0.0016929300863681388,true
7813,2026-01-08,350,3.660690135021209,0.12138757159055401,0.9999999999999999,3.7878486441221235,1.000421845560298,0.037547875166080505,true
7813,2026-01-08,284,3.4380303709990283,0.09337505506965693,0.9999999999999998,25.080007797920523,1.864255566873072,0.005745558151599522,true
7813,2026-01-08,287,3.4380303709990283,0.12138757159055401,0.9999999999999999,24.86124256073266,1.002097582243147,0.008510329499179858,true
7813,2026-01-08,312,3.5122502923397554,0.15873759361841677,1.0000000000000002,13.929027009475705,1.0000000000005937,0.007043679910097329,true
7813,2026-01-08,262,3.3638104496583017,0.08403754956269124,0.9999999999999999,43.32340295316645,1.3877131253947361,0.006048288963571658,true
7834,2026-02-09,106,2.8442710002732134,0.0,1.0,257.2406199700982,19.4292336165775,0.0018004987263711136,true
7834,2026-02-09,350,3.660690135021209,0.12138757159055401,1.0000000000000002,3.6750817310108643,1.000382582801349,0.037547875166080505,true
7834,2026-02-09,284,3.4380303709990283,0.09337505506965693,0.9999999999999997,23.87688963489388,1.8736835942301446,0.005745558151599522,true
7834,2026-02-09,287,3.4380303709990283,0.12138757159055401,1.0,24.13082959393426,1.0018325213587014,0.008510329499179858,true
7834,2026-02-09,312,3.5122502923397554,0.15873759361841677,1.0000000000000002,13.696348364586242,1.0000000000002984,0.007043679910097329,true
7834,2026-02-09,262,3.3638104496583017,0.08403754956269124,0.9999999999999997,41.09138641956439,1.2791616989165502,0.006048288963571658,true
7855,2026-03-11,215,3.215370606976848,0.03735002202786277,0.9999999999999998,74.53390908888784,4.206359490535854,0.0007012988552107287,true
7855,2026-03-11,350,3.660690135021209,0.12138757159055401,1.0,3.6329197313900927,1.0003729932328929,0.037547875166080505,true
7855,2026-03-11,287,3.4380303709990283,0.12138757159055401,0.9999999999999999,23.80996632583101,1.001666269484589,0.008510329499179858,true
7855,2026-03-11,284,3.4380303709990283,0.09337505506965693,1.0,23.415888000096682,2.601279586864812,0.005745558151599522,true
7855,2026-03-11,312,3.5122502923397554,0.15873759361841677,0.9999999999999999,13.591525918316584,1.0000000000001923,0.007043679910097329,true
7855,2026-03-11,262,3.3638104496583017,0.08403754956269124,0.9999999999999999,40.221422960774426,1.2376827252471785,0.006048288963571658,true
7876,2026-04-10,152,2.9927108429546676,0.03735002202786277,1.0,138.11932312170325,7.89711597753394,0.0020795328784344504,true
7876,2026-04-10,350,3.660690135021209,0.12138757159055401,0.9999999999999996,3.680530544496571,1.0004712583026023,0.037547875166080505,true
7876,2026-04-10,287,3.4380303709990283,0.12138757159055401,1.0,23.687235066593164,1.0014373145098845,0.008510329499179858,true
7876,2026-04-10,284,3.4380303709990283,0.09337505506965693,0.9999999999999997,25.66528458192934,1.875326995838988,0.005745558151599522,true
7876,2026-04-10,312,3.5122502923397554,0.15873759361841677,0.9999999999999999,13.552441150550722,1.0000000000001033,0.007043679910097329,true
7876,2026-04-10,262,3.3638104496583017,0.08403754956269124,1.0,46.8690538301526,1.4756231379033982,0.006048288963571658,true
7897,2026-05-11,128,2.9184909216139405,0.009337505506965693,1.0,268.95614109330387,13.993271883250292,0.004580448970343586,true
7897,2026-05-11,350,3.660690135021209,0.12138757159055401,1.0,3.6586840925429613,1.000466460463942,0.037547875166080505,true
7897,2026-05-11,284,3.4380303709990283,0.09337505506965693,1.0000000000000004,25.52634788999297,1.8691192481031804,0.005745558151599522,true
7897,2026-05-11,287,3.4380303709990283,0.12138757159055401,1.0,23.56825170413336,1.0013241272249955,0.008510329499179858,true
7897,2026-05-11,312,3.5122502923397554,0.15873759361841677,1.0,13.49993497976351,1.0000000000000744,0.007043679910097329,true
7897,2026-05-11,262,3.3638104496583017,0.08403754956269124,1.0,46.62716995121889,1.4592358803054144,0.006048288963571658,true
7918,2026-06-10,172,3.0669307642953942,0.02801251652089708,1.0,171.97429031197922,7.132511171067531,0.0016790001364630543,true
7918,2026-06-10,350,3.660690135021209,0.12138757159055401,1.0,3.646148834983379,1.0004703887732636,0.037547875166080505,true
7918,2026-06-10,284,3.4380303709990283,0.09337505506965693,1.0,25.339022453489253,1.882198689659187,0.005745558151599522,true
7918,2026-06-10,287,3.4380303709990283,0.12138757159055401,0.9999999999999999,23.43904832930937,1.0012578145653266,0.008510329499179858,true
7918,2026-06-10,312,3.5122502923397554,0.15873759361841677,0.9999999999999999,13.457317980080388,1.0000000000000588,0.007043679910097329,true
7918,2026-06-10,262,3.3638104496583017,0.08403754956269124,1.0,46.27856936895683,1.4452719639687754,0.006048288963571658,true
